id,src_user_id,dst_user_id,timestamp
1293938276600963073,1039613432088031232,1039613432088031232,2020-08-13
1291552357801754625,917869996424007680,917869996424007680,2020-08-07
1297539295264346117,32330373,32330373,2020-08-23
1294400634385465345,1878951342,76669840,2020-08-14
1291609068658778112,1154204959493115904,2390858749,2020-08-07
1290812532974931969,1065402393288994816,864800376184340481,2020-08-05
1293935929468411909,258500626,229004289,2020-08-13
1289720815060004865,17243913,193171539,2020-08-02
1299496959951208448,308851637,308851637,2020-08-28
1293187492019965954,1213290229693419520,858053158613929984,2020-08-11
1293234330886500352,494465036,494465036,2020-08-11
1293555063890337792,138739908,138739908,2020-08-12
1296871878284337152,539721796,73525922,2020-08-21
1290526469936959489,1058573606936969217,5522832,2020-08-04
1292885696550539265,1244085858849832962,462560541,2020-08-10
1295699964836929541,4874711278,4874711278,2020-08-18
1299226311219650561,366517094,366517094,2020-08-28
1296535999942545408,916146228,916146228,2020-08-20
1291924964975747073,1230233232546902017,1216534657187172352,2020-08-08
1291625438947631106,624619918,624619918,2020-08-07
1297324499554185216,1213227267427405825,1141067424,2020-08-23
1290750260382441475,781274243489271808,781274243489271808,2020-08-04
1291162280097460224,957629731,957629731,2020-08-06
1297284686788431874,32994432,897105517117677568,2020-08-22
1289399518295814146,72835250,892118916,2020-08-01
1291430686956695553,1046586316807446528,1046586316807446528,2020-08-06
1293720503883042817,1023349113776168965,1023349113776168965,2020-08-13
1290048461132292096,808289413818105856,808289413818105856,2020-08-02
1290007571701436417,65892374,65892374,2020-08-02
1289818232979939329,38717590,38717590,2020-08-02
1289735773336432640,1117229660247482368,3296381492,2020-08-02
1290257147264081920,2831154010,2831154010,2020-08-03
1289645983349923840,886163559125835776,886163559125835776,2020-08-01
1290048221507497984,138982793,138982793,2020-08-02
1298898571161288705,1068536424561963011,1078073532129705984,2020-08-27
1289360839321874432,1027630700810457089,724287708,2020-08-01
1289992045759610880,19426419,1114232180887162880,2020-08-02
1290671993591922690,944340449258504193,1267556374847926272,2020-08-04
1289409156399554560,3037361504,1250484257828540420,2020-08-01
1290772917085593600,334217088,981410214267228162,2020-08-04
1290803412569853952,3434121513,3434121513,2020-08-05
1289405741288185857,49171346,727840825661661184,2020-08-01
1291429150876741633,784477368144592896,1025285309586534400,2020-08-06
1294625694186639361,1946773118,1946773118,2020-08-15
1289512391449776128,1117229660247482368,28553635,2020-08-01
1289683258381225985,2614255879,3044602665,2020-08-01
1294608994921742336,2715930851,2715930851,2020-08-15
1291883042911526913,562253854,562253854,2020-08-07
1289402667790303232,1261710079172149250,82947669,2020-08-01
1289408855349137408,1243532684208422913,4903751917,2020-08-01
1289651178708406272,1030554498408882176,569855788,2020-08-01
1289393609683460098,721444576989442048,3409991233,2020-08-01
1291038810785099777,247038875,247038875,2020-08-05
1289388667627122688,946523345964748800,1106206327972528138,2020-08-01
1289370707600670720,912669751121465344,912669751121465344,2020-08-01
1289359584155652096,1000758710,1147070939731038209,2020-08-01
1289386035873366022,746196319539077121,4842643753,2020-08-01
1289675984078114816,496404509,4671374114,2020-08-01
1289428374407053312,1164732821027663874,84422214,2020-08-01
1290603875247050753,1093522999385485312,1093522999385485312,2020-08-04
1289393696157265920,721444576989442048,3409991233,2020-08-01
1289536346797703169,814326334751211524,2840398637,2020-08-01
1289384936613376001,225305561,961379839830786048,2020-08-01
1289543819290120194,32106384,32106384,2020-08-01
1289760648679882753,896552066600009728,1214736128126988290,2020-08-02
1289448959266582528,1312395158,1286116923416215552,2020-08-01
1289382839314796544,872964678590377984,1148621960,2020-08-01
1289360731435962368,1271524821856391175,1254501330703409152,2020-08-01
1289383592825458688,872964678590377984,252763215,2020-08-01
1289625812170207232,872964678590377984,1148621960,2020-08-01
1289381119238995968,1123926549038882816,47824766,2020-08-01
1289602006231871489,2747054728,1210983681533198336,2020-08-01
1289360947878887424,804911498485202944,1154196624501067776,2020-08-01
1289359520947347456,744229274106925057,3286869752,2020-08-01
1289360563135545344,289806147,22728270,2020-08-01
1289364516875071488,310642014,889011736824754177,2020-08-01
1289699372796534784,1243795698723819523,1243795698723819523,2020-08-01
1291035925309341697,816491683651031040,816491683651031040,2020-08-05
1289441809588875264,2493602402,41112708,2020-08-01
1289351290775011328,2954522767,1282682118821359619,2020-08-01
1289364906240643072,1224912776243634177,91162962,2020-08-01
1289355312265232384,1267621782867116040,1151286185177673728,2020-08-01
1289366596713156609,1282682118821359619,2954522767,2020-08-01
1289353502561406977,1271572997623562240,22596600,2020-08-01
1289355791967956993,41673334,291468614,2020-08-01
1289356176128225281,553828418,473709610,2020-08-01
1289386411079028736,1224031901134073856,834232929865707520,2020-08-01
1289368876375920640,85723812,4849898158,2020-08-01
1289358558773956608,80706659,1070146916254662656,2020-08-01
1289360106488922112,553828418,1281605795210235905,2020-08-01
1289362721545302018,1222157494656688129,507647798,2020-08-01
1289376035876638720,1155144825265631232,914146507946889221,2020-08-01
1289361994701656065,1153916836028637185,1185017001816854528,2020-08-01
1289361466093494274,473709610,553828418,2020-08-01
1289361627477880832,127520212,127520212,2020-08-01
1289381113274613761,1254501330703409152,1271524821856391175,2020-08-01
1289399876611014656,1225239080230957057,46175409,2020-08-01
1289361689758973952,553828418,473709610,2020-08-01
1289528353968418816,27385174,394642242,2020-08-01
1289363246617464832,483081908,1212560022623776769,2020-08-01
1289362396277071873,473709610,553828418,2020-08-01
1289364992471363584,1250161155395502088,889442858,2020-08-01
1289366438961008640,1050532444015878145,1012422697442332672,2020-08-01
1289365297733013504,775723020811763712,54278855,2020-08-01
1289473032487018497,1251811611318161409,1276417198936846338,2020-08-01
1289366056494960640,1221453233480183808,1225388160596705285,2020-08-01
1289365001589817344,889011736824754177,310642014,2020-08-01
1289374747222999042,64097093,1288673404174962689,2020-08-01
1289366652241444865,1271108708,1392676152,2020-08-01
1289365834700210176,2627131664,1078531367007326209,2020-08-01
1289377655557627904,64097093,1288673404174962689,2020-08-01
1289370477924737024,1271087190907539456,4837060487,2020-08-01
1289504810064998401,21522338,88864734,2020-08-01
1289418322262466561,23797573,1179723288680886274,2020-08-01
1289369178940547073,1239599332770398214,1114952766,2020-08-01
1289371952608505857,174369590,1213838406565785600,2020-08-01
1289372353516851201,174369590,1213838406565785600,2020-08-01
1289368305778569216,823323762720382976,823323762720382976,2020-08-01
1289368620024254466,574653930,574653930,2020-08-01
1289376276910764033,21522338,45027685,2020-08-01
1289373348577779713,1229797174650851328,17477864,2020-08-01
1289369175182331911,1242599661275353088,1072909289805766659,2020-08-01
1289369408171700225,1262527759894614017,582523783,2020-08-01
1289370642341597184,63996778,1289367335220858881,2020-08-01
1289372683549855749,1078531367007326209,2627131664,2020-08-01
1289411211654623232,1157327746172739585,627885998,2020-08-01
1289376796262055943,3310943306,1046170556893155328,2020-08-01
1289381875908096001,1254501330703409152,398995594,2020-08-01
1289698712181071872,2768199002,126145724,2020-08-01
1289381548551069696,174369590,1213838406565785600,2020-08-01
1289373562608824320,3328675947,1181709891146338306,2020-08-01
1289376884862660613,48827977,842432472,2020-08-01
1289376547040878593,2228878592,1077790895783653377,2020-08-01
1289379548992114688,935745886998728705,1151607945127485441,2020-08-01
1289375044011876353,1181709891146338306,1097621902347034624,2020-08-01
1289376835558490114,1196516182209249280,388057863,2020-08-01
1289376766688030720,1242561770423713794,1143543669972246528,2020-08-01
1289384204476616704,22596600,1271572997623562240,2020-08-01
1289402796261773313,21522338,98992586,2020-08-01
1289379131197542400,353438885,164877227,2020-08-01
1289379942950559746,775723020811763712,1109725936960720896,2020-08-01
1289386602096025601,3188871920,1557026575,2020-08-01
1289379732295839746,795516253418835968,42609921,2020-08-01
1289385761087746048,1273779245962063872,1273779245962063872,2020-08-01
1289384505812439043,811514954159443968,261254360,2020-08-01
1289381837689638912,1286332945524031490,1274441211969970182,2020-08-01
1289382907820126215,859149745012568065,41599062,2020-08-01
1289384673924145153,345110600,889540400956002313,2020-08-01
1289384218456334336,1143543669972246528,1242561770423713794,2020-08-01
1289384230313586690,775723020811763712,890901702655848448,2020-08-01
1289385731639488514,3286869752,1106005267047743489,2020-08-01
1289384717452808192,164877227,353438885,2020-08-01
1289388755397144576,618299619,863874384137682944,2020-08-01
1289386578121392128,990829880249061376,2649577548,2020-08-01
1289390678502326273,775723020811763712,961012200130469889,2020-08-01
1289386811542781952,353438885,164877227,2020-08-01
1289388556234846209,935745886998728705,1151607945127485441,2020-08-01
1289392321973194753,791194588090425344,859595187668103168,2020-08-01
1289387217970843648,353438885,164877227,2020-08-01
1289388517177491457,986001565,4854074116,2020-08-01
1289388226927456256,4849898158,287375118,2020-08-01
1289388200499306496,345110600,18268651,2020-08-01
1289389336585093121,762522504,349284467,2020-08-01
1289390755417448448,935745886998728705,1151607945127485441,2020-08-01
1289391643414519808,345110600,4743638910,2020-08-01
1289391591124135936,762522504,148909840,2020-08-01
1289394839864270849,457204738,1259402199676878850,2020-08-01
1289397262850772992,829859984628383753,1095355826607407106,2020-08-01
1289403948932034560,859595187668103168,791194588090425344,2020-08-01
1289408841210159106,1277610321616789504,2921988631,2020-08-01
1289394381603004418,110430428,99588960,2020-08-01
1289397038400958464,1271524821856391175,1254501330703409152,2020-08-01
1289397464252874754,56933453,1117504878111264773,2020-08-01
1289397439707848704,1152295359508602882,2757956443,2020-08-01
1289401740777816065,1133124481680125952,2599611847,2020-08-01
1289399264423026688,255079989,737497871985999873,2020-08-01
1289401691142418432,1196929917721698307,1262202172445466625,2020-08-01
1289469853871386625,1617069110,2731796831,2020-08-01
1289402833414942720,255079989,74698700,2020-08-01
1289402878399045632,111115300,231938447,2020-08-01
1289938930398138368,1289396809757077507,1118606046635933698,2020-08-02
1289411709854085120,1242114361696505858,1009818154065956864,2020-08-01
1289407108476092417,1172412712237727745,891054518133071872,2020-08-01
1289407027886747651,255079989,737497871985999873,2020-08-01
1289762982667280386,1176674394564788224,1262159375109685248,2020-08-02
1289554667207155713,1151607945127485441,1266525621267677185,2020-08-01
1289434004723130368,758660484,818799985,2020-08-01
1289411614156890112,226713609,2187063098,2020-08-01
1289415171773849600,963869922840395776,2583095011,2020-08-01
1289696932701577217,337780078,16577987,2020-08-01
1289513932558827525,1278123679914897410,126100660,2020-08-01
1289414538689802241,1916535294,2474810876,2020-08-01
1294621015700643840,714936491,714936491,2020-08-15
1289559532134256640,368647596,2341341274,2020-08-01
1289597166759981057,1228415516110245889,114686837,2020-08-01
1289415963708805120,1256837475139346432,1109896590192304129,2020-08-01
1289416485400506368,257641845,1149484900908748800,2020-08-01
1289417764822642688,226713609,60939318,2020-08-01
1289427492525277185,2450066342,1235187437569282048,2020-08-01
1289419069657997312,226713609,1181436394100711424,2020-08-01
1289417631875903488,1735179258,36050775,2020-08-01
1289418425844940801,1883979044,1883979044,2020-08-01
1289424699009556481,16523905,1269142191630409730,2020-08-01
1289421238985560064,226713609,26670473,2020-08-01
1289420823149699073,1196318647431524352,1196318647431524352,2020-08-01
1289423347202195456,107924813,1239403610003443714,2020-08-01
1289422775048744960,716631848,2204300712,2020-08-01
1289426094525800449,1287011905924562946,109461931,2020-08-01
1289423861449195525,1184303824787390464,2558011219,2020-08-01
1289552290366488576,1250161155395502088,1265136072905744384,2020-08-01
1289553827914485760,1250161155395502088,1265136072905744384,2020-08-01
1289432040241152001,872964678590377984,1283538394975481859,2020-08-01
1289432852325638144,826897197279145984,826897197279145984,2020-08-01
1289561162015801349,118906395,988899803953270784,2020-08-01
1289484389101969408,1239528397,1280491674351869955,2020-08-01
1289440657472253953,1144846759,1133124481680125952,2020-08-01
1289431470629511169,1256765015190720515,1261314897125822465,2020-08-01
1289432311662931968,950090982967644160,898954189593825280,2020-08-01
1289431631015501825,1256765015190720515,1261314897125822465,2020-08-01
1289545920590131200,274193347,4357864515,2020-08-01
1289461808055455745,1067170356430077952,376206064,2020-08-01
1289434753901289472,14143601,15226284,2020-08-01
1289546953110372352,1203818871834193921,32522177,2020-08-01
1289436317252644865,1268093477058777089,3302231372,2020-08-01
1289441754379239424,1266388742958231552,902604375326994432,2020-08-01
1289438203519410176,255079989,74698700,2020-08-01
1289439302506536960,255079989,74698700,2020-08-01
1289516189731840000,318994241,83177975,2020-08-01
1289440722060443648,1252596388694765568,755415069555580929,2020-08-01
1289440612492533760,366498596,1068413605232566273,2020-08-01
1289452073071734784,279775332,34233617,2020-08-01
1289444054082576384,953300568918974465,1080870969844133888,2020-08-01
1289451846805807105,762522504,57452386,2020-08-01
1289562241679757312,1286116923416215552,1312395158,2020-08-01
1289451855299272704,135209585,135209585,2020-08-01
1289479629225357314,1209830540720922631,2733349775,2020-08-01
1289452649092386817,1267621782867116040,1037875773334593536,2020-08-01
1289453266183454720,1267621782867116040,1008806714,2020-08-01
1289455889707982848,824023369578188800,45919731,2020-08-01
1289641994084483072,1133124481680125952,3248691361,2020-08-01
1289455476845850625,1267621782867116040,1037875773334593536,2020-08-01
1289910818247544832,4541141723,26426586,2020-08-02
1289460506583896065,34233617,279775332,2020-08-01
1289461265987809282,1063444111,1063444111,2020-08-01
1290076884294926337,2191480716,293657261,2020-08-03
1289575407717498881,376206064,1067170356430077952,2020-08-01
1289465883513954304,255079989,587911761,2020-08-01
1289573055878987776,827380710239461376,1218890111624142849,2020-08-01
1289479384114462722,23494080,713587285,2020-08-01
1289512216841129984,1249423936296636416,30043669,2020-08-01
1289554514396184577,1267621782867116040,117850857,2020-08-01
1289724104979779584,219738014,219738014,2020-08-02
1289654243918397440,2814223411,882068801864450051,2020-08-01
1289489819932884993,525462777,2511259878,2020-08-01
1289490963400884224,41112708,2493602402,2020-08-01
1289554223974227968,1267621782867116040,1281685589130084352,2020-08-01
1289508483260243969,21522338,701577060024627200,2020-08-01
1289501775095971841,963182422048190467,43715073,2020-08-01
1289628742793547778,21522338,1419015349,2020-08-01
1289517622413778944,17477864,702160219921641473,2020-08-01
1289595858380439553,968711238984327168,1242839782994194437,2020-08-01
1289519422713946112,21522338,16505459,2020-08-01
1289520724353249280,21522338,791089925160628224,2020-08-01
1289526264555098113,745625206446657536,785837620123279361,2020-08-01
1289575364025450496,103405472,1247412066,2020-08-01
1289629538331156480,228117523,1252739204,2020-08-01
1289537911306608640,394642242,788019030372282368,2020-08-01
1289538165775032321,756689907289038848,756689907289038848,2020-08-01
1289548538355961859,228721232,27265319,2020-08-01
1289545656688709635,1222242800424706048,372959550,2020-08-01
1289570397156003840,744229274106925057,990925912152698880,2020-08-01
1289546719982579715,824086013450526720,1149492964873441280,2020-08-01
1289595339209465857,32522177,1203818871834193921,2020-08-01
1289555590000177154,334135761,158772318,2020-08-01
1289552941830086663,775723020811763712,1036297830510587904,2020-08-01
1289595436450209792,1916535294,841810113686061056,2020-08-01
1289960831158018048,21975072,2923604985,2020-08-02
1289656361375150081,3271422698,2471246221,2020-08-01
1289560719281623043,19319290,43546639,2020-08-01
1289591871396667394,1248689875487866880,1274832818829496320,2020-08-01
1289561333264863233,19319290,43546639,2020-08-01
1289561898363400194,118906395,988899803953270784,2020-08-01
1289947135522344965,1109900489158733826,711564480992268288,2020-08-02
1289565400846315522,2228878592,61592079,2020-08-01
1289602542842740737,1223713132222140416,18810716,2020-08-01
1289567529988308993,19939369,805307930,2020-08-01
1289594644372705283,21522338,2289139261,2020-08-01
1289569611009073153,38751027,38751027,2020-08-01
1289569627798822913,176911070,2608308170,2020-08-01
1289569511822315520,1283908130817167363,1283908130817167363,2020-08-01
1289570650315792385,1206764822194524162,1081795525,2020-08-01
1289571103904419840,991747425223180288,1609651698,2020-08-01
1289572098461937664,1072273617629663232,3029386589,2020-08-01
1289578659351687168,911835347474014208,1269721245043523586,2020-08-01
1289573289808060416,19319290,43546639,2020-08-01
1289575722529386496,19319290,43546639,2020-08-01
1289678792160509953,822843189119873024,1556565362,2020-08-01
1289575863147573248,516209413,42068515,2020-08-01
1289694953937936384,775723020811763712,805598741298171904,2020-08-01
1289576807554048000,738423405804978176,1135783856,2020-08-01
1289580454757019648,42068515,516209413,2020-08-01
1289580353900904455,1941566305,4343072303,2020-08-01
1289588149606178822,1135783856,738423405804978176,2020-08-01
1289589689242939392,3233697852,758447407688548352,2020-08-01
1289580385911939072,257722471,62137340,2020-08-01
1289580316642824192,138070726,24070286,2020-08-01
1289582593969500160,516209413,42068515,2020-08-01
1289581430020792322,52854876,52854876,2020-08-01
1289581750985916416,138070726,631543654,2020-08-01
1289581849111478273,2865907814,16161529,2020-08-01
1289948473719054338,53276941,1030773115956219904,2020-08-02
1289581785949429760,1053660885808566273,442693628,2020-08-01
1289583450626949122,713587285,1116740718477946880,2020-08-01
1289588979642204169,1263205203026890754,1693289220,2020-08-01
1289584016564387840,988899803953270784,60953592,2020-08-01
1289588811899396096,1164732821027663874,84422214,2020-08-01
1289585690112675841,138070726,19463109,2020-08-01
1289586272399327233,1055405245449322496,955431404,2020-08-01
1289586728441847808,988899803953270784,118906395,2020-08-01
1289626966572769280,1267621782867116040,518211972,2020-08-01
1289589011271397376,138070726,631543654,2020-08-01
1289598794145755136,84422214,1164732821027663874,2020-08-01
1289692304626917377,872964678590377984,1285664142368669704,2020-08-01
1289663286057680896,87584526,1034202839252393985,2020-08-01
1289591511303065600,138070726,631543654,2020-08-01
1289592682327584768,1916535294,1542928832,2020-08-01
1289595025362305025,4514322802,370400397,2020-08-01
1289671525730115586,1151607945127485441,454370666,2020-08-01
1289598122683846656,179470649,1119695210,2020-08-01
1289598234529153024,103405472,2187890709,2020-08-01
1289601547085795328,918501080585134082,999421575911784448,2020-08-01
1291473513002553345,24041740,20826970,2020-08-06
1289738045151825923,45744825,3068497678,2020-08-02
1289613713549344768,1278833948177694720,179760639,2020-08-01
1289609209567305728,51241418,826445318535254016,2020-08-01
1289617807479513089,235984570,17731510,2020-08-01
1289778235161456642,2905444340,2781343033,2020-08-02
1289621196565123077,1172567251947577344,1200088846303711232,2020-08-01
1289619872998019072,51241418,3364529170,2020-08-01
1289619359061536769,766777716708433925,1267485303209672708,2020-08-01
1289621225178673152,435456225,53565806,2020-08-01
1289624546933272576,729329119742283776,48851011,2020-08-01
1289622332479176704,51241418,1184241602572836865,2020-08-01
1289623972607336449,1251526122535292929,88219032,2020-08-01
1289623492929847296,1117504878111264773,369179982,2020-08-01
1289624053054156800,2806558980,2806558980,2020-08-01
1289626841498685441,194820336,348014128,2020-08-01
1289658949608697856,1001785488183775237,60378902,2020-08-01
1289635676099506176,25958053,15760637,2020-08-01
1289627494669139968,2996550907,2996550907,2020-08-01
1289628066763796483,1551593126,51106001,2020-08-01
1289662819017748481,1249448383716012032,36822328,2020-08-01
1289630649020583936,937422446323314688,17546894,2020-08-01
1289629376678567938,1117504878111264773,1156245092136628224,2020-08-01
1289630626115534848,3281095753,714574689528451072,2020-08-01
1289631046963728393,348014128,194820336,2020-08-01
1289654213585166336,44260667,766713830462205954,2020-08-01
1289631645847506944,462583838,889268155490590721,2020-08-01
1289632964230356993,889268155490590721,462583838,2020-08-01
1289634139864350720,1036385218003906561,607660565,2020-08-01
1289638732186841093,4266293139,3320656380,2020-08-01
1289669188022226944,1163554577142050817,2284514228,2020-08-01
1289638256405962752,1254881540779065346,1030128778708697088,2020-08-01
1289988370798542848,3293661355,1226375975748767749,2020-08-02
1289752524623187969,549565942,1177581855941566464,2020-08-02
1289641162194563075,1149484900908748800,257641845,2020-08-01
1289641169488621570,1266572428387459074,4048118139,2020-08-01
1289713958085988352,1916535294,2499846800,2020-08-02
1289641217442029570,2481506844,2608476578,2020-08-01
1289642422914281473,78677181,1272967814052220928,2020-08-01
1289643097941577728,2491266333,457757871,2020-08-01
1289656837936013313,1207755089584123904,384391011,2020-08-01
1289671440300613632,891054518133071872,202038553,2020-08-01
1289676618407976960,891054518133071872,202038553,2020-08-01
1289652072913072128,4266293139,3320656380,2020-08-01
1289651588668112896,1029790229127938048,1234746313222156288,2020-08-01
1289645497313943554,1228415516110245889,1032143980933341185,2020-08-01
1289645786775470080,1149484900908748800,257641845,2020-08-01
1289647293402976257,1144846759,1133124481680125952,2020-08-01
1289646094939455490,15683731,15683731,2020-08-01
1289674086788919297,1149484900908748800,257641845,2020-08-01
1289648543309934592,49239992,14403710,2020-08-01
1289650397926154240,1280932848376176641,1149058850802114560,2020-08-01
1289649852499005440,1150666380162871296,565714172,2020-08-01
1289655875766906880,1155144825265631232,3077923751,2020-08-01
1289649390706016256,310976104,321030936,2020-08-01
1289649955796160512,1289644100698988544,247268658,2020-08-01
1289663079106490368,3008609823,1535097378,2020-08-01
1289659914869182464,3008609823,1535097378,2020-08-01
1289655764420714496,937422446323314688,1705037989,2020-08-01
1289652426203488256,138070726,923660210354270208,2020-08-01
1289667115335614465,1268093477058777089,797408730186911744,2020-08-01
1289654792055218176,1883979044,1883979044,2020-08-01
1289660277642817536,1042405564540768256,1017474875563347969,2020-08-01
1289669618194407424,21522338,855738025,2020-08-01
1289664980531347456,727936490257448961,2804260260,2020-08-01
1289661908845383680,57198714,435584431,2020-08-01
1289672175646052352,3271384368,3192624796,2020-08-01
1289662129587417091,156179111,1158051196642439168,2020-08-01
1289662965080141824,196552863,1610237390,2020-08-01
1289686474628059136,1167114374659616772,921784718877708290,2020-08-01
1289664152206635008,1251526122535292929,1150430193326141440,2020-08-01
1289679187356221441,1155144825265631232,3077923751,2020-08-01
1289667178485055488,13423382,13423382,2020-08-01
1289668323647479808,3436564948,25434845,2020-08-01
1289668082806513665,872964678590377984,3855260592,2020-08-01
1289668897868623872,21522338,250476157,2020-08-01
1289669311066288129,116238896,116238896,2020-08-01
1289671226151981061,864487498935787520,263967316,2020-08-01
1289681137573351427,1094640174670049280,1181324146321608704,2020-08-01
1289674810709012480,1176697279358484480,2808159880,2020-08-01
1289673031095263233,300927264,300927264,2020-08-01
1289678614867320832,1275799899825676288,1151855679088594944,2020-08-01
1289680385236901889,1215128183328202753,499486645,2020-08-01
1289676635638239233,35467771,806567013883772929,2020-08-01
1289683619615670272,864487498935787520,2250215048,2020-08-01
1289699322238578690,1179565841022623744,1030868541237542912,2020-08-01
1290615189591584768,1264952259651047425,1238277448074006529,2020-08-04
1289696145082474497,1074510035089117184,151704265,2020-08-01
1289680665278119937,174369590,110290428,2020-08-01
1289680791732027392,471831519,25130225,2020-08-01
1289684096914882561,549517924,1194380991869181952,2020-08-01
1289689947205783553,1244384003500789762,1159516865003237376,2020-08-01
1289684236153176066,1286116923416215552,1312395158,2020-08-01
1289693025640177665,174369590,110290428,2020-08-01
1289891339228700673,269170752,1578265178,2020-08-02
1289693434094247937,1265851454008496130,1184483710898323464,2020-08-01
1289705915138977792,1144846759,60604840,2020-08-01
1289698269258330112,51241418,948766715416141824,2020-08-01
1289685129212772353,811514954159443968,17178656,2020-08-01
1289688382407245825,19319290,1222684015062323208,2020-08-01
1289748526528753664,16577987,337780078,2020-08-02
1289687599636975618,247268658,1289644100698988544,2020-08-01
1289985960231366656,1250161155395502088,1265136072905744384,2020-08-02
1289711259663790082,891054518133071872,202038553,2020-08-01
1289689677293912066,811514954159443968,1033771596,2020-08-01
1289694421269667841,1224206368653090816,732629261626937344,2020-08-01
1289694231938781185,23554832,1108563509225242624,2020-08-01
1289706730079698945,1159516865003237376,1244384003500789762,2020-08-01
1289691997796622336,1077790895783653377,4052840597,2020-08-01
1289692133641740288,811514954159443968,1033771596,2020-08-01
1289693497763614721,19319290,767481574551977984,2020-08-01
1289696514059702277,3060917158,2345621778,2020-08-01
1289734603675013123,59548913,891467130197217280,2020-08-02
1289697817569583104,44747929,44747929,2020-08-01
1289698165713584128,21522338,1258400052101484545,2020-08-01
1289699399707136000,811514954159443968,1033771596,2020-08-01
1289742978081153024,126145724,2768199002,2020-08-02
1289700670623215616,1171901545358737408,773434037801250817,2020-08-01
1289756991758401543,21522338,18007117,2020-08-02
1289700497461403649,811514954159443968,1033771596,2020-08-01
1289702277670825984,915347593739239424,157877331,2020-08-01
1289706353145962496,1207755089584123904,384391011,2020-08-01
1289707032338026496,1170447582272708614,1215671887923163138,2020-08-01
1289705291777359872,172016482,172016482,2020-08-01
1289707773802946561,1083908907104387073,23138889,2020-08-01
1289709964471070720,19211695,1207006751502913536,2020-08-01
1289722430219403264,4266293139,835485461283905536,2020-08-02
1289708706242994177,1166066113907740673,794428617019322368,2020-08-01
1289723531509542920,872964678590377984,3855260592,2020-08-02
1289723825408446464,872964678590377984,3855260592,2020-08-02
1289717954129457153,1224206368653090816,732629261626937344,2020-08-02
1289711103484674048,1144846759,1133124481680125952,2020-08-01
1289710783417339905,1092462165561229312,1092462165561229312,2020-08-01
1289711550584852480,794428617019322368,1166066113907740673,2020-08-01
1289719710804611073,1042405564540768256,618578933,2020-08-02
1289715970009780224,1144846759,1133124481680125952,2020-08-02
1289715546619957248,891054518133071872,1172412712237727745,2020-08-02
1289785973618827264,1248486940766134274,1289714188387078144,2020-08-02
1289719749979430913,1289341706379427841,882052811487416321,2020-08-02
1289717166103621632,1144846759,1133124481680125952,2020-08-02
1289718339992862720,1203588551830581248,700250047,2020-08-02
1289743295996760065,1117504878111264773,72744540,2020-08-02
1289722296949587968,891054518133071872,202038553,2020-08-02
1289725879271206912,732629261626937344,877647601990074369,2020-08-02
1289721395585269760,429846916,825808796828196864,2020-08-02
1289723244891607040,2187890709,132940748,2020-08-02
1289723912763273216,1263857382708264962,1249341816060686337,2020-08-02
1289723409962688514,1248486940766134274,139142283,2020-08-02
1289723226780651520,2437216230,2437216230,2020-08-02
1289725948510650368,1248486940766134274,116874927,2020-08-02
1289726078433419264,1171901545358737408,131288927,2020-08-02
1289727375161270272,255313146,255313146,2020-08-02
1290118437994283008,930997396540182528,2255100512,2020-08-03
1289729157396459525,1248486940766134274,2268106326,2020-08-02
1289738803414892544,3725831532,903175063,2020-08-02
1289992121454215168,12667682,27022110,2020-08-02
1289798376846843905,21522338,1282163130823581696,2020-08-02
1289731635890417664,115308684,262247369,2020-08-02
1289739102821089280,1231673439775338498,153471197,2020-08-02
1289735165464342531,2233951699,769350711863836674,2020-08-02
1289764933186420738,1232434699924123648,792006214452256768,2020-08-02
1289738813275639809,891054518133071872,202038553,2020-08-02
1289740220561203200,762522504,883342741467533312,2020-08-02
1289740221408452609,930449804,80765134,2020-08-02
1289742719686856704,3296381492,1117229660247482368,2020-08-02
1289806599863676928,839089094043009024,373015236,2020-08-02
1290012789566709762,774764462620368896,167776569,2020-08-02
1289760634926559232,1284564486851047425,889281950564982784,2020-08-02
1289742700242063360,1248486940766134274,7738,2020-08-02
1289745921698344960,1248486940766134274,7738,2020-08-02
1289760232332128256,872964678590377984,111858127,2020-08-02
1289762029075607552,755298468122488832,755298468122488832,2020-08-02
1289748190372048896,167776569,774764462620368896,2020-08-02
1289920259135172609,2768199002,126145724,2020-08-02
1289744870991568896,19319290,1199017921923571712,2020-08-02
1289744129912532993,745410705239728129,591296375,2020-08-02
1289746375681310722,255079989,204977744,2020-08-02
1289745336987054082,1117504878111264773,1231714944665759744,2020-08-02
1289746361554857984,727936490257448961,43043715,2020-08-02
1289746411391614976,975350390731563008,32009807,2020-08-02
1289746559240830977,1172412712237727745,891054518133071872,2020-08-02
1289752219156246528,891054518133071872,1172412712237727745,2020-08-02
1289748983191986176,21522338,1364871716,2020-08-02
1289752406650101762,1289341706379427841,1287196849896656896,2020-08-02
1289750372966227969,1003839740049846273,1003839740049846273,2020-08-02
1289756783515377664,4564135223,995371118511865856,2020-08-02
1290420397087903745,1191500888671707136,1161556228486631427,2020-08-03
1289881583441256450,811514954159443968,17178656,2020-08-02
1289753650672230401,4434966340,4822849205,2020-08-02
1289760129487785985,16204159,33344075,2020-08-02
1289760690539028481,1289644100698988544,2832399628,2020-08-02
1289760996844691457,1241909908729221122,1143329709633212416,2020-08-02
1289763879187144704,872238191977410564,990059739563347971,2020-08-02
1289774454839500800,1250161155395502088,2868652104,2020-08-02
1289767646297092097,233020788,891350677,2020-08-02
1289776089640906758,1384418016,300370291,2020-08-02
1289770426642477056,1277834779795152896,1277834779795152896,2020-08-02
1289770795095351296,826209477464555520,1289743220772151298,2020-08-02
1289773193964580864,3233697852,41058961,2020-08-02
1289775080499744768,21522338,39068405,2020-08-02
1289786427136520193,21522338,832465075336196096,2020-08-02
1289975059797307392,1287196849896656896,1289341706379427841,2020-08-02
1289778027572785152,1144846759,60604840,2020-08-02
1289913797725974530,1232434699924123648,792006214452256768,2020-08-02
1289780534848020483,2314530576,1206756785173852160,2020-08-02
1289779191496486912,19319290,864549277,2020-08-02
1289782621816238080,19319290,925119408267149312,2020-08-02
1289783287762677760,761085873953787906,761085873953787906,2020-08-02
1289794475527733249,21522338,723204022635614209,2020-08-02
1289788864551251968,2352426552,934087661391822849,2020-08-02
1289799211937075201,584790529,1231649205774684161,2020-08-02
1289789134605705217,247268658,1289644100698988544,2020-08-02
1289791116464648192,3404208983,1127176606340927490,2020-08-02
1289795437889646593,247268658,1289644100698988544,2020-08-02
1289801839706333185,25605198,798022657526464512,2020-08-02
1289849233281966080,2416149882,2416149882,2020-08-02
1289939178935861249,1214746901398085633,797109454080765952,2020-08-02
1290169401191411717,1715899483,737364865896026112,2020-08-03
1289801760156966912,19319290,925119408267149312,2020-08-02
1289820686433701888,1262596164354019328,1267692861178380289,2020-08-02
1289848328528658432,522220362,134253803,2020-08-02
1289947511759634433,1206749530974302209,867388835113598976,2020-08-02
1289812986291462144,3422300313,1061139318922571776,2020-08-02
1289828029456191488,3704444892,1051198929033994240,2020-08-02
1289900324946288640,822760570206224386,710355652418252800,2020-08-02
1289921734854897664,822760570206224386,710355652418252800,2020-08-02
1289816137027338241,2905444340,2781343033,2020-08-02
1289843099250774018,3233697852,1265865669087621125,2020-08-02
1289818581480292354,2781343033,2905444340,2020-08-02
1289816873895202816,67061982,67061982,2020-08-02
1290127634702176257,57838269,22001333,2020-08-03
1289825054696460288,972700501,965309749473546240,2020-08-02
1289825248964009984,784098236,481703659,2020-08-02
1290020987208073218,1248762078170669057,539566673,2020-08-02
1289939281197166594,224683801,621767780,2020-08-02
1289831195539193856,1133929324829204480,1150900707710636035,2020-08-02
1289878814038859776,811514954159443968,1243578605696774145,2020-08-02
1291659256731545600,156464691,156464691,2020-08-07
1289854356234223616,993741831123877888,966315554649923586,2020-08-02
1289862963264778243,188665937,1833167173,2020-08-02
1289870551700238337,1159953986176389120,883317188471513090,2020-08-02
1289867950086688769,898017522015805443,898017522015805443,2020-08-02
1289872332299747329,108951721,108951721,2020-08-02
1289976212211691521,1271348023680020481,1271348023680020481,2020-08-02
1289892870560743425,21522338,1026250771,2020-08-02
1289879223583346688,4541141723,4541141723,2020-08-02
1289883851649478657,838632641536503808,1441971834,2020-08-02
1289886993883643905,51148734,379272000,2020-08-02
1289887554951622656,4898711772,1269730608474963980,2020-08-02
1289889886892220416,1441971834,1080026886,2020-08-02
1289907871996616704,1450417315,3774640392,2020-08-02
1289917905727971333,1450417315,3774640392,2020-08-02
1290107182176858112,3232427601,154135900,2020-08-03
1289896854847553537,811514954159443968,898272197407584257,2020-08-02
1289898825348288512,1262100041143128064,966476236909350912,2020-08-02
1289918009989926914,906226711964119041,1258884298490425356,2020-08-02
1289899497808519168,811514954159443968,1243260072387584006,2020-08-02
1289899995089399809,811514954159443968,1204804259482624007,2020-08-02
1289900484849889280,811514954159443968,1243260072387584006,2020-08-02
1289935254069735425,2314530576,997529740046151680,2020-08-02
1289930321127968768,1563473563,761381580745113600,2020-08-02
1289930843247349762,1563473563,761381580745113600,2020-08-02
1289931886748467201,1563473563,761381580745113600,2020-08-02
1289932991540523009,1563473563,761381580745113600,2020-08-02
1289919690630807552,2800961987,1242050443728969729,2020-08-02
1289928782837501953,1267621782867116040,976639244,2020-08-02
1289918728184819712,397157417,3054577271,2020-08-02
1289915255653466112,1082050415296823296,1082050415296823296,2020-08-02
1289921106908860416,1187710475196346368,1165689098830368768,2020-08-02
1289921055142879234,1197581307842306048,2334842175,2020-08-02
1289923302190747649,522220362,134253803,2020-08-02
1289927352630145030,810755496609247232,31539829,2020-08-02
1289952712214233090,1268450440867348481,382277135,2020-08-02
1289925143637024774,35051304,3297184043,2020-08-02
1289964158457270273,3233697852,1631520271,2020-08-02
1289933042702675968,835236025312112640,1040366111265570816,2020-08-02
1289928245324832768,2865907814,1859410399,2020-08-02
1289929831568691203,2187890709,1658674627,2020-08-02
1289931859334291457,19319290,864549277,2020-08-02
1289934084379045890,1450417315,3774640392,2020-08-02
1289932054050660356,811514954159443968,1185324613896736769,2020-08-02
1289934664589881344,104025481,46869390,2020-08-02
1289938988703260672,997529740046151680,2314530576,2020-08-02
1289936333603930112,109089475,1950267637,2020-08-02
1289968939158482945,21522338,2772798101,2020-08-02
1289991948028190722,2768199002,126145724,2020-08-02
1289937856388050944,775723020811763712,303994855,2020-08-02
1289938773946572800,775723020811763712,303994855,2020-08-02
1289938613291999232,3065070227,26285050,2020-08-02
1289948417381277696,324163222,1285287638535155714,2020-08-02
1289959024834670592,1246870023802482688,3100589564,2020-08-02
1289970861122887683,4434966340,4822849205,2020-08-02
1289975849744203777,2892710886,1231227015371595776,2020-08-02
1289943508216766464,997529740046151680,2314530576,2020-08-02
1290007282973995008,2228878592,754059798145007616,2020-08-02
1289968275728691200,926909484,785305726013014017,2020-08-02
1289947389495713794,1234509233061675009,543020062,2020-08-02
1289963669212676099,1274782717889126402,400696924,2020-08-02
1289948062538797056,1250161155395502088,96692407,2020-08-02
1289949432885067776,1224206368653090816,1089645088395780097,2020-08-02
1289951710769643520,1276680838457982976,1058857497153466368,2020-08-02
1289956754004926465,3081983657,889882434287788032,2020-08-02
1289951098971668480,1267621782867116040,2956583408,2020-08-02
1289954502615814145,1256747547412103168,31243232,2020-08-02
1289954792756793344,1281608179579793418,1200626725778067456,2020-08-02
1289957460304748544,1267621782867116040,2956583408,2020-08-02
1289971595088236545,561502105,384424873,2020-08-02
1289957621718560768,2913355732,1275474348350926848,2020-08-02
1289957859669794816,2913355732,1275474348350926848,2020-08-02
1289961659553861632,2731336252,1190711435594219520,2020-08-02
1289974281904955392,565869650,37025150,2020-08-02
1289960240062947330,2913355732,1275474348350926848,2020-08-02
1289960528501067776,775723020811763712,846332203,2020-08-02
1290073876882325505,957700086028472320,4329484154,2020-08-02
1289961290094575616,814551893359919105,814551893359919105,2020-08-02
1289964963033907207,713218818,15774954,2020-08-02
1289965197927387136,1240790173870206976,2191298473,2020-08-02
1289978166300139521,732768811,1279449658901721088,2020-08-02
1290023633813872640,1281639796956442634,28628111,2020-08-02
1289969940900929537,1121033637934325760,12755692,2020-08-02
1289978641003057152,859855469191548929,1152251896943534081,2020-08-02
1290104350266646528,496405130,25956210,2020-08-03
1290069262271307776,1833241686,31424695,2020-08-02
1289988075888680961,15396693,1190458974962733056,2020-08-02
1289983076660129792,18599424,1188545130279718912,2020-08-02
1289985884981530624,595674589,3319319311,2020-08-02
1289984242475134977,3738482058,4237441813,2020-08-02
1290090451404374016,902647128815792129,90707068,2020-08-03
1289986912413863937,882820282221809664,363955840,2020-08-02
1289997659680280576,4671374114,496404509,2020-08-02
1289984999823818753,1102245462499905536,157186320,2020-08-02
1289985978095087622,1007599495285235712,1007599495285235712,2020-08-02
1289985622862516225,1220207726,1220207726,2020-08-02
1290003337903972352,1203412595836948480,703337580180459520,2020-08-02
1289987367521009664,896424124897267713,758552767,2020-08-02
1290006645150322689,811514954159443968,110129767,2020-08-02
1289990425265074176,1117977746511151105,1602362719,2020-08-02
1289989762661539840,2913355732,4879312347,2020-08-02
1290014985595129857,4266293139,3320656380,2020-08-02
1289991900653445121,4434966340,4690760532,2020-08-02
1289991384137527297,2358509347,1261663171657506816,2020-08-02
1289995459566526464,3319319311,595674589,2020-08-02
1289996030298161157,1166064430586707969,1166070345302007813,2020-08-02
1289996440199204865,345110600,261062167,2020-08-02
1289993198845087746,153471197,65216654,2020-08-02
1289993469952274433,153471197,65216654,2020-08-02
1290093909838725122,872964678590377984,111858127,2020-08-03
1290097358177411073,872964678590377984,111858127,2020-08-03
1289996607245582337,27339484,1250190652744314886,2020-08-02
1289998125323546624,116238896,18919119,2020-08-02
1289999667690799104,64660467,64660467,2020-08-02
1290000647014584320,1221188830834962435,1164176203923820544,2020-08-02
1290000224241348608,116238896,18919119,2020-08-02
1290005881283702785,116238896,18919119,2020-08-02
1290002684158730240,1055405245449322496,955431404,2020-08-02
1290002207966863361,1195551248906244097,1267602684011515904,2020-08-02
1290003461631746048,1164176203923820544,967439499943907329,2020-08-02
1290027276738813952,868297606816026624,1081780284394106881,2020-08-02
1290008218144395264,144168856,1121123792867266560,2020-08-02
1290008668021256192,902682750,920768585093455872,2020-08-02
1290010023884546051,811514954159443968,314003511,2020-08-02
1290011980565303299,4889919687,4889919687,2020-08-02
1290035645746995201,64660467,797655335427342337,2020-08-02
1290058977733160963,21522338,9166762,2020-08-02
1290044233659760640,4671374114,496404509,2020-08-02
1290057414503313409,21522338,18996563,2020-08-02
1290045964128903169,4340793021,3404920522,2020-08-02
1290018218665418752,1287162964877877248,164577118,2020-08-02
1290019135187869696,1246870023802482688,1232473087976890374,2020-08-02
1290017725960527872,1237539662773866497,1275908811262504961,2020-08-02
1290021342150971392,1248486940766134274,1178661179046137858,2020-08-02
1290057835523346434,21522338,612783809,2020-08-02
1290021762344730626,2340921186,97474887,2020-08-02
1290021940573245440,997087345856909312,997087345856909312,2020-08-02
1290021152744759296,1164176203923820544,991942711413526528,2020-08-02
1290027741081870336,795131650929635328,51510736,2020-08-02
1290037606466465793,1246870023802482688,342383454,2020-08-02
1290024973122154496,541777125,815345929695825920,2020-08-02
1290030039937847296,1092462165561229312,1344675571,2020-08-02
1290027201174179841,17919393,1257318242,2020-08-02
1290029558075240448,832447306611912704,1144042667782877184,2020-08-02
1290032092575719424,152194866,15831927,2020-08-02
1290036308065189889,67995460,1220488149006155777,2020-08-02
1290035753913786368,539566673,1248762078170669057,2020-08-02
1290034110887424000,153471197,65216654,2020-08-02
1290040403245199360,1167114374659616772,769502579952914432,2020-08-02
1290038028166037505,66302303,724638877,2020-08-02
1290064598788259840,51510736,795131650929635328,2020-08-02
1290041094995050504,705611718,1007998188,2020-08-02
1290043397130969089,766719206247108608,114965569,2020-08-02
1290168197178462209,775723020811763712,1056612959076651010,2020-08-03
1290069177319821312,1266440570874007553,839768832558399491,2020-08-02
1290602955721383936,28230854,28230854,2020-08-04
1290076364024897537,915347593739239424,436454066,2020-08-03
1290223958847918081,2727564506,31525995,2020-08-03
1290051981868924930,276055500,1276820143675490305,2020-08-02
1290052980457132032,1031769872793911296,14714040,2020-08-02
1290113442129444866,331202888,389240077,2020-08-03
1290053814490247169,400696924,1274782717889126402,2020-08-02
1290060112133066752,822760570206224386,710355652418252800,2020-08-02
1290055858567569410,3081983657,400334302,2020-08-02
1290060449782759424,1133124481680125952,997886122939199488,2020-08-02
1290059149020024832,1214709725503332355,165151788,2020-08-02
1290120151942086660,1274782717889126402,400696924,2020-08-03
1290062537736691712,1133124481680125952,997886122939199488,2020-08-02
1290073724293529603,798711349115310080,25553297,2020-08-02
1290673827278721024,915347593739239424,157877331,2020-08-04
1290196941662375936,14714040,1031769872793911296,2020-08-03
1290065020525543426,2800961987,2800961987,2020-08-02
1290066569192542209,1120407249732739073,739084091300122625,2020-08-02
1290067558658269184,101170106,4658821161,2020-08-02
1290069251001405446,739084091300122625,1120407249732739073,2020-08-02
1290073473214226439,830070554661101572,830070554661101572,2020-08-02
1290073278283804672,1497339091,4074592458,2020-08-02
1290093484183965696,1157748392430309377,2419850012,2020-08-03
1290103356245999616,194222253,1055405245449322496,2020-08-03
1290185853147332609,1248486940766134274,544576655,2020-08-03
1290124352059408385,17919393,223796715,2020-08-03
1290107454450069505,2331287820,1069819256,2020-08-03
1290079217678393344,4056779505,196252810,2020-08-03
1290121163834679296,2330976006,2602597430,2020-08-03
1290082909966053376,1086976130819809280,1215061046152585217,2020-08-03
1290084252848205824,1196595414755106816,1196595414755106816,2020-08-03
1290085154656940033,819875711850807300,50874480,2020-08-03
1290111340627910656,2228878592,818656298,2020-08-03
1290107589506633728,912504643355381762,508006873,2020-08-03
1296978558003195905,1277861698871816193,1252336473719795714,2020-08-22
1290140654324998144,1175432790919303172,808905978,2020-08-03
1290098022513127424,633972408,2175150470,2020-08-03
1290102773409673223,1262244857826783233,61505572,2020-08-03
1290097036738441218,186705617,18302779,2020-08-03
1290109754044375040,1276542542402727938,32727266,2020-08-03
1290098560180994048,1138210781697257473,1077724667828494336,2020-08-03
1290101365725945857,255079989,593322663,2020-08-03
1290107093609877504,225012752,225012752,2020-08-03
1290107415212339200,1225997649431543808,1260028356008935424,2020-08-03
1290109009500884992,1117504878111264773,1114325661118758913,2020-08-03
1290110752531968001,259765165,1097144666347180038,2020-08-03
1290112826783064064,1150900707710636035,1133929324829204480,2020-08-03
1290113735844139008,1150900707710636035,1133929324829204480,2020-08-03
1290114705613258752,14336283,1532087922,2020-08-03
1290117780381958145,150952795,1020329468139732992,2020-08-03
1290122767388381186,1117504878111264773,1012340540409556992,2020-08-03
1290119372007067649,1082050415296823296,1082050415296823296,2020-08-03
1290120292317224962,400146254,400146254,2020-08-03
1290142110432157697,3065070227,67164754,2020-08-03
1290288830579224581,1267502896528199684,2578511355,2020-08-03
1290129430778527746,808289413818105856,2331287820,2020-08-03
1290134196363522048,21522338,1166057727396913152,2020-08-03
1290132208603332609,9166762,1223097933421146113,2020-08-03
1290131606716534789,9166762,17472479,2020-08-03
1290133055705776128,9166762,17472479,2020-08-03
1290133818091827200,21522338,2902302716,2020-08-03
1290196401280831488,918081686339911682,801112402188189696,2020-08-03
1290134304765272073,1102220793709297664,53540050,2020-08-03
1290227602246909953,975350390731563008,914870246414090242,2020-08-03
1290137938378907648,2835609500,909130604087857153,2020-08-03
1290138332937113602,53540050,1102220793709297664,2020-08-03
1290255644952469504,499506758,2473629295,2020-08-03
1290140611803099136,19426419,19426419,2020-08-03
1290141090134122497,818399902048878593,38859668,2020-08-03
1290142163242586112,1122591453924839424,77006882,2020-08-03
1290144405983318016,3408434500,3540699975,2020-08-03
1295195790487543813,1197338855059443713,16078975,2020-08-17
1290143445407784960,21522338,2902302716,2020-08-03
1290151158103695361,153022731,1107815275435560960,2020-08-03
1290151264651640834,4587520214,89388394,2020-08-03
1290152229660323841,1235076927586586624,87804966,2020-08-03
1290151529354125312,762522504,138829105,2020-08-03
1290150804435824642,153022731,2244651308,2020-08-03
1290154809740279810,877237795311439872,847879206230908928,2020-08-03
1290156915343990784,1067237266026827777,4750080627,2020-08-03
1290209979555708928,21522338,257068572,2020-08-03
1290252125650395136,331638306,264569592,2020-08-03
1290163918128607232,3090966888,224183420,2020-08-03
1290213079410647040,1046586316807446528,1046586316807446528,2020-08-03
1290171354080112641,762522504,1608412608,2020-08-03
1290236555638878208,1129574552848224256,760966139258212352,2020-08-03
1290200703277948933,2913355732,15401164,2020-08-03
1290201277624774658,2913355732,15401164,2020-08-03
1290181748853153793,236677004,1279092293497008130,2020-08-03
1290614993268834304,1082074142818455553,1250240796743176192,2020-08-04
1290223362279501825,1053309451,1271268689149489152,2020-08-03
1290279842945142784,1224206368653090816,1089645088395780097,2020-08-03
1290401775703461890,34384708,34384708,2020-08-03
1290192859472310273,1288772544594456577,1288772544594456577,2020-08-03
1290203866055680000,1142921062444929025,3280073263,2020-08-03
1290206203985846272,1725398299,3589537703,2020-08-03
1290212598621679616,872065124068188160,377696352,2020-08-03
1290209985931051008,1142921062444929025,3280073263,2020-08-03
1290221646062657537,174369590,143046890,2020-08-03
1290222462874001408,174369590,143046890,2020-08-03
1290276154641747968,2913355732,15401164,2020-08-03
1290218022360084480,3060176153,3060176153,2020-08-03
1290237756442947584,835485461283905536,724883213613674496,2020-08-03
1290230170205351936,872065124068188160,2967501298,2020-08-03
1290248434356645888,153022731,202201983,2020-08-03
1290233356920057857,960398836245114880,960398836245114880,2020-08-03
1290237360349646848,46154573,699707780396146688,2020-08-03
1290236121977217025,21522338,14269475,2020-08-03
1290383097796599808,1916535294,19103624,2020-08-03
1290383352491515904,1916535294,19103624,2020-08-03
1290381614204071936,1617069110,254696933,2020-08-03
1290269449337987072,710355652418252800,869436268689666050,2020-08-03
1290257781602172930,1182299360152956931,468936752,2020-08-03
1290261050214903809,993741831123877888,433105466,2020-08-03
1290261276090748932,494657747,1172488512547020800,2020-08-03
1290261909799747584,2596303496,1099119379369857025,2020-08-03
1290263739682430979,544455548,544455548,2020-08-03
1290266236828360704,993741831123877888,24395197,2020-08-03
1290267600618786816,993741831123877888,433105466,2020-08-03
1290420872797237251,1272722921383792641,460792401,2020-08-03
1290426960779177986,1272722921383792641,460792401,2020-08-03
1290271594229596167,20957644,275221156,2020-08-03
1290272436626300929,3081983657,962838318986735617,2020-08-03
1290393974050623489,22978903,22978903,2020-08-03
1290272857218412550,153022731,1599570288,2020-08-03
1290292515820560391,9166762,1050587484675964928,2020-08-03
1290383926498750464,501370835,910271755842932737,2020-08-03
1290277267927597057,732768811,877207633274576897,2020-08-03
1290277856845557761,875422178308751360,875422178308751360,2020-08-03
1290280422656495617,331202888,264036902,2020-08-03
1290280539425869827,41621878,2588745144,2020-08-03
1290291083511881728,1118839474253856769,886305675017687042,2020-08-03
1290287002286354432,4885091598,602623401,2020-08-03
1290521903648722949,237520840,237520840,2020-08-04
1290291290219745282,255079989,1157567964478001152,2020-08-03
1290293135956824065,174369590,577495268,2020-08-03
1290289673323962368,4792923863,1209446732880326657,2020-08-03
1290292756863098880,1171089828005498880,1222192837330010113,2020-08-03
1290297887893491713,1239599332770398214,1268288456133799936,2020-08-03
1290299857198960640,153022731,819586894149324800,2020-08-03
1290417269294673924,800996570,1183549698516410368,2020-08-03
1290431224842981380,942420793627152384,1021901576829583361,2020-08-03
1290403412266430465,2913355732,15401164,2020-08-03
1290461841026625536,859597084646944770,2397195295,2020-08-04
1290377576976920577,1288109830125707273,1021029782635466752,2020-08-03
1290578312406999045,1034791199033499648,801092775395495936,2020-08-04
1290400981751144449,1663670605,2430972560,2020-08-03
1290393840965292038,58773473,877522066664284161,2020-08-03
1290429273657016322,1248486940766134274,544576655,2020-08-03
1290391848322600961,49418078,25718297,2020-08-03
1290396315906646017,21522338,1190011961100124174,2020-08-03
1290381139241103361,1204206030730588160,1204206030730588160,2020-08-03
1290801129941381121,392542060,101945848,2020-08-05
1290803076605992960,392542060,708895200727334912,2020-08-05
1290802199023386625,392542060,26781068,2020-08-05
1290801947528671232,392542060,98800723,2020-08-05
1290428258182455298,827266807027240960,878793192644194305,2020-08-03
1290456726534225921,1617069110,254696933,2020-08-04
1290388256648028164,954362580,460394496,2020-08-03
1290438075890491394,160142930,996163188654829572,2020-08-04
1290801017253056517,392542060,381174271,2020-08-05
1290435569701486595,1049010404951805952,1273097809340891136,2020-08-03
1290393906258030592,1275843884409589761,409681619,2020-08-03
1290399369842155521,1228415516110245889,863874661,2020-08-03
1290395708768563200,216776631,216776631,2020-08-03
1290396801946787841,1265312818003357706,17713770,2020-08-03
1290398041132994560,1288243974491246593,768587482552164353,2020-08-03
1290400218446540801,55054978,1061208588641820673,2020-08-03
1290801589372952576,392542060,2514472364,2020-08-05
1290608650265006080,74009373,153415687,2020-08-04
1290464744965648391,37904694,1116747379,2020-08-04
1290401839490375680,572160444,1263586613981925381,2020-08-03
1290401733051584512,975350390731563008,132810221,2020-08-03
1290426632717701126,764476259682451456,951990378915356673,2020-08-03
1290404466152308739,100037676,900319629435908097,2020-08-03
1290417520545894401,1193616910165958657,1282416858059149313,2020-08-03
1290406769810784256,589617571,15342170,2020-08-03
1290416403418316807,975350390731563008,132810221,2020-08-03
1290415618471137280,24062904,1214927832603856896,2020-08-03
1290421711033294848,3559665077,2360081204,2020-08-03
1290685188222181379,317389507,909650088905109504,2020-08-04
1290413355174449152,497676852,1230207543592574976,2020-08-03
1290417101736415233,800996570,1183549698516410368,2020-08-03
1290415261074456578,100037676,777292431880519680,2020-08-03
1290419360876711936,1155632521,958561256163569664,2020-08-03
1294143499676184577,1263046626408566784,1263046626408566784,2020-08-14
1290628584084779009,1280275608493338626,3287980525,2020-08-04
1290434544903036929,878793192644194305,827266807027240960,2020-08-03
1290428368022835200,23199122,362695928,2020-08-03
1290653515103305733,827380710239461376,3161065971,2020-08-04
1290438354740412416,1021901576829583361,942420793627152384,2020-08-04
1290433465226207232,443234862,17776340,2020-08-03
1290434510312570883,376388082,1709450396,2020-08-03
1290635958522646531,827266807027240960,878793192644194305,2020-08-04
1290476829292167171,1148235738535911425,1147905297060716550,2020-08-04
1290436022933782528,3252803412,2402181180,2020-08-03
1290450740188774403,1246870023802482688,23747982,2020-08-04
1290436866941038595,395530968,395530968,2020-08-03
1290439386237214720,1225401623335362560,2544193412,2020-08-04
1290440700467859456,142532723,1008757286771331072,2020-08-04
1290473382941622272,4232239095,1184483451069747205,2020-08-04
1290440311190233089,3252803412,866339222,2020-08-04
1290497644633055244,15963861,16008441,2020-08-04
1290446678257012742,2228878592,18543617,2020-08-04
1290679120519725056,1076160835087667200,31265067,2020-08-04
1290572264338083840,75244281,1116918863747141633,2020-08-04
1290448010464374786,3252803412,869977222320459777,2020-08-04
1290449782150967301,1234252029893148672,1234252029893148672,2020-08-04
1290689496489644040,1118920123551711232,950419153520812032,2020-08-04
1290454792909848578,24216002,3032094105,2020-08-04
1290453036092084226,2740426550,2740426550,2020-08-04
1290480715319013377,1231695393240633344,15765691,2020-08-04
1290457851316641797,28628111,1281639796956442634,2020-08-04
1290460186054987776,981893011,1229973590541385728,2020-08-04
1290800656014389249,392542060,153451723,2020-08-05
1290465493917274112,4434966340,809958111624761344,2020-08-04
1290463985305817089,3252803412,869977222320459777,2020-08-04
1290613793496739840,825369096313270272,1238284491598241794,2020-08-04
1290463684272230401,3252803412,1197678150458712064,2020-08-04
1290468877571371009,859597084646944770,468416188,2020-08-04
1290465050172563456,3252803412,1197678150458712064,2020-08-04
1290465398392008707,528996461,528996461,2020-08-04
1290468139847778310,811514954159443968,794378630054875136,2020-08-04
1290469016142839809,3252803412,1197678150458712064,2020-08-04
1290478026816290816,203063155,3793982352,2020-08-04
1290469902437044226,3252803412,1197678150458712064,2020-08-04
1290485038002237447,235604120,80164372,2020-08-04
1290470709509197824,1079360602454163456,3036780774,2020-08-04
1290485146357870606,1157748392430309377,1054627621,2020-08-04
1290474698200031232,712819818001354752,914860087,2020-08-04
1290475764782108672,2228878592,28046392,2020-08-04
1290478412541247488,1282545384,1241149269022818309,2020-08-04
1290480208684802049,1210713640501952514,15215554,2020-08-04
1290481526061195267,29303470,32961648,2020-08-04
1290481913358979076,1147518921307774976,1147518921307774976,2020-08-04
1290484907886563329,815425382975438849,255727599,2020-08-04
1290515749384134656,1262596164354019328,1290418303471464448,2020-08-04
1290516386087829506,1262596164354019328,1290418303471464448,2020-08-04
1291016328996888577,17642409,926226611741052928,2020-08-05
1290490779379482625,25322167,343549833,2020-08-04
1290515643637346304,21522338,269663457,2020-08-04
1290587145871261697,811514954159443968,28060209,2020-08-04
1290507805611483136,25322167,176900298,2020-08-04
1290508197091069952,25322167,176900298,2020-08-04
1290524589597044736,859595187668103168,791194588090425344,2020-08-04
1290499752543608837,1688865996,1124814528695472134,2020-08-04
1290501753738338309,1157748392430309377,1054627621,2020-08-04
1290503681759223808,801479999899500544,3042282456,2020-08-04
1290505611336015872,212321156,48387386,2020-08-04
1290507099030659072,156884039,290846844,2020-08-04
1290606243195817984,350676366,4069735347,2020-08-04
1290523806969106434,872065124068188160,90625229,2020-08-04
1290510199845871617,836718610903019520,19096369,2020-08-04
1290651023040819206,1084156023340814336,739866906,2020-08-04
1290513382072885248,79069255,79069255,2020-08-04
1290515422865846273,65269063,1241015699499147269,2020-08-04
1290517010909032448,123618703,1130883082083418112,2020-08-04
1290514524861345792,1276002940877144065,193454237,2020-08-04
1290515201205440512,1224194173710020609,1213595473686093824,2020-08-04
1290515185631862784,12736282,2950992373,2020-08-04
1290519389972750336,836718610903019520,1195018917799792643,2020-08-04
1290521210040844290,1224194173710020609,1253005220138844161,2020-08-04
1290520719495897089,190935408,290705093,2020-08-04
1290521412701229056,1224194173710020609,1253005220138844161,2020-08-04
1290523210304413696,1224194173710020609,1253005220138844161,2020-08-04
1290525308605607936,836718610903019520,2448883232,2020-08-04
1290525638395334656,1157748392430309377,1194131,2020-08-04
1290579717389770753,9166762,1050587484675964928,2020-08-04
1290643025576722432,1243458391059705862,2763914967,2020-08-04
1290583083763326977,9166762,1050587484675964928,2020-08-04
1290705666785464321,568614476,568614476,2020-08-04
1290552317490663425,21522338,2361513678,2020-08-04
1290554942193831937,2805535055,76848276,2020-08-04
1290543468520132608,1153198855548260353,1153198855548260353,2020-08-04
1290548969878073344,572160444,1245563049999650821,2020-08-04
1290633777073594368,21522338,1157599441496530944,2020-08-04
1290553742413176832,1259379095164641280,1208798494443679747,2020-08-04
1290555121428905984,836718610903019520,1252409301265678336,2020-08-04
1290557405554565120,836718610903019520,909225070589087745,2020-08-04
1290558253588414469,2740417044,19664890,2020-08-04
1290565593234513920,418338930,1408942872,2020-08-04
1290561178826047488,1200036522021576704,1205237853082529802,2020-08-04
1290568061561516033,1247360255790583808,1204236648160124928,2020-08-04
1290585837672050688,811514954159443968,2918111,2020-08-04
1290803288468668417,392542060,871014848,2020-08-05
1290567105201373184,2449582513,2449582513,2020-08-04
1290569234599366656,787637721967845377,1275695122307592203,2020-08-04
1290572958436675584,75244281,1116918863747141633,2020-08-04
1290573376466169857,75244281,1116918863747141633,2020-08-04
1290573294282842112,1116918863747141633,75244281,2020-08-04
1290573911009177600,75244281,1116918863747141633,2020-08-04
1290591933195333637,222745166,54855792,2020-08-04
1290647388206632961,1189761933802520576,1255881301024014336,2020-08-04
1290587705794011136,9166762,1050587484675964928,2020-08-04
1290586715086901249,9166762,1050587484675964928,2020-08-04
1290588145902161923,603092061,603092061,2020-08-04
1290589879437602816,975350390731563008,3951556097,2020-08-04
1290593239624540160,102715559,102715559,2020-08-04
1290596525295439872,3150104277,2798921480,2020-08-04
1290624946612383744,906226711964119041,2759598900,2020-08-04
1290692928730533888,3317276661,1886822780,2020-08-04
1290600672765923328,222745166,120052509,2020-08-04
1290603642614054913,222745166,1273777493602971652,2020-08-04
1290606424897343488,811514954159443968,37375968,2020-08-04
1290611146370756608,1949707405,1219056285880111110,2020-08-04
1290626903133560832,47589700,3443786712,2020-08-04
1290617327076233219,1286332945524031490,410385802,2020-08-04
1290636323594919939,194968905,76505194,2020-08-04
1290713835830214658,1154882001146716160,851249328442179588,2020-08-04
1290634147757805568,1244751090308046848,1221028501429596160,2020-08-04
1290626827254411265,3088992009,1183196520,2020-08-04
1290626577320075265,1243800569153798147,43520819,2020-08-04
1290637731807342598,11194802,3387227860,2020-08-04
1290713450533052422,1154882001146716160,24709744,2020-08-04
1290638261375758336,1916535294,19103624,2020-08-04
1290636759336988673,1239591140510371846,1239591140510371846,2020-08-04
1290639468915982340,1248274792903585792,1276493961767653377,2020-08-04
1290638372709556225,906226711964119041,1258884298490425356,2020-08-04
1290638093792366598,382878093,382878093,2020-08-04
1290639275420246016,874672779907526658,1024842312516546560,2020-08-04
1290643380289114116,1244751090308046848,1257742323649257472,2020-08-04
1290642178419695616,21522338,776617317681795072,2020-08-04
1290644251785797634,1916535294,19103624,2020-08-04
1290644601347411968,1916535294,19103624,2020-08-04
1290642481114226695,35051304,127567214,2020-08-04
1290647824984682498,2249531,2249531,2020-08-04
1290645387892727809,123618703,270477494,2020-08-04
1290644584779915271,34618936,34618936,2020-08-04
1290660960827564034,526481002,1270942851229089792,2020-08-04
1290648041767280642,3022706287,3022706287,2020-08-04
1290649603986128897,357606935,357606935,2020-08-04
1290656902213439490,386887453,171984095,2020-08-04
1290653253525479427,1183047260,800060449509163008,2020-08-04
1290652741451341824,54598363,728586160256241665,2020-08-04
1290653698205548548,3764689043,21925564,2020-08-04
1290743995203760128,1258662996139814913,1134485472204525568,2020-08-04
1290654074350841859,21925564,3764689043,2020-08-04
1290687805300125697,1248048975820787713,391109376,2020-08-04
1290655772225998851,1275191782733733888,773609299516002304,2020-08-04
1290667745470808066,211705142,2952251490,2020-08-04
1290659957956915214,1183047260,437184607,2020-08-04
1290659236117184513,67210714,1231368307166646272,2020-08-04
1290660265193869323,3274707824,1274158778489942019,2020-08-04
1290659063571898368,811514954159443968,215292073,2020-08-04
1290667667251171329,353461486,732768972836311041,2020-08-04
1290664835441725448,130578330,1261390949474807808,2020-08-04
1290663167308304384,1274158778489942019,3274707824,2020-08-04
1290660834054742018,235352782,350893280,2020-08-04
1290662186789076993,4578149474,4578149474,2020-08-04
1290663882999070720,1145501318158700544,1145501318158700544,2020-08-04
1290663923096653824,1244751090308046848,1158730880371830785,2020-08-04
1290663812937535488,1243388016443281412,1141998692083388416,2020-08-04
1290666039504777221,1244751090308046848,1243388016443281412,2020-08-04
1290670621358088193,1072556836627181568,825149561416998913,2020-08-04
1290666706172600320,15892715,15892715,2020-08-04
1290804508621144065,3006898359,4903561018,2020-08-05
1290669320549392384,26603303,28044522,2020-08-04
1290669575038619649,370982639,205011763,2020-08-04
1290676045524410368,967120679870058498,1047249052159672330,2020-08-04
1290673600048041985,1210713640501952514,1274601315600158720,2020-08-04
1290675880654643200,15396693,1149033483739783169,2020-08-04
1290674568164601857,343549833,929930395235356674,2020-08-04
1290714257470914561,1238952766187474947,1262425007315210245,2020-08-04
1290726252303847425,1276296696,874446236098625540,2020-08-04
1290684798294462470,105613601,301089635,2020-08-04
1290711745720283136,42068515,273610505,2020-08-04
1290686585860694024,1262596164354019328,336257206,2020-08-04
1290676713790287872,2790518743,2790518743,2020-08-04
1290699302805942275,1262425007315210245,23568994,2020-08-04
1290689000848666627,813654040726753281,506836529,2020-08-04
1290707722371989504,436454066,915347593739239424,2020-08-04
1290680049998471170,915347593739239424,157877331,2020-08-04
1290680033372143618,1199191828802789377,862739639769202688,2020-08-04
1290680520540598273,345000881,989381648,2020-08-04
1290712221018882054,900168022870155268,1119401958970810368,2020-08-04
1290683767347126277,140487678,131018228,2020-08-04
1290704008647254022,759403588531609600,3528845596,2020-08-04
1290682164527476737,793102290102132736,26638923,2020-08-04
1290683716524748802,345000881,1168064534071980033,2020-08-04
1290684350489669637,3764689043,21925564,2020-08-04
1290684781060149248,131018228,140487678,2020-08-04
1290685490698637315,140487678,135290360,2020-08-04
1290690966811181065,1243302341371183105,927567223501283328,2020-08-04
1290691931870298113,983035012219047938,2471680386,2020-08-04
1290708427480719363,2255100512,468702298,2020-08-04
1290806147113521152,37904694,49639998,2020-08-05
1290693228027621376,3369390345,3369390345,2020-08-04
1290694134873776128,57625403,57625403,2020-08-04
1290695141859049472,190014564,1008152292468588552,2020-08-04
1290749212641173506,1086815222416007168,1928914795,2020-08-04
1290695912834994176,190014564,1008152292468588552,2020-08-04
1290700110222045196,1271232225191886854,274096022,2020-08-04
1290696094914158593,2302405428,1344920712,2020-08-04
1290698282201755649,1191450623943811075,838172520004141057,2020-08-04
1290699913597091840,212698496,1068659661031772161,2020-08-04
1290700153872097280,3252803412,102913821,2020-08-04
1290704462529597442,3880077453,1148953411066486784,2020-08-04
1290711412768215049,1380534451,1380534451,2020-08-04
1290702466565066753,808096938440560640,1191876198902771712,2020-08-04
1290703141185429506,3252803412,102913821,2020-08-04
1290703391887224833,808096938440560640,1191876198902771712,2020-08-04
1290705131508400129,808096938440560640,1191876198902771712,2020-08-04
1290705536455852033,808096938440560640,1191876198902771712,2020-08-04
1290711320023764993,961647075455795201,3357153478,2020-08-04
1290706467063058432,3346078317,1216201121838125057,2020-08-04
1290706062677508096,1157261020290867201,1182138229006446595,2020-08-04
1290709204991238145,2200344572,1283893994519506944,2020-08-04
1290706561359400960,1191876198902771712,808096938440560640,2020-08-04
1290720412507217925,778812924936675328,177558300,2020-08-04
1290749634550198273,872964678590377984,111858127,2020-08-04
1290750085031174144,872964678590377984,111858127,2020-08-04
1290710061615112192,1286332945524031490,1272983853280514053,2020-08-04
1290715086865104902,4479867201,752871699909971968,2020-08-04
1290710821035630592,808096938440560640,1191876198902771712,2020-08-04
1290711636332797952,808096938440560640,1191876198902771712,2020-08-04
1290714292468277249,3043832375,3363244774,2020-08-04
1290956203212681220,1176674394564788224,1132818081884069889,2020-08-05
1290713668708114432,940793251216478208,940793251216478208,2020-08-04
1290725007820292097,1225239080230957057,42330230,2020-08-04
1290751773402161155,872964678590377984,111858127,2020-08-04
1290714921156714497,1191876198902771712,808096938440560640,2020-08-04
1290731896888938498,153471197,3162964184,2020-08-04
1290718783229898752,1239599332770398214,33829875,2020-08-04
1290724709122945026,825149561416998913,1072556836627181568,2020-08-04
1290734788136128513,39907427,865629399327981570,2020-08-04
1290792667085967362,21522338,1113488144408567808,2020-08-04
1290722624109080576,1883979044,1883979044,2020-08-04
1290880117200302082,1268065696841453568,568907678,2020-08-05
1290796740766031873,2984368488,27156125,2020-08-04
1290728555937234945,1224194173710020609,1086804799042080768,2020-08-04
1290766747268575232,2334283098,1250427741238788096,2020-08-04
1290728355025780742,941795598281379840,941795598281379840,2020-08-04
1290730293561884674,920968386,406521665,2020-08-04
1290753405976293382,872964678590377984,1250239478054207491,2020-08-04
1290756028884287489,872964678590377984,1250239478054207491,2020-08-04
1290733680634126336,1084156023340814336,3384768879,2020-08-04
1290734112584728576,40919272,813734563339964416,2020-08-04
1290746207590121473,47472163,21156416,2020-08-04
1290735540510298115,2614255879,3044602665,2020-08-04
1290743065746067457,1144748123610333185,2293596240,2020-08-04
1290735740872265729,1017294810393337857,1017294810393337857,2020-08-04
1290737033338671107,278102111,3762320657,2020-08-04
1290739692514795523,1288490793339158528,1267752244872691712,2020-08-04
1290737779979288583,3431897752,894520617176895490,2020-08-04
1290739756511268865,32571980,32571980,2020-08-04
1290742805376180232,865353222,21816402,2020-08-04
1290741951218814978,1263106951669522432,219073320,2020-08-04
1290742248355672064,1290501900027084800,126406704,2020-08-04
1290748739653718020,1288490793339158528,986001166550032389,2020-08-04
1290792673658404864,369287871,235352782,2020-08-04
1290839635502026756,906226711964119041,3125969144,2020-08-05
1290753360795238403,885651069828825088,1049396735590756354,2020-08-04
1290750915302100992,1248048975820787713,25175689,2020-08-04
1290751135469494272,1248048975820787713,25175689,2020-08-04
1290750962840240135,1248048975820787713,25175689,2020-08-04
1290758589334855680,1263106951669522432,1064726346,2020-08-04
1290761953539846144,1072585808261959680,1277647603564515328,2020-08-04
1290755676323684352,4014612859,782733789277609984,2020-08-04
1290760356038619137,66267782,43071929,2020-08-04
1290755970197594121,1839185227,128696720,2020-08-04
1290756797121404930,37904694,968587494,2020-08-04
1290761330891173888,28597397,28597397,2020-08-04
1290761456208826368,2356121359,2356121359,2020-08-04
1290786866141200388,872964678590377984,111858127,2020-08-04
1290790960096583682,1207095123772923904,2955091777,2020-08-04
1290763542170341376,1042405564540768256,797071662709673985,2020-08-04
1290850556991373313,25956210,496405130,2020-08-05
1290767589476429825,1111899778546192385,620333931,2020-08-04
1290830958191665153,968587494,38823225,2020-08-05
1290769821517266946,3190462724,1040047054943334405,2020-08-04
1290794612617953280,712011839651979264,1166430863627902976,2020-08-04
1290771024753987586,784098236,1083782663373275141,2020-08-04
1290912379371487232,1267228593744207874,27811832,2020-08-05
1290780235923886080,1204770198773018625,1259642200037691393,2020-08-04
1290811396612141057,1238952766187474947,1262425007315210245,2020-08-05
1290786588193103874,1154882001146716160,885708323747713024,2020-08-04
1290825150989049856,54939479,265139430,2020-08-05
1290993635614429185,3885638489,3885638489,2020-08-05
1290792108589297665,1239599332770398214,474547468,2020-08-04
1290780675763843072,1149898992798588929,1149898992798588929,2020-08-04
1290811838096007168,316613349,1232396703900135424,2020-08-05
1291112034914844672,1617069110,1167081928685584384,2020-08-05
1290790557506306048,1193638200994127872,1289640423313616896,2020-08-04
1290795277679353856,16870567,61994759,2020-08-04
1290796371268833281,1035214361428742146,1287449446566055937,2020-08-04
1290806961609613312,27156125,2984368488,2020-08-05
1290800476187811840,1241402628065464321,160266632,2020-08-05
1290803090401239041,787863502941622272,1266011360204374018,2020-08-05
1291214459093098496,223869253,2567819647,2020-08-06
1290808753353297921,1516644956,1516644956,2020-08-05
1290820786131935232,1037725403547357184,432096188,2020-08-05
1290814159064629250,47472163,859059210,2020-08-05
1290818541877223424,1037725403547357184,432096188,2020-08-05
1290826832535867392,2875685303,2925895175,2020-08-05
1290812004773564416,14501190,14501190,2020-08-05
1290845173455486978,2760704813,778436442,2020-08-05
1290814682048192512,1224194173710020609,1086804799042080768,2020-08-05
1291081093286891520,1154882001146716160,1267339121808326656,2020-08-05
1290815663523549184,4679461470,4679461470,2020-08-05
1290819048230531073,1194780585379729409,1247255465500848137,2020-08-05
1290818762720124929,1203269325886496768,14505383,2020-08-05
1290846702790946816,1238284491598241794,825369096313270272,2020-08-05
1290824986270326785,1267037382,1267037382,2020-08-05
1290828534924148738,2228878592,2680350607,2020-08-05
1290827704548438022,871425976957149184,871425976957149184,2020-08-05
1290834144130486277,1286116923416215552,1312395158,2020-08-05
1290856225530433536,872964678590377984,111858127,2020-08-05
1290855421775884288,872964678590377984,111858127,2020-08-05
1290870278067806208,1277344503670747137,64460112,2020-08-05
1290837663495458818,60213199,60213199,2020-08-05
1290841641612390400,913478255495102464,1015279115350495242,2020-08-05
1290840535545139201,1276996306305798152,1244967951020765184,2020-08-05
1290844569052033034,1276996306305798152,1244967951020765184,2020-08-05
1290865274237915136,369287871,604460550,2020-08-05
1290971173904424961,846124423660867586,709038512746536961,2020-08-05
1290858736341389312,1273365348935499776,1286117177695899653,2020-08-05
1290862717322977280,1096154100767481856,1096154100767481856,2020-08-05
1290866343680475137,499818111,755198178211819520,2020-08-05
1290867293103124480,2195927359,2195927359,2020-08-05
1290871186918793216,1192740946342866950,1192740946342866950,2020-08-05
1290877629252415489,713318498,713318498,2020-08-05
1290878195621933056,263708316,1094761898719887361,2020-08-05
1291240036311027712,1071980970197295104,1071980970197295104,2020-08-06
1290908447962087424,1277087263357194240,1118714583609274368,2020-08-05
1290919359498649600,830436086,1255500495046742017,2020-08-05
1290890741804339200,1212011820606611457,1212011820606611457,2020-08-05
1290896189127303168,968587494,17340477,2020-08-05
1290910728078209025,1173758972,1222557363334533122,2020-08-05
1290945399470067712,260398846,740547853387337730,2020-08-05
1290903694117044224,786329265969238020,786329265969238020,2020-08-05
1290953795288137728,713587285,23494080,2020-08-05
1290915292475006977,418543440,418543440,2020-08-05
1291164093630558208,23494080,132674068,2020-08-06
1290922545772806146,28017499,1266846774133579776,2020-08-05
1290930608680697857,968587494,3393385137,2020-08-05
1290987542230302727,2909845271,19301117,2020-08-05
1290937490568871936,968587494,14302630,2020-08-05
1291021065330794496,985015708177354753,985015708177354753,2020-08-05
1290944361090494464,968587494,1553793912,2020-08-05
1290949691295793152,1148235738535911425,23932984,2020-08-05
1291417432796659713,1274167086881951745,1069302658920562690,2020-08-06
1290951210833387520,2844018590,2844018590,2020-08-05
1290958975723343873,401989905,1231044007590948865,2020-08-05
1291049040499445761,37904694,406623745,2020-08-05
1290981646364291082,152812101,1255589406,2020-08-05
1291002589606281217,627146724,1120143571607224320,2020-08-05
1291023453244424194,2556358540,2974909167,2020-08-05
1290977352793587712,130676619,130676619,2020-08-05
1290978807856472066,63923329,63923329,2020-08-05
1290980438886973447,633774604,748204035153534978,2020-08-05
1290983470492196865,1086768933221384192,4819667927,2020-08-05
1291040951457263616,1255589406,152812101,2020-08-05
1290985248386355200,105338463,15116277,2020-08-05
1291029622692417537,27010893,1192555801367461888,2020-08-05
1290983768627351559,2249531,2249531,2020-08-05
1291040751393157123,968587494,38823225,2020-08-05
1291103602849742850,1286332945524031490,2941630979,2020-08-05
1291014364468830208,817923261136674816,32419646,2020-08-05
1290993914451722241,87612386,1189633987901362177,2020-08-05
1291011134821216256,1189633987901362177,4801293200,2020-08-05
1291010911206080514,1189633987901362177,4801293200,2020-08-05
1290995854891982849,1253005220138844161,1581883268,2020-08-05
1290995969140695041,1253005220138844161,1581883268,2020-08-05
1290998002618834945,13132342,799494420743778304,2020-08-05
1290996816167796736,708832187467096064,879070022122995712,2020-08-05
1291050093592956928,37904694,1290567253524713472,2020-08-05
1291003895456595968,250211424,250211424,2020-08-05
1291006959802634242,21522338,964773938462187520,2020-08-05
1291013685205504000,474491972,43790045,2020-08-05
1291015320371474432,163730050,1637957796,2020-08-05
1291165056286232582,1084156023340814336,739866906,2020-08-06
1291045386270814209,10983152,38679514,2020-08-05
1291025387485626371,593322663,23896511,2020-08-05
1291016991231430657,17642409,926226611741052928,2020-08-05
1291016861098876928,84183248,84183248,2020-08-05
1291020467222921217,123618703,73076353,2020-08-05
1291018404061577216,1079360602454163456,1252020079790784518,2020-08-05
1291020510558658561,2277807332,1258260771521216513,2020-08-05
1291020791937740800,896563773875638272,896563773875638272,2020-08-05
1291023320469721088,1253005220138844161,1152469135,2020-08-05
1291023742932582400,1241803387517181952,3195419603,2020-08-05
1291119106763128832,87612386,4077359074,2020-08-05
1291026820872253442,298681398,83912615,2020-08-05
1291028142094725120,1224194173710020609,1253005220138844161,2020-08-05
1291029076388515841,506836529,153462141,2020-08-05
1291266090518163460,4514322802,701501616436994048,2020-08-06
1291034375019048960,1177084540243853312,1242176869576749056,2020-08-05
1291038315680915456,2946893125,13232322,2020-08-05
1291520482093740035,46863213,1241833689463558145,2020-08-06
1291057594522415104,1312395158,1034598645784559616,2020-08-05
1291039524064174080,2946893125,13232322,2020-08-05
1291054724037455881,53276941,36703290,2020-08-05
1291039556570165249,41981259,41981259,2020-08-05
1291042059563020293,1285287638535155714,324163222,2020-08-05
1291049177225584641,1173758972,1072689102485508096,2020-08-05
1291043566941241345,4889756028,2740357618,2020-08-05
1291053430346145792,1158918311024816128,227468656,2020-08-05
1291065618234392576,728747154,882756746,2020-08-05
1291131118989737984,87612386,953350914311688192,2020-08-05
1291056499943518211,48266056,70981500,2020-08-05
1291057887201165313,48266056,70981500,2020-08-05
1291060091605532672,2946893125,59886119,2020-08-05
1291063799819063296,2946893125,59886119,2020-08-05
1291055635359051776,408960349,3767497277,2020-08-05
1291051889077911552,146725826,146725826,2020-08-05
1291053060739854336,124219761,961376443279249408,2020-08-05
1291363296260632578,1035807945492193280,222217244,2020-08-06
1291086033833033729,175073422,1286685720707555334,2020-08-05
1291058002368200704,825160248088367104,1076709293267783680,2020-08-05
1291067928092323843,962414093280964608,1005438876,2020-08-05
1291594919954399232,2946893125,19994203,2020-08-07
1291063957285941248,929842448,14428909,2020-08-05
1291068496533741568,276987167,2246537899,2020-08-05
1291244497611833344,1177084540243853312,797012177685278720,2020-08-06
1291080438505705473,1289358772650086400,183544321,2020-08-05
1291067932873822212,46321633,46321633,2020-08-05
1291069783841157120,1441971834,1063873307122888704,2020-08-05
1291067242109698048,298681398,83912615,2020-08-05
1291071219748483072,202661088,2946893125,2020-08-05
1293165620389978112,21882727,21882727,2020-08-11
1291140971665788929,541152991,78526301,2020-08-05
1291071495175720960,2946893125,202661088,2020-08-05
1291072883649847297,202661088,2946893125,2020-08-05
1291087090608824320,1170354124283449344,1050729169573830662,2020-08-05
1291105981909303296,74698700,3119653029,2020-08-05
1291535175457923073,2898242417,2898242417,2020-08-07
1291129789143818240,897831864450330624,1240482747606589440,2020-08-05
1291075539919306755,368731138,368731138,2020-08-05
1291076707563208704,42040497,50129007,2020-08-05
1291079684684357637,3301868945,1286722935907123200,2020-08-05
1291093498599358464,762522504,55124502,2020-08-05
1291082698803617797,35239459,1116717853,2020-08-05
1291083888811487232,1193678432263188483,826058732593360896,2020-08-05
1291085759772942336,23493744,23493744,2020-08-05
1291098948191625216,1248048975820787713,391109376,2020-08-05
1291092271182610432,48266056,2570905252,2020-08-05
1291094863900016642,23685118,252966637,2020-08-05
1291088118834057216,1212409690073645056,1212777238703132672,2020-08-05
1291096575536590848,1228415516110245889,1356071167,2020-08-05
1291098892893749248,1228415516110245889,1356071167,2020-08-05
1291414640988237828,1089838129706663936,1276123466073346048,2020-08-06
1291105311600848903,74698700,3119653029,2020-08-05
1291099649177268225,1281639796956442634,755229520114909184,2020-08-05
1291112155492704257,791194588090425344,115559071,2020-08-05
1291111562208579584,369287871,55851567,2020-08-05
1291100232520880128,1228415516110245889,1356071167,2020-08-05
1291103581001535489,23554832,2275848403,2020-08-05
1291136033153638406,828058389846511616,1166519753197813762,2020-08-05
1291111927700049920,171984095,29296333,2020-08-05
1291109108314251264,1286332945524031490,786998502333317120,2020-08-05
1291155514789957638,740970878,1226442029837832195,2020-08-05
1291121032225382400,865738675488948225,842642004,2020-08-05
1291170833524817927,1056977554425499651,36011480,2020-08-06
1291111288882462720,1290999112381407232,946584135459639296,2020-08-05
1291141495592976386,37904694,95097499,2020-08-05
1291118597109096455,732768811,17312720,2020-08-05
1291118124926816256,1228415516110245889,1356071167,2020-08-05
1291121354331369472,3383657759,28722755,2020-08-05
1291142626377433091,942420793627152384,756238859407679488,2020-08-05
1291129888645296135,110032749,152142811,2020-08-05
1291121217035022336,1260316744067035138,741659365061562368,2020-08-05
1291120988067749888,1228415516110245889,32881612,2020-08-05
1291122939191070722,207696104,854421073613406208,2020-08-05
1291185640302944264,14714040,1031769872793911296,2020-08-06
1291132059017240578,822274456513085440,1125193747568910336,2020-08-05
1291143226167099393,87612386,4077359074,2020-08-05
1291144137140559873,87612386,4077359074,2020-08-05
1291157472103866368,3767497277,1148896164110065664,2020-08-05
1291133301814632448,205767599,713758533,2020-08-05
1291145627456462850,7851372,8844532,2020-08-05
1291132566964178945,1279832675323449350,408710627,2020-08-05
1291532323616444419,1113186414626254860,2899697908,2020-08-07
1291164588763947008,125110351,48459821,2020-08-06
1291145609479626753,87612386,142476959,2020-08-05
1291140435738529792,187766401,249164009,2020-08-05
1291140845106847744,37904694,104656567,2020-08-05
1291503080123568128,1138287733321998337,360083646,2020-08-06
1291160624991477763,47824057,843853348038238209,2020-08-05
1291155074698403842,820257691956375552,1055068238214766592,2020-08-05
1291147188186148865,1287162964877877248,1248509580260208640,2020-08-05
1291146224012275716,811514954159443968,892987959925985280,2020-08-05
1291149451827064832,2373349581,247564783,2020-08-05
1291150437060456448,941338120326451200,16419312,2020-08-05
1291152147573354496,2430787669,2430787669,2020-08-05
1291158814482464773,1105145953361776645,1253091184207159305,2020-08-05
1291193521131728897,87612386,2497965513,2020-08-06
1291162648520855554,1173758972,1123386424680701952,2020-08-06
1291160310301241349,762522504,1491807500,2020-08-05
1291172274113056770,1268093477058777089,892336989579640832,2020-08-06
1291440485731631105,1138287733321998337,892275857779118080,2020-08-06
1291161334080577537,784899771647594496,2750142134,2020-08-05
1291161600691404803,2865907814,3310013225,2020-08-05
1291228316146348032,1083394132263858176,1183248604531589120,2020-08-06
1291172911865159681,23494080,915028555796492288,2020-08-06
1291177924175986689,1228415516110245889,1291165540652691456,2020-08-06
1291170474093957124,1516644956,1516644956,2020-08-06
1291179028188147712,458917136,878406599911624704,2020-08-06
1291177112284680193,1283532867407052800,1283532867407052800,2020-08-06
1291174786488512512,786063455522529285,1069768117,2020-08-06
1291179434045775872,250691621,23216644,2020-08-06
1291191980152590341,19426419,19426419,2020-08-06
1291190458094202880,28901886,28901886,2020-08-06
1291305802553266176,1107240989679407104,46382179,2020-08-06
1291190896030109698,3188352661,4846877796,2020-08-06
1291201739534696448,230905168,230905168,2020-08-06
1291192820976345094,1207755089584123904,340309566,2020-08-06
1291198397202956288,1631308484,107529849,2020-08-06
1291288212326023168,1242306820321890304,821981511675158528,2020-08-06
1291195665062793218,37904694,708683184536489984,2020-08-06
1291208132182638592,87612386,4871749505,2020-08-06
1291205761234698241,948589056,390157958,2020-08-06
1291285411642343431,1226442029837832195,895345094324256768,2020-08-06
1291224189643489280,1279832675323449350,459289553,2020-08-06
1291229828545421318,704031546060234753,704031546060234753,2020-08-06
1291211882716639232,596686416,596686416,2020-08-06
1291221222957752320,87612386,2439922351,2020-08-06
1291222089949732864,1175432790919303172,1175432790919303172,2020-08-06
1291227135848456192,21522338,1131317018374938624,2020-08-06
1291221573077094400,755398639460179968,2966842211,2020-08-06
1291225054659977216,1148235738535911425,1261054809433571330,2020-08-06
1291228930935070720,1173758972,1244114683688374272,2020-08-06
1291228752479911937,16875220,1141435554548109312,2020-08-06
1291231433412030464,87612386,511290619,2020-08-06
1291231364466040832,893900539083313152,72610334,2020-08-06
1291241284468912128,1277028550433017857,422042010,2020-08-06
1291319469252411398,1262929198227865600,4790174717,2020-08-06
1291239345228263424,965572655343693826,1229405399314583558,2020-08-06
1291248561888333825,1173758972,1244114683688374272,2020-08-06
1291246006710009857,1044074096139653120,1175651759739547648,2020-08-06
1291258260423507968,17202735,778924731785318400,2020-08-06
1291253335975231488,168806107,168806107,2020-08-06
1291254118099464193,1654750507,1654750507,2020-08-06
1291257223172116481,13132342,904142359532843008,2020-08-06
1291333318856904704,763442980065779712,833046950001864704,2020-08-06
1291299918653673473,21522338,1131317018374938624,2020-08-06
1291279330551701506,1279944628389711874,1279944628389711874,2020-08-06
1291382077192052740,1563473563,937137383765557248,2020-08-06
1291323752387575808,3709172656,3709172656,2020-08-06
1291382229978021889,1281639796956442634,28628111,2020-08-06
1291385126828613632,1281639796956442634,28628111,2020-08-06
1291299817055031296,3039921634,1089087218134568961,2020-08-06
1291315596077010944,4849898158,1150274735021969408,2020-08-06
1291306125678215169,1280645202173210625,248976492,2020-08-06
1291308573541257216,1280645202173210625,248976492,2020-08-06
1291814246012145670,87612386,851876728322625537,2020-08-07
1291327486350053376,840567625100976129,1360567789,2020-08-06
1291815387789746177,87612386,948558246117289984,2020-08-07
1291345477166915585,30586842,735984740,2020-08-06
1291346795721826305,1252750373762334720,3398224216,2020-08-06
1291352979937742849,1166649625073324033,2272325420,2020-08-06
1291357718700163073,821603873458679809,821603873458679809,2020-08-06
1291360076955975682,1272918670323224577,3296802487,2020-08-06
1291361069118652416,2314530576,734935156683886592,2020-08-06
1291361398585462787,1201940662511378432,765265386308825089,2020-08-06
1291376101319565317,2356502700,1196506051467763712,2020-08-06
1291366524238798852,1281277675181498368,142734942,2020-08-06
1291469551138414592,805966790912262145,1158837481049079809,2020-08-06
1291548756685381632,249279578,18238390,2020-08-07
1291414139496259589,4790174717,862330860250509312,2020-08-06
1291373770645676033,140286364,140286364,2020-08-06
1291379380665516033,4236661,463871960,2020-08-06
1291380410828627969,575662077,1248432279946436608,2020-08-06
1291766751173046272,1031769872793911296,17027451,2020-08-07
1291380810629734403,1194410074611077120,1194410074611077120,2020-08-06
1291380964199931905,1285287638535155714,324163222,2020-08-06
1291385050802642945,1186291037846888453,135248597,2020-08-06
1291431885281931264,28628111,1281639796956442634,2020-08-06
1291385319875416064,52094248,291740252,2020-08-06
1291413840463376385,1105145953361776645,1039183421849911297,2020-08-06
1291406829327732736,822874503504072705,1272932429733474304,2020-08-06
1291433774769557504,1140348503723347968,243159420,2020-08-06
1292055993577349120,844514640,1273077256584196101,2020-08-08
1291406608338214923,859597084646944770,1947627416,2020-08-06
1291404623715205136,1563473563,1163294962911457285,2020-08-06
1291935518595387393,2823158378,989666709027028992,2020-08-08
1291406073493098498,859597084646944770,1947627416,2020-08-06
1291404815843635201,3073385746,805927624035995649,2020-08-06
1291406955701993483,3073385746,805927624035995649,2020-08-06
1291407836187103245,373411317,1258409549033287686,2020-08-06
1291409007891161089,37904694,64695249,2020-08-06
1291407488114470912,232138606,626092132,2020-08-06
1291409864581885955,4732288535,14633466,2020-08-06
1291409834869497856,1050380044395270144,920700870760656897,2020-08-06
1291419473644331010,713587285,23494080,2020-08-06
1291426246107308034,854360794506698752,3784154596,2020-08-06
1291416218059014145,17133739,476340809,2020-08-06
1291470819143618571,1148235738535911425,716744414018842624,2020-08-06
1291421163470585856,239922015,296532519,2020-08-06
1291421193073917952,35884419,1178539910720081920,2020-08-06
1291430545461837824,324999857,916061014285746182,2020-08-06
1291450209323692037,3380558433,343897326,2020-08-06
1291437256918663169,1051001049006395392,1030554498408882176,2020-08-06
1291435765130383360,1138210781697257473,20404238,2020-08-06
1291444913494777858,1138287733321998337,2463691188,2020-08-06
1291431420007612417,14701580,1141762522984439808,2020-08-06
1291497105190793216,235417503,1266585085362483200,2020-08-06
1291434874214035458,1268829685879726082,530056116,2020-08-06
1291434596471627776,1164156004222873600,2713012445,2020-08-06
1291435122189836288,1227791161512923137,1000011505792897024,2020-08-06
1291435966629064705,969428527215980545,1221097832784039936,2020-08-06
1291436295449767936,1167443368462434304,1185984146583228423,2020-08-06
1291514912557023232,919589881164087297,11024702,2020-08-06
1291439123090288647,1199013516377767936,1085313230740865024,2020-08-06
1291440661678436354,1285678821631569920,14337143,2020-08-06
1291441124947775490,2878241357,1584140768,2020-08-06
1291442134378115073,3107408184,3107408184,2020-08-06
1291462120777736192,772575200,195454309,2020-08-06
1291446868229136385,1283497033610022913,3267737598,2020-08-06
1291459569064042501,1192157260312719360,1258391055315218432,2020-08-06
1291446392729157632,762522504,768976671080873984,2020-08-06
1291448698967384065,373411317,52836594,2020-08-06
1291446835576475649,1014880422545772546,921511484408127488,2020-08-06
1291450245734375429,20826292,728555557,2020-08-06
1291457782483505154,3081983657,80365422,2020-08-06
1291453083495600130,840567625100976129,1271107844662857728,2020-08-06
1291456350254489602,37904694,840567625100976129,2020-08-06
1291453535243001857,49628549,240429795,2020-08-06
1291471504279052288,20826292,728555557,2020-08-06
1291455798615277568,3855260592,195906433,2020-08-06
1291458163217256448,939190598497644544,939190598497644544,2020-08-06
1291458724742287361,939190598497644544,939190598497644544,2020-08-06
1291469725357215749,2907091,63494123,2020-08-06
1291460201887956992,1145205364486561797,547129467,2020-08-06
1291460727035908097,1068352342062493697,1068352342062493697,2020-08-06
1291472816383172608,1221818330857775105,1154817275427512320,2020-08-06
1291481075617857543,4862053260,593291799,2020-08-06
1291471417121353729,502340203,286715680,2020-08-06
1291471496225918991,294932830,294932830,2020-08-06
1291472610707079170,63917162,525927048,2020-08-06
1291480841567313920,20826970,24041740,2020-08-06
1291474940231852032,2907091,172163149,2020-08-06
1291476697938714624,869612270346575873,1280172958787555329,2020-08-06
1291475629217656832,2907091,172163149,2020-08-06
1291477469338509312,1221587136329256960,79782342,2020-08-06
1291475350317408262,1089838129706663936,1089838129706663936,2020-08-06
1291481658785443840,2907091,1276705921859751938,2020-08-06
1291521082818801665,1280645202173210625,1082445900306239493,2020-08-06
1291480533126361095,79782342,1221587136329256960,2020-08-06
1291496630793928705,58938445,61475018,2020-08-06
1291478565779718144,706553621698240513,706553621698240513,2020-08-06
1291496486174220288,17450410,512719277,2020-08-06
1291482850479415296,1271572997623562240,390238608,2020-08-06
1291548001446617088,2813496138,2876716474,2020-08-07
1291483500294443008,772575200,3092267429,2020-08-06
1291494699031834624,1042405564540768256,57589319,2020-08-06
1291488908459544577,232446000,232446000,2020-08-06
1291488297693220866,772575200,3092267429,2020-08-06
1291488747259740160,772575200,3092267429,2020-08-06
1291489133823762438,1249799900340117504,366527073,2020-08-06
1291499055617642497,811189259411615744,102816499,2020-08-06
1291490111461433349,1291484355970379778,1291484355970379778,2020-08-06
1291493080336601094,289458652,55743354,2020-08-06
1291491877640790018,772575200,3092267429,2020-08-06
1291492212430254083,1263535494119526401,3917128873,2020-08-06
1291499265466998786,801196688748806144,801196688748806144,2020-08-06
1291496058791399429,2865907814,1270054287272480776,2020-08-06
1291559096014045184,58365074,1077365580,2020-08-07
1291498024657715211,1266585085362483200,235417503,2020-08-06
1291498318414127106,1266585085362483200,235417503,2020-08-06
1291566124124037121,2315451596,837894163433652226,2020-08-07
1291502477603463169,2907091,897839651599286272,2020-08-06
1291513261289017345,1145205364486561797,710121986849112065,2020-08-06
1291503335217016832,21522338,3287770974,2020-08-06
1291505187874635776,1173014660993421313,1152395569714933761,2020-08-06
1291506885468852225,21522338,422008745,2020-08-06
1291508621642096640,19426419,19426419,2020-08-06
1291511527040851977,36791852,30164624,2020-08-06
1291513682531438593,1151989159269191681,1151989159269191681,2020-08-06
1291512246028267520,1021382089059590144,879459933988585472,2020-08-06
1291520386643959810,2570615502,1279467042530189312,2020-08-06
1291522027052990464,1950473222,59870340,2020-08-06
1291521771242491904,1275799899825676288,852986695746191361,2020-08-06
1291520993442369543,613920666,613920666,2020-08-06
1291562020970651648,1950473222,2823248477,2020-08-07
1291525237461471232,21522338,96298704,2020-08-07
1291560600926126082,299967130,189891568,2020-08-07
1291531193930747904,221278993,221278993,2020-08-07
1291533030402568192,164776687,164776687,2020-08-07
1291543138574782466,1040258335033806848,4751374712,2020-08-07
1291539979227680768,240429795,246326631,2020-08-07
1291598449041969152,1152251896943534081,1230994689106628613,2020-08-07
1291540997936119811,1021729751113900032,594185430,2020-08-07
1291547179312709632,1021729751113900032,1276292804432613376,2020-08-07
1291543821533224960,855489121,855489121,2020-08-07
1291545981008388097,541152991,745439356110802944,2020-08-07
1291562115422191616,1930943065,800511058536382464,2020-08-07
1291544262430076934,1021729751113900032,1021796426089680896,2020-08-07
1291721695808688128,1190711435594219520,2965327347,2020-08-07
1291548460685164544,835891825328148480,835891825328148480,2020-08-07
1291550712103669760,187008763,187008763,2020-08-07
1291550743900585985,17554226,258629669,2020-08-07
1291551300178579458,473238229,58933964,2020-08-07
1291552719027597313,1071252725952860162,1071252725952860162,2020-08-07
1291553078781632512,1043534392843489280,304569096,2020-08-07
1291558653783240704,240429795,224042180,2020-08-07
1291558531351621632,176978280,1259310698250764288,2020-08-07
1291572442452959232,2907091,1200240831292170245,2020-08-07
1291562706571583495,17554226,1250125452946993152,2020-08-07
1291567850663051265,864487498935787520,4636475003,2020-08-07
1291564998611722240,1201266034788970497,1201266034788970497,2020-08-07
1291566479821938688,864487498935787520,758092702886072320,2020-08-07
1291564884522606592,1042405564540768256,51634386,2020-08-07
1291565630886469637,1042405564540768256,51634386,2020-08-07
1291565421058052096,219862792,219862792,2020-08-07
1291566355116953600,69428108,457454776,2020-08-07
1291575597425201152,1202472522010238976,2472495405,2020-08-07
1291570616534020096,1239969860941217792,1042152142302322688,2020-08-07
1291579024096088067,37131541,37131541,2020-08-07
1291570888589156352,160299481,214303708,2020-08-07
1291571600291246080,2907091,1023805518392045568,2020-08-07
1291571824786956288,374824294,788893748386107393,2020-08-07
1291572603799457792,17554226,567436595,2020-08-07
1291574782857797632,2907091,1049481886093979648,2020-08-07
1291576450185740288,79782342,15290905,2020-08-07
1291575857803415552,1021729751113900032,1214539571486248960,2020-08-07
1291577080443023360,1021729751113900032,1214539571486248960,2020-08-07
1291581320355749889,1194469813780828160,1194469813780828160,2020-08-07
1291579393022853124,4534193952,2880419927,2020-08-07
1291579730211241984,2907091,1049481886093979648,2020-08-07
1291580142905692160,1021729751113900032,1059211792579248128,2020-08-07
1291580578744147969,1021729751113900032,911779952,2020-08-07
1291581015325122561,3880505652,1173786247,2020-08-07
1291780358963421185,820659620704354305,518767805,2020-08-07
1291582158147137536,3328675947,777153283219558401,2020-08-07
1291583485845610497,2907091,89321867,2020-08-07
1291588348323098624,240429795,1049593777,2020-08-07
1291780233797021700,864487498935787520,4316281152,2020-08-07
1291594340628742144,13132342,1077014200910659584,2020-08-07
1291674221307887616,2874056870,1268024491558539264,2020-08-07
1291598185127915520,1094981823996809216,1243399640256397313,2020-08-07
1291705200621883394,1285607164241940480,2744948177,2020-08-07
1291620410522349568,141584822,141584822,2020-08-07
1292553574380183554,102816499,811189259411615744,2020-08-09
1291622903608274945,762522504,382953970,2020-08-07
1291628833414828032,937397433876615168,244826338,2020-08-07
1291721555920248832,1285891806505435136,276641794,2020-08-07
1291639019344998401,2907091,1269264989895962626,2020-08-07
1291650050079117317,1245632999456030720,1278520611619303424,2020-08-07
1291650899287269376,1245632999456030720,1278520611619303424,2020-08-07
1291649992944427009,23494080,610075573,2020-08-07
1291801924963119111,74698700,1216593649665888256,2020-08-07
1291946381091803137,955157325865566208,567622584,2020-08-08
1291658922982432769,784098236,1252097965931368450,2020-08-07
1291662327109091329,971350879063433218,971350879063433218,2020-08-07
1291699464219103234,1272503144946245638,1266094691478577154,2020-08-07
1291967951017582592,1259379095164641280,1249644724165709825,2020-08-08
1291673895712546817,75311987,1291517466430980099,2020-08-07
1291975469361963009,77973889,914320113985249280,2020-08-08
1291670683332816897,966780032713666560,966780032713666560,2020-08-07
1291768995281084416,1282177393646592002,256971593,2020-08-07
1291678826435457024,1881869352,1881869352,2020-08-07
1291787248309096448,23494080,772842729709502464,2020-08-07
1291765075875954688,62377073,877723552883015681,2020-08-07
1291722370668007429,578357630,4900331763,2020-08-07
1291805089565310977,461652793,259421965,2020-08-07
1291714637944168448,926590755153461248,1035099266409062401,2020-08-07
1291733685964767233,174369590,824459446122377217,2020-08-07
1291712052629831683,2907091,2905285109,2020-08-07
1291721032861188097,26285050,2403372328,2020-08-07
1291725789638139905,126116951,3226934367,2020-08-07
1291771070744322049,832753135496077312,874672779907526658,2020-08-07
1291817044438966272,1204770198773018625,1191040170033864705,2020-08-07
1291717960046981121,731661969330188288,71443704,2020-08-07
1291720985918550022,1059924879099731969,1198855736899424261,2020-08-07
1291722537458716672,265521979,1290721797864919040,2020-08-07
1291724802835787776,2907091,68007058,2020-08-07
1291742129442750464,1196595414755106816,832006820,2020-08-07
1291724323712110593,703918477082406912,2835609500,2020-08-07
1291725756192763905,3298635109,3298635109,2020-08-07
1291732005579681793,1160332114052521986,1160332114052521986,2020-08-07
1291784327534084096,23494080,988177817350193153,2020-08-07
1291743472102211584,252277855,634645914,2020-08-07
1291775051537121280,17304598,17304598,2020-08-07
1291735070278131713,1123921725027233799,1096213754621190146,2020-08-07
1291739720217702400,821977266263642112,19954797,2020-08-07
1291743648988762114,2497413258,441331163,2020-08-07
1291768687200997377,16178831,1095879144771149824,2020-08-07
1291745899362713602,1159458717638594560,50512313,2020-08-07
1291742866491027459,17133739,77294579,2020-08-07
1291739589774843904,8865592,8865592,2020-08-07
1291757240878235648,2180349799,1279155609083039749,2020-08-07
1291742245381644290,25913052,740573671195041792,2020-08-07
1291743706358349826,3231770820,733765787152945152,2020-08-07
1291750512048648193,1196595414755106816,1196595414755106816,2020-08-07
1291752541970145289,740573671195041792,25913052,2020-08-07
1291749215899721731,1287141483011866626,1120138809558147072,2020-08-07
1291747701193715713,1217243267042930688,3228121358,2020-08-07
1291750746761945089,864487498935787520,2497413258,2020-08-07
1291767353429110786,1262563383016030209,2174400349,2020-08-07
1291830704763011073,863480442707726337,108934611,2020-08-07
1291748232058421252,725391990,1327899770,2020-08-07
1291748732082499585,714238317,1132714463361142790,2020-08-07
1291748759861305346,20353411,80935456,2020-08-07
1291749652233158658,1275149567609253888,1247479527900659713,2020-08-07
1291837186007085059,87612386,1126137412151853121,2020-08-07
1291753027519610880,977958958601302016,512397814,2020-08-07
1291754625130024966,3043924796,3043924796,2020-08-07
1291758707534188544,1003847387050373120,701272343189004288,2020-08-07
1291760170490421249,20353411,1204056981537009665,2020-08-07
1291765307707621376,1279865889979076617,951521377030418432,2020-08-07
1291760710578368518,40455336,618600360,2020-08-07
1291819135748452356,1213172931255160832,887173659999309824,2020-08-07
1291766071402225664,912258259289100288,912258259289100288,2020-08-07
1291765580714979329,425508737,1093718269,2020-08-07
1291813143849709568,236573780,2188429098,2020-08-07
1291822398954770432,907663818884612096,3362944929,2020-08-07
1291794438050598912,1291085820053446659,240756755,2020-08-07
1291768461782405121,2907091,109276516,2020-08-07
1291853982940323840,750115418711351298,47440600,2020-08-07
1291768744793047055,2907091,109276516,2020-08-07
1291782038555631616,1278408171267207168,1278408171267207168,2020-08-07
1291792199559065600,1240037912365981697,400839539,2020-08-07
1291803265273860100,974779362846412800,1010387251547627521,2020-08-07
1291779000550006785,100413913,969582515819368451,2020-08-07
1291809672983437313,2835609500,255685633,2020-08-07
1291798896763703299,483253897,320394493,2020-08-07
1291783425205194752,722484663164485633,1287949764,2020-08-07
1291782088920723456,1173228545750863878,1173228545750863878,2020-08-07
1291782422028263429,1164176203923820544,951404901707534336,2020-08-07
1292096578556178433,1279961078320021507,4907657857,2020-08-08
1291784340163178496,722484663164485633,1271413342389723136,2020-08-07
1291790659758764035,1267981483039510537,745711782824574976,2020-08-07
1291787113302827013,559120352,2802514128,2020-08-07
1291788567010611200,28496913,28496913,2020-08-07
1291789121866825730,1164176203923820544,1291736563861336070,2020-08-07
1291804987232849921,3231770820,764645243052523522,2020-08-07
1291790413502840832,3328675947,1085637149872046081,2020-08-07
1291792833234509825,3328675947,1119642405303660544,2020-08-07
1291794237793632258,3328675947,777153283219558401,2020-08-07
1291794399626760192,722484663164485633,422980822,2020-08-07
1291796618140954626,1071195445995679745,1280667314430439424,2020-08-07
1291797610131488768,1651611811,334260300,2020-08-07
1291798464955731970,880863047795003392,880863047795003392,2020-08-07
1291797636207398912,202470085,2801825264,2020-08-07
1291879255266164736,52171014,25004298,2020-08-07
1291799934111539208,320394493,483253897,2020-08-07
1291805971765817345,202470085,2801825264,2020-08-07
1291813463153672193,1151201383657480192,383168427,2020-08-07
1291814052189089793,1145205364486561797,896889106319495168,2020-08-07
1291814886285205504,722484663164485633,605802374,2020-08-07
1291816501092253696,222554961,222554961,2020-08-07
1291816793141633025,892904926011154432,892904926011154432,2020-08-07
1291822530181750784,202470085,776587778284920833,2020-08-07
1291863823528296448,172060501,1070559288156962817,2020-08-07
1291949863064625153,2865907814,1062010357,2020-08-08
1292477068249309184,305525856,19031426,2020-08-09
1291836632459382784,3011673768,543509766,2020-08-07
1291877703877107713,539908341,961839693078831106,2020-08-07
1291836521532682240,202470085,758421550877913088,2020-08-07
1291841010163683328,14116588,78683448,2020-08-07
1291841571437125632,1157748392430309377,1194131,2020-08-07
1291986910798401536,43573686,1098723438,2020-08-08
1291850630009622535,463202420,463202420,2020-08-07
1291851874891636736,526481002,4389242116,2020-08-07
1291901615021133824,835158325549535233,2648837030,2020-08-08
1291857912273473536,1285407440096428032,863303311528800256,2020-08-07
1291900552729829376,526481002,4389242116,2020-08-08
1292096949823377409,1221090942104604675,1232360804004945921,2020-08-08
1291864951527813120,722484663164485633,467510836,2020-08-07
1291862127146405888,1096581708000972800,1138224115977003009,2020-08-07
1291868067845140480,933157680033579008,774203402595266560,2020-08-07
1291865281841815552,722484663164485633,1285714323076194304,2020-08-07
1291864496571666438,25073877,25073877,2020-08-07
1291867777226231808,1243897509774319616,1518554696,2020-08-07
1291870596889010176,75311987,854201895019261952,2020-08-07
1291869522283069440,756907885129568257,1047503025693253633,2020-08-07
1291870985927430144,623802763,835542998926622721,2020-08-07
1291874640512589825,1108807484,804926311,2020-08-07
1291873617257598976,835542998926622721,623802763,2020-08-07
1292266501307797504,45690599,917170419270078464,2020-08-09
1291878412831924224,1006671644,1141799589646929920,2020-08-07
1291876366179348480,804926311,1108807484,2020-08-07
1291878893712965640,1217451275496951811,933448112219348992,2020-08-07
1291878653769461765,804926311,1108807484,2020-08-07
1291881304217333761,1117504878111264773,2350375555,2020-08-07
1291893320172613634,1267179233505402884,1225607511119745025,2020-08-08
1291888260000763904,1271495346661834753,14174759,2020-08-08
1291922910899245056,1267981483039510537,965723868492165121,2020-08-08
1291895341466431490,1221090942104604675,780609740938194944,2020-08-08
1291896713272274945,961839693078831106,539908341,2020-08-08
1291898743524954114,194222253,1055405245449322496,2020-08-08
1291901205476716550,1024319627147534336,955425673107124225,2020-08-08
1292143683014397952,14819311,757815952935260160,2020-08-08
1291902550044749826,793533100013785088,1183589003791986689,2020-08-08
1291903927756238848,225265198,319614925,2020-08-08
1291918410729902080,2855615704,1043542193263325184,2020-08-08
1291908717709934593,740941365249380354,740941365249380354,2020-08-08
1292129422083076098,1291414190725398531,3229258412,2020-08-08
1291915709728141314,4315705875,4315705875,2020-08-08
1291920418715193345,1243897509774319616,1673163438,2020-08-08
1291921814315294720,711667461414916098,1218612713254989824,2020-08-08
1292013484633468928,1221090942104604675,805837455697977344,2020-08-08
1292011245952995329,1221090942104604675,2220416928,2020-08-08
1291924801699930112,1000607182889496577,1245221861488615431,2020-08-08
1292023144916627457,793533100013785088,796352862297145344,2020-08-08
1291950724407066624,196274486,50953105,2020-08-08
1291933039111659520,722484663164485633,1031496893711482880,2020-08-08
1292010575808126976,1221090942104604675,187270823,2020-08-08
1292127020386856960,115731897,1050532444015878145,2020-08-08
1291942722094403585,1030551360318709760,320573925,2020-08-08
1291945920796348417,1183589003791986689,910244254491873280,2020-08-08
1291950290036457474,1265291664219934727,1275930692652797953,2020-08-08
1291948157958385664,60779696,931767423417454592,2020-08-08
1292505874175582210,333801772,2500560924,2020-08-09
1291950373402550272,1291393156349558784,1291393156349558784,2020-08-08
1291969398614503424,722484663164485633,1306891885,2020-08-08
1291953608833998848,1272985380065705984,1272985380065705984,2020-08-08
1292285430080180224,1258895204330897408,636613836,2020-08-09
1292905123434430464,1245893028750995457,1245893028750995457,2020-08-10
1291963620906209282,4837060487,89085489,2020-08-08
1292145463328571395,1190393433644339200,1273822889414803457,2020-08-08
1291979599098724353,13132342,904142359532843008,2020-08-08
1292581398256197633,1855896080,3090966888,2020-08-09
1291977035670122496,62999091,62999091,2020-08-08
1292687626017939456,136933420,483777147,2020-08-10
1292009519040487424,898934738,1067983387577577472,2020-08-08
1292006136468713472,1267130934584844290,1239170257341894656,2020-08-08
1292005770939076608,3473144358,3473144358,2020-08-08
1292006101190193153,754288945,754288945,2020-08-08
1292012144775450624,3170611328,1291989871561551872,2020-08-08
1292013400697049089,126474792,1205882131492327427,2020-08-08
1292180327671242752,1091108742849011720,1057151290223091712,2020-08-08
1292028252903571456,1189206123846328320,1189206123846328320,2020-08-08
1292070529915133952,174369590,985862125296996353,2020-08-08
1292035460232032256,300744871,300744871,2020-08-08
1292063410805444608,43573686,1098723438,2020-08-08
1292418535554273280,571044251,571044251,2020-08-09
1292067743886442496,1451559206,1451559206,2020-08-08
1292090379429437440,818584896,459732610,2020-08-08
1292072337358168066,115308684,141209607,2020-08-08
1292071496685420546,1199305119764013056,1199305119764013056,2020-08-08
1292408728495497217,1286332945524031490,1191753762974683136,2020-08-09
1292074101184647168,127280340,127280340,2020-08-08
1292081902136909825,857465379156762624,857465379156762624,2020-08-08
1292112511810977792,2167528201,2875921835,2020-08-08
1292147384055717889,3159786965,3159786965,2020-08-08
1292092677035499520,556441692,981091752223432704,2020-08-08
1292093012235952129,19632119,2776633655,2020-08-08
1292157646368157697,916032097327865856,916032097327865856,2020-08-08
1292102768593973249,1232344178,2696042311,2020-08-08
1292110576546541568,123618703,2796242700,2020-08-08
1292100554689261569,1117504878111264773,1119739034941698050,2020-08-08
1292101128453332992,17963088,15459455,2020-08-08
1292167105052315648,1091108742849011720,3328217789,2020-08-08
1292108135965106177,1288603998472347649,39162908,2020-08-08
1292123352002428929,26989016,827177554490568704,2020-08-08
1292135622585364481,1246870023802482688,160994056,2020-08-08
1292141411932880897,1225247637907156993,1230678583020052480,2020-08-08
1292265870258053120,15740776,784890784273215488,2020-08-09
1292153190473965571,35051304,2430862274,2020-08-08
1292136731680989185,17741753,68455524,2020-08-08
1292266309540089856,45690599,611233329,2020-08-09
1292859877174501377,1289299886576467968,1291780377523163136,2020-08-10
1292138671991214081,22596600,20016862,2020-08-08
1292147206661779457,22941997,595059218,2020-08-08
1292149967923093506,2835609500,1216766881199284232,2020-08-08
1295768620379717632,3159786965,3159786965,2020-08-18
1292166655393628169,815371178,887944161210630145,2020-08-08
1292151746576494593,1207104404144500736,2783088174,2020-08-08
1292209374153379841,1146911423655817216,46376090,2020-08-08
1292159816392220672,1008185450,1008185450,2020-08-08
1292164042828779521,1274684460802473987,1271814247169830913,2020-08-08
1293258023582998531,1292138725565239297,1292138725565239297,2020-08-11
1292169662311145473,174369590,1251427598166564864,2020-08-08
1292177778125582336,826992312957874176,176038430,2020-08-08
1292176510716125184,174369590,1251427598166564864,2020-08-08
1292177061805731841,174369590,1251427598166564864,2020-08-08
1292177509308665860,174369590,1013519913116491776,2020-08-08
1292180895177363457,174369590,1251427598166564864,2020-08-08
1292230495091208193,3259223394,1266206295134109696,2020-08-08
1292196442392731648,18734216,107560595,2020-08-08
1292186410733072384,856969871023890433,856969871023890433,2020-08-08
1292195363890372608,1061321432171458566,760201296347443200,2020-08-08
1292188394336989185,41225536,41225536,2020-08-08
1292208297592926208,1441971834,360460010,2020-08-08
1292189456527548417,1272918670323224577,1267519113632628736,2020-08-08
1292194277540409344,49677040,518469622,2020-08-08
1292197752042995712,1230782925358002176,1230782925358002176,2020-08-08
1292215213052264448,2399853949,896359288712695808,2020-08-08
1292235458215198720,1263491240336769026,2851780768,2020-08-08
1292205140238168064,28674183,878149706,2020-08-08
1292214379358945281,1726667976,411832334,2020-08-08
1292209477953949702,1237382706767507457,1206341079718604805,2020-08-08
1292210585329971200,263367673,167781299,2020-08-08
1292221534220759042,3006898359,516773509,2020-08-08
1292212425127755777,607660565,274235922,2020-08-08
1292219367636242436,324999857,3068910949,2020-08-08
1292221021030944768,45958792,45958792,2020-08-08
1292218843171942400,1077790895783653377,1115584870913200128,2020-08-08
1292220274541072385,1100855141714935808,885957334295433216,2020-08-08
1292226363370409984,516773509,3006898359,2020-08-08
1292225650841890816,1292223844212568065,1292223844212568065,2020-08-08
1292265032743616515,1259865924519297026,1061231718,2020-08-09
1292227270719938560,1291494039578009600,171745655,2020-08-08
1292232830810853377,2808640043,1009207907882295296,2020-08-08
1292254845299286016,25322167,3082938846,2020-08-09
1292237898910240768,324999857,855795055,2020-08-08
1292236178008100864,809299145760509954,809299145760509954,2020-08-08
1292263721310605312,3430861167,2295297356,2020-08-09
1292256435045269506,2863863130,1020429563460046848,2020-08-09
1292246503608655872,589781962,589781962,2020-08-08
1292255233817686019,1201306771446550528,3106507235,2020-08-09
1292288993992859648,295513420,1204982249311162368,2020-08-09
1292249133143777285,35051304,780521340927250432,2020-08-08
1292447447575408642,255541551,3312736014,2020-08-09
1292251288844075013,1239599332770398214,1108340096,2020-08-09
1292258598601609223,1291350460495003648,975034665571667973,2020-08-09
1292254427999424512,14787206,613973672,2020-08-09
1292253906605682689,1239599332770398214,1108340096,2020-08-09
1292256430448185345,796427120704684037,796427120704684037,2020-08-09
1292309886303449088,488871439,2444386208,2020-08-09
1292263367596478465,23199122,573877370,2020-08-09
1292472567786278913,22941997,595059218,2020-08-09
1292267125143478274,1002642252487905286,874863073,2020-08-09
1292263245651292161,632184184,1727003514,2020-08-09
1292270936348033025,1727003514,632184184,2020-08-09
1292265215665610752,976559744,976559744,2020-08-09
1292267450684375041,240991823,783872470910660608,2020-08-09
1292269611824689152,1239599332770398214,2909833541,2020-08-09
1296047830440841216,29127779,456945593,2020-08-19
1292276941395857411,296647283,1694557171,2020-08-09
1292279068004679680,214951331,58102105,2020-08-09
1292279024383930370,224409245,832571834,2020-08-09
1292278734620446720,1077341407705219073,1089677129908916225,2020-08-09
1292278988119904262,1089677129908916225,1077341407705219073,2020-08-09
1292356486404943875,1254869477746978817,2362588862,2020-08-09
1292294687353692160,4849898158,144831082,2020-08-09
1292303130676215808,1157388784301793280,236476875,2020-08-09
1295153191294664705,1278137950430048256,240417403,2020-08-17
1292306362622337024,1138210781697257473,480987221,2020-08-09
1292312857611243520,705111793451061248,705111793451061248,2020-08-09
1292323522555940864,194222253,1055405245449322496,2020-08-09
1292310907037659136,791709641595949056,791709641595949056,2020-08-09
1292312434024357893,394313086,394313086,2020-08-09
1292337843814227970,115731897,1050532444015878145,2020-08-09
1292339525931249664,202353142,3226630268,2020-08-09
1292319741479092224,1204982249311162368,295513420,2020-08-09
1292320473276125186,1235474347877453824,779188582296670208,2020-08-09
1292321368688730119,1204982249311162368,295513420,2020-08-09
1292427246955880448,1064055210,1283130369324093440,2020-08-09
1292524831678902277,295513420,1204982249311162368,2020-08-09
1292844481792872453,14819311,757815952935260160,2020-08-10
1292333393431212032,106268107,106268107,2020-08-09
1292334318111600641,20549296,885243216265715712,2020-08-09
1292383055311773696,958190240295874561,1898875302,2020-08-09
1292354279533973504,3139173528,3366082571,2020-08-09
1292679934549331974,1278029245441355776,1045033976275111939,2020-08-10
1292360750946631680,1291494039578009600,886325256000024576,2020-08-09
1292360223282409472,1283465406531936256,4269582628,2020-08-09
1292369225613443077,2675554213,2675554213,2020-08-09
1292461009433776128,1057479569832325121,1208521773433659393,2020-08-09
1292398305792733184,467912162,467912162,2020-08-09
1292494992410390528,109305532,933433742823165953,2020-08-09
1292408964760702976,4541141723,4541141723,2020-08-09
1292452913420402689,82878406,243495444,2020-08-09
1292412939085873152,961761806258618368,1067854831606538241,2020-08-09
1292419463615262720,835542998926622721,1055012818150477824,2020-08-09
1292540512583520257,1175366653867155456,1701380730,2020-08-09
1292428596036993024,820355193749590016,739062342772723712,2020-08-09
1292500960368103424,621517842,2487505709,2020-08-09
1292430549060116481,336324061,1375352629,2020-08-09
1292440684016873472,973208566453727232,883765871994445824,2020-08-09
1292469053450104832,88472850,367158112,2020-08-09
1292436354517934082,3195419603,1079441404353495041,2020-08-09
1292438947021434885,1243997236419321858,1243997236419321858,2020-08-09
1292465714188570624,45418948,1118705879698817026,2020-08-09
1292775747766169600,1268838050798452742,1079278555,2020-08-10
1292490116502626304,936969552197451778,352980349,2020-08-09
1292505525159170048,1086976130819809280,1158698472217821184,2020-08-09
1292447356122812416,18915145,18915145,2020-08-09
1292452210081763328,788019030372282368,1837293084,2020-08-09
1292456238110908420,835542998926622721,21754465,2020-08-09
1292460957772517376,96906231,1228305713467973633,2020-08-09
1292514301991936000,336184140,46713686,2020-08-09
1292601678399561728,50530294,45872532,2020-08-09
1292458457510162433,1034249801972494339,1168655478462791680,2020-08-09
1292662471992451074,216588194,1348078063,2020-08-10
1292513774080057344,769159048872751106,2516831167,2020-08-09
1292464646834790402,1228305713467973633,96906231,2020-08-09
1292462593538433024,386572113,386572113,2020-08-09
1292470927641309184,694682581221048320,27069877,2020-08-09
1292476446884147200,202035385,862432746,2020-08-09
1292472856626905089,575662077,716263170,2020-08-09
1292484166026539009,746581051737153536,487688840,2020-08-09
1292480802547290113,115308684,82944920,2020-08-09
1292483388125765632,198720216,475892820,2020-08-09
1292485663783362565,1168578217386676239,14356407,2020-08-09
1292498109315112963,575662077,1237572764036403201,2020-08-09
1292528103751708672,425373857,1478689148,2020-08-09
1292486485137068033,1056949244005941249,178302508,2020-08-09
1292524843452313601,14863355,14863355,2020-08-09
1297671532534104064,1227599811471216640,1273943264593244160,2020-08-23
1292490981799944193,1276920391601057792,1276920391601057792,2020-08-09
1292494656043913217,64097093,1138738534028890117,2020-08-09
1292500026036572161,788019030372282368,1837293084,2020-08-09
1292650381760008192,2476783045,1011345798045622272,2020-08-10
1292532345225072640,28521710,1239694493084979200,2020-08-09
1292516925097025537,487609091,1149594242,2020-08-09
1292521317691006977,1042910258040111104,1042910258040111104,2020-08-09
1292524637444767744,1251055176041017344,2968855311,2020-08-09
1292518812764569600,14947030,1265106375472033794,2020-08-09
1293019611353329665,198720216,1361196552,2020-08-11
1292656407645306880,974859437088292864,518130864,2020-08-10
1292537608736669696,1134699825557954560,1134699825557954560,2020-08-09
1292530272601341953,270173270,273969312,2020-08-09
1292533422053888002,862424157061033984,862424157061033984,2020-08-09
1292532114324221952,123618703,435832540,2020-08-09
1292534145046913024,1085599543113052160,1085599543113052160,2020-08-09
1292537902782730240,1275347134615863296,1275347134615863296,2020-08-09
1292539677099073538,1002642252487905286,863422665624834048,2020-08-09
1292544998978859008,808375370269491202,1286043891502702592,2020-08-09
1292547177340964866,174369590,917910384102727680,2020-08-09
1292545727034306560,24990251,292686141,2020-08-09
1292551356549672960,1255554098973282310,1192220616323002369,2020-08-09
1292549804934004738,1204982249311162368,96339749,2020-08-09
1292575062277730309,292639053,68856764,2020-08-09
1292603895190114306,21925564,3764689043,2020-08-09
1292553531984158724,1162878186969059328,1061752419577683969,2020-08-09
1292555174637187073,1086976130819809280,21777417,2020-08-09
1292571220924227584,11212652,1184161149811642373,2020-08-09
1293243588294443009,54786909,54786909,2020-08-11
1292574368145571840,1267949325079982081,799859257,2020-08-09
1292572429416402945,126145724,858648967415988224,2020-08-09
1292572775199256577,2730204765,187683236,2020-08-09
1292577737354252292,762522504,751860104073326592,2020-08-09
1292579370922475520,762522504,751860104073326592,2020-08-09
1292579353189122048,788019030372282368,49305642,2020-08-09
1292583275127377921,762522504,751860104073326592,2020-08-09
1292629812918591488,1220839412432547842,464236389,2020-08-10
1292591967680036865,788019030372282368,49305642,2020-08-09
1292869353986293761,17345701,164205503,2020-08-10
1292804338306277379,739866906,1084156023340814336,2020-08-10
1292821067166355459,16391317,263447729,2020-08-10
1292596770707398662,1020156612672086016,1269740272260448258,2020-08-09
1292596374463295488,2330409604,22178432,2020-08-09
1292695003823824897,1130258345921789952,1146587898,2020-08-10
1292852242064855041,1030319989360914432,789755286,2020-08-10
1292611620179529732,40492247,175460510,2020-08-10
1292608967152148480,1269687186208755712,1090780072997519361,2020-08-09
1292609212430856193,1269687186208755712,1090780072997519361,2020-08-09
1292609340537540609,1269687186208755712,1090780072997519361,2020-08-09
1292609989606080515,1090780072997519361,1269687186208755712,2020-08-09
1292611753033990144,1090780072997519361,1269687186208755712,2020-08-10
1292612823332392960,1269687186208755712,1090780072997519361,2020-08-10
1292619916839854086,1236103862177501184,3756261203,2020-08-10
1292618390461231104,42970899,2796299173,2020-08-10
1292623433721950208,53307604,113048196,2020-08-10
1292625732502528000,1279832675323449350,1291467446327681024,2020-08-10
1292633798660808704,1070309425,871033495895801857,2020-08-10
1292635955665367047,1022302064867561473,36903863,2020-08-10
1292635541608058882,911056369159147520,911056369159147520,2020-08-10
1292639218645204993,4691189473,46020421,2020-08-10
1292637564164345856,3393186119,4439740107,2020-08-10
1292640390965846018,87612386,29513601,2020-08-10
1292651627242020864,1109045045649424386,2715676856,2020-08-10
1292856236015140864,525455989,2355325101,2020-08-10
1292673816540459009,87612386,941773718971404288,2020-08-10
1292664855791570949,799813565716824069,1184313966203416576,2020-08-10
1292669744630439936,1267831875319615490,1088151928096415744,2020-08-10
1292795390211895297,1046170556893155328,3134094313,2020-08-10
1292670292339433475,215486020,215486020,2020-08-10
1292674414006460416,569743081,569743081,2020-08-10
1292691074494812160,2865907814,826249933376409600,2020-08-10
1292743465709821952,103405472,822686682,2020-08-10
1292699516639023106,2368251260,1094780907976765440,2020-08-10
1292700463733841920,3334095313,2306980651,2020-08-10
1292719795448799233,40660350,956062707056304128,2020-08-10
1292831713597431809,1178826199843266560,54619487,2020-08-10
1292850597973102592,935563662722465792,1187576607185264641,2020-08-10
1292831676637290496,392346684,1280632083396857856,2020-08-10
1292740430661025792,956062707056304128,40660350,2020-08-10
1292803722167431170,1093555979361415168,489377813,2020-08-10
1292733164524376064,18294521,18294521,2020-08-10
1292739909556621312,33827440,854045391691579392,2020-08-10
1292743065862635521,3704444892,1646270113,2020-08-10
1292751433754906626,174369590,19936346,2020-08-10
1292766911793635328,1272829158532530176,703308531290648576,2020-08-10
1292787337890533376,1285407440096428032,948661681,2020-08-10
1292895181080068104,2935830657,757029788729180160,2020-08-10
1292793596278603776,450467187,937673580,2020-08-10
1292794751083667456,589781962,37477713,2020-08-10
1292854823134597132,896474502,1270850726332227584,2020-08-10
1292833243373477890,324163222,1285287638535155714,2020-08-10
1292803708712038400,1089235783784058880,237102731,2020-08-10
1292808230586871809,106037348,19771317,2020-08-10
1292811331138011144,1288788119437733889,4793441424,2020-08-10
1292814530649763840,345110600,456256570,2020-08-10
1292816355142578177,709600530285211648,707692139187200000,2020-08-10
1292818503804878849,1262596164354019328,4691672347,2020-08-10
1292818645672919040,936084439,479673895,2020-08-10
1292821940026126337,936084439,479673895,2020-08-10
1292823684822990849,2339763739,248807514,2020-08-10
1292826048057561089,345110600,63024636,2020-08-10
1292825714614587392,885137321229733888,1054104445,2020-08-10
1292828635704037376,2942308314,2942308314,2020-08-10
1292832146047086594,1239302803832668161,1060176852055142400,2020-08-10
1292832393896718338,1060176852055142400,1239302803832668161,2020-08-10
1292836218401677317,2871364122,2871364122,2020-08-10
1292841199343153153,822866669785808896,1025196171403436032,2020-08-10
1292842103773462528,1190389285,1190389285,2020-08-10
1292845599059042310,1237529833401389056,1237529833401389056,2020-08-10
1292877947800416257,1105943713765744640,1196368394527936512,2020-08-10
1292875973638025216,1246870023802482688,2808650785,2020-08-10
1292848502813458434,486111271,486111271,2020-08-10
1292849826032422915,338778930,1227853931990208512,2020-08-10
1292850643267395584,1154183464599597057,2978125079,2020-08-10
1292852271500451843,1154183464599597057,2978125079,2020-08-10
1292856282484035585,132861278,552793049,2020-08-10
1292856064560463872,2978125079,814672063839473664,2020-08-10
1292919194393223173,807811812360126464,1486936345,2020-08-10
1292868600831844352,1060176852055142400,44644822,2020-08-10
1292867516159504384,2958274339,1267772604938510338,2020-08-10
1292867798503309312,1267772604938510338,2958274339,2020-08-10
1292868367125065728,2958274339,1267772604938510338,2020-08-10
1292886178547609600,870706169785929729,945251310173073408,2020-08-10
1292878483492921344,64097093,1238352670819143682,2020-08-10
1292877630564233216,1151336592054857729,1104220712045293568,2020-08-10
1292877016602222601,2228878592,2322802518,2020-08-10
1292892279594778624,15982534,22585624,2020-08-10
1292882352780333063,1086976130819809280,1223670582866259968,2020-08-10
1292886697966018563,37232848,37232848,2020-08-10
1292897008357978113,1157261020290867201,881362703448772608,2020-08-10
1293018122480476161,4657816874,846435660080721920,2020-08-11
1292895264110501891,993121645127749632,993121645127749632,2020-08-10
1292895850017021953,921091062,410484009,2020-08-10
1292896675975950337,756727534390128640,3334344970,2020-08-10
1292896449382854656,1228415516110245889,713339693409157120,2020-08-10
1292895782358732806,22249452,82694329,2020-08-10
1292896263294377984,1004615682447855616,742545593294159872,2020-08-10
1292898222273429505,2281499330,2970648927,2020-08-10
1292900233677082639,1212560022623776769,1213244086351622145,2020-08-10
1293217198786392067,951651620873531393,951651620873531393,2020-08-11
1293066022338146304,2614255879,3044602665,2020-08-11
1292905966632144896,1029779257,54891736,2020-08-10
1292914953565769734,1902265892,26012598,2020-08-10
1292931883307679746,785988309969285120,113473272,2020-08-10
1292910770787962881,121259042,1313739224,2020-08-10
1292999917431074822,189186078,955125455031484416,2020-08-11
1292927979245326338,64032895,710435942394413056,2020-08-10
1292920836265897985,762522504,4400971954,2020-08-10
1292924685118844934,1212560022623776769,931375012942053376,2020-08-10
1293232853019484160,3040046230,961708371719139334,2020-08-11
1292930811071799297,1283099107595300865,1115781983873961984,2020-08-10
1292934993178746880,28985557,28985557,2020-08-10
1292935099319812102,61636488,61636488,2020-08-10
1292939129588719617,2615000148,574806121,2020-08-10
1293077043731734530,956062707056304128,1181050053605109760,2020-08-11
1292943166690099200,762522504,1082889517,2020-08-10
1293271570526412800,32895244,848337476645212161,2020-08-11
1292967729142652930,4247542528,1253728555034427403,2020-08-10
1292945929927036930,281464648,281464648,2020-08-10
1292952170397143040,68036718,68036718,2020-08-10
1292957152202563584,96148919,3254069716,2020-08-10
1292963583110844420,2842031695,1266299964717625344,2020-08-10
1292951335768395777,1142634530030915584,951209732668354562,2020-08-10
1293237742445436930,960920794288218112,74178501,2020-08-11
1292979343547916288,2899330175,890384339510468608,2020-08-11
1292953012105891840,801998789070491648,801998789070491648,2020-08-10
1292972015696019456,897228148659507200,18316360,2020-08-10
1297697339151388673,1584789493,1584789493,2020-08-24
1297703051189460994,1584789493,1584789493,2020-08-24
1297733589484949505,1584789493,1584789493,2020-08-24
1293240944771424258,1189916268943593472,1093367053526822916,2020-08-11
1292956373886496768,96148919,75669144,2020-08-10
1293129258869690369,1043185714437992449,56727139,2020-08-11
1297691647657082880,1584789493,1584789493,2020-08-24
1298007480430211074,1584789493,1584789493,2020-08-24
1292981063590064128,1204770198773018625,1282255799860035584,2020-08-11
1292981313822167040,1204770198773018625,1282255799860035584,2020-08-11
1292979901633638408,3177097363,1085152615,2020-08-11
1292999799403315203,790229198203916291,21709908,2020-08-11
1292966152998715393,1003301300841443329,1223331629860622337,2020-08-10
1292974091687923713,18302779,15209331,2020-08-11
1292982652300034048,1259547080776921096,818558290535841792,2020-08-11
1293255006909595649,1248762078170669057,539566673,2020-08-11
1292983770094505984,1066109523759374336,1066109523759374336,2020-08-11
1292988330280398848,2378040028,1271017474042052608,2020-08-11
1292991794502701061,21731085,21731085,2020-08-11
1292995263154487299,1280645202173210625,139198160,2020-08-11
1292999693438517248,1008185450,1008185450,2020-08-11
1293031636397785090,410484009,1072036003,2020-08-11
1293043819081019397,2671553305,1237259406661877760,2020-08-11
1293051502731304963,4759636514,4759636514,2020-08-11
1293020547576733697,19677960,863223291607166977,2020-08-11
1293026804853161985,96148919,266233502,2020-08-11
1293034285771833344,96148919,266233502,2020-08-11
1293023373891645440,3862095082,2492409644,2020-08-11
1293029529326424064,811402748079980544,429620234,2020-08-11
1293029863201415168,2369995013,981938690,2020-08-11
1293034785938407426,3040011810,56743521,2020-08-11
1293032110421409800,28137738,747826715653705728,2020-08-11
1293038034062127104,1273686294921539584,577822656,2020-08-11
1293044582612004864,59655688,295532358,2020-08-11
1293088006232915973,194222253,1055405245449322496,2020-08-11
1293411445212758017,1018238014051385344,1018238014051385344,2020-08-12
1293055418541973504,21522338,15080526,2020-08-11
1293120376361422849,21522338,1265047417659015169,2020-08-11
1293060709119475712,366498596,960997302,2020-08-11
1293061580393938946,1084325907903455232,1084325907903455232,2020-08-11
1293118917934710785,21522338,1046268976446279680,2020-08-11
1293188874710274048,74698700,1023326482737844224,2020-08-11
1293084422829309953,410484009,1045865293531291649,2020-08-11
1293101236321832960,30729706,804827372868337664,2020-08-11
1293108226041372672,804827372868337664,30729706,2020-08-11
1293260387589197826,1875992528,747743774,2020-08-11
1293126911758151680,45119339,825397582499291136,2020-08-11
1293140329302863872,21063394,17782338,2020-08-11
1293150544345915392,4315705875,4315705875,2020-08-11
1293152068367245312,1179386323465052166,1273995060313497600,2020-08-11
1293152482047205378,1273995060313497600,1179386323465052166,2020-08-11
1293161931965181953,178613046,414405550,2020-08-11
1293164426309271552,1286925638,1286925638,2020-08-11
1293259505573257220,1413893760,3955299973,2020-08-11
1293165548482813955,40919272,56260048,2020-08-11
1293171694790557697,1178783495302209536,1178783495302209536,2020-08-11
1293229652304171018,93291964,360356766,2020-08-11
1293175271143727105,1072342620024815622,1072342620024815622,2020-08-11
1293177498809892864,900402563291516928,798186755945963520,2020-08-11
1293178971639619589,1083005594557210625,1083005594557210625,2020-08-11
1293180111571869697,1086976130819809280,1141484514,2020-08-11
1293183540838797313,917972406198775808,63021443,2020-08-11
1293270775944957956,22103003,500030490,2020-08-11
1293252627950600194,603181058,448554332,2020-08-11
1293198354881687564,1285708674011484166,815703715067887616,2020-08-11
1293368024792272897,939334692163108864,939334692163108864,2020-08-12
1293193617020878848,45953264,2983481291,2020-08-11
1293195639828905989,1511018348,1511018348,2020-08-11
1293198538420047872,2864991216,26779527,2020-08-11
1293198167136251906,2439289109,1206682993772900354,2020-08-11
1293202814706032642,2439289109,1206682993772900354,2020-08-11
1293204440254763010,816862986317025280,816862986317025280,2020-08-11
1293204985598156802,811514954159443968,1061104386,2020-08-11
1293235229369356295,317731956,296704143,2020-08-11
1293248158697500673,217585215,544806569,2020-08-11
1293210108583911425,825841059339104257,3636010287,2020-08-11
1293402011455623168,1416674958,533671061,2020-08-12
1293287025798414336,2439289109,151603643,2020-08-11
1293215693261987844,35467771,499942396,2020-08-11
1293215636961865734,1280632083396857856,1291443390228430849,2020-08-11
1293219346253320193,303334433,765555023052836864,2020-08-11
1293232672828006401,2909845271,20991233,2020-08-11
1293217948409237506,339305426,1032097611384332288,2020-08-11
1293220919544909826,804827372868337664,30729706,2020-08-11
1293224942293712899,765555023052836864,303334433,2020-08-11
1293220365796286464,1284604973922365441,1254580142208319490,2020-08-11
1293220923382931462,1137530310260920320,1284604973922365441,2020-08-11
1293221857936760832,1162757233987522562,2228878592,2020-08-11
1293222370199699457,1137530310260920320,1284604973922365441,2020-08-11
1293223394788417539,1284604973922365441,1174494726961205249,2020-08-11
1293224116602970112,1284604973922365441,1133487334362681346,2020-08-11
1293225795637387264,636693268,636693268,2020-08-11
1293264192338710529,1228415516110245889,16481803,2020-08-11
1293226233317273605,1284604973922365441,1154065382933749765,2020-08-11
1293228575089451011,108551669,289190779,2020-08-11
1293230524560007169,1137530310260920320,1284604973922365441,2020-08-11
1293231463048118273,1219414922964152322,1268975569607315461,2020-08-11
1293232653999771652,1284604973922365441,1133202329023520769,2020-08-11
1293233234961141760,1137530310260920320,1284604973922365441,2020-08-11
1293257286157103104,89636329,754416583452209152,2020-08-11
1293249974768152576,788933402560954369,1258408634364710913,2020-08-11
1293247567841632257,1163483156076486656,892969400743211008,2020-08-11
1293245927474462720,282045993,1269637271692722177,2020-08-11
1293248078326247428,1284604973922365441,1008074014596780033,2020-08-11
1293248002728120328,106517902,106517902,2020-08-11
1293249309966774272,448267212,629910101,2020-08-11
1293248879497011200,3007294972,4910138241,2020-08-11
1293249519988154368,4910138241,3007294972,2020-08-11
1293251509472366593,4910138241,3007294972,2020-08-11
1293256625424420864,19291582,261277090,2020-08-11
1293257259431206912,261277090,19291582,2020-08-11
1293258389053734912,37904694,349872308,2020-08-11
1293260088074014720,70771229,70771229,2020-08-11
1293262760403509254,21814425,21814425,2020-08-11
1293273811761192961,753997806,576428251,2020-08-11
1293264102492483584,762522504,18010900,2020-08-11
1294180939166355456,1016220397,1016220397,2020-08-14
1293277300486811650,1267643837020811265,736137738,2020-08-11
1293267998229164032,1056256570550448128,1056256570550448128,2020-08-11
1293278654588477446,3007294972,4133954619,2020-08-11
1293278766408622080,227406960,227406960,2020-08-11
1293279845993127941,1237539662773866497,1080130001138262016,2020-08-11
1293278743918710790,54696945,29330450,2020-08-11
1293279726585421827,29330450,54696945,2020-08-11
1293287419110883328,750386497,750386497,2020-08-11
1293289131406241793,3295594491,3295594491,2020-08-11
1293295276174782465,37904694,33477025,2020-08-11
1293502458170310656,720314522,2880026929,2020-08-12
1293290267806707713,3368574675,3368574675,2020-08-11
1293350406584664065,520145089,3065682771,2020-08-12
1293329040909185030,1175221,1175221,2020-08-11
1293294257231417344,310620955,915337236,2020-08-11
1293299210327121920,1079441404353495041,779377696275107841,2020-08-11
1293302327277809664,15910338,15910338,2020-08-11
1293304691850219520,1270626965477707776,1270626965477707776,2020-08-11
1293355390525202434,909244082320486401,702225263413829633,2020-08-12
1293305893023449088,240429795,2307351822,2020-08-11
1293483116359815168,2869286038,2869286038,2020-08-12
1293316675731849217,1253620974,815680298759364608,2020-08-11
1293335211095347202,289901390,113627338,2020-08-11
1293312942138691585,320877167,468561901,2020-08-11
1293313206237175808,190033588,190033588,2020-08-11
1293326948341514247,329613447,196623028,2020-08-11
1293532166996066311,20641313,1170681768502071297,2020-08-12
1293316802013876224,1190323329317535744,338765105,2020-08-11
1293345168356257793,200605897,797029642658058240,2020-08-12
1293320010031603713,816366405566300160,1210168552327667718,2020-08-11
1293321112638677000,544662105,18842214,2020-08-11
1293320442435043331,325616200,325616200,2020-08-11
1293321759471501313,152804962,243027492,2020-08-11
1293321416419336193,813880878837268480,946569978882482177,2020-08-11
1293325475947982849,1292662940299132929,1095542938531176448,2020-08-11
1293328240598233094,1175837283792105473,425026305,2020-08-11
1293329683447197702,1213255896446337025,1213255896446337025,2020-08-11
1293343042171285505,845361576970534912,35749568,2020-08-12
1293387837858029568,76317752,733378851665911808,2020-08-12
1293337150063345667,761111202541948928,761111202541948928,2020-08-12
1293352069059862528,310620955,1279885105830539266,2020-08-12
1293333910139666432,602119093,934888128,2020-08-11
1293338441334304768,1259547080776921096,1188665135554093056,2020-08-12
1293340536582156289,1058222134110158848,247137449,2020-08-12
1294422638077652993,2340921186,36075346,2020-08-14
1293347554126692353,550762504,140359233,2020-08-12
1293341334854676481,133495615,3380469821,2020-08-12
1293339787882102786,155453867,155453867,2020-08-12
1293355590173880320,912826574621229056,1095157024671838208,2020-08-12
1293363630453321728,1228415516110245889,1178449448076222465,2020-08-12
1293352743059566595,1059600081354141696,1059600081354141696,2020-08-12
1294067663141048320,1288246074201776132,1293349986755702784,2020-08-14
1293358096220389376,80932976,80932976,2020-08-12
1293361818312810496,952297021108641793,1029838829975494656,2020-08-12
1293411123446702080,876914697345220609,283790765,2020-08-12
1293365794177507330,21522338,419309043,2020-08-12
1293364613325750272,233254208,233254208,2020-08-12
1293414337466507266,920630315994972160,54203198,2020-08-12
1293372037382074368,1183589003791986689,1273052575168901126,2020-08-12
1293381021099012097,151552315,591367714,2020-08-12
1293373277197328385,1183589003791986689,1273052575168901126,2020-08-12
1293374728879501312,1183589003791986689,1273052575168901126,2020-08-12
1293377039802576896,57434273,1223454963503812608,2020-08-12
1293378480755765253,15396693,182542057,2020-08-12
1293379477897015298,15396693,182542057,2020-08-12
1293407243791216641,950575004214808577,796901378807496704,2020-08-12
1293381558007558145,926627535625977856,2762701138,2020-08-12
1300191215925653504,210122422,210122422,2020-08-30
1293397799086759938,733378851665911808,76317752,2020-08-12
1293391376105664512,1228415516110245889,1047327720080859136,2020-08-12
1293395829810659335,42773469,42773469,2020-08-12
1293396912113098752,1267643837020811265,168641106,2020-08-12
1293395874375176192,204508339,1129095439,2020-08-12
1293397517430816768,87551311,30932343,2020-08-12
1293404879554252800,87551311,1426292526,2020-08-12
1293580373121732608,1251230736146927621,61485562,2020-08-12
1293410754541039617,324160959,613092316,2020-08-12
1293410325216268289,15825051,973155991603707904,2020-08-12
1293537679598948352,1228415516110245889,19084340,2020-08-12
1293603609318326272,283790765,876914697345220609,2020-08-12
1293415037089067008,87551311,898433450796916736,2020-08-12
1293415747335663617,1023884646935932931,851676013985714177,2020-08-12
1293423406331965440,394991629,801590775570120709,2020-08-12
1293677087505752064,36159713,49340813,2020-08-12
1293418472345686017,1176728376792555521,447004519,2020-08-12
1293418348190064643,1259547080776921096,16571862,2020-08-12
1293420405361750016,892243623294545920,104286665,2020-08-12
1294115548817756160,15470873,151252611,2020-08-14
1293422170454888448,1105984717185212416,1105984717185212416,2020-08-12
1294686094806712323,87612386,1276327944307257344,2020-08-15
1293865480990547968,4772516280,4772516280,2020-08-13
1293523597579956224,54998040,1249865446351929345,2020-08-12
1293501563726712839,541777125,1108001206855581696,2020-08-12
1293499953499779072,41100985,45196077,2020-08-12
1293434241376587777,4397054074,19865432,2020-08-12
1293438644338843648,4397054074,3022653079,2020-08-12
1293660436160819200,997118552263086080,805614103519694849,2020-08-12
1293455044902367232,2187327134,4506416429,2020-08-12
1293451924872654849,4397054074,3022653079,2020-08-12
1293451600929882112,323225551,3337812610,2020-08-12
1293585597840465920,366517094,1268255552020283392,2020-08-12
1293456100440911874,489222890,63423356,2020-08-12
1293455162082762752,2614786157,2614786157,2020-08-12
1293504969996468225,38452397,2987833233,2020-08-12
1293482327859920896,518469622,27302430,2020-08-12
1293488026996412418,1257162004537790465,1257162004537790465,2020-08-12
1293492280033042434,613312812,99558752,2020-08-12
1293531702522937344,1285287638535155714,324163222,2020-08-12
1293499848323465217,1164176203923820544,769229270770130945,2020-08-12
1293548293318799361,1244209653426212867,1679002375,2020-08-12
1293498496973180929,3568975935,2260210642,2020-08-12
1293555041777995781,770675600818315264,544631686,2020-08-12
1293577670161313798,369287871,31437094,2020-08-12
1293503901883412480,1275858535931424778,393481821,2020-08-12
1293502679331856385,49046312,72265312,2020-08-12
1293767907063795712,21522338,47157535,2020-08-13
1294132281372680194,128419321,78150104,2020-08-14
1293628364633313281,21522338,4864673714,2020-08-12
1293952687944294400,22052516,281482400,2020-08-13
1293519921280880640,1228764896726261765,1208458262078742531,2020-08-12
1293519977849511936,1093336905222098944,895555858800623616,2020-08-12
1293584609788256258,87551311,971722364,2020-08-12
1293558855197057026,1281634201247178752,259816808,2020-08-12
1293518587332898816,898458495229546496,1020410209,2020-08-12
1293518208054497281,1228134315390898177,1244268288898670594,2020-08-12
1293637873602899973,1133124481680125952,3043237796,2020-08-12
1293531110731927555,4847979194,49241165,2020-08-12
1293581576366968833,2335560009,844284218373017600,2020-08-12
1293534502208385025,750811385831960576,3101804883,2020-08-12
1293545570078830592,123618703,2210138869,2020-08-12
1293540953261608966,1256203850190487556,1148256299051651072,2020-08-12
1293556234537361408,128462390,393155815,2020-08-12
1293538218206527489,343491843,803719681,2020-08-12
1293538769396805633,1164176203923820544,1129857770013040641,2020-08-12
1293620180149579776,1182138229006446595,1240545179926433797,2020-08-12
1293540995133448197,66649601,66649601,2020-08-12
1293542079474302987,135162738,187669836,2020-08-12
1293633745728266241,347261813,948261866433851393,2020-08-12
1293804288586776576,3950434095,22838376,2020-08-13
1293543144198414337,4849898158,1221914666395242498,2020-08-12
1293560554636947462,1081896445920403456,440325176,2020-08-12
1293668964476891136,1013796373,1183412105980108806,2020-08-12
1293572702024818688,253371982,3349241,2020-08-12
1293550748723294210,343491843,781198476,2020-08-12
1293552169002573824,158555462,1258576880694943744,2020-08-12
1293597566576275461,850649003196919808,837655677967327232,2020-08-12
1293586042382098441,1263106951669522432,1263106951669522432,2020-08-12
1293556821144350720,1258576880694943744,158555462,2020-08-12
1293558533443612672,1079360602454163456,810139656167821312,2020-08-12
1293561333766590465,460246990,460246990,2020-08-12
1293579742076051457,98882952,2384128818,2020-08-12
1293607830625218560,321153879,1285996151133667328,2020-08-12
1293597782796902402,1138287733321998337,1226881636165390337,2020-08-12
1293576225194160129,1022480555982684160,2395621555,2020-08-12
1293598510470897665,100822176,1164347254565756930,2020-08-12
1293595255086944256,3393186119,3975751695,2020-08-12
1293622032261931010,705296973251874816,1281593380598841347,2020-08-12
1293883690926383111,61485562,1251230736146927621,2020-08-13
1294783642544279553,1293265593290969088,900925964980559872,2020-08-15
1293584272813686784,434285206,63143269,2020-08-12
1293584118068862979,917972406198775808,2728650930,2020-08-12
1293592232172429321,3342617451,3710694975,2020-08-12
1293854781430276096,740143165,2257847142,2020-08-13
1293595228788662273,53285649,42634912,2020-08-12
1293595469634056192,53285649,42634912,2020-08-12
1293597119719251968,1280699387203575809,291838983,2020-08-12
1293595973697056771,211279162,52966031,2020-08-12
1293645380920303617,582961615,124845558,2020-08-12
1293603323262582785,385724459,3675571933,2020-08-12
1293602289731551233,1280699387203575809,2174428021,2020-08-12
1293603500241358851,169849644,352048722,2020-08-12
1293952692864323585,1006165705543299074,897588514669248512,2020-08-13
1293608480700596229,2214652482,1250478772941467651,2020-08-12
1293606545033396236,607660565,1161532154,2020-08-12
1293657044306653185,921531604379492352,1170396527497551872,2020-08-12
1293609784399335430,1280645202173210625,46191593,2020-08-12
1293611976036294657,16302354,16302354,2020-08-12
1293615272801296385,352048722,169849644,2020-08-12
1293616219669401601,96667528,3296577102,2020-08-12
1293715801858543618,1262018331248189441,125377844,2020-08-13
1293617316211634177,1280699387203575809,950759234031050752,2020-08-12
1293618429195366400,882437413515153409,2570615502,2020-08-12
1293617385753124864,62065766,124214932,2020-08-12
1293618762621399040,69443621,69443621,2020-08-12
1293618437231706112,98102529,371458652,2020-08-12
1293620089816834048,98102529,160886781,2020-08-12
1293621905484734464,121259042,341174782,2020-08-12
1293622649365475328,259894135,259894135,2020-08-12
1293635632258904064,259894135,259894135,2020-08-12
1293623605213921284,604060882,604060882,2020-08-12
1293625688327692289,1086976130819809280,725395845286354945,2020-08-12
1293624936007741441,62065766,98102529,2020-08-12
1293626898698735617,62065766,98102529,2020-08-12
1293629018609266689,98102529,371458652,2020-08-12
1293631580913700864,2968669606,1257789919226933250,2020-08-12
1293632623009357824,62065766,943578900,2020-08-12
1293634827707723777,2225356830,4374783440,2020-08-12
1293633639977230336,1164176203923820544,762688888024555520,2020-08-12
1293638430451052544,126221154,884043151207485440,2020-08-12
1293634156862242817,1088206004670599169,1088206004670599169,2020-08-12
1293636478803808257,98102529,371458652,2020-08-12
1293637781634285575,1088206004670599169,350212473,2020-08-12
1293752160400715782,2181021258,938193077109444608,2020-08-13
1293643352148193282,951637830,951637830,2020-08-12
1293645605802258432,796295318199537664,3139173528,2020-08-12
1293644999716896771,1080179238936944642,1080179238936944642,2020-08-12
1293655178491691010,876944181557702656,896731606253260800,2020-08-12
1293648565886164994,1283695382766268417,1283695382766268417,2020-08-12
1293655674866499585,8654132,907996232785821698,2020-08-12
1293652985344659471,997484230119772161,997484230119772161,2020-08-12
1293658012180250625,87551311,1205994970257281025,2020-08-12
1293673197318090752,304307433,231721019,2020-08-12
1293663158884802567,863752105,1291350550127108096,2020-08-12
1293659380521607168,1089156280869113856,772095554671276032,2020-08-12
1293659883166814208,62065766,943578900,2020-08-12
1293662061474377728,1084779753863708672,1084779753863708672,2020-08-12
1293662773830918146,27512619,27512619,2020-08-12
1293659828615876608,213142796,213142796,2020-08-12
1293683857661861891,1250150535719682054,1275617869016039426,2020-08-12
1293668364934696961,115308684,272717396,2020-08-12
1293678929316909063,327441404,834412314401132549,2020-08-12
1293668883384205313,333580182,333580182,2020-08-12
1293796885715488768,1230617664868929536,1021180379934359552,2020-08-13
1293683787184738304,2728763873,525891835,2020-08-12
1293675022297501696,87551311,1205994970257281025,2020-08-12
1293676240419913729,3295594491,3295594491,2020-08-12
1293675440389918721,141044546,141044546,2020-08-12
1293676090997776395,796933268499267584,943508172945477632,2020-08-12
1293700374260527115,874672779907526658,1024842312516546560,2020-08-13
1293682047517687808,2254194361,20996279,2020-08-12
1293684487084269569,158419174,350799686,2020-08-12
1293682528713310213,2249531,2249531,2020-08-12
1293684891415195649,1213577260134912000,1075234572,2020-08-12
1293789052622315523,1156359559901900800,1247977620932878337,2020-08-13
1293842811310280709,2349454380,139932047,2020-08-13
1293700553348911104,457860769,4789072345,2020-08-13
1293688899525652480,1008362843861757952,733067319333781504,2020-08-12
1293741471623913472,1274575463847878656,2467245620,2020-08-13
1299486547289440256,952396227059924992,1181317290572353539,2020-08-28
1293692477224833025,1021382089059590144,1155139888259502080,2020-08-12
1293696222604201987,2968669606,1267091025341759489,2020-08-12
1293698018529738756,1213255896446337025,1041476661961740290,2020-08-12
1293700213723541505,731803688,741916476,2020-08-13
1293730109946499075,4222840715,208610992,2020-08-13
1293711474397974530,708823222188380160,1047716231610949632,2020-08-13
1293874639467405312,1143924361,136040131,2020-08-13
1293708218267508736,74621231,59573028,2020-08-13
1293725763913621504,1684337948,173621550,2020-08-13
1293770597462347778,15918195,15918195,2020-08-13
1293716597467684864,24567608,104057991,2020-08-13
1293717466435248129,706270225201664000,706270225201664000,2020-08-13
1293751019948523520,407204638,1061109464391184384,2020-08-13
1293721230181367808,420160863,449751133,2020-08-13
1293731029992103938,19413589,219838391,2020-08-13
1293736784673886208,35822974,748736078182440965,2020-08-13
1293766381247184896,813851972243636224,1095480988661104645,2020-08-13
1293734652591714306,17554226,2283777522,2020-08-13
1293736200172441601,1288579193341652992,1288579193341652992,2020-08-13
1293736892932988929,1293602611158028289,1547413668,2020-08-13
1293739631708647424,64274721,990409425616883712,2020-08-13
1293737801821945856,17554226,976150351618326529,2020-08-13
1293738851341668352,17554226,2283777522,2020-08-13
1293737711451475969,3393186119,903055101039923201,2020-08-13
1293746668949520384,436325964,28640225,2020-08-13
1293762385287798786,173621550,1684337948,2020-08-13
1293739947229351939,17554226,2283777522,2020-08-13
1293741591073632261,64274721,990409425616883712,2020-08-13
1293745888574287873,219451010,7588772,2020-08-13
1293748715413356544,21990762,197173626,2020-08-13
1293748399741767680,921449088872321025,921449088872321025,2020-08-13
1293748609456861184,1284263059268104193,1284263059268104193,2020-08-13
1293752285034512385,24586286,29578892,2020-08-13
1293755161609940992,17554226,836053620646899715,2020-08-13
1293759709477048326,1274816243787354118,2549502055,2020-08-13
1293765297715912705,1256203850190487556,971453797884092416,2020-08-13
1293761319611428864,1120082970172243968,1014994526371549184,2020-08-13
1293766196353998848,906639586788499456,906639586788499456,2020-08-13
1293767369035259904,1254212549840642048,1028842696201461761,2020-08-13
1293778884811354113,62659252,170357723,2020-08-13
1293773796621475840,1116918863747141633,1227258981917306888,2020-08-13
1293776964306837504,14717708,189164946,2020-08-13
1293776053127614464,1116918863747141633,1227258981917306888,2020-08-13
1293807527432421377,1286770339037487105,529047214,2020-08-13
1293939142372388865,1279940886151827456,560246634,2020-08-13
1293795830697275393,21522338,62166184,2020-08-13
1297310670741016576,1254866491066982402,1254866491066982402,2020-08-22
1297310730555928576,1254866491066982402,1254866491066982402,2020-08-22
1293804981217370112,976862977369440257,1135224085099831297,2020-08-13
1293834160809836544,1350625520,1019211450701660162,2020-08-13
1293835226674757633,1350625520,1019211450701660162,2020-08-13
1294778154725212160,1194840992702054400,1194840992702054400,2020-08-15
1293822383732580352,57885809,20514488,2020-08-13
1293827164236742658,1230212110195576833,1092334101313384448,2020-08-13
1293821851911827456,1111981876028137472,1226214199866658816,2020-08-13
1293825533365583872,2962955644,2953971193,2020-08-13
1293825733777924096,1111981876028137472,711833895864373248,2020-08-13
1293932922332942343,382438462,188629639,2020-08-13
1293965019743387650,1250993283431567362,26988891,2020-08-13
1294139402151591936,23494080,15835498,2020-08-14
1293863624935710720,811514954159443968,473912499,2020-08-13
1293875063188590594,1161780264202375168,1161780264202375168,2020-08-13
1293914844333129728,1213246471799111680,711162989269876737,2020-08-13
1293884700344426497,222711108,222711108,2020-08-13
1293892013411241985,1105145953361776645,1253091184207159305,2020-08-13
1293891109450645504,1227592332490477568,21422783,2020-08-13
1294044813969354752,710355652418252800,44647944,2020-08-13
1294052077849772034,2808112943,2808112943,2020-08-13
1293893587315224576,1092300294849888258,1092170082837581824,2020-08-13
1293999119917297664,1552448954,737213095483936768,2020-08-13
1293896902581407745,458658474,458658474,2020-08-13
1294002824502706186,172060501,1203590451397308416,2020-08-13
1293897137852424192,836709230,836709230,2020-08-13
1294091890099396608,1350625520,1128840371520380935,2020-08-14
1293906172660142081,792633236971220992,792633236971220992,2020-08-13
1293908879642783758,1106949179115491329,1274365207855484928,2020-08-13
1293918640841076736,28719653,151504383,2020-08-13
1293922090459041792,1017179630200131585,616227241,2020-08-13
1293962053254881283,1100228829753327616,929690766,2020-08-13
1293918416651206656,602509507,936339528918298624,2020-08-13
1293915034146320393,70435204,70435204,2020-08-13
1294161303184048128,434285206,823594338043252736,2020-08-14
1293919082010615808,1005111469996851200,1005111469996851200,2020-08-13
1293922949569712134,1041323673947267072,20025025,2020-08-13
1293923212288499716,2808757106,796376273090203648,2020-08-13
1293923672680550408,4315705875,4315705875,2020-08-13
1293927412519108609,732768811,4100661015,2020-08-13
1293930946446741505,21925564,15736424,2020-08-13
1293930797754441729,401820335,275322482,2020-08-13
1293932063012401152,1239599332770398214,1275823237193019392,2020-08-13
1293934254909534213,886226064762077184,1917485502,2020-08-13
1293992570461265923,78698153,78698153,2020-08-13
1293987817316548609,1250161155395502088,59040447,2020-08-13
1293940719950761984,121026704,312722848,2020-08-13
1293959125823610892,732768811,746924045929590784,2020-08-13
1293965752710705152,221662501,221662501,2020-08-13
1293946304364781568,375617893,375617893,2020-08-13
1293948112713601024,229004289,258500626,2020-08-13
1293946410593902592,375617893,375617893,2020-08-13
1293948026982203397,2855615704,974659834481184768,2020-08-13
1293949896609996800,2808757106,1277435863568281601,2020-08-13
1293952617517916161,2808757106,1277435863568281601,2020-08-13
1293953561295036416,4222840715,1231343610,2020-08-13
1293997383374774273,281482400,22052516,2020-08-13
1293984113599426561,826069675310211073,289671150,2020-08-13
1293954610835660800,381919736,17172633,2020-08-13
1293956798089703424,27214810,758549760,2020-08-13
1293957007024758785,4315705875,4315705875,2020-08-13
1293958360765628418,142004748,3146689155,2020-08-13
1293982618426408960,1274816243787354118,2549502055,2020-08-13
1293963182076309506,798240086349541376,898992840465764354,2020-08-13
1293964247844749314,913817133204803584,913817133204803584,2020-08-13
1293967168745492480,3237369153,272191916,2020-08-13
1293967002072219648,1123946367716679680,23055161,2020-08-13
1293965769114558465,381919736,28947523,2020-08-13
1294038175804018690,2959801567,284364759,2020-08-13
1294001478936428554,1276451490777964546,1226654439332818947,2020-08-13
1293976825568407553,732768811,15612541,2020-08-13
1293981665258340357,2903159039,2175273564,2020-08-13
1293970213751476231,20957644,85446128,2020-08-13
1293970860584235008,15760637,1277224620500946945,2020-08-13
1293976428623671297,23653823,1269959624,2020-08-13
1293974398660206599,3328675947,26392140,2020-08-13
1294015053604085760,23566413,73268515,2020-08-13
1294018887416242178,965658470296023042,832687363574820864,2020-08-13
1293974531107745792,1168291769412276225,1168291769412276225,2020-08-13
1293984761195778049,480781701,1289674123489292290,2020-08-13
1293978583568797696,841100683801591808,841100683801591808,2020-08-13
1293987163038797827,881988452664913921,181904323,2020-08-13
1293979152513732610,1242549616798728195,1242549616798728195,2020-08-13
1294004019627569153,813851972243636224,1095480988661104645,2020-08-13
1293981482680164352,1187580591945863169,1399031233,2020-08-13
1294028546780823553,1270514620458045441,1077830241706536960,2020-08-13
1293985275509706753,17919393,17919393,2020-08-13
1293994401744683008,989299650644598784,3571574783,2020-08-13
1293988802554454018,822676336376422403,3312122395,2020-08-13
1294035267628740608,1220940515375550466,1162899096161673217,2020-08-13
1293992738703065090,612738811,612738811,2020-08-13
1294021661142876161,4374454882,28623906,2020-08-13
1294022760633643012,914870246414090242,4174250533,2020-08-13
1293999521979138049,325155541,325155541,2020-08-13
1294011292043358221,804081048,422219780,2020-08-13
1294002481022881792,71436906,71436906,2020-08-13
1294008079739232269,4274093008,785563926952042496,2020-08-13
1294032637955158016,1190393433644339200,813851972243636224,2020-08-13
1294013363673018368,47495182,1292751629284859905,2020-08-13
1294095957085257728,1217890721983860737,1139197358,2020-08-14
1294011393830780934,1154952166815281157,1154952166815281157,2020-08-13
1294028928433164288,1199001293022531584,1273706554945085441,2020-08-13
1294014251367952384,1293828741374722049,1293828741374722049,2020-08-13
1294016221583740928,1042405564540768256,1198413299207081985,2020-08-13
1294016000841719808,57485134,780083896235024385,2020-08-13
1294019464988626944,575662077,4518526667,2020-08-13
1294023872577040384,2865907814,2790868123,2020-08-13
1294021134355136512,2578600578,2923605725,2020-08-13
1294025892868628480,575662077,1253872247250595853,2020-08-13
1294043282880770048,21522338,1100261893833478145,2020-08-13
1294027957946576896,762522504,440594295,2020-08-13
1294029077180014592,17435423,16678441,2020-08-13
1294097595745345537,1077830241706536960,1270514620458045441,2020-08-14
1294030727135277059,1164201613264924673,1164201613264924673,2020-08-13
1294030282488786945,3167870566,526555848,2020-08-13
1294030557827878912,762522504,440594295,2020-08-13
1294035375531479041,1261699412352479233,1261699412352479233,2020-08-13
1294034629478043654,709509298653626368,709509298653626368,2020-08-13
1294051123653902338,3328675947,1278081826385547265,2020-08-13
1294045938886090752,1057479569832325121,1093214605164318720,2020-08-13
1294043680626679808,874245000,219036425,2020-08-13
1294057617535492098,1242205770,1236677161198718978,2020-08-13
1294054645120212992,16219502,16219502,2020-08-13
1294049273949163520,1220831884437073920,202394264,2020-08-13
1294052288038756352,82216927,34993908,2020-08-13
1294051076799422472,37904694,48974071,2020-08-13
1294051586310799360,959428800533729281,4324212857,2020-08-13
1294056821443960832,271950715,542036259,2020-08-13
1294063233637199873,37904694,1222192138240299008,2020-08-14
1294058457423917057,1164293912057565184,1164293912057565184,2020-08-13
1294060669008928768,16524225,209341928,2020-08-13
1294063624466595842,200677256,3369579347,2020-08-14
1294082461324865536,1075759008,1075759008,2020-08-14
1294072116334211082,946747067560611840,34932414,2020-08-14
1294068644142620672,1108456360423899137,955470482,2020-08-14
1294072593956450304,1239599332770398214,1291180580965474304,2020-08-14
1295003558732062720,460639863,460639863,2020-08-16
1294103036797706241,37285615,1287506393705062401,2020-08-14
1294085736594104321,156438965,27823622,2020-08-14
1294106239559843840,828157237,748556263055835136,2020-08-14
1294094423991521280,21161169,1281354235670679554,2020-08-14
1294080992442044418,247610675,40692341,2020-08-14
1294079530420834304,440484730,440484730,2020-08-14
1294083993089052672,1057479569832325121,331364997,2020-08-14
1294109449007792128,1259882112,935904038905790466,2020-08-14
1294102396252172288,486691146,1228468680230678528,2020-08-14
1294095908804722689,882437413515153409,19978450,2020-08-14
1294086641787838465,25202268,25202268,2020-08-14
1294087570608001030,2195927359,2195927359,2020-08-14
1294092012866527234,1208848039437205504,459580173,2020-08-14
1294093655633014784,2228878592,460735410,2020-08-14
1294097628075040768,1190361679999197184,1165632139863482368,2020-08-14
1294101934908071936,1190361679999197184,1165632139863482368,2020-08-14
1294100412782518277,97695664,1093252422787629059,2020-08-14
1294101016179363841,33245396,1122329601001312256,2020-08-14
1294686877258137601,220471898,2550415190,2020-08-15
1294105855831441411,1140379748268466176,1140379748268466176,2020-08-14
1294109675198144512,1721618168,1721618168,2020-08-14
1294144158022524929,1499303640,1499303640,2020-08-14
1294114244418560005,1190361679999197184,1060626912505221120,2020-08-14
1294119462011113472,17554226,1968098558,2020-08-14
1294117677850669056,596178928,596178928,2020-08-14
1294127769333374976,1047716231610949632,992251404466077696,2020-08-14
1294126410534137856,124572576,1254878927564288005,2020-08-14
1294249383429656578,1225077504991514629,2273857031,2020-08-14
1294126634618908673,912826574621229056,933960983009222656,2020-08-14
1294125985638621184,3202902921,3202902921,2020-08-14
1294296095376515072,1130258345921789952,1146587898,2020-08-14
1294128351347605504,34983607,4581581358,2020-08-14
1294127078787313666,1171075665749102593,1129696927669313538,2020-08-14
1294133205289721857,1110032180237852672,1110032180237852672,2020-08-14
1294135823441342465,200189200,2288493916,2020-08-14
1294223865737076736,1262541723554787328,27569330,2020-08-14
1294361594235949056,54806236,209684157,2020-08-14
1294304694328860677,54806236,1181540779,2020-08-14
1294149100703748096,1190361679999197184,1211675476910981120,2020-08-14
1294290497905688576,2234304316,2234304316,2020-08-14
1294153013960028160,23494080,1089765937757093888,2020-08-14
1294152431937282048,2189697402,4152365195,2020-08-14
1294151761628819456,926627535625977856,783643980,2020-08-14
1294153765025587200,1228415516110245889,715368038963552257,2020-08-14
1294486665378115584,2439289109,1245698124494110730,2020-08-15
1294154997966548993,981289232294703105,981289232294703105,2020-08-14
1294254400718995456,1248356866385731585,587945980,2020-08-14
1294157228216377344,32185481,32185481,2020-08-14
1294162785077735429,597065946,1175911338192695296,2020-08-14
1294161594990157825,481571793,481571793,2020-08-14
1294271691313614848,3241796650,1000861194037743616,2020-08-14
1294167861502468097,43167604,43167604,2020-08-14
1294169521612349440,1894371818,1894371818,2020-08-14
1294173414190649344,1190361679999197184,1065988317215420416,2020-08-14
1294554729536618496,1209289393678086144,2944112239,2020-08-15
1294201575985078272,2393582698,1177370444682420225,2020-08-14
1294176851317764096,60114561,60114561,2020-08-14
1294210723418181632,1132005868206211073,1132005868206211073,2020-08-14
1294261372960874496,17554226,3240794876,2020-08-14
1294195796208910338,145216962,145216962,2020-08-14
1294250754258149380,3081983657,1079761478025121792,2020-08-14
1294228038004211713,304968046,1111877865992273920,2020-08-14
1294508806806712320,1009834860695904256,148880746,2020-08-15
1294213391653974017,1176899002001846277,2918350304,2020-08-14
1294228339511775232,1155144825265631232,1379104680,2020-08-14
1294281131219726337,37904694,2321930849,2020-08-14
1294223643594108929,765465246203084800,1137873857958703104,2020-08-14
1294226948508594176,53447857,551351306,2020-08-14
1294266382176194560,1285915200139530240,386440043,2020-08-14
1294261280216211456,969252347766435840,785706796019179520,2020-08-14
1294602728644247557,1937801330,1937801330,2020-08-15
1294253390202056704,304968046,1266641680293380096,2020-08-14
1294241391174975490,1044643760972419072,1044643760972419072,2020-08-14
1294242254798884864,18603805,18603805,2020-08-14
1294242249639960576,16170253,16170253,2020-08-14
1294248998082088970,452200522,25654421,2020-08-14
1294253198220374017,1214585646507077633,1214585646507077633,2020-08-14
1294252326060847104,1881869352,1881869352,2020-08-14
1294265385198518272,3310943306,1046170556893155328,2020-08-14
1294264853717299201,88215673,88215673,2020-08-14
1294266863971700736,399458271,399458271,2020-08-14
1294273145982001152,3613930402,3613930402,2020-08-14
1294280604687663109,990409425616883712,64274721,2020-08-14
1294408770894925828,940949778476732416,893140608524701696,2020-08-14
1294285387326803969,1270348539680432129,877576688535777280,2020-08-14
1294274307523252224,3431673879,3431673879,2020-08-14
1294279632854880261,37904694,257129193,2020-08-14
1294354414921224193,4871544759,3885160459,2020-08-14
1294282273152356352,841039189,1247484395096805376,2020-08-14
1294284964687618048,193873581,935329133248126976,2020-08-14
1295037170164682752,988588219376832512,988588219376832512,2020-08-16
1294283921635540993,1223342308256571400,1223342308256571400,2020-08-14
1294286302565801984,195834393,195834393,2020-08-14
1294288672653750272,21711264,7433632,2020-08-14
1294286740815921152,877576688535777280,1270348539680432129,2020-08-14
1294288216397422593,883050027068923904,33096785,2020-08-14
1294291620657954817,844231535150620672,3674703379,2020-08-14
1294292414421766144,1157748392430309377,114549551,2020-08-14
1294292696484347904,178863237,178863237,2020-08-14
1294295937276313600,242468447,242468447,2020-08-14
1294336063335432195,1253852487662153729,1267241919954014210,2020-08-14
1294302959833157633,436057533,363230319,2020-08-14
1294298920533753857,1102341798247231489,1102341798247231489,2020-08-14
1294300008829923329,391055230,927564821230424064,2020-08-14
1294325313279864835,1180978868,53242173,2020-08-14
1294319055621562374,28628111,1281639796956442634,2020-08-14
1294303435811164160,1157748392430309377,114549551,2020-08-14
1294305944352980993,14848798,14848798,2020-08-14
1294305296488292354,1001262842,1001262842,2020-08-14
1294307387470417923,22526817,22526817,2020-08-14
1294308781275459584,15981172,15981172,2020-08-14
1294308378366210051,1079360602454163456,3587843532,2020-08-14
1294327121725337600,2954244545,1278505713120227328,2020-08-14
1294310985864445956,27823622,156438965,2020-08-14
1294312194805501954,1207856970306347008,1207856970306347008,2020-08-14
1294312832062889986,603045114,603045114,2020-08-14
1294314242288623616,83664591,805896009909989377,2020-08-14
1294314430487056384,18067886,18067886,2020-08-14
1294317114937839617,234430021,888667239171457024,2020-08-14
1294318889602613249,324163222,1285287638535155714,2020-08-14
1294321122519941120,575662077,195956535,2020-08-14
1294322427254710274,600490969,600490969,2020-08-14
1294323073403977731,744115844,346765942,2020-08-14
1294471659366187011,77161540,77161540,2020-08-15
1294328460282920960,53242173,1180978868,2020-08-14
1294328802538139649,1832568626,1832568626,2020-08-14
1294367100681756674,1266803934166949889,1266803934166949889,2020-08-14
1294331098147717124,2947384336,3281056868,2020-08-14
1294333808796475398,28628111,1281639796956442634,2020-08-14
1294361845302571008,234430021,1168327874077777921,2020-08-14
1294490373893447680,740857559767089153,1162282005230260225,2020-08-15
1294349753782865920,101170106,22043400,2020-08-14
1294342846317813760,32500051,1210246874,2020-08-14
1294338038525571073,980037202683072512,1147811929861308416,2020-08-14
1294566815620882434,97406241,97406241,2020-08-15
1294341598042456064,933157680033579008,440098885,2020-08-14
1294342539856748544,719702067,252980352,2020-08-14
1294348553616269318,1228764896726261765,1285267304562020353,2020-08-14
1294350185255108610,192817963,876000815365980160,2020-08-14
1294407338351300608,234616270,234616270,2020-08-14
1294355995729125376,1734898296,1734898296,2020-08-14
1294358000124047360,912826574621229056,2295496772,2020-08-14
1294359909627240452,1253942561464619008,960526116816674816,2020-08-14
1294571460120514565,31155225,31155225,2020-08-15
1294362202665660417,102748132,19845295,2020-08-14
1294393437526073344,766207718,496924790,2020-08-14
1294380201376350214,1278357677169676289,856679909250523136,2020-08-14
1294367291753271297,23214369,23214369,2020-08-14
1294380179440185345,193883484,193883484,2020-08-14
1294381807593496576,1068550397617410049,612758723,2020-08-14
1296306607551258625,937714261,937714261,2020-08-20
1294607192692203520,2865907814,801506991940239373,2020-08-15
1294446943838466049,733060796196904960,16442999,2020-08-15
1294424539963719682,1108517037847048192,26942681,2020-08-15
1294387500149088264,87551311,906422900093206528,2020-08-14
1294387138415546375,4785673762,4785673762,2020-08-14
1294386824476008449,801492317085368320,801492317085368320,2020-08-14
1294386332844855297,2930635215,2930635215,2020-08-14
1294401360201310208,926627535625977856,783643980,2020-08-14
1294397778106482691,1282112706,1282112706,2020-08-14
1294459556119154690,16875220,241603172,2020-08-15
1294415453838860293,64253558,847092377022091265,2020-08-14
1294402605549060102,134780431,54625997,2020-08-14
1294701339189161984,28874354,38928948,2020-08-15
1294406810200350726,1239599332770398214,1095804004347666433,2020-08-14
1294436827412213766,456940955,456940955,2020-08-15
1294409367987552256,24964371,1206716441329852416,2020-08-14
1294412791626043392,47133990,850684358,2020-08-14
1294410664941965312,204766030,204766030,2020-08-14
1294747207351119872,910826952826802177,2178901116,2020-08-15
1294414360639545344,1219073889931677696,1219073889931677696,2020-08-14
1294412815814602753,3407098161,3407098161,2020-08-14
1294415948091289600,2262994542,2262994542,2020-08-14
1294425201724325889,811619815274254336,242183320,2020-08-15
1294419892070948866,1214998136457977858,1214998136457977858,2020-08-14
1294421151813337088,55919473,55919473,2020-08-14
1294422594247163905,4143225107,1220125647647002625,2020-08-14
1294422996900249600,839483943640510464,839483943640510464,2020-08-14
1294425069368889344,143304197,143304197,2020-08-15
1294434610575634433,206768149,206768149,2020-08-15
1294436878394044418,1491442248,1491442248,2020-08-15
1294439170711195649,1093996255854977025,17834308,2020-08-15
1294440007818792961,153570691,1154338487501500416,2020-08-15
1294449410647064577,20758567,196008780,2020-08-15
1294444522521407489,1093996255854977025,1006654469667479555,2020-08-15
1294701485335420928,4657816874,2398274712,2020-08-15
1294448420355223554,21522338,896865990994087937,2020-08-15
1294449290169987072,1294079462410268674,1294079462410268674,2020-08-15
1294606472706510851,702160219921641473,859063773742714882,2020-08-15
1294460292550754304,1223384444633067521,1223384444633067521,2020-08-15
1294470237170147332,193051266,145684204,2020-08-15
1294499803691442177,21522338,728251148956803074,2020-08-15
1294477784723537920,1240791237642186752,1240791237642186752,2020-08-15
1294486833166868480,926627535625977856,783643980,2020-08-15
1294482512345853953,317893401,21112073,2020-08-15
1294483869358526464,955425673107124225,4515734832,2020-08-15
1294487181134671872,1077790895783653377,704155196730023937,2020-08-15
1294489906434236416,345110600,51147884,2020-08-15
1294495512771452928,912826574621229056,764770081,2020-08-15
1294490796557819906,17723297,17723297,2020-08-15
1294492597025677312,203218699,203218699,2020-08-15
1294492597877121024,203218699,203218699,2020-08-15
1294505969829859331,572847290,175692750,2020-08-15
1294531974997123072,473709610,178208260,2020-08-15
1294741146862854145,2988503129,1639563326,2020-08-15
1294510118516789248,1288337410149974016,1288337410149974016,2020-08-15
1294607310359339008,1083755620552110085,51251785,2020-08-15
1294522130391080960,181564913,181564913,2020-08-15
1294520310297894912,2181761890,2181761890,2020-08-15
1294528923762597888,1155144825265631232,34439235,2020-08-15
1294532817859166209,1202648441148469250,1202648441148469250,2020-08-15
1294534424135118848,3246319010,3246319010,2020-08-15
1294652825763340288,15760637,906026676219289600,2020-08-15
1294630677598670849,1242561770423713794,19274683,2020-08-15
1294555455457566720,836350213,1978529714,2020-08-15
1294578083710803968,22548775,22548775,2020-08-15
1294585992213598209,1350625520,284187621,2020-08-15
1294591637579063296,761317635783061504,389658589,2020-08-15
1294593942558846976,4315705875,4315705875,2020-08-15
1294597862597070849,742668154048909312,742668154048909312,2020-08-15
1294596981109776384,219862792,219862792,2020-08-15
1294610878399119360,40283095,14629660,2020-08-15
1294623985498456065,1092617981434171398,173941032,2020-08-15
1294609095631220736,1283762764171927559,1283762764171927559,2020-08-15
1294609257686609920,2737901203,2737901203,2020-08-15
1294626675653775361,1250161155395502088,1926663954,2020-08-15
1294627057280995328,1250161155395502088,1926663954,2020-08-15
1294627339788328960,1250161155395502088,1926663954,2020-08-15
1294618846767316998,822830320059752448,822830320059752448,2020-08-15
1294623554689019904,81140833,81140833,2020-08-15
1294627055057985536,316825646,316825646,2020-08-15
1294633816452001793,1230105309844135936,946393297,2020-08-15
1294999481897881600,211383532,4422507387,2020-08-16
1294630824667566080,321553655,321553655,2020-08-15
1294641165921222656,1274695414940196865,1150505309405929472,2020-08-15
1294641419978706944,3328863506,3328863506,2020-08-15
1296114632839634944,4898515481,317240024,2020-08-19
1294644995878785027,526602981,526602981,2020-08-15
1294649142778769415,528626327,1283650616015720448,2020-08-15
1294681635259129856,34228009,294852845,2020-08-15
1294661283367792647,78942179,58815497,2020-08-15
1294652701066829825,963241293483859968,2492041951,2020-08-15
1294654015373017092,473709610,913132944918794240,2020-08-15
1294654325462048768,20957644,2432945726,2020-08-15
1294657422271774721,1266797935116738561,4034466268,2020-08-15
1294659264380915713,4797583155,1026044424,2020-08-15
1294658763551641600,1254210615394123776,32805375,2020-08-15
1294659273583210496,34986102,34986102,2020-08-15
1294661998588895238,16337307,33558901,2020-08-15
1294662745246314497,2875685303,1242441572798599169,2020-08-15
1294672088641536005,1210056858,2506548424,2020-08-15
1294847829043589121,1247449803534954497,1247449803534954497,2020-08-16
1294669052762296320,1239599332770398214,27633031,2020-08-15
1294669901118963716,1239599332770398214,27633031,2020-08-15
1294704625283551233,3293661355,1609125409,2020-08-15
1294671101499527170,4620477495,4620477495,2020-08-15
1294671923482374144,1239599332770398214,27633031,2020-08-15
1294675959136878592,914154385239937025,1255844660444004353,2020-08-15
1294675766635102218,1190361679999197184,1201257655777583104,2020-08-15
1294676898782629895,922253149972451330,2735490764,2020-08-15
1294676094113767425,118963083,1119218035,2020-08-15
1294676425832828928,162470443,162470443,2020-08-15
1294676570582515713,1353277550,1353277550,2020-08-15
1294678518073237504,238416651,238416651,2020-08-15
1294679283114356736,60212414,583888574,2020-08-15
1294682145215193090,807812802761158656,2973278758,2020-08-15
1294686606549561346,1260622147896119296,1260622147896119296,2020-08-15
1294706740567711746,21327035,2253606535,2020-08-15
1294815058304827394,1203818871834193921,1269246158381158403,2020-08-16
1294720507523272705,1609125409,3293661355,2020-08-15
1294709642690519046,434285206,990583009194795008,2020-08-15
1294720482311372800,4579015152,312946987,2020-08-15
1294717954622287872,1294686378488262656,1294702508829544449,2020-08-15
1294720675211440130,18316360,5447242,2020-08-15
1294725152878596099,1266579244169211905,573637753,2020-08-15
1294746717896794126,1011677469160722433,1011677469160722433,2020-08-15
1294745566300327937,840066050,3255952285,2020-08-15
1294729775492235264,400585782,1174355032109649920,2020-08-15
1294732975741911041,179453498,179453498,2020-08-15
1294742295208755202,4883533047,4883533047,2020-08-15
1294753670463094785,819461811275698176,298498537,2020-08-15
1294749616915779584,1140675256522354688,3241418992,2020-08-15
1294755528191741958,324163222,1285287638535155714,2020-08-15
1294755438810914816,992843835225997312,992843835225997312,2020-08-15
1294762190575218688,4175463178,233846028,2020-08-15
1294756892573667333,822567453519728640,36767444,2020-08-15
1294768671840243713,1268708537204707328,2990112332,2020-08-15
1294758881382498310,1235562214960046080,1235562214960046080,2020-08-15
1294833115123183619,1221878335929643008,1272684701149364224,2020-08-16
1294763273888251904,233846028,4175463178,2020-08-15
1294776255523573763,2962955644,807741894,2020-08-15
1294767986062966786,882693129953869824,882693129953869824,2020-08-15
1294770350232928258,1140675256522354688,747159120046923776,2020-08-15
1295099271969230849,255804172,255804172,2020-08-16
1294772265733828615,1140675256522354688,987358254249529344,2020-08-15
1294773980511928320,492359999,492359999,2020-08-15
1294782723773681667,46376090,1273111523611881472,2020-08-15
1294781207662727175,2935489123,2935489123,2020-08-15
1294787630513688583,2228878592,185257231,2020-08-16
1294782934277214208,814259546545799168,814259546545799168,2020-08-15
1294784759827111936,11239092,11239092,2020-08-15
1294790091152355329,101689793,101689793,2020-08-16
1294813889222385664,56749735,239464019,2020-08-16
1294803577492459527,980751483837861894,1265737209610670088,2020-08-16
1294793650669596673,16661097,16661097,2020-08-16
1294796290488967177,1215543379,1215543379,2020-08-16
1294794648897036289,1537312639,1537312639,2020-08-16
1294808888810835969,1245551843209592834,35047209,2020-08-16
1294801491669049344,348138733,348138733,2020-08-16
1294868244482813958,1372710282,1372710282,2020-08-16
1294803709747224576,87612386,766483825,2020-08-16
1294809900040716288,46376090,1273111523611881472,2020-08-16
1294835907921612801,2800961987,1623764450,2020-08-16
1294857890147241984,565873727,565873727,2020-08-16
1294854172701949953,43643958,1111803390458126336,2020-08-16
1294817276739366915,17790667,319152325,2020-08-16
1294823749070381056,47506214,47506214,2020-08-16
1294825704001957888,971631607994986496,971631607994986496,2020-08-16
1294827712130023424,284219323,635032312,2020-08-16
1294828407235149824,635032312,284219323,2020-08-16
1294986693511184384,1272147606429368320,1034520104111927298,2020-08-16
1294834893122408448,345110600,1185604783765278720,2020-08-16
1294832618853281792,56903308,56903308,2020-08-16
1294835970274021376,112297589,112297589,2020-08-16
1294847269867528193,1248512852492779520,4065022577,2020-08-16
1294837383922200576,51779817,188421267,2020-08-16
1294850888453050368,1190361679999197184,1243182137294991360,2020-08-16
1294846182242627585,820577460886458368,1287785640466305025,2020-08-16
1294840592690806786,20297092,20297092,2020-08-16
1294844638252036096,1081245814708613120,1022041506104926208,2020-08-16
1294951047878803457,2835609500,32638159,2020-08-16
1294841550518747139,2868652104,14061097,2020-08-16
1294844633588084736,214254848,1268237888283705345,2020-08-16
1294845084941185025,60379292,1162517527802499073,2020-08-16
1294845003181756417,3508417816,3508417816,2020-08-16
1294852475061702662,217194463,276711781,2020-08-16
1294872334713724928,1022041506104926208,786749334138281985,2020-08-16
1294851506114646016,2526741,16846679,2020-08-16
1294867606936014848,1092748036529254400,874197526404005889,2020-08-16
1294853512757641218,64097093,26672220,2020-08-16
1294981005678444545,956738114516606976,714655239790530561,2020-08-16
1294860708988047360,213328267,2762411758,2020-08-16
1294887798277697536,1973402070,405988782,2020-08-16
1295506166156591105,1117190150847549440,2896982277,2020-08-17
1294872868447301633,2843685004,1324923235,2020-08-16
1294868619784884224,874197526404005889,1092748036529254400,2020-08-16
1295006359860260864,4498897287,800114219592990720,2020-08-16
1294890349278695429,1281470222340366336,2516160012,2020-08-16
1294926463846633474,66649601,66649601,2020-08-16
1294900635243094016,1177700090108141568,23274444,2020-08-16
1294904947163705345,2516160012,1281470222340366336,2020-08-16
1294896861258579968,938464541788209152,952266878831022080,2020-08-16
1294896815616204800,747159120046923776,889538408237944833,2020-08-16
1294896819252731904,1094305807049678849,1228063557662760989,2020-08-16
1294900073084723201,747159120046923776,1028644003124862978,2020-08-16
1294901128748965889,88357443,88357443,2020-08-16
1294902028586463234,18441838,298655865,2020-08-16
1294991288857759746,1281470222340366336,2516160012,2020-08-16
1294906556836970497,1249791698177265669,1249791698177265669,2020-08-16
1294909824938004480,809597420,105819313,2020-08-16
1294964826670653440,802378181130874880,955970244,2020-08-16
1294919882304303105,747159120046923776,22205104,2020-08-16
1294923308098560000,1242873730495320066,724215730896556032,2020-08-16
1294923488243978240,728747154,2266323514,2020-08-16
1294925177038311425,1242683466631839746,146374545,2020-08-16
1294932441237524481,939172847280447488,939172847280447488,2020-08-16
1294934833802682368,1251477123811946496,959377713604767744,2020-08-16
1294935845368193024,910826952826802177,910826952826802177,2020-08-16
1294943839413776384,4541141723,4541141723,2020-08-16
1294947775164055552,115308684,76934554,2020-08-16
1294946905919754242,4541141723,836721050008313857,2020-08-16
1294955724443983872,115308684,195107917,2020-08-16
1294953446269952000,3263113257,2619572922,2020-08-16
1294959285340983301,179487856,179487856,2020-08-16
1295200668731482112,1218390157944131584,1012160374098055168,2020-08-17
1294971465897517056,822567453519728640,260301379,2020-08-16
1295006364008415234,2477205531,2895278448,2020-08-16
1294968764790968322,251895418,251895418,2020-08-16
1294979182645125120,2619572922,956461939344990208,2020-08-16
1294973000350142464,331571319,331571319,2020-08-16
1294994799594962944,324163222,1285287638535155714,2020-08-16
1294977736889364481,27385174,394642242,2020-08-16
1294989195799396352,583923033,888110508,2020-08-16
1294982360329592832,46782042,1520953578,2020-08-16
1295000909282529281,87612386,11091242,2020-08-16
1294985182165041154,1003072759042314240,1003072759042314240,2020-08-16
1294990951589580809,421431606,16736586,2020-08-16
1294987754720374784,56903308,56903308,2020-08-16
1295006115848163328,2843685004,1294780256608333824,2020-08-16
1295007531916550147,21042518,21042518,2020-08-16
1294992247394467840,13132342,54705109,2020-08-16
1294998288010182656,302887026,1241750619876179968,2020-08-16
1295061024668708864,3975435886,17550579,2020-08-16
1294997292374724608,586038433,586038433,2020-08-16
1296855730948104192,24041740,340538759,2020-08-21
1295155998282452992,1274777462413709313,326460801,2020-08-17
1295087391997407233,58273574,870920476205301760,2020-08-16
1295008174718713856,2477205531,2895278448,2020-08-16
1295008429111640069,2477205531,2895278448,2020-08-16
1295009736912510976,1359858536,746533737509195776,2020-08-16
1295178692310839298,15736424,26127066,2020-08-17
1295016876481839104,194879900,626199651,2020-08-16
1295020235007959046,4833135104,900008955900043264,2020-08-16
1295020316364804097,87612386,766483825,2020-08-16
1295020301332381697,330393416,1261533411115556867,2020-08-16
1295022029662490624,807812802761158656,704014123860946944,2020-08-16
1295036992816910341,1149893167153647617,1166064037911834626,2020-08-16
1295027538482192390,446822996,446822996,2020-08-16
1295029927058616324,22596600,1236103862177501184,2020-08-16
1295047198342877191,800570658929262592,1247221267,2020-08-16
1295035914754887680,870749903252635648,318843297,2020-08-16
1295037251404136450,988588219376832512,988588219376832512,2020-08-16
1295038921798111232,2729061,88974227,2020-08-16
1295043330837897221,2882491766,1166413809747185664,2020-08-16
1295045749965762560,487699810,720261961,2020-08-16
1295048999469285376,1014229720169316352,1035687764531011584,2020-08-16
1295049491309981696,15797346,15797346,2020-08-16
1295051397751349248,728747154,1133487847455875072,2020-08-16
1295051638516920321,747159120046923776,889538408237944833,2020-08-16
1295055352342470656,1240010382464430082,1240010382464430082,2020-08-16
1295068799901761541,1078531367007326209,29729514,2020-08-16
1295061896282832896,466145570,1118617845246644230,2020-08-16
1295054969280790538,747159120046923776,261755439,2020-08-16
1295063075888873472,848591867092410368,848591867092410368,2020-08-16
1295070030837710849,1245901213255811074,1268433865397473281,2020-08-16
1295097343080116224,423195810,26545118,2020-08-16
1295071066193367041,43641554,43641554,2020-08-16
1295083041203851265,986619506842882048,1170005871474032642,2020-08-16
1295076455794331649,557559865,557559865,2020-08-16
1295077347968917506,373269007,373269007,2020-08-16
1295082854628679681,1248432279946436608,52306547,2020-08-16
1295079388153708544,911645346421342208,911645346421342208,2020-08-16
1295124491996205056,460233029,1172292222764503040,2020-08-16
1295082850555842560,984605262999732225,219201178,2020-08-16
1295083621322170368,728398479605661696,1192093231342858240,2020-08-16
1295084681826885632,1142149607385915393,902543892,2020-08-16
1295105956800421888,856778773810659328,1136355226888286208,2020-08-16
1295085278248316928,454606104,19303469,2020-08-16
1295089579326930944,19303469,454606104,2020-08-16
1295086929466347525,3393186119,494411032,2020-08-16
1295096010793000964,479568408,479568408,2020-08-16
1295097717430136836,479568408,479568408,2020-08-16
1295097719439134721,479568408,479568408,2020-08-16
1295106658020896768,310620955,1263864569363148800,2020-08-16
1295106500038406146,1195564964641230848,1195564964641230848,2020-08-16
1295120911750909952,284631754,439521134,2020-08-16
1295112670304231427,898946995,862680659852238848,2020-08-16
1295110772205395968,829536330275188737,20404806,2020-08-16
1295117843512664064,358904706,103892662,2020-08-16
1295394634680668160,2468470636,2581791612,2020-08-17
1295115644795527168,811660085101400064,1462919173,2020-08-16
1295232618317799424,974801657358819328,974801657358819328,2020-08-17
1295116709750165506,19483125,19483125,2020-08-16
1295133297341870083,53156029,745668816412221440,2020-08-16
1295119380544720898,2581791612,3192871749,2020-08-16
1295119570039123968,2581791612,1260246344901541890,2020-08-16
1295121461515091973,28417631,143914401,2020-08-16
1295123816427991040,1732832239,2717834801,2020-08-16
1295133250067804162,32964416,1157344482356015108,2020-08-16
1295127933913309190,3322710906,3322710906,2020-08-16
1295129686037729289,213766032,213766032,2020-08-16
1295151472196431872,21522338,421509548,2020-08-17
1295155010419003394,888240081865232384,888240081865232384,2020-08-17
1295133341843324929,2581791612,2624154219,2020-08-16
1295135755677966336,2880419927,913604838,2020-08-16
1295138254614859777,2581791612,1205654030527143936,2020-08-16
1295141218951733248,995448283555233793,995448283555233793,2020-08-16
1295142160073981952,1279832675323449350,806390224955867136,2020-08-16
1295532088700145664,786749334138281985,225926789,2020-08-18
1295142300973019136,786277162265354240,786277162265354240,2020-08-16
1295142596407447553,2581791612,211554970,2020-08-16
1295145227951448066,2581791612,3308512029,2020-08-16
1295149773847244800,1083563858403438594,19131018,2020-08-17
1295147418858786817,2581791612,32251516,2020-08-16
1295152671607857152,1228415516110245889,212092445,2020-08-17
1295157834666201095,1236089975894138880,766909639,2020-08-17
1295178594356953088,417230948,488560615,2020-08-17
1295160803155419137,1086976130819809280,818582157341769729,2020-08-17
1295160878048960513,840711722,840711722,2020-08-17
1295165076622782465,4315705875,4315705875,2020-08-17
1295165669709930496,2581791612,1128698663004512256,2020-08-17
1295183465256607746,172060501,1176606136721559552,2020-08-17
1295184664647401473,825468354819289088,1220985323532050433,2020-08-17
1295173959630102528,186961616,742821961601056768,2020-08-17
1295178452245643265,1126160624151662592,2362050348,2020-08-17
1295181513772892163,2228878592,171653078,2020-08-17
1295181711848898561,2581791612,14926118,2020-08-17
1295182653411323911,615543962,1008724626581618689,2020-08-17
1295213334770278401,13132342,1051622330512928773,2020-08-17
1295185348381691904,346948294,928578721,2020-08-17
1295184322568298496,16297707,16297707,2020-08-17
1295185490094755840,1157748392430309377,114549551,2020-08-17
1295184756267786240,16297707,16297707,2020-08-17
1295205855185367040,1077790895783653377,1219273569491918848,2020-08-17
1295198407603232769,16297707,16297707,2020-08-17
1295240027933478913,115290030,146546844,2020-08-17
1295204262369275906,2581791612,910922806438834176,2020-08-17
1295208791378497536,213078185,1901583451,2020-08-17
1295375862041391106,2581791612,543595396,2020-08-17
1295376158364663810,2581791612,1155612897864769542,2020-08-17
1295218892118212608,172060501,1176606136721559552,2020-08-17
1295234594095038464,124585685,2910561478,2020-08-17
1295228813950029829,949168023868493824,949168023868493824,2020-08-17
1295234065247936513,624075829,624075829,2020-08-17
1295244979091038214,25235151,1240672426624798721,2020-08-17
1295246168541167618,933157680033579008,1107454087610728448,2020-08-17
1295250134255562752,38717590,38717590,2020-08-17
1295269914601615360,14548167,14548167,2020-08-17
1295270960703168512,1281433041894871046,1186659239005167621,2020-08-17
1295276762474086401,72058741,1006589734548799489,2020-08-17
1295277084542214144,1051545854924996609,1051545854924996609,2020-08-17
1295310015847309312,1134306024,1134306024,2020-08-17
1295323637030031362,876867028929445888,1039779494708432896,2020-08-17
1295327620121399296,1285465911504392192,1285465911504392192,2020-08-17
1295328079397548032,1286989518948544512,1246425706285780998,2020-08-17
1295329809078210560,366498596,783701993067991040,2020-08-17
1295332615113900033,38751027,38751027,2020-08-17
1295443793248845824,1272353890055237632,871390545368711171,2020-08-17
1295337763701690370,2249531,2249531,2020-08-17
1295338652336304129,17919393,17919393,2020-08-17
1295341050391912449,115308684,76185029,2020-08-17
1295338795294851073,17164263,17164263,2020-08-17
1295339133309771776,732768811,1255868954578468864,2020-08-17
1295348037523578880,326460801,1274777462413709313,2020-08-17
1295350641267802114,156325048,1195009697683791873,2020-08-17
1295365474318987265,45424010,97187811,2020-08-17
1295524848823918592,305420344,369599908,2020-08-18
1295350952346759169,115308684,116315018,2020-08-17
1295448516358221824,4869713890,1035890966794829824,2020-08-17
1295353012697931783,27638362,27638362,2020-08-17
1295363483354226689,1250161155395502088,51779655,2020-08-17
1295353698516905985,115308684,116315018,2020-08-17
1295359215578603522,728747154,1123521930240434176,2020-08-17
1295366045369339904,2377337666,11862072,2020-08-17
1295366591903936512,1263214681398939651,1263214681398939651,2020-08-17
1295448375802957825,827813052804378625,827813052804378625,2020-08-17
1295373468964466690,813229782947209216,4898760924,2020-08-17
1295374316503281665,1167921094688464896,1167921094688464896,2020-08-17
1295377223189372928,2740426550,63993923,2020-08-17
1295379184198574080,1015497445340516352,1015497445340516352,2020-08-17
1295381269216468994,16523905,1271616115689418752,2020-08-17
1295382041677135873,3195419603,122593067,2020-08-17
1295385898612330496,942540739,572706703,2020-08-17
1295386690484404224,53276941,1116083706,2020-08-17
1295388851494629377,2581791612,302966544,2020-08-17
1295389196287463426,133819524,133819524,2020-08-17
1295392321022783490,10438002,10438002,2020-08-17
1295394317662642178,811660085101400064,1462919173,2020-08-17
1295403223881310208,374788786,374788786,2020-08-17
1295394832693821441,2581791612,2468470636,2020-08-17
1295598499283820549,192388940,91623824,2020-08-18
1295417303258075137,1125440554316259328,468181483,2020-08-17
1295402160235126788,214489972,214489972,2020-08-17
1295408650090090497,583923033,888110508,2020-08-17
1295404297803517952,610349817,610349817,2020-08-17
1295404623235350528,2581791612,3318167645,2020-08-17
1295404616759287808,764476890,764476890,2020-08-17
1295407460799467520,2626655253,2626655253,2020-08-17
1295408607333191680,1146662502933127168,54737497,2020-08-17
1295412519922786304,1287985217869840384,1287985217869840384,2020-08-17
1295415497136242689,108931553,108931553,2020-08-17
1295419963025612801,16533459,16533459,2020-08-17
1295815743267840000,114633938,114633938,2020-08-18
1295424591981092869,1295019123613798400,1295019123613798400,2020-08-17
1295533780661239808,33143291,95885709,2020-08-18
1295519057190543361,1687076912,2821838769,2020-08-18
1295422959646105600,19000808,92823452,2020-08-17
1295439154860482562,2383991174,1163648925338759168,2020-08-17
1295426399726182401,1046170556893155328,3310943306,2020-08-17
1295618210964705281,1263046626408566784,1263046626408566784,2020-08-18
1295428515047837698,1295019123613798400,1295019123613798400,2020-08-17
1295428517858029568,1022118808797032450,1022118808797032450,2020-08-17
1295468439285334016,160642637,4143424276,2020-08-17
1295441705651417088,967465623507759105,3325921306,2020-08-17
1295453196740169733,1268838050798452742,1119226683192692736,2020-08-17
1295769453922312198,950544858233606150,1024756216013185031,2020-08-18
1295442652658388994,16228337,16228337,2020-08-17
1295656587978108928,327825918,3133774975,2020-08-18
1295505600655302656,4485449067,1236129570723635200,2020-08-17
1295452046968131585,137752344,137752344,2020-08-17
1295453295893520392,1265815797731135488,1265815797731135488,2020-08-17
1295467455884795905,1282416858059149313,541676458,2020-08-17
1295460754418626560,1100841476966146048,753306672672628736,2020-08-17
1295463982065684493,824787330493972480,824787330493972480,2020-08-17
1295467788820189184,492702318,492702318,2020-08-17
1295470385757028355,158857454,158857454,2020-08-17
1295473570890612738,1007665297682296832,1007665297682296832,2020-08-17
1295476403236999168,135344339,135344339,2020-08-17
1295481865135161344,1286311663671496707,1286311663671496707,2020-08-17
1295482690213302272,84198582,84198582,2020-08-17
1295484607501086720,1055405245449322496,104351395,2020-08-17
1295485983593566210,1055405245449322496,104351395,2020-08-17
1295485178811310080,255073628,255073628,2020-08-17
1295496866558222337,116042984,1295472675163385858,2020-08-17
1295493796541726721,784899771647594496,802891619649339392,2020-08-17
1295495152241463297,21522338,3287770974,2020-08-17
1295492916971020288,42084373,42084373,2020-08-17
1295493875734384640,1074347987852320768,773948964,2020-08-17
1295498968928002048,116835497,116835497,2020-08-17
1295676900027830277,4013935647,4013935647,2020-08-18
1295501464345800704,762522504,902476398576721924,2020-08-17
1295511948633743361,254147536,254147536,2020-08-18
1295515560256528384,1267322006665457669,1267322006665457669,2020-08-18
1295517688870051840,1228415516110245889,49040346,2020-08-18
1295518645125341186,926226611741052928,17642409,2020-08-18
1295612642707546114,21522338,241748669,2020-08-18
1295525592884887552,1030947907065659393,8317872,2020-08-18
1295526274098765829,369599908,305420344,2020-08-18
1295604806036475905,838379981910724612,77455180,2020-08-18
1296085348183953408,3081983657,516267794,2020-08-19
1295663845541732352,589781962,37477713,2020-08-18
1295530873211834368,2855615704,56933453,2020-08-18
1295534193015808001,1294253441649262592,27516458,2020-08-18
1295533507050196993,14313203,3301686212,2020-08-18
1295536731631030278,23721130,1279183436,2020-08-18
1295548866037653505,65717105,65717105,2020-08-18
1295539567580372997,205392468,205392468,2020-08-18
1295539613386252288,1280876290120151042,1280876290120151042,2020-08-18
1295541960804048897,745866841,745866841,2020-08-18
1295542287024480259,20713247,20713247,2020-08-18
1295544461439700992,1312560673,1312560673,2020-08-18
1295542318846681091,17779335,17779335,2020-08-18
1295542324005687298,17779335,17779335,2020-08-18
1295551220522921985,853229442,853229442,2020-08-18
1295562374691389440,21522338,1332630685,2020-08-18
1295727268145303553,410423225,72575850,2020-08-18
1295626018921775105,21522338,6304862,2020-08-18
1295552755755622400,15650636,381725263,2020-08-18
1295688641457590272,1291650635092418560,1022651188372627458,2020-08-18
1295555654342541312,45573874,45573874,2020-08-18
1295555755970457601,2905628988,2905628988,2020-08-18
1295556909454561285,159583068,878025997,2020-08-18
1295557386371989506,288277167,288277167,2020-08-18
1295567359672025088,832414616,832414616,2020-08-18
1295691181859405824,748992510232391681,748992510232391681,2020-08-18
1295569904561721344,1074487791747301376,1074487791747301376,2020-08-18
1295569411772997638,1272196034769412100,398285000,2020-08-18
1295569957992849408,785042904234549248,785042904234549248,2020-08-18
1295576878598754304,1191862600411336704,1191862600411336704,2020-08-18
1295579413770391554,4516557441,423523485,2020-08-18
1295581980654891008,1164280563487801344,39193037,2020-08-18
1295707653964992514,807838866,1287077155730595848,2020-08-18
1295770221920137217,854520708415672321,248078134,2020-08-18
1295587051153190912,42859515,872288123744657409,2020-08-18
1295589626204139520,1083804334419103745,1145918349072748544,2020-08-18
1295599072582275072,14774228,14774228,2020-08-18
1295762300524273665,20319057,15128652,2020-08-18
1295601626649067525,21522338,27381333,2020-08-18
1295600380252786688,98496752,98496752,2020-08-18
1295609116505919489,371223749,4656849994,2020-08-18
1295608846283677696,713075251320631296,713075251320631296,2020-08-18
1295617464638808065,569928506,243586130,2020-08-18
1296142610700972034,172060501,1070559288156962817,2020-08-19
1295614426901487617,3060075937,405561109,2020-08-18
1295622405855957003,2813826504,1242295207581736962,2020-08-18
1295622580037210113,230554921,1528972226,2020-08-18
1295625487172206592,221470412,221470412,2020-08-18
1295630974814838784,37847195,37847195,2020-08-18
1295731094977949697,906573669417275392,2566064281,2020-08-18
1295679594314575873,108951721,108951721,2020-08-18
1295662013482377216,1282275874025304065,530829398,2020-08-18
1295668755289092096,1206298156364754944,987143513073733632,2020-08-18
1295667327195844608,1183131308635148288,1414900302,2020-08-18
1295671603347562496,35051304,722459466,2020-08-18
1295683005986541568,400194064,400194064,2020-08-18
1295676734663208966,51891679,1032298832992845824,2020-08-18
1295681056717393920,217801164,217801164,2020-08-18
1295683053294178304,732768811,864487727105847297,2020-08-18
1295685493707988992,732768811,864487727105847297,2020-08-18
1295687056715395074,732768811,864487727105847297,2020-08-18
1295689729875345409,732768811,864487727105847297,2020-08-18
1295728459155738624,2504426557,1160674750789816320,2020-08-18
1295704710423478272,3305821185,1208431516641947648,2020-08-18
1295700380236623873,732768811,864487727105847297,2020-08-18
1295701729569312768,732768811,864487727105847297,2020-08-18
1295702838396571648,1106927792099418112,281263381,2020-08-18
1295702907074093065,73153145,34368219,2020-08-18
1295707473509318659,732768811,864487727105847297,2020-08-18
1295810625348739073,51199642,51199642,2020-08-18
1295708066395107329,732768811,864487727105847297,2020-08-18
1295712371592310786,1703676193,18151778,2020-08-18
1295779882933329925,733415288113238016,1276894883085717513,2020-08-18
1295858949338537984,3434121513,3434121513,2020-08-18
1295715970099499008,34983607,1666000508,2020-08-18
1295718445326180353,2214652482,2214652482,2020-08-18
1295719410309697537,714921092985528321,714921092985528321,2020-08-18
1295720184196534277,17919393,17919393,2020-08-18
1295722082010103817,1002209749327400960,1002209749327400960,2020-08-18
1295725424383635457,3473144358,4003656879,2020-08-18
1295726251416723461,1053309451,14564419,2020-08-18
1295726835762855937,66829366,66829366,2020-08-18
1295730163733483525,971443619650469890,971443619650469890,2020-08-18
1295733353380028416,1178580480171614209,183861868,2020-08-18
1295735377026863104,1053309451,14564419,2020-08-18
1295736119468777472,21446951,785139332814344192,2020-08-18
1296037002249371650,804081048,769345952725536768,2020-08-19
1296147188649779203,763892778069741568,763892778069741568,2020-08-19
1295739419979403265,14246644,14246644,2020-08-18
1295739911736303621,1112381349611081733,1112381349611081733,2020-08-18
1295739546894831618,13678962,13678962,2020-08-18
1295740885007826949,15604572,15604572,2020-08-18
1295768286555025409,1246870023802482688,2808650785,2020-08-18
1295753694038949888,2875685303,942409478787534849,2020-08-18
1295752737016229888,496376698,496376698,2020-08-18
1295753627253051393,31583882,31583882,2020-08-18
1295755300218208256,75311987,498676286,2020-08-18
1295755064406085632,1249822761041768448,1249822761041768448,2020-08-18
1295755713365581825,295987623,853565917,2020-08-18
1295759490856427521,216067608,216067608,2020-08-18
1295757641612963842,1464921007,1464921007,2020-08-18
1295760171961061377,1148235738535911425,3444121822,2020-08-18
1295759402117472256,1148235738535911425,1158901414149677057,2020-08-18
1295759207556247554,18340526,18340526,2020-08-18
1295766287965200384,14925817,573956797,2020-08-18
1295776771770667008,281464648,281464648,2020-08-18
1295774083687292940,1286837304229863424,1485716220,2020-08-18
1295777554109018116,3051551999,279669376,2020-08-18
1295774506712170500,4797361833,4797361833,2020-08-18
1295776593873375232,950097884,950097884,2020-08-18
1295777927133638665,313545488,313545488,2020-08-18
1295780897749270528,164407518,164407518,2020-08-18
1295790851650510849,27385174,394642242,2020-08-18
1295789268397367296,1158736674744086529,1158736674744086529,2020-08-18
1295793547090841605,408915161,250503931,2020-08-18
1296074735726366729,1093367053526822916,1189916268943593472,2020-08-19
1295802298770358275,75311987,498676286,2020-08-18
1295821020574621696,2294954497,1292474360578572288,2020-08-18
1295807244764839938,932821980952383488,932821980952383488,2020-08-18
1295815172532113411,1294308131812642817,2284156782,2020-08-18
1295816487228383232,31583882,31583882,2020-08-18
1295817209894309891,34855661,34855661,2020-08-18
1295818578944565249,378279588,378279588,2020-08-18
1295821869334102016,4541141723,4541141723,2020-08-18
1295841874352078848,4871961853,173247432,2020-08-18
1295820963364442112,802029931827961856,465389132,2020-08-18
1295835787762774018,153151272,153151272,2020-08-18
1295823796889362436,25245378,25245378,2020-08-18
1295826224103776260,21421710,21421710,2020-08-18
1296079786037501954,1093367053526822916,1189916268943593472,2020-08-19
1295834943046610944,1272353890055237632,1294340385569792000,2020-08-18
1295840469038104576,936366742049382400,2469696024,2020-08-18
1296802824584605696,21731632,3201282898,2020-08-21
1295837122457288704,1280585659699224576,1280585659699224576,2020-08-18
1295849016601669632,1272353890055237632,1294340385569792000,2020-08-18
1296061842658402304,342822229,381302464,2020-08-19
1295848513759150080,1228415516110245889,1295833429297082368,2020-08-18
1295850938142343168,109756637,54454272,2020-08-18
1296454675835781126,990042669937242112,990042669937242112,2020-08-20
1295909663196807170,21522338,188133381,2020-08-19
1295891339268235264,1098167936,1056756281061662720,2020-08-19
1295865109135450113,1283515200356982786,1114630584192634881,2020-08-18
1295873848555036677,1283515200356982786,22451602,2020-08-19
1295888965510275072,3425325802,3425325802,2020-08-19
1295884041204318209,836651137,56131808,2020-08-19
1295888234938064900,1466174058,247567140,2020-08-19
1295893369613410304,1098167936,1056756281061662720,2020-08-19
1295893744219312128,1278521063006183424,1257109889975009282,2020-08-19
1295894103616520195,78377098,57488955,2020-08-19
1295895946149191682,45573874,45573874,2020-08-19
1295897278704693253,21168541,21168541,2020-08-19
1295903681485955073,19426419,19426419,2020-08-19
1295904267996286976,1243316692278628353,822647145249574912,2020-08-19
1295940904059052032,926909484,619619343,2020-08-19
1295902050291785728,168532460,27277770,2020-08-19
1295916310413471746,3885598279,3885598279,2020-08-19
1295903852823076865,90988994,90988994,2020-08-19
1295937915856523264,2422263974,210870124,2020-08-19
1295904737728978944,1228929207394127872,879380882754338816,2020-08-19
1295914567927828481,227406960,227406960,2020-08-19
1295909759120486400,1135550140511596545,1135550140511596545,2020-08-19
1295916946525888512,1268518310855008256,73389251,2020-08-19
1295916154721046528,1003692505316118528,1567009506,2020-08-19
1295990427171069955,6459442,2688294342,2020-08-19
1295920306314522631,381515624,381515624,2020-08-19
1295923389383626753,762449955185266689,1952353728,2020-08-19
1295926024937635841,526567024,526567024,2020-08-19
1295928234832302080,712011839651979264,1270269096072900609,2020-08-19
1295929265242820613,945012234215755776,85723812,2020-08-19
1295933135713005569,809299145760509954,809299145760509954,2020-08-19
1296036302887047168,22782434,2937121267,2020-08-19
1295937512880451584,802029931827961856,465389132,2020-08-19
1295937539061284865,39671678,39671678,2020-08-19
1295940168524980225,2340921186,2340921186,2020-08-19
1295938372515639296,722904163227607040,722904163227607040,2020-08-19
1295940684399161345,628988629,628988629,2020-08-19
1296070524414590976,926909484,1253891304515223553,2020-08-19
1295947121552572416,319276747,319276747,2020-08-19
1296037339177852929,56470622,15280197,2020-08-19
1295967727090368517,1057479569832325121,1156825330780463106,2020-08-19
1296009492442648576,305928252,996525770,2020-08-19
1295982629137690628,1242306883492311040,1242306883492311040,2020-08-19
1295986012037029889,1221090942104604675,7493212,2020-08-19
1295997508376657920,2931030924,883954146394734592,2020-08-19
1298032290073780224,2944233488,1201376133867917312,2020-08-24
1296065174282088449,1181078900,740555964374487040,2020-08-19
1296002671917309957,1204675751578091520,75775942,2020-08-19
1296147593454596098,22700670,1180523650463813632,2020-08-19
1296010524447178752,307483852,307483852,2020-08-19
1296059114305527808,23243723,1187175297721831424,2020-08-19
1296014141358891009,809299145760509954,809299145760509954,2020-08-19
1296019969092788224,899676418044563458,899676418044563458,2020-08-19
1296021872665010176,508589291,112349084,2020-08-19
1296025245170753536,35467771,24548652,2020-08-19
1296029761844764672,27795145,27795145,2020-08-19
1296031329201598466,1295377671837429760,1295377671837429760,2020-08-19
1296033703899156481,4849898158,25223772,2020-08-19
1296038276197883904,873307117,59371284,2020-08-19
1296050085982281728,471962496,471962496,2020-08-19
1296042024253247489,1295377671837429760,1295377671837429760,2020-08-19
1296042600491896834,400194064,965176701432029185,2020-08-19
1296060766127132672,1228415516110245889,846588649,2020-08-19
1296087787318501376,381302464,342822229,2020-08-19
1296728494236250112,949947816624865280,949947816624865280,2020-08-21
1296070898194108422,776994955,773973954,2020-08-19
1296149819501625344,172060501,3182895158,2020-08-19
1297964311579508736,2944233488,1215357848625901568,2020-08-24
1296111010852614146,1177710723499266048,1268300944942432259,2020-08-19
1296075506752905217,810169595139125248,810169595139125248,2020-08-19
1296082266754490368,17382983,17382983,2020-08-19
1296081385749266433,1017883562450849794,1017883562450849794,2020-08-19
1296089695978496001,3081983657,936699831363473409,2020-08-19
1296082238573027329,116579971,3656836876,2020-08-19
1296133127153352711,35501142,1292209872671514630,2020-08-19
1296085187533709314,1279832675323449350,759764535372812288,2020-08-19
1296084554361589761,14165481,1294622213535145984,2020-08-19
1296092552131743744,1892506526,235210728,2020-08-19
1296185163013971968,1246870023802482688,1292607537720647685,2020-08-19
1296175310648619009,487724195,180190472,2020-08-19
1296110161833201667,44196464,1248241025165869060,2020-08-19
1296110498589663234,707979091,801038304,2020-08-19
1296110294108966912,2361510153,2361510153,2020-08-19
1296126452153212928,1219577722034278403,1194247644270473218,2020-08-19
1296112185907843073,750386497,750386497,2020-08-19
1296113469192896521,2153442012,2153442012,2020-08-19
1296114001219264513,1182868406678126592,1168693205761691654,2020-08-19
1296116145263697920,97214512,261875432,2020-08-19
1296123057484881920,24433200,40118524,2020-08-19
1296128289275355140,92379402,1898392754,2020-08-19
1296121175635103745,877495409740050432,560014133,2020-08-19
1296122641208815616,1074858906726350849,1293851540785160193,2020-08-19
1296124851715846144,23554832,1228496602660134912,2020-08-19
1296128665085005824,111884684,325184488,2020-08-19
1296129759915773952,26275704,26275704,2020-08-19
1296151455011950598,1199316753551106048,1685855250,2020-08-19
1296144275529506816,97108419,160790679,2020-08-19
1296142564441985026,1186516851439931392,58950221,2020-08-19
1296138846162345984,23199122,291483371,2020-08-19
1296156097754128384,172960872,701059801976086528,2020-08-19
1296144662407925760,257180565,257180565,2020-08-19
1296146262295797761,312382472,312382472,2020-08-19
1296291315987161088,21522338,751726194,2020-08-20
1296146849628401664,147375992,148859972,2020-08-19
1296149844285952007,1045781052155940864,327516526,2020-08-19
1296627555928346625,1247795994147696645,1456951992,2020-08-21
1296159977917362177,25308629,2602578528,2020-08-19
1296161693278535681,995401129205776384,995401129205776384,2020-08-19
1296166315837861889,172960872,701059801976086528,2020-08-19
1296167256846729219,701059801976086528,172960872,2020-08-19
1296201696125870080,835542998926622721,19993673,2020-08-19
1296206178444247042,2909845271,1091496895015313409,2020-08-19
1296173253195517953,402091536,2398969500,2020-08-19
1296172756623482880,2365268912,2365268912,2020-08-19
1296174661336625152,836651137,896936161071026176,2020-08-19
1296181296784449536,1211059187121180677,1056675282,2020-08-19
1296174838277701634,285671694,285671694,2020-08-19
1296183011889819648,2202236365,1347853345,2020-08-19
1296184728064843776,883269265721262080,1295934298269327360,2020-08-19
1296177501513940992,610542212,610542212,2020-08-19
1296186385230176257,610542212,160958248,2020-08-19
1296187611971588097,191938035,1294860307723104256,2020-08-19
1296187844247957505,1071252725952860162,1071252725952860162,2020-08-19
1296191824449753090,37712997,37712997,2020-08-19
1296191260999299072,1293306671909883904,876200255917785089,2020-08-19
1296191404876718081,1263046777,3951196097,2020-08-19
1296199788409618432,295412130,15623357,2020-08-19
1296197369432879105,1189281498295345158,1206571163528450051,2020-08-19
1296204940789059585,1283515200356982786,14873711,2020-08-19
1296202215888007168,1287421579521974273,1287421579521974273,2020-08-19
1296207487901655042,15368940,15368940,2020-08-19
1296208963738824704,1240784057316696065,1240784057316696065,2020-08-19
1296210901448630274,15228276,15228276,2020-08-19
1296212932724957187,822667288214142977,816107772,2020-08-19
1296211222334001153,917680644,917680644,2020-08-19
1296214883332169728,1157296218,23870670,2020-08-19
1296614803318935554,1024044290123735041,765522632120737792,2020-08-21
1296224755230617603,397599104,397599104,2020-08-19
1296225442240897025,1222780829665021952,1222780829665021952,2020-08-19
1296229179978022918,732981985854038016,3193073724,2020-08-19
1296475184799547393,1175432790919303172,1175432790919303172,2020-08-20
1296235862343245825,52094248,1181989498223300609,2020-08-20
1296236848554156032,1257756927532113921,277437611,2020-08-20
1296233105682989057,1036690108123172865,264388483,2020-08-19
1296243539932839938,16973333,16973333,2020-08-20
1296235760245448704,2909845271,1091496895015313409,2020-08-20
1296237263211368449,1045781052155940864,538570707,2020-08-20
1296239163294060547,48266056,285819899,2020-08-20
1296243886118121472,434285206,1585806756,2020-08-20
1296242809251536896,306187678,2155230680,2020-08-20
1296243531145781249,1045781052155940864,538570707,2020-08-20
1296247522156056576,1045781052155940864,3014442664,2020-08-20
1296246812161060864,109912907,1498609195,2020-08-20
1296247186427125761,1045781052155940864,3014442664,2020-08-20
1296251385999060992,18939358,18939358,2020-08-20
1296257945013907456,18076440,18076440,2020-08-20
1296256260841648128,192619926,192619926,2020-08-20
1296255826080993283,1014006989486198784,1014006989486198784,2020-08-20
1296263072672370688,770759270,770759270,2020-08-20
1296432291745587202,1048297204530778113,2845968132,2020-08-20
1296263333985820673,32421337,20121674,2020-08-20
1296264489550086147,2940798980,2940798980,2020-08-20
1296280965896175616,45573874,45573874,2020-08-20
1296284288703279104,765934823399624706,24042574,2020-08-20
1296286493959364608,14167331,14297336,2020-08-20
1296304867552747520,1045781052155940864,29274805,2020-08-20
1296291696259428352,1226325787063635969,1274035155368361985,2020-08-20
1296294379737550849,202411127,202411127,2020-08-20
1296300047655632896,1105862880979750912,1105862880979750912,2020-08-20
1296297749600784386,1137171177280016384,1213688621561044992,2020-08-20
1296306792335470592,57434273,415962140,2020-08-20
1296307892832935936,1038177795694841860,1038177795694841860,2020-08-20
1296308535479787520,877360567022792704,746565464495525888,2020-08-20
1296309601223278592,818693356868014080,2912654307,2020-08-20
1296313003827175424,1226214199866658816,1111981876028137472,2020-08-20
1296313224564862977,12231932,10696102,2020-08-20
1296315303501000704,141584822,141584822,2020-08-20
1296320311911161856,51794441,716498065411149824,2020-08-20
1296317637270495236,1279245010869686274,170369342,2020-08-20
1296320187784978434,2829103602,1186159609020436480,2020-08-20
1296321937547776000,1191801063705210880,1120042936551395328,2020-08-20
1296322143609905152,1138287733321998337,1153916836028637185,2020-08-20
1296323167942778880,4247542528,1130162667711324161,2020-08-20
1296349739060023296,1045781052155940864,1181022574173515776,2020-08-20
1296349361488658432,1045781052155940864,107575031,2020-08-20
1296723704446148609,3066542791,20108321,2020-08-21
1296363882349355009,839985545287720965,839985545287720965,2020-08-20
1296359869671305217,2299996561,2299996561,2020-08-20
1296360865772367875,3243855896,96706870,2020-08-20
1296377988142051329,3163896839,3163896839,2020-08-20
1296381962978914307,25049056,25049056,2020-08-20
1296386863528206337,188665937,1287219013064380416,2020-08-20
1296385271752282114,1045781052155940864,1917042805,2020-08-20
1296388265298341888,84220971,84220971,2020-08-20
1296389307826143232,84220971,84220971,2020-08-20
1296535593489399809,1125466842821218305,768010928428318720,2020-08-20
1296399989158170625,233241801,2257737920,2020-08-20
1296757467272159233,22551896,27322611,2020-08-21
1296404399607222273,400194064,1191652052444815362,2020-08-20
1296411553198153728,322508749,322508749,2020-08-20
1296404630591676417,2201413656,2201413656,2020-08-20
1296407043990073344,1598386543,1598386543,2020-08-20
1296411069561352192,1142371275811250176,1215834974919766016,2020-08-20
1297270096369508360,767096280594120704,1238051417497186304,2020-08-22
1296415804418920449,391274973,2870813823,2020-08-20
1296416880912142349,37782239,3266377448,2020-08-20
1296423681976078336,1038592065851064320,988217754829381632,2020-08-20
1296559272621473794,391274973,955200977346465792,2020-08-20
1296422766070177795,1045781052155940864,29274805,2020-08-20
1296433487021514752,391274973,1171510996914982915,2020-08-20
1296422176980180992,897275352388644865,1171558260412952577,2020-08-20
1296438700142927872,727277754,740131021442682884,2020-08-20
1296425701487370241,1171558260412952577,897275352388644865,2020-08-20
1296472457948397568,4514322802,37721047,2020-08-20
1296426943353675779,1045781052155940864,29274805,2020-08-20
1296456932497268752,1251682928775647232,1275195264647737349,2020-08-20
1296430710732001281,918830061834391552,829368565174239234,2020-08-20
1296453777457807360,803742900,2453014725,2020-08-20
1296440106564358150,729263404549058560,1140979524869529601,2020-08-20
1296434402013184001,1171510996914982915,391274973,2020-08-20
1296434818989928459,1134522652687773696,1134522652687773696,2020-08-20
1296436915567243264,894923298374651904,894923298374651904,2020-08-20
1296442726381236225,1140979524869529601,729263404549058560,2020-08-20
1296500324664975361,4374454882,504744279,2020-08-20
1296446557294866433,172109720,1278437109943209984,2020-08-20
1296478631032762370,1265206466543321088,25773156,2020-08-20
1296500438234271745,4374454882,15485914,2020-08-20
1296501014334517251,4374454882,300071105,2020-08-20
1296471268515024897,762449955185266689,1007366903139061761,2020-08-20
1296448941676953601,1246870023802482688,1117483893689671682,2020-08-20
1296451105912750081,78817562,78817562,2020-08-20
1296450871988035586,62305136,62305136,2020-08-20
1296452979437064194,993943513371947008,993943513371947008,2020-08-20
1296465338033410049,11975622,1272884844859719686,2020-08-20
1296455665125412864,36823,17942280,2020-08-20
1296500816472231936,4374454882,1170537567596548097,2020-08-20
1296454766751604738,893209143888269312,893209143888269312,2020-08-20
1296469230729207816,32972137,40678173,2020-08-20
1296488262987657216,1045781052155940864,1174586166303055872,2020-08-20
1296461133663162379,29330891,29330891,2020-08-20
1296461179460755457,602932764,251235171,2020-08-20
1296487255717089280,1045781052155940864,1174586166303055872,2020-08-20
1296499238684233729,2902110405,1128443444270108672,2020-08-20
1296501545496793088,4374454882,20569827,2020-08-20
1296472912065699840,1293306671909883904,1272750883164438528,2020-08-20
1296523865628139525,1258766749559918593,1208087264334622726,2020-08-20
1296481500075118599,2345482132,983980325989646337,2020-08-20
1296500932210032642,4374454882,86107524,2020-08-20
1296574671211700227,399072161,381239292,2020-08-20
1296480705032134657,808108063,808108063,2020-08-20
1296566413889396737,998769709620150273,2345942821,2020-08-20
1296489042104799234,1239599332770398214,791307339399884805,2020-08-20
1296488466419679232,2607995856,24247327,2020-08-20
1296490192417828864,50300854,1486636874,2020-08-20
1296498170973782016,2464376390,344386631,2020-08-20
1296489996933828613,800707492346925056,800707492346925056,2020-08-20
1296488935787552772,199404341,199404341,2020-08-20
1296502086754951169,63779712,630225968,2020-08-20
1296503072269709312,52122900,869723537711484928,2020-08-20
1296508016699887617,1274851110617047049,1295543371780554752,2020-08-20
1296501889715056641,2229390769,2229390769,2020-08-20
1296503029332676608,1086976130819809280,1676309203,2020-08-20
1296504387217457152,588597181,67354753,2020-08-20
1296505498083241984,37002373,21282207,2020-08-20
1296505304025374720,1280983112139374595,1280983112139374595,2020-08-20
1296505220382560256,2244101835,2244101835,2020-08-20
1296505770188500995,501943587,501943587,2020-08-20
1296563090801164288,771328767193124865,108981872,2020-08-20
1296795737867472896,84823872,84823872,2020-08-21
1296540108791980033,966778556733886469,77454805,2020-08-20
1296522646348275713,952191947426402304,952191947426402304,2020-08-20
1296525675369644032,762522504,398555379,2020-08-20
1296533615560601604,2375892582,1169205942103101441,2020-08-20
1296530072107487232,893129145034592258,1111284567728484353,2020-08-20
1296537080735178752,732768811,1628279124,2020-08-20
1296537631338057728,1016483906,2574607341,2020-08-20
1296534408908898305,1017294810393337857,1017294810393337857,2020-08-20
1296534743484452864,1238316070605410304,1238316070605410304,2020-08-20
1296538134814089217,261392722,1191797652,2020-08-20
1296539388302823431,394154071,394154071,2020-08-20
1296540086755000321,17984862,142470578,2020-08-20
1296539043560394753,732768811,1628279124,2020-08-20
1296542608991440898,4439063122,4439063122,2020-08-20
1296566843314864128,1274438272614232065,1858284224,2020-08-20
1296556243151200257,2318541862,4847158667,2020-08-20
1296551501868019712,1154952166815281157,1154952166815281157,2020-08-20
1296558946203779072,21988609,78394114,2020-08-20
1296554980623540225,4562128935,897425565778669568,2020-08-20
1296563044487749635,3006898359,85917634,2020-08-20
1296554706958000128,403682688,403682688,2020-08-20
1296558143586086912,19426419,19426419,2020-08-20
1296575522470801417,498092598,279086831,2020-08-20
1296561181218439170,15026000,3245479583,2020-08-20
1296557715385442313,1452417348,1239674636511711235,2020-08-20
1296569301739229185,387836852,817891478932361216,2020-08-20
1296618041258590209,4374454882,1168344893716086784,2020-08-21
1296568907441082371,1056701054648270850,1056701054648270850,2020-08-20
1296615536441397249,1208387105111658497,1208387105111658497,2020-08-21
1296588134168363010,1384030603,238671514,2020-08-20
1296951559159525377,2691326173,1240436091217477632,2020-08-21
1296600981589733376,762522504,731982955543846914,2020-08-21
1296592827242094594,1228415516110245889,715368038963552257,2020-08-20
1296594911530278916,2928965314,191938982,2020-08-20
1296597473096544266,1172901939295719424,1172901939295719424,2020-08-20
1296614593700167684,17204067,981362279760515072,2020-08-21
1296626908042584065,2838667575,369613362,2020-08-21
1296623390590214145,1441971834,240072627,2020-08-21
1296625265062359040,1053650557,1053650557,2020-08-21
1296626655595765767,2228878592,1268944736,2020-08-21
1296630382838910976,593813785,593813785,2020-08-21
1296634245687934978,1239599332770398214,1489338390,2020-08-21
1296634765332881416,593813785,593813785,2020-08-21
1296640027854884866,51831114,3167706557,2020-08-21
1296635779649806339,6878412,471362430,2020-08-21
1296643945531834368,45573874,45573874,2020-08-21
1296644956417740801,1366028426,203684859,2020-08-21
1296646462789435398,1366028426,203684859,2020-08-21
1296663573524090881,1201811515223019521,705464513,2020-08-21
1296661041846214658,28674183,416506824,2020-08-21
1296804237188374533,1011771193,1234347203164090369,2020-08-21
1296664733970395136,3366580017,1180268860450234369,2020-08-21
1296663814641815558,28674183,416506824,2020-08-21
1296670641903501314,846726195857309697,1266643502349389830,2020-08-21
1296665980068720641,28674183,416506824,2020-08-21
1296667332354297858,28674183,416506824,2020-08-21
1296668046745120769,21926722,21926722,2020-08-21
1296681577674661892,764347014,764347014,2020-08-21
1296668924990427138,28674183,325994885,2020-08-21
1296672304382930944,40793553,271173357,2020-08-21
1296690292943286273,392441727,111450198,2020-08-21
1296674701054484485,60386464,3774843974,2020-08-21
1296675992052752386,28674183,964730856,2020-08-21
1296678012948078592,762522504,2555980864,2020-08-21
1296680921718853633,28674183,24030952,2020-08-21
1296681025129426945,28674183,964730856,2020-08-21
1296682809600274432,762522504,2555980864,2020-08-21
1296684762485018625,28674183,275515488,2020-08-21
1296684821775708161,28674183,486780750,2020-08-21
1296684876184186881,28674183,486780750,2020-08-21
1296716609424224258,558196983,191720839,2020-08-21
1296694682676862976,846726195857309697,1266643502349389830,2020-08-21
1296694805884436480,1695954714,1695954714,2020-08-21
1296689545539235840,1263469716896694273,1263469716896694273,2020-08-21
1296698438759981058,48487587,58004011,2020-08-21
1296698479906099200,832426915646562306,3282799303,2020-08-21
1296702117965631488,1162793355253878784,28509337,2020-08-21
1296712250535948289,163492256,163492256,2020-08-21
1296718670970990598,403682688,403682688,2020-08-21
1296723754828038146,112259266,355999521,2020-08-21
1296725710623703040,1063347020931440640,1063347020931440640,2020-08-21
1296736510151208960,3156674265,1265231474493739009,2020-08-21
1296739327234510848,885511824,56727251,2020-08-21
1296744199631429632,1000907481978060800,4573166893,2020-08-21
1296756306154385409,1213828587037458432,30615314,2020-08-21
1296904890682400770,1046170556893155328,797189490,2020-08-21
1296837523382194176,283272640,1262168598493245448,2020-08-21
1296832884758773760,844988202842836994,95118648,2020-08-21
1296826115252682754,1257756927532113921,1273776371878281219,2020-08-21
1296806954304765952,22086316,22086316,2020-08-21
1296808749990961153,93116887,93116887,2020-08-21
1296906942540124161,301234715,301234715,2020-08-21
1296812313509601280,14345759,14345759,2020-08-21
1296813067829944322,14345759,14345759,2020-08-21
1296813284478390272,597541684,597541684,2020-08-21
1296819326398365699,2909845271,743627779229388801,2020-08-21
1296826634763476993,1164176203923820544,918892290927669248,2020-08-21
1297550399486992384,915428753622421504,172593145,2020-08-23
1296823381824802816,728747154,13458022,2020-08-21
1296825895101988865,840220477553426432,751940577248288768,2020-08-21
1296824201941323776,341196634,341196634,2020-08-21
1296841250549702656,117920172,791090564435443712,2020-08-21
1296842360450621440,49647865,793048116,2020-08-21
1296843535908560896,1239969860941217792,1159217261762285573,2020-08-21
1296839451713441792,490276190,2573032351,2020-08-21
1296839291851755523,56741362,20425832,2020-08-21
1296838373219287040,19426419,19426419,2020-08-21
1296840322467725313,4439752995,4439752995,2020-08-21
1296849405363052544,807194024062939136,1119225999588306944,2020-08-21
1296844186080043010,51581206,51581206,2020-08-21
1296844166518001664,180611010,3019892949,2020-08-21
1296846183374020610,1278568154260623360,1278568154260623360,2020-08-21
1296848317910003718,1131011302346887173,1131011302346887173,2020-08-21
1297352595112185856,793048116,49647865,2020-08-23
1296851288723017729,1278341189029298176,1278341189029298176,2020-08-21
1296875359540064258,488747096,2723142519,2020-08-21
1296854815167909889,2732637112,34171538,2020-08-21
1296859708180107266,21260090,1340882636,2020-08-21
1296908563823157249,48366401,4515650200,2020-08-21
1296869137843654658,273524713,563720164,2020-08-21
1296857715160035328,290114374,290114374,2020-08-21
1296859193152962560,1169448791449034752,1169448791449034752,2020-08-21
1296859537937506305,30755419,30755419,2020-08-21
1296880611395854337,1273438393,3350302389,2020-08-21
1296861585827409920,409005839,409005839,2020-08-21
1296870027161993217,29339063,47151483,2020-08-21
1296871715738329089,997675739632816129,804770112179994624,2020-08-21
1296890570602840071,516209413,971572056423915520,2020-08-21
1296882818514116608,17451441,2304361257,2020-08-21
1296879165031854080,2884614285,2884614285,2020-08-21
1296894383032356866,1207718034707795968,2914227876,2020-08-21
1296880672968183812,19087651,760594619641933824,2020-08-21
1296883999860645889,1270875406187376641,2440377338,2020-08-21
1296886941078769666,29339063,47151483,2020-08-21
1296889485792354308,1113103716561969152,1113103716561969152,2020-08-21
1297175579989610506,13951732,13951732,2020-08-22
1296893998909530118,1296674827634446338,1296674827634446338,2020-08-21
1296902378461868032,910331750001160192,285500234,2020-08-21
1296906454700625925,51160638,796370958499999745,2020-08-21
1297016960325160961,53540050,962100116432785408,2020-08-22
1296910541194240000,51312476,51312476,2020-08-21
1296917424252628993,24427844,1433584531,2020-08-21
1296913157810610177,824720523904978944,824720523904978944,2020-08-21
1297159440471293953,58517151,1154928598031065088,2020-08-22
1296918873309052928,960920794288218112,526214201,2020-08-21
1296938968060223490,2317599126,133091846,2020-08-21
1296920778194083841,121259042,1315762598,2020-08-21
1296923488989609986,960920794288218112,526214201,2020-08-21
1296938745644621824,2317599126,133091846,2020-08-21
1296921421201862656,762522504,15449444,2020-08-21
1296926311177310209,121259042,1315762598,2020-08-21
1296926058487283713,119239372,24965481,2020-08-21
1297017552485249024,4502891354,837827174799409153,2020-08-22
1296947210639118338,1033451952871374848,3696270027,2020-08-21
1296935889491329025,37657489,771825106146459648,2020-08-21
1296942554261278720,723943596898947072,325154473,2020-08-21
1296948772321153024,889859154764058624,202501315,2020-08-21
1296947041948569600,734021551121661953,734021551121661953,2020-08-21
1296950378622312450,20826292,903583883811278848,2020-08-21
1296954143752499208,1184242423,1184242423,2020-08-21
1298811538820784128,335043995,1094775150304735232,2020-08-27
1296977849757335552,1135592340951883776,559669682,2020-08-22
1296977556575604736,1140270428927250434,1203047771743424520,2020-08-22
1296977740818714624,1203047771743424520,1140270428927250434,2020-08-22
1296981058030895105,102246460,102246460,2020-08-22
1296983026996404224,2195920766,1296971433084559361,2020-08-22
1296988731992236032,1259714472924426241,1259714472924426241,2020-08-22
1297020205512753153,1045781052155940864,3014442664,2020-08-22
1296990733576966146,279811405,279811405,2020-08-22
1296992673073692673,4806349227,112634955,2020-08-22
1297000045473038337,2808112943,1226402977,2020-08-22
1297015182477135872,228220050,1120959673,2020-08-22
1297002574466502658,1296604490444017664,1296604490444017664,2020-08-22
1297003764390363136,425373857,17159358,2020-08-22
1297010743510884353,40793553,40793553,2020-08-22
1297019355247587329,1614123668,1542155826,2020-08-22
1297020237599199234,115308684,122650014,2020-08-22
1297023565754249221,985937940097454083,985937940097454083,2020-08-22
1297027811983720448,21522338,15314995,2020-08-22
1299355918333870080,1935754873,717240516,2020-08-28
1297027667158540294,115308684,311197190,2020-08-22
1297122548707020804,975350390731563008,1067560372088041472,2020-08-22
1297034710246469632,295920376,295920376,2020-08-22
1297124361753763840,108951721,108951721,2020-08-22
1297124588674064384,7268922,448123589,2020-08-22
1297088236494426113,3195419603,884055622861422592,2020-08-22
1297186800625213440,100812369,100812369,2020-08-22
1297204200401784833,37904694,5997952,2020-08-22
1297105012334632962,2522581557,1275095329088704514,2020-08-22
1297111626248675328,262052694,3093574304,2020-08-22
1297284655192793088,2907340746,41738451,2020-08-22
1297119835600502784,786350701,758042588,2020-08-22
1297253396542640131,348533825,2872197171,2020-08-22
1297185346631938053,795443894037123072,1266946327679811585,2020-08-22
1297145465750814720,276987167,38243731,2020-08-22
1297152822329442309,729676110,729676110,2020-08-22
1297154292252581890,1046170556893155328,797189490,2020-08-22
1297153603485020162,31751326,1083040618270547968,2020-08-22
1297171621103509504,2276147186,1017624424198103040,2020-08-22
1297173512071925761,98409381,1634414485,2020-08-22
1297170492944797696,511780469,224160131,2020-08-22
1297168641339928577,3195419603,3384291022,2020-08-22
1297171140218060802,743848285270642688,743848285270642688,2020-08-22
1297183790112993280,19426419,19426419,2020-08-22
1297183811428483074,21010417,754551066209816576,2020-08-22
1297184072330960899,19426419,19426419,2020-08-22
1297197238481977345,1352367002,1084577957660774400,2020-08-22
1297186540695691265,108114974,108114974,2020-08-22
1297207757465165824,408941058,2190987764,2020-08-22
1297743810483585024,1137014383920525312,392481617,2020-08-24
1297197464525643783,950423466817224709,1047900240899002368,2020-08-22
1297195618364874758,257641845,403005610,2020-08-22
1297225676496535552,15468458,30387340,2020-08-22
1297195922443644935,115308684,114833786,2020-08-22
1297196856167010305,1239599332770398214,2944033058,2020-08-22
1297199759942463493,1147270653231403010,16181546,2020-08-22
1297203412434591745,811514954159443968,48368510,2020-08-22
1297382711275991041,1289433877149290496,1244860401818284034,2020-08-23
1297662987420008448,1053309451,38192140,2020-08-23
1297207644621611008,1264036751833694209,1213862422588489734,2020-08-22
1297207867406262273,1213862422588489734,1264036751833694209,2020-08-22
1297212920137281536,2861658449,2861658449,2020-08-22
1297213467116466176,1021103464590454784,1295023773574402050,2020-08-22
1297214612161490944,815575346992943104,416316055,2020-08-22
1297216737264508929,245047135,981326653535244288,2020-08-22
1297216076401586177,1479082987,1479082987,2020-08-22
1297218839227371523,1479082987,1479082987,2020-08-22
1297232096285532160,838071437235642368,1259394356844261377,2020-08-22
1297358733396324352,15468458,30387340,2020-08-23
1297234952103305222,369777525,1556273586,2020-08-22
1297232021199007748,86810384,733934101133037568,2020-08-22
1297233269130506241,1224397950207582208,1224397950207582208,2020-08-22
1297235657413156869,1188294864,2571082455,2020-08-22
1297256571295215622,2870192452,961041448945758208,2020-08-22
1297263587077963777,903001849,1159646022865477632,2020-08-22
1297237371495186432,1188294864,2571082455,2020-08-22
1297239891063918592,2240361812,2240361812,2020-08-22
1297240967389548544,54810096,726542254731448320,2020-08-22
1297265410631520256,1268977341071491078,4541125577,2020-08-22
1297336366712332289,1246870023802482688,1292607537720647685,2020-08-23
1297240709716750336,1023144625987575810,985618618468663296,2020-08-22
1297243517832445953,937422446323314688,364571941,2020-08-22
1297246836143661058,115308684,142841876,2020-08-22
1297245846342336518,1202219827206770688,3177823241,2020-08-22
1297253800533729280,1220753812773900293,1133797906895560704,2020-08-22
1297258409851584512,1032011947,220555482,2020-08-22
1297296827033812993,37904694,5997952,2020-08-22
1297262175791259649,1195392556047249408,2511523698,2020-08-22
1297259817984241666,979409904,979409904,2020-08-22
1297263329686282240,61637834,2798747557,2020-08-22
1297266798564343808,2823365080,1175225935383158786,2020-08-22
1297271683565465600,21522338,1699038312,2020-08-22
1297274169370050562,322134017,322134017,2020-08-22
1297278780738662400,912724813969481728,1267896875899932672,2020-08-22
1297277944059105280,18294521,18294521,2020-08-22
1297278925442297862,18294521,18294521,2020-08-22
1297280526529830913,1549093266,2892859091,2020-08-22
1297279208511565824,59376872,59376872,2020-08-22
1297375194579980288,1289433877149290496,249760568,2020-08-23
1297279916409589761,219862792,219862792,2020-08-22
1297282086408200194,17921569,2255898620,2020-08-22
1297315756623921156,4541141723,1015029427284127745,2020-08-22
1297295788285059072,897105517117677568,32994432,2020-08-22
1297319194652839936,41738451,2907340746,2020-08-22
1297286624246726656,253147434,253147434,2020-08-22
1297287168977776640,253147434,253147434,2020-08-22
1297287554149031938,253147434,253147434,2020-08-22
1297288109160304642,253147434,253147434,2020-08-22
1297288676972670976,253147434,253147434,2020-08-22
1297289077004304395,253147434,253147434,2020-08-22
1297300375741980673,762522504,1027282364861440001,2020-08-22
1297297468489596928,1297292924963688449,1297292924963688449,2020-08-22
1297318682750619648,1061081135315222528,34138920,2020-08-22
1297744181650022400,578315945,2768272126,2020-08-24
1297306831585521665,2823365080,1175225935383158786,2020-08-22
1297307780596957184,7192292,297525686,2020-08-22
1297309494968373249,712757789567758336,1230653192901464064,2020-08-22
1297311694499143680,297525686,7192292,2020-08-22
1297310716060405762,1703676193,1189313479787892737,2020-08-22
1297313702228529153,28674183,1037859052741640193,2020-08-22
1297332317711740928,4060784235,766384991261626372,2020-08-23
1297495290140930049,2865493781,1494568999,2020-08-23
1297367953457983501,1045781052155940864,3014442664,2020-08-23
1297896892597186563,721107509872889856,2512192688,2020-08-24
1297327026781782023,155048058,1143969472656695296,2020-08-23
1297327243295731712,3097061712,146724111,2020-08-23
1297328318245724160,56649139,2918089872,2020-08-23
1297337679231811586,911853587009024000,249410508,2020-08-23
1297359482801053698,1163355523019878401,1040592434,2020-08-23
1297343117696233472,28674183,850414350,2020-08-23
1297343560551809024,28674183,850414350,2020-08-23
1297354429591621633,1144392827956355073,3043903840,2020-08-23
1297345237321482240,798500424194134016,798500424194134016,2020-08-23
1297349527951704065,28674183,325994885,2020-08-23
1297349884555735040,64097093,3031450706,2020-08-23
1297351160005681153,366498596,1139297142630178816,2020-08-23
1297351869174558720,926848969539497990,926848969539497990,2020-08-23
1297466144270495745,1031839285933219840,3385000241,2020-08-23
1297360627728617473,155048058,1403105180,2020-08-23
1297366871256248320,96149284,96149284,2020-08-23
1297458935570608128,34747487,178760129,2020-08-23
1297374185652510720,980071615986716672,850338641171841024,2020-08-23
1297395929390014464,808879093391368192,1250484098,2020-08-23
1297379498988417024,70183342,3290223170,2020-08-23
1297381517174419463,1045781052155940864,3014442664,2020-08-23
1297388025475764225,19426419,19426419,2020-08-23
1297391838488190976,839985545287720965,839985545287720965,2020-08-23
1297393136747110401,1285916076933619713,15714128,2020-08-23
1297401515192340480,179529875,578234529,2020-08-23
1297403529464819713,3979623923,3979623923,2020-08-23
1297404470075170816,78822403,1348041709,2020-08-23
1297410463895097345,1038177795694841860,1038177795694841860,2020-08-23
1297422090149203968,1852669202,3866126173,2020-08-23
1297415581621198848,2276147186,1017624424198103040,2020-08-23
1297575453075570689,1247360255790583808,1263154607825567746,2020-08-23
1297430283155910656,302887026,1117593619714670592,2020-08-23
1297442147478704135,398046826,398046826,2020-08-23
1297478784522825728,37904694,1217406927203962881,2020-08-23
1297638997762531328,783192504,3916929736,2020-08-23
1297464748850786304,900168022870155268,900168022870155268,2020-08-23
1297467464310304769,103371622,103371622,2020-08-23
1297646299022598145,970029860885278720,791314342033649665,2020-08-23
1297524859405131776,2549505211,2549505211,2020-08-23
1297528484231819267,789355024597909504,1262084301224542209,2020-08-23
1297487346028425216,897271522544439296,897271522544439296,2020-08-23
1297503155681464320,1239969860941217792,570381812,2020-08-23
1297496788472037376,2865493781,1494568999,2020-08-23
1297502300076945408,115308684,119113140,2020-08-23
1297509475272794112,1285613770069467136,953374112453406727,2020-08-23
1297569095072862208,1262596164354019328,983070151498223616,2020-08-23
1297572227106447368,1262596164354019328,983070151498223616,2020-08-23
1297510061800148992,30844417,30844417,2020-08-23
1297512861498068994,115308684,386294234,2020-08-23
1297523640079196160,156602374,18098009,2020-08-23
1297533262148116480,176059849,554021284,2020-08-23
1297528253977108482,979293529490018304,979293529490018304,2020-08-23
1297549045423058945,84294254,35148693,2020-08-23
1297538595956244482,1018882930007949312,1018882930007949312,2020-08-23
1298010947349549057,4153854796,1106252593276309504,2020-08-24
1297541068834181120,176059849,1197971222711148545,2020-08-23
1297542078340173826,39697259,139458531,2020-08-23
1297563049776353288,22061830,1132723018361462784,2020-08-23
1297559782182645760,28665916,20606844,2020-08-23
1297713186397982720,155048058,2755259466,2020-08-24
1297756192417157123,13951732,13951732,2020-08-24
1297563662031425536,1151842300944928768,2235256447,2020-08-23
1297561147630145537,593813785,593813785,2020-08-23
1297583955382697984,1003241066986786816,822785151822217216,2020-08-23
1297577947608559616,4541141723,44672556,2020-08-23
1297562366234828801,971443619650469890,971443619650469890,2020-08-23
1297564391529996289,64097093,166248414,2020-08-23
1297571940148944899,1189824906,819036562318991360,2020-08-23
1297572463098773505,320571217,320571217,2020-08-23
1297591577456582656,1247360255790583808,1059939675077513216,2020-08-23
1297585378266943488,748239688792682498,1166579881007820805,2020-08-23
1297578355345305606,1188903683909660672,1188903683909660672,2020-08-23
1297580925430235138,1189747611265380352,1189747611265380352,2020-08-23
1297588791465705474,92825421,66885899,2020-08-23
1297610034961154050,1390643754,61240246,2020-08-23
1297597547528228868,37904694,1217406927203962881,2020-08-23
1298281699105574913,334189709,334189709,2020-08-25
1297616310629576705,2838117555,2838117555,2020-08-23
1297621812914737158,797477526234771456,797477526234771456,2020-08-23
1297629701444313088,829802804734734336,1160724679306416128,2020-08-23
1297627851588395008,320571217,320571217,2020-08-23
1297628812570746881,3050494977,3050494977,2020-08-23
1297633610720321536,1285267615548690435,933770109167869952,2020-08-23
1297632104872845312,1079885853827186688,1006728698173616129,2020-08-23
1297631165789151232,1262863641352851458,3274547677,2020-08-23
1297637213119930369,571521997,1222532264615002113,2020-08-23
1297636137415016448,723965951511646208,723965951511646208,2020-08-23
1297642187761410049,1077790895783653377,45418948,2020-08-23
1297642880069058561,1222532264615002113,61626134,2020-08-23
1297644846526603265,1222532264615002113,764878285,2020-08-23
1297720042541514752,21522338,20402572,2020-08-24
1297655919183110150,1091520810207141889,1091520810207141889,2020-08-23
1297678566629339137,1279245010869686274,170369342,2020-08-23
1297686812530368517,2352565165,2497711687,2020-08-24
1297661168677462017,1187806519951269888,1218358275135221761,2020-08-23
1297668660694151168,2321698520,966720841642778626,2020-08-23
1297664987289313282,169735800,1243967092635963392,2020-08-23
1297682354056511488,137530414,1056840295,2020-08-23
1297679079940874240,1116105642068987905,1116105642068987905,2020-08-23
1297669464524234752,573866808,1090524396,2020-08-23
1297669192020381697,2439069144,2439069144,2020-08-23
1297722378240303105,115308684,1275504012,2020-08-24
1297849723559313408,4261171756,121226400,2020-08-24
1297675038720774144,2315586823,2315586823,2020-08-23
1297734453436059654,21522338,4721918292,2020-08-24
1297677084932878341,18294521,18294521,2020-08-23
1297677255896895490,18294521,18294521,2020-08-23
1298395585985351682,1257864624004829184,1257864624004829184,2020-08-25
1297679540244815873,1272918670323224577,820103426,2020-08-23
1297681646083362819,66209943,1017008344350027777,2020-08-23
1297682152847482881,236541422,2792928860,2020-08-23
1297685215242903553,98486683,98486683,2020-08-24
1297689490773901312,458971684,34825509,2020-08-24
1297690465152593920,16533888,16533888,2020-08-24
1297691292944797696,1511018348,1511018348,2020-08-24
1297692669355778049,1116105642068987905,1116105642068987905,2020-08-24
1297700381800071168,17971455,53725673,2020-08-24
1297704314958417920,23522932,23522932,2020-08-24
1297727612379369477,1235076927586586624,3142411708,2020-08-24
1297707072310714368,297009930,297009930,2020-08-24
1297707140958707712,16383118,16383118,2020-08-24
1297713963942252545,1332791461,1676126712,2020-08-24
1297710873151016961,2185190036,2185190036,2020-08-24
1297712343372247042,286699384,97863902,2020-08-24
1297716394516197376,17919393,17919393,2020-08-24
1297810159234764801,826332877457481728,927388044,2020-08-24
1297746816923049986,22639515,24707450,2020-08-24
1297735406725861376,45788259,827769733281837056,2020-08-24
1297735283761324033,360611439,360611439,2020-08-24
1297743812102631426,115308684,311197190,2020-08-24
1297744989066342409,1137014383920525312,392481617,2020-08-24
1297845552244305925,475180174,1079536523526238208,2020-08-24
1298043242823462919,1232046216541868040,1232046216541868040,2020-08-24
1297751786745257984,257641845,3177005245,2020-08-24
1297763376731500544,21522338,54784497,2020-08-24
1297757128334114816,1176870582421471233,1176870582421471233,2020-08-24
1297757715091951617,4871961853,2923076966,2020-08-24
1297762167161323522,746499078,196571499,2020-08-24
1297763265938886656,1009546724,1009546724,2020-08-24
1300302260518363136,803173306216001538,803173306216001538,2020-08-31
1297915576661225474,4828854406,1394827801,2020-08-24
1297772916528930817,15445129,15445129,2020-08-24
1297783841931829249,1204770198773018625,3458433321,2020-08-24
1297781350313758720,98486683,98486683,2020-08-24
1297797668584869888,1939879202,1939879202,2020-08-24
1297803934766108674,2815155763,2815155763,2020-08-24
1297805779790168064,387231469,387231469,2020-08-24
1297808327259369472,2300282864,2300282864,2020-08-24
1297809009144193024,336650278,336650278,2020-08-24
1297818268162555905,2582682120,2582682120,2020-08-24
1297818941293830146,786681441971232770,786681441971232770,2020-08-24
1297884503554179073,257641845,215601191,2020-08-24
1297864571844255746,344375185,702521033870458880,2020-08-24
1297825220687024130,2883945809,2883945809,2020-08-24
1297833945648836611,21522338,4673242603,2020-08-24
1297830639438372872,792465891040587777,57772859,2020-08-24
1297831101491220480,1296811299721142283,1296811299721142283,2020-08-24
1297847449134878720,221799722,221799722,2020-08-24
1298384680065150977,1262596164354019328,983070151498223616,2020-08-25
1297866204456116226,1086976130819809280,1232313148939669504,2020-08-24
1297863454653644803,1106632781914927104,1106632781914927104,2020-08-24
1297885531980922880,1297187292797448192,8220042,2020-08-24
1297866257908236288,277369961,277369961,2020-08-24
1298159496582365184,388991750,1401733428,2020-08-25
1297916483457212421,811619815274254336,1189317042857316354,2020-08-24
1297893139768905728,2228644813,2228644813,2020-08-24
1297895271343562753,302438373,365037078,2020-08-24
1297887054471155712,169005494,169005494,2020-08-24
1298025388895920129,172060501,3182895158,2020-08-24
1298026316168433664,172060501,3182895158,2020-08-24
1297895475421511682,766039340724158465,2562804806,2020-08-24
1297899721357512705,43345731,43345731,2020-08-24
1297903429940125698,143798379,143798379,2020-08-24
1297903328987197443,1295848547103805440,1295848547103805440,2020-08-24
1297903580033224705,1243169647911985154,1243169647911985154,2020-08-24
1297904926169935872,1145995020,1145995020,2020-08-24
1297911247350820864,870105766794993665,870105766794993665,2020-08-24
1297917224796258310,4534193952,4534193952,2020-08-24
1297920832660963328,21522338,241640955,2020-08-24
1297928151557984257,115308684,492675070,2020-08-24
1297925456189108225,1289433877149290496,3907764746,2020-08-24
1297924454425571330,776685916026867712,776685916026867712,2020-08-24
1297925060041342977,1293276459923120129,1293276459923120129,2020-08-24
1297926479519657989,807812802761158656,728593726302498817,2020-08-24
1297927749768798209,2538317437,2538317437,2020-08-24
1298133354307559424,41401553,3296219929,2020-08-25
1298139252694421504,1266280025063485440,1034601211406831617,2020-08-25
1297938999378575361,17919393,17919393,2020-08-24
1297939557770563585,807812802761158656,14074252,2020-08-24
1297949235732795393,434285206,19440657,2020-08-24
1297947583814471682,636693268,636693268,2020-08-24
1297950626458955777,914729936249774080,914729936249774080,2020-08-24
1297969575892586496,1436919157,70771738,2020-08-24
1298956593258692610,1552448954,441623904,2020-08-27
1297951665904115713,709905230,709905230,2020-08-24
1297956122545061889,2441055814,1205998019239383040,2020-08-24
1297973007663665152,1195099071293382662,2558953269,2020-08-24
1297954733634646017,64274721,254193995,2020-08-24
1298425791630516225,493499520,1261883750788395008,2020-08-26
1297957366508421120,3379740699,3379740699,2020-08-24
1297958569309081602,1035181525,1035181525,2020-08-24
1297966468655722501,3195419603,696482342282645505,2020-08-24
1297962786774028288,434285206,122972707,2020-08-24
1297969995989819393,46398654,46398654,2020-08-24
1297968199707824128,574129370,574129370,2020-08-24
1297970381228212224,85984411,167932876,2020-08-24
1298190032193216513,1633560414,23670398,2020-08-25
1298024798661087234,22639515,24707450,2020-08-24
1297989870615494656,4247542528,2361242006,2020-08-24
1297994489173344257,1248365263617171462,4871691736,2020-08-24
1299594430115180547,884469749127819265,1176684409635909632,2020-08-29
1297996848733421568,1151345828,2868544624,2020-08-24
1297994666474762240,98486683,98486683,2020-08-24
1297998656809967617,4548089901,1258458665037762560,2020-08-24
1298178852666081283,205671613,2250534022,2020-08-25
1298001289033506816,301170383,301170383,2020-08-24
1298011434820018176,314257139,3619352295,2020-08-24
1298010043212849155,1629152486,56197959,2020-08-24
1298015502984413184,895347487233462272,961817767,2020-08-24
1298012105124315141,295557152,760574375892574209,2020-08-24
1298015233047330817,13951732,13951732,2020-08-24
1298024473115779072,898001866881216515,703997514,2020-08-24
1298027902982860802,1174354665695264768,1174354665695264768,2020-08-24
1298624361977597953,70797085,70797085,2020-08-26
1298032884209549315,1224321439538565120,999673612532617218,2020-08-24
1298038931527737344,1276732723340759041,1276732723340759041,2020-08-24
1298042508681895937,823015510006755330,128387510,2020-08-24
1298047262216663047,3422384260,3422384260,2020-08-24
1298047704472399873,1294412813688025099,1294412813688025099,2020-08-25
1298049608543764482,728747154,802774000942415872,2020-08-25
1298217913816682496,726779486,266273858,2020-08-25
1298055616095825922,16523905,281800967,2020-08-25
1298050780562427905,1689686322,1689686322,2020-08-25
1298077154043977728,1055405245449322496,1296326464003084291,2020-08-25
1298055715303510016,64320068,64320068,2020-08-25
1298058737366818816,115308684,2832589037,2020-08-25
1298064549917204482,27971357,27971357,2020-08-25
1298067331713847296,999796014918778880,505796751,2020-08-25
1298064630460362752,115308684,114005207,2020-08-25
1298065726255833088,115308684,492675070,2020-08-25
1298095443780481025,15554809,162501671,2020-08-25
1298069936938659840,1200465785627586561,740623646574710784,2020-08-25
1298069745426718720,64218261,1213147363444834304,2020-08-25
1298071043215699968,599743275,599743275,2020-08-25
1298071453070512130,17631666,118708493,2020-08-25
1298397319570882560,25365699,37685082,2020-08-25
1298071792641351680,1257400718283112453,1257400718283112453,2020-08-25
1298074907755126784,173247432,1247201575,2020-08-25
1298094029930987521,202371049,908710118216179712,2020-08-25
1298194922709946369,19202915,1184479760413577217,2020-08-25
1298085726828089344,227406960,227406960,2020-08-25
1298083733459918853,777233447416832000,850083436408717312,2020-08-25
1298155166420488194,875331036468527104,2859651616,2020-08-25
1298087718216507392,1239599332770398214,999832346797850624,2020-08-25
1298376361329848321,27202261,27202261,2020-08-25
1298094535592087557,1004053092109832192,2263224073,2020-08-25
1298098153971945472,21522338,37039736,2020-08-25
1298093700271280128,761111202541948928,761111202541948928,2020-08-25
1298226803035774981,1210271335378833410,810335113795932160,2020-08-25
1298100480430620672,19426419,19426419,2020-08-25
1298101318419193858,1263537169647505410,1263537169647505410,2020-08-25
1298111630442520578,747932406049443840,1278176577243631616,2020-08-25
1298111857954131969,565925650,53548789,2020-08-25
1298141314811215872,394046792,1214697743374880768,2020-08-25
1298258442306502656,2773435505,64578817,2020-08-25
1298145827089608705,19426419,19426419,2020-08-25
1298150451808886784,19426419,19426419,2020-08-25
1298149684414803970,876782309302714369,876782309302714369,2020-08-25
1298152673066319872,181877490,35034459,2020-08-25
1298154393968226305,14226860,14226860,2020-08-25
1298162727739953154,2335560009,742835179,2020-08-25
1298166369003937792,4072786517,4072786517,2020-08-25
1298191462597681153,70183342,1062719376036651008,2020-08-25
1298169078050324480,1155287095,1213169016098844672,2020-08-25
1298207549603414018,396861422,1196210463438098432,2020-08-25
1298180761137360896,454423746,225168723,2020-08-25
1298243872183726080,895347487233462272,1065170168228270080,2020-08-25
1298178868818345985,996239400773259267,996239400773259267,2020-08-25
1298180972161257472,21522338,2865840367,2020-08-25
1298182977822887937,21522338,834959346962477056,2020-08-25
1298218090249912320,756029780,42979284,2020-08-25
1298586659315830784,2844870645,2844870645,2020-08-26
1298196559855845382,224063770,1193301427118125056,2020-08-25
1298898545244688384,1263046626408566784,1263046626408566784,2020-08-27
1298190385865469953,121259222,121259222,2020-08-25
1298215976798949376,115308684,139241586,2020-08-25
1298216663146356736,1196210463438098432,396861422,2020-08-25
1298246339470360576,34656478,2344223106,2020-08-25
1298231361774460928,37738073,37738073,2020-08-25
1298234633834897409,3081983657,2421431117,2020-08-25
1298242220303110144,24998491,169949875,2020-08-25
1298352709339406342,16523905,1454591749,2020-08-25
1298319564032417793,1719873062,195441305,2020-08-25
1298438516414742529,283363779,23393318,2020-08-26
1298255292036153344,110326494,110326494,2020-08-25
1298326551893807104,1257660442027196418,568195343,2020-08-25
1298257827157307395,779207187365236736,1274791269462675460,2020-08-25
1298261275076489217,281464648,281464648,2020-08-25
1298263218456936448,2768119705,250955897,2020-08-25
1298262586018783242,1298260597704781824,1298260597704781824,2020-08-25
1298273603914330113,115308684,992291401,2020-08-25
1298276108597694464,1149484900908748800,257641845,2020-08-25
1298278823293792259,834624054099337216,797502729103011845,2020-08-25
1298281101799063554,1149484900908748800,257641845,2020-08-25
1298310434995539968,3950434095,714954364146683904,2020-08-25
1298288950168227846,1250819837309456384,1250819837309456384,2020-08-25
1298291023475605505,325543945,1071605291324723200,2020-08-25
1298292851093184512,17918065,17918065,2020-08-25
1298428942009929729,715190944006586368,715190944006586368,2020-08-26
1298310009449787393,115308684,60155737,2020-08-25
1298328565029539840,3293661355,1228414303801401346,2020-08-25
1298304751445127168,1042405564540768256,1202611515897131008,2020-08-25
1298314565923401728,1279837942509236224,1116827666974486529,2020-08-25
1298313122533367809,1217747408081211392,1217747408081211392,2020-08-25
1298315272777019394,1282961943293235207,3394597769,2020-08-25
1298318041462255618,1188932094694739968,52523463,2020-08-25
1298327506437709826,487609091,44758561,2020-08-25
1298345016771969025,1470411882,2521570944,2020-08-25
1298331456503263232,1280125550393274368,1467838428,2020-08-25
1299091341432049664,1292131618027692034,1292131618027692034,2020-08-27
1298408493410594816,2329483728,2329483728,2020-08-25
1298335738925395968,876000815365980160,3083942121,2020-08-25
1298337233192263682,188335086,188335086,2020-08-25
1298342599024148487,1279832675323449350,759764535372812288,2020-08-25
1298344101604200450,1267925527605755905,1267925527605755905,2020-08-25
1298347127618392065,808289413818105856,808289413818105856,2020-08-25
1298347875441803264,1470411882,2521570944,2020-08-25
1298378180240314373,392645836,3289699401,2020-08-25
1298353422580633600,1157388784301793280,1157388784301793280,2020-08-25
1298356361722388480,4839872717,4839872717,2020-08-25
1298365652126720001,879834908243369984,978794270999146496,2020-08-25
1298359726439268354,1110972656025776128,1110972656025776128,2020-08-25
1298360215616790529,87584526,118899840,2020-08-25
1298361689994194946,98486683,98486683,2020-08-25
1298362576884170759,2942308314,2942308314,2020-08-25
1298373085595402242,1248232073263022080,1225315996086476800,2020-08-25
1298373079865925632,193055295,193055295,2020-08-25
1298374157932146689,1126140240543002625,1126140240543002625,2020-08-25
1298378504019546112,1043423847708590081,1043423847708590081,2020-08-25
1298383895487021061,707639136799350784,576896763,2020-08-25
1298418535006445574,420411751,4002666257,2020-08-26
1298385750170505216,487609091,1259362778537574402,2020-08-25
1298389249457303552,16685301,14416109,2020-08-25
1298390271999311872,487609091,1259362778537574402,2020-08-25
1298393513483091969,3025160151,1493059178,2020-08-25
1298392802540302336,487609091,1259362778537574402,2020-08-25
1298995958034739200,49007014,821028936977174532,2020-08-27
1298397291133448196,4463594867,435540777,2020-08-25
1298408977689190401,105810396,41594003,2020-08-25
1298409752263897088,779032864750985217,1291913958056697861,2020-08-25
1298414475138277382,17621578,17621578,2020-08-26
1298414597926293505,181605606,181605606,2020-08-26
1298415290351591424,1193336452433747969,3320005752,2020-08-26
1298415575534841863,1102597288835325953,1102597288835325953,2020-08-26
1298423041819639809,1244782610565541889,14864641,2020-08-26
1298437792008040449,42068515,273610505,2020-08-26
1298439393334759426,2963425413,2795335441,2020-08-26
1298443013241233408,4871961853,818272504749789185,2020-08-26
1298445489306828800,1081957779403878401,1081957779403878401,2020-08-26
1298452644147728386,66383631,717793218897649664,2020-08-26
1298448814714560513,94419492,47153475,2020-08-26
1298450437948014592,21104432,21104432,2020-08-26
1298453071694049280,115308684,154314087,2020-08-26
1298455558400495619,115308684,154314087,2020-08-26
1298457711168888834,296939494,2720800274,2020-08-26
1298459698333724673,115308684,154314087,2020-08-26
1298466811281903616,1298453319279673346,1298411097444110337,2020-08-26
1298471978395934720,1292662940299132929,875175889692106752,2020-08-26
1298525969079324672,87825618,338806195,2020-08-26
1298593172835180546,986057749367795717,813018057744547840,2020-08-26
1298562289667203072,1252576835084226562,2657994214,2020-08-26
1298505047819444224,172060501,32959566,2020-08-26
1299072727991558144,14827344,3256931,2020-08-27
1298513790640717824,797908112246185990,119869528,2020-08-26
1298622305510100992,911988865673474048,146322201,2020-08-26
1298503901281320960,333847448,333847448,2020-08-26
1298506530984263681,1948039580,120570076,2020-08-26
1298603925113839616,3111809865,701879259,2020-08-26
1298647960679415808,360611439,467863537,2020-08-26
1298525868470554624,89652207,113679783,2020-08-26
1298593869278392323,399210952,399210952,2020-08-26
1298580432519405568,1167222192452624389,1167222192452624389,2020-08-26
1298591219212328960,1076056544389881859,1253746949150445576,2020-08-26
1298642097029943296,3045072338,922602613534789632,2020-08-26
1298590993424490498,15076064,15076064,2020-08-26
1298625659959414789,1276631269003182082,1242185486766047234,2020-08-26
1298630835227303937,1552448954,586802397,2020-08-26
1298606556666191874,963869922840395776,2583095011,2020-08-26
1298607662347833350,254151768,254151768,2020-08-26
1298611188935413763,1086976130819809280,1283835271528800260,2020-08-26
1298617199834390528,1185232614023729154,1185232614023729154,2020-08-26
1298621873245302788,2583095011,963869922840395776,2020-08-26
1298630005044502529,1178723839313887233,1734407850,2020-08-26
1298682981100457988,436753331,951902513216700416,2020-08-26
1298998189777809415,1890686964,1890686964,2020-08-27
1298880688372973574,108951721,108951721,2020-08-27
1298630505017950209,79269066,79269066,2020-08-26
1298631680723427329,1964475200,35875869,2020-08-26
1298638006107029504,141847755,67403575,2020-08-26
1298639885335584769,963869922840395776,2583095011,2020-08-26
1298638755667103745,1248048975820787713,1281622251842961412,2020-08-26
1298640314912186369,1248048975820787713,1281622251842961412,2020-08-26
1298948298133340160,1266280025063485440,1034601211406831617,2020-08-27
1298650339273592832,948292146,292580300,2020-08-26
1298676591191453697,1045500096299773952,1298503942943342593,2020-08-26
1298651479360917505,714951722,109618376,2020-08-26
1298654786024353797,281464648,281464648,2020-08-26
1298658070843858946,14712692,21271209,2020-08-26
1298657620438290432,1128147829606600706,1128147829606600706,2020-08-26
1298659016873332738,2228878592,1173297636,2020-08-26
1298665550856327169,26920684,1120360329685368832,2020-08-26
1298667946437423105,874672779907526658,1006962567296835584,2020-08-26
1298669357271310341,295586633,295586633,2020-08-26
1298674504042979330,1278378361564344320,757868978714898432,2020-08-26
1298673322457260032,885968793406763009,444484989,2020-08-26
1298779611476697088,1297108931999866882,514251056,2020-08-27
1298676704374923264,1278378361564344320,1393758882,2020-08-26
1298674085459718145,26920684,3968979867,2020-08-26
1298676669780299777,50563940,44733050,2020-08-26
1298721906065997827,35512572,1242501007038222337,2020-08-26
1298682925429465095,1266091927348359175,3314507488,2020-08-26
1298680175933001728,775800032159117312,775800032159117312,2020-08-26
1298683500875276288,1246870023802482688,894588814177521664,2020-08-26
1298684537589948421,965642270887342084,1270602733,2020-08-26
1298689819187523584,1270602733,965642270887342084,2020-08-26
1298686901986172933,3314507488,218833534,2020-08-26
1298686958374465536,1279863835613188098,1279863835613188098,2020-08-26
1298686921368113154,186575135,186575135,2020-08-26
1298688814181998592,1086976130819809280,1289931955300192262,2020-08-26
1298695365277806592,2914321414,1172554743085969408,2020-08-26
1298695980607578115,2843685004,1007336863957385218,2020-08-26
1298729370643619840,34656478,2344223106,2020-08-26
1298714467341987847,1178015691200434176,1256497275863474176,2020-08-26
1298705935226089473,1275195264647737349,938077700295725057,2020-08-26
1298819664525570049,66099788,71252602,2020-08-27
1298707201234788352,34622379,34622379,2020-08-26
1298775689567629337,1185334463317921792,1185334463317921792,2020-08-27
1298712448136966144,3314507488,901837427916058624,2020-08-26
1298716529148588034,1197275734823391234,1055194830698102785,2020-08-26
1298712361503567874,3413618374,3413618374,2020-08-26
1298714122578612224,437304470,437304470,2020-08-26
1298717559168983043,2843685004,1007336863957385218,2020-08-26
1298722908936650757,3284820050,3284820050,2020-08-26
1298739900343152640,172060501,32959566,2020-08-26
1298725268211683328,63996778,741785108,2020-08-26
1298725446532689921,63996778,741785108,2020-08-26
1298725779090444288,800487528994258944,944909653,2020-08-26
1298732464592941057,27202261,27202261,2020-08-26
1298730313053429760,1071252725952860162,1071252725952860162,2020-08-26
1298732197617303565,829187922683318272,1101481727434858496,2020-08-26
1298732444275937282,3098238547,3098238547,2020-08-26
1298735884699938817,1122146650519109638,967563883421601794,2020-08-26
1298737678582771712,715346429988843520,539969895,2020-08-26
1298787913388433408,1293623087007752192,3415807744,2020-08-27
1298739750380003329,3060917158,26606267,2020-08-26
1298744017824428033,13951732,13951732,2020-08-26
1298744011407134726,439616973,439616973,2020-08-26
1298768964571590670,11135352,1093576915997392897,2020-08-26
1298766107654983680,1613222576,1613222576,2020-08-26
1298768048602509314,1141090089373536256,1141090089373536256,2020-08-26
1298759166337712129,1700462526,1191158484118704130,2020-08-26
1298764251956379654,17893690,906193308208300033,2020-08-26
1298857577032245248,822813237473226753,980991878207164417,2020-08-27
1298774438822006786,1204770198773018625,1195589085714366464,2020-08-27
1298774184252698628,539566673,1256304492254986241,2020-08-27
1298773213015498752,341107145,226305830,2020-08-27
1298780356162842626,1086976130819809280,350065144,2020-08-27
1298788069374451712,2914321414,843867077597417472,2020-08-27
1298782559434731520,320571217,1239663268978929667,2020-08-27
1298782747985498113,320571217,1239663268978929667,2020-08-27
1298791694092115969,1162757233987522562,1145410202151219201,2020-08-27
1298785838772285440,19790393,19790393,2020-08-27
1298786127504171008,2817344965,2817344965,2020-08-27
1298787341092483072,785305726013014017,1276071372335153152,2020-08-27
1298787996511203328,785305726013014017,1276071372335153152,2020-08-27
1298789999748341760,320571217,320571217,2020-08-27
1298791331985338369,487609091,1259362778537574402,2020-08-27
1298800538880892932,588466643,588466643,2020-08-27
1298807146700836866,1581151478,1057762342883155968,2020-08-27
1298809949783560197,394642242,1100462352749772800,2020-08-27
1298808340076736512,17919393,17919393,2020-08-27
1298811784439136257,3885853092,963562417732177921,2020-08-27
1298830131998257152,1467228402,1269293281399189504,2020-08-27
1298813821415391233,762522504,583067197,2020-08-27
1298814330071330817,115308684,111342974,2020-08-27
1298819227982364672,2206283731,2206283731,2020-08-27
1298825874490322944,206151619,206151619,2020-08-27
1298822369964748800,218286256,1052233628221169665,2020-08-27
1298830753866842113,145344704,145344704,2020-08-27
1298855590429626369,324727144,324727144,2020-08-27
1298837813102813185,155048058,466452600,2020-08-27
1298842675790061568,1260319124401479680,143666294,2020-08-27
1298843071530954752,1148819186845536256,1148819186845536256,2020-08-27
1298849474006134784,56308041,56308041,2020-08-27
1298857506903666689,110022999,826253640033775617,2020-08-27
1298864420421074950,900379938,1195381648893923337,2020-08-27
1298989676678615044,2493602402,304732906,2020-08-27
1298867171498565632,1195381648893923337,900379938,2020-08-27
1298867773809065984,110022999,826253640033775617,2020-08-27
1298873814957330433,375835655,375835655,2020-08-27
1298881394240712704,1270006523427602434,1270006523427602434,2020-08-27
1298942812394790913,1379643769,409996450,2020-08-27
1298991371454279689,930754078044491776,930754078044491776,2020-08-27
1298892055368863744,1201515361612554240,1191233988,2020-08-27
1298905858760466432,1199695813729030145,231528039,2020-08-27
1298907196441481216,866783786826174464,1245994267,2020-08-27
1298910766133805056,375835655,375835655,2020-08-27
1298956400861655041,320571217,466654313,2020-08-27
1298913096107425792,1170989545153794048,1170989545153794048,2020-08-27
1298983122982195201,163856131,1270380840439160833,2020-08-27
1298937636011126784,3011847324,3011847324,2020-08-27
1299074514374983681,172060501,3420190719,2020-08-27
1300152946458583040,910862420553420801,1280873191821529089,2020-08-30
1298956180442800129,809065116448616448,36941005,2020-08-27
1298956986785169408,80150407,80150407,2020-08-27
1298964267966713856,98882952,1083534104648433669,2020-08-27
1298973934629474309,822913722897178624,1281559836363231232,2020-08-27
1298973908293410817,822913722897178624,1281559836363231232,2020-08-27
1298974563062013961,320571217,306939535,2020-08-27
1299013482298384386,2909845271,235132532,2020-08-27
1298980755809263617,1102253772800172032,1064314368,2020-08-27
1298981035749720067,1057479569832325121,248978473,2020-08-27
1298986998808510465,173247432,1247201575,2020-08-27
1299026788149080064,247975042,247975042,2020-08-27
1299029404274786305,25365699,25365699,2020-08-27
1298994135693586437,1006211272399048706,1006211272399048706,2020-08-27
1298995550998507525,24878730,42589787,2020-08-27
1298996165074067458,1000388532819685381,1058255840967241728,2020-08-27
1299014192763150336,1033732648911478786,737360290094796800,2020-08-27
1299318840510181380,1890686964,1890686964,2020-08-28
1299007048655437825,1235223909798162432,1182131962745643008,2020-08-27
1299010090448515075,20246682,1236369178841550849,2020-08-27
1299024066683129856,778246271811227648,778246271811227648,2020-08-27
1299146313523658753,344922225,1270088881136963584,2020-08-28
1299008378832814081,225921757,225921757,2020-08-27
1299070729217085440,1112776622996930560,1064642821053919233,2020-08-27
1299012217514242049,320571217,129822601,2020-08-27
1299018407342297089,1471672549,2821620123,2020-08-27
1299023121400434692,1079885853827186688,4836118133,2020-08-27
1299083582921678860,1239599332770398214,88537186,2020-08-27
1299026667105669122,13951732,13951732,2020-08-27
1299029855342931973,598621559,330851713,2020-08-27
1299030205130924032,598621559,330851713,2020-08-27
1299046862201278466,1268332976636661760,1251315776348475392,2020-08-27
1299320218787942403,1268541429242048518,1211306715494223872,2020-08-28
1299046564246089728,800487528994258944,944909653,2020-08-27
1299048899508871168,1268332976636661760,1251315776348475392,2020-08-27
1299052421788733441,14773632,16428322,2020-08-27
1299053497833455618,2863996955,2863996955,2020-08-27
1299057251953659905,865010687231307776,35782706,2020-08-27
1299055397286932481,52226304,52226304,2020-08-27
1299066892573986816,45573874,45573874,2020-08-27
1299062988213805060,17919393,17919393,2020-08-27
1299078232420036608,3081983657,4063355952,2020-08-27
1299320767117701126,2277285773,91681504,2020-08-28
1299070059487178752,1086,67187145,2020-08-27
1299154658162692096,1032388244,14531032,2020-08-28
1299075571410894851,552305234,552305234,2020-08-27
1299092010348019713,18634205,383712967,2020-08-27
1299087024364773376,1965508532,49483988,2020-08-27
1299113102424842240,1292644175247179783,1019124482,2020-08-27
1299078629788442624,1265815797731135488,1265815797731135488,2020-08-27
1299303187543924736,871495245074006017,14848075,2020-08-28
1299082446999293954,553159128,553159128,2020-08-27
1299084729879330819,2944407882,841855258817093632,2020-08-27
1299087494647087104,386685841,76904458,2020-08-27
1299122941607571456,1295131288345522176,2179042014,2020-08-27
1299087220750585863,1246925840304259072,1246925840304259072,2020-08-27
1299087775732387845,916328718838071296,2987771191,2020-08-27
1299104902686404614,934893264406065152,2792770435,2020-08-27
1299112072332980224,375845214,789992294,2020-08-27
1299112017643544578,879871140663087105,4880848939,2020-08-27
1299113206149820419,320571217,466654313,2020-08-27
1299114510926704642,394154071,871434601,2020-08-27
1299119607660371968,63996778,741785108,2020-08-27
1299364871650160640,291962644,291962644,2020-08-28
1299152843132284929,161548866,92595437,2020-08-28
1299125727271333889,320571217,466654313,2020-08-27
1299127938877714439,4880848939,879871140663087105,2020-08-27
1299135141361713158,198369980,1265861396056555524,2020-08-28
1299142272693481473,719932634982289408,1439411496,2020-08-28
1299138582951723013,1035085366766854145,20556056,2020-08-28
1299134642738651138,63996778,3035694758,2020-08-28
1299136083305914368,463486531,1449733398,2020-08-28
1299137908939436032,1391451,1391451,2020-08-28
1299163569993453568,1120523294,820205214779265024,2020-08-28
1299140876682264576,373727950,1229835400287358976,2020-08-28
1299148058765254657,1266579244169211905,292058250,2020-08-28
1299466673167056896,2589468010,841445554097917952,2020-08-28
1299156557293330433,25927122,794739160166891520,2020-08-28
1299159628526297088,1006546410064498693,1006546410064498693,2020-08-28
1299180904489742336,15113653,15113653,2020-08-28
1299162499967848454,832599380,836299646792237056,2020-08-28
1299375200446808064,121259042,517211768,2020-08-28
1299166218327388167,1239599332770398214,2174799122,2020-08-28
1299170888177287173,38914113,38914113,2020-08-28
1299173091311058944,972666234,59151161,2020-08-28
1299172812142370817,789220187392380928,795220785677946880,2020-08-28
1299338204512829442,3343098585,8771162,2020-08-28
1299180203957268486,719713066485686274,335687686,2020-08-28
1299184381232250881,1449733398,463486531,2020-08-28
1299180401869631488,1239599332770398214,2883612108,2020-08-28
1299181663411412994,1239599332770398214,2883612108,2020-08-28
1299182019721785345,18185913,2331502194,2020-08-28
1299181131250589697,1286322416315011073,1286322416315011073,2020-08-28
1299183568032333832,798258929465692164,24343227,2020-08-28
1299392323067899904,1248686860492255234,1159378003,2020-08-28
1299435419776331776,18358771,1244719015722876929,2020-08-28
1299190788010717184,823224473738506245,823224473738506245,2020-08-28
1299191634706522112,82664640,48549638,2020-08-28
1299191989100052482,761111202541948928,761111202541948928,2020-08-28
1299199787045212162,795220785677946880,1641468606,2020-08-28
1299194544857194498,369287871,462610596,2020-08-28
1299205212603908096,1081242660,136464574,2020-08-28
1299195006578618370,41538183,212025177,2020-08-28
1299194546203627520,39656458,39656458,2020-08-28
1299200652694913025,82664640,203249572,2020-08-28
1299200594016526336,1253489489508306945,601100978,2020-08-28
1299588464170741760,969880908869390336,969880908869390336,2020-08-29
1299333671602868224,23926300,57566042,2020-08-28
1299293968426037250,871495245074006017,830822471842533376,2020-08-28
1299307857997901824,21094793,2907368548,2020-08-28
1299236774045274113,496404509,773766773892145152,2020-08-28
1299206888761053185,161943215,614882076,2020-08-28
1299360839745572865,2561798899,857107730544439297,2020-08-28
1299227490527973376,2373106670,217611030,2020-08-28
1299237333426987008,324727144,962699330888060929,2020-08-28
1299219055958568960,23493744,1286183126788579328,2020-08-28
1299350954114908161,52959549,624843215,2020-08-28
1299218302418386945,1220140259263971328,1073779424451907584,2020-08-28
1299222134112354304,21522338,393208965,2020-08-28
1299220708703309825,3181269157,3181269157,2020-08-28
1299225508173901824,972637334775582720,356873094,2020-08-28
1299231911328575488,21522338,916753722662805504,2020-08-28
1299232735475630080,762522504,4867506532,2020-08-28
1299313529456132096,1114232180887162880,939371069558812673,2020-08-28
1299285666132525056,871495245074006017,87459065,2020-08-28
1299273389626945537,140917063,1298853348083240963,2020-08-28
1299284051111665665,287567490,737328626417475588,2020-08-28
1299284878475886592,402231469,402231469,2020-08-28
1299289980544704512,895201270713249792,895201270713249792,2020-08-28
1299305164302700546,1185250333360033792,617134815,2020-08-28
1299310668781322242,21522338,27864667,2020-08-28
1299309753772933120,346212495,1096208888,2020-08-28
1299308530147758082,285073479,28518805,2020-08-28
1299327737996414976,770794113277038592,257116417,2020-08-28
1299330135548719105,811514954159443968,1450417315,2020-08-28
1299331763702059009,13951732,13951732,2020-08-28
1299344184785227778,20957644,40186246,2020-08-28
1299361682020597763,811514954159443968,2151780446,2020-08-28
1299383496578920449,1105882652509462528,239361710,2020-08-28
1299351529544208386,297301667,297301667,2020-08-28
1299357107066679298,719521453725638656,826848643135123456,2020-08-28
1299356123712159746,1244782610565541889,63807415,2020-08-28
1299368500046303232,1029096091,1029096091,2020-08-28
1299360500552093697,14721187,14721187,2020-08-28
1299428735398092800,1111429252958904320,4917094570,2020-08-28
1299361532527091713,443234862,332577215,2020-08-28
1299359988813422592,1070083706822438912,1070083706822438912,2020-08-28
1299365664956788747,1239599332770398214,3074277980,2020-08-28
1299367837191077889,14817133,853514173111836674,2020-08-28
1299369874804715522,331180215,331180215,2020-08-28
1299375087985086471,1267179613287059458,233696457,2020-08-28
1299380041747488768,75311987,1730302538,2020-08-28
1299389375411675141,35258301,29159766,2020-08-28
1299439951382183941,44201352,44201352,2020-08-28
1299388671351828480,156179111,1220461388927246337,2020-08-28
1299388593023131648,62977683,380046925,2020-08-28
1299389652093206528,857465379156762624,857465379156762624,2020-08-28
1299398576511082499,438843965,438843965,2020-08-28
1299413183929692162,933038773398622208,24229904,2020-08-28
1299393512924999687,82664640,61112348,2020-08-28
1299407595741024256,56263360,56263360,2020-08-28
1299397050484903936,31864955,31864955,2020-08-28
1299400144417415169,115308684,290042678,2020-08-28
1299402626992349189,820536494813302784,1277663596378456065,2020-08-28
1299405110280323073,1443908539,1002419335455965184,2020-08-28
1299426973333311488,1030186828127760385,796411284141068288,2020-08-28
1299408918171529220,947095321,1034668124572921856,2020-08-28
1299413593595744262,2414718644,2414718644,2020-08-28
1299416472821923841,74964516,74964516,2020-08-28
1299415565929504769,2615390872,23565245,2020-08-28
1299437006095872000,1262596164354019328,983070151498223616,2020-08-28
1299416901223882755,1064476441,883447543,2020-08-28
1299426307034447874,1045898918591115264,1260219909692370948,2020-08-28
1299420211637088256,3058894086,53959182,2020-08-28
1299426281151295489,762449955185266689,1054961045838667776,2020-08-28
1299424557653282816,201766091,201766091,2020-08-28
1299424835760803840,82664640,1514280482,2020-08-28
1299427488817274880,182094372,621986148,2020-08-28
1299426605840957440,1042405564540768256,44893104,2020-08-28
1299439223687307271,17407036,2715808479,2020-08-28
1299707261766365185,179232718,179232718,2020-08-29
1299439592874094592,25772752,320594912,2020-08-28
1299438360004620288,1293260780553502721,1293260780553502721,2020-08-28
1299445049223081984,157078263,157078263,2020-08-28
1299446716970799109,2645822300,2645822300,2020-08-28
1299500632005652480,14346159,2793583396,2020-08-29
1299450652158914561,1254807987576684544,1254807987576684544,2020-08-28
1299462125056819200,1151623664854429697,1151623664854429697,2020-08-28
1299468618745307136,63186317,63186317,2020-08-28
1299501543587110913,1159778158897352704,713975197,2020-08-29
1299477568039596033,101016021,101016021,2020-08-28
1299488622861791235,769922822,1038516028911878144,2020-08-28
1299482844385902593,2353121494,227091033,2020-08-28
1299483427960356864,19426419,19426419,2020-08-28
1299530763004649472,60381078,363499493,2020-08-29
1299484500506955777,817397136576937984,939600814858960896,2020-08-28
1299491924940857344,369287871,1183987349803425793,2020-08-28
1299494264368439304,221627242,66271308,2020-08-28
1299493688733831171,369287871,1183987349803425793,2020-08-28
1299509164373311488,1017294810393337857,1017294810393337857,2020-08-29
1299502295357337600,762449955185266689,1211331382405783552,2020-08-29
1299502533082148864,22080646,1213118606646468608,2020-08-29
1299505316560875520,4805892744,4805892744,2020-08-29
1299506788488880128,80924518,1012096999,2020-08-29
1299509482548899840,1137537819729989637,1137537819729989637,2020-08-29
1299512300144152578,1563473563,1046457489393356805,2020-08-29
1299741328989974532,389611747,712079953337126912,2020-08-29
1299551733526405120,1230894857285197824,1230894857285197824,2020-08-29
1299516554850250752,353124814,198768902,2020-08-29
1300196316933431296,1261647984745463808,10664212,2020-08-30
1299520451773739010,366399813,858510049,2020-08-29
1299518877567602688,3183660548,3183660548,2020-08-29
1299520756569833472,42305839,42305839,2020-08-29
1299525454072774656,833981684,755570702695137284,2020-08-29
1299560862462611457,890330945156296704,1233668128044912641,2020-08-29
1299535798019207171,896076716510203904,396882607,2020-08-29
1299550220884291584,1202731481828864001,282433517,2020-08-29
1299545867515572224,224825685,41352031,2020-08-29
1300490177735950337,1884505254,965219844793741316,2020-08-31
1299587630162563072,1160332114052521986,1160332114052521986,2020-08-29
1299557961883201537,888078932,888078932,2020-08-29
1299730229351657472,2843685004,101816568,2020-08-29
1299559369810391040,1105984717185212416,1105984717185212416,2020-08-29
1299565310928990209,1131548766581002240,1131548766581002240,2020-08-29
1299569602448498688,1154952166815281157,1154952166815281157,2020-08-29
1299769717406736386,217611030,2373106670,2020-08-29
1299590596982640641,184271181,288458102,2020-08-29
1299719004622381057,1176684409635909632,884469749127819265,2020-08-29
1299600190933000194,2258888137,2258888137,2020-08-29
1299622411869081601,138108708,138108708,2020-08-29
1299743299754954752,3060121484,1141361101772169216,2020-08-29
1299635720475222016,825018386048499712,825018386048499712,2020-08-29
1299636846687907840,18302779,32704682,2020-08-29
1299650408823037952,1190300606218543106,745922735243689984,2020-08-29
1299731763724464131,110022999,48199048,2020-08-29
1299686022951952385,115308684,257250197,2020-08-29
1299695248269021190,1086976130819809280,831334845288570881,2020-08-29
1299695870749876224,1151623664854429697,1151623664854429697,2020-08-29
1299695902827962371,64097093,241634521,2020-08-29
1299696101780529160,1261066546459312128,1261066546459312128,2020-08-29
1299699242139779072,64097093,241634521,2020-08-29
1299702368964161539,64274721,759537523,2020-08-29
1299707775853895681,1246870023802482688,1287498883,2020-08-29
1299714266908569602,64097093,241634521,2020-08-29
1299716034526674944,1207718034707795968,1329361159,2020-08-29
1299718577788841985,1068536424561963011,1078073532129705984,2020-08-29
1299718744885919745,64097093,241634521,2020-08-29
1299718977434812418,64097093,782296442165665792,2020-08-29
1299719638742425600,992740624385404928,992740624385404928,2020-08-29
1299805631684190208,1115901416,494819808,2020-08-29
1300064070402543617,1174712837127716864,91133258,2020-08-30
1299727316445265926,64097093,241634521,2020-08-29
1299829749712392194,1182317601105551360,2162996372,2020-08-29
1299769306595483648,937422446323314688,2285486323,2020-08-29
1299785234876174336,2228878592,413645722,2020-08-29
1299734471256801280,861371647,861371647,2020-08-29
1299740376849362944,64097093,241634521,2020-08-29
1299748094955851776,1246870023802482688,2235436110,2020-08-29
1299745955407892482,966664203770703873,1219696680494346240,2020-08-29
1299747994884100098,807812802761158656,958167004753534976,2020-08-29
1299752452472930304,1271593687500365824,2185347648,2020-08-29
1299769018337820673,17242660,23572083,2020-08-29
1299751483307679746,389611747,844715741060481027,2020-08-29
1299748790685937664,879834908243369984,833857845107888128,2020-08-29
1299776417157337094,908893976350089216,1690000568,2020-08-29
1299802571771699201,794294331138015232,822914035343572992,2020-08-29
1299754789429866498,65215093,65215093,2020-08-29
1299757110838857737,64097093,1240335265346072577,2020-08-29
1299770931305476096,96906231,16398900,2020-08-29
1299758179916668928,1221188830834962435,1164176203923820544,2020-08-29
1299759037345652736,331202888,553036368,2020-08-29
1299759917667168256,1164176203923820544,1146284050786783232,2020-08-29
1299761319378333697,1164176203923820544,855802770846343169,2020-08-29
1299770439703695363,331202888,553036368,2020-08-29
1299763274779688967,1002706303968477184,2713313506,2020-08-29
1299764145991094272,1253589054932881408,952632876817965057,2020-08-29
1299791901760147457,389611747,102258127,2020-08-29
1299766406163107841,18942193,18942193,2020-08-29
1299767875352363009,1088110026,16124020,2020-08-29
1299771726574899202,3482647214,1198157497,2020-08-29
1299773805561225216,2813826504,1298408275365560320,2020-08-29
1299793281207787520,60381078,363499493,2020-08-29
1299844029350375425,447061276,447061276,2020-08-29
1300385865575870464,719945158,1238429558837313536,2020-08-31
1299791042749911042,757943114,823033906156871681,2020-08-29
1299791733350260736,28597397,28597397,2020-08-29
1299795689694810112,3950434095,1298836675913822208,2020-08-29
1299794473447288835,1018266461641551873,1018266461641551873,2020-08-29
1299798264036970497,4384481129,16320152,2020-08-29
1299859532009664512,212140011,81648499,2020-08-30
1299808469500002304,901063185305882624,901063185305882624,2020-08-29
1299800600457207808,1207718034707795968,60336619,2020-08-29
1299803739763757056,1164176203923820544,762688888024555520,2020-08-29
1299807715179606017,20866038,20866038,2020-08-29
1299805112882221056,1042910258040111104,1042910258040111104,2020-08-29
1299813139152691201,16870567,19625891,2020-08-29
1299819570967048192,1250161155395502088,1248640164165046275,2020-08-29
1299820122685820930,1250161155395502088,1248640164165046275,2020-08-29
1299833568571658241,110022999,4639473829,2020-08-29
1299831473600634881,759473283498708992,1112421552438591489,2020-08-29
1299838462896603137,1186512686,1723290332,2020-08-29
1299966100835389440,49915676,1299074045405585408,2020-08-30
1299836258898903040,61356163,1249058960340062208,2020-08-29
1299846356111110146,49642420,620893984,2020-08-29
1299847127607029760,416111671,2300326674,2020-08-29
1299847184859516928,1279763101613727745,1279763101613727745,2020-08-29
1299853504526327809,1086976130819809280,15845436,2020-08-29
1299854280388677632,958167004753534976,1299423817400541190,2020-08-29
1299856019753971712,68741593,68741593,2020-08-29
1299856504506515456,1008185450,1008185450,2020-08-29
1299859028412043264,1062567325793050626,1062567325793050626,2020-08-29
1299859195353640961,4786056794,4786056794,2020-08-29
1299873215213232129,1246870023802482688,2808650785,2020-08-30
1299868564355072000,701965746,701965746,2020-08-30
1299879007379480576,922388821,922388821,2020-08-30
1300099856682438656,2355457719,930897704208748544,2020-08-30
1300082619766407168,57672544,2469558745,2020-08-30
1300029937806708736,1289015723633844224,1208161508334563328,2020-08-30
1299898103592562688,1064476441,1249080143043272705,2020-08-30
1299911539235991559,393045607,393045607,2020-08-30
1299909053418622977,1090785745,24415426,2020-08-30
1299898703818485760,2975823401,2975823401,2020-08-30
1299903509203124225,194984676,2779263262,2020-08-30
1300103825534128128,933475356232835072,1213329635393490944,2020-08-30
1299905494677508096,762449955185266689,991909735422033920,2020-08-30
1299906206610284544,15754900,15754900,2020-08-30
1299917151504007168,933232156645584896,933232156645584896,2020-08-30
1299922593797959680,13423382,13423382,2020-08-30
1300076494363021314,795220785677946880,1299160358914056197,2020-08-30
1299940868833644544,2783478295,2783478295,2020-08-30
1299943768091774976,1172901939295719424,1172901939295719424,2020-08-30
1299944300378087424,908162616941359105,908162616941359105,2020-08-30
1299958432561209349,784098236,1293894220269252619,2020-08-30
1299959359292796929,2759210903,413787155,2020-08-30
1299963398961025024,1279114128477519872,2274500544,2020-08-30
1299977474797785088,1235462444824199168,1235462444824199168,2020-08-30
1299985776827015171,144531738,2380806134,2020-08-30
1299993466823471104,1054292248249200641,1251263567917125633,2020-08-30
1300103539453120514,449325245,915082891356491777,2020-08-30
1300054705444466690,320482822,1969902686,2020-08-30
1300016590428217345,632808228,632808228,2020-08-30
1300015615311327232,2168751354,99172332,2020-08-30
1300020221651169280,632808228,632808228,2020-08-30
1300020552493682688,310771131,69423291,2020-08-30
1300022409953767424,530795961,530795961,2020-08-30
1300027079405309952,1295017854044078081,275275437,2020-08-30
1300029889664487424,455230284,455230284,2020-08-30
1300072708441505792,536515621,46305708,2020-08-30
1300055160601935872,35467771,1296535115636436992,2020-08-30
1300041522029699072,1478172901,1478172901,2020-08-30
1300044772854431745,1043076373,75413160,2020-08-30
1300045340712763392,2722605959,1298266215723356160,2020-08-30
1300049253449035778,173247432,1247201575,2020-08-30
1300072762766168064,1246267063447977991,1048370973341143040,2020-08-30
1300052598129659905,115308684,497891803,2020-08-30
1300053538312196096,35051304,18733287,2020-08-30
1300059727527915523,2843685004,3939222881,2020-08-30
1300073236403818497,1246267063447977991,1074860360560246784,2020-08-30
1300063484906930178,1079935370,1079935370,2020-08-30
1300069909192478727,1267890080997412865,1079523007842926599,2020-08-30
1300116534249963520,1246870023802482688,1106210690623131648,2020-08-30
1300074758680260609,9336672,9336672,2020-08-30
1300073941046878208,2330409604,22178432,2020-08-30
1300089293210152960,197332232,197332232,2020-08-30
1300101370423529472,2228878592,2400284491,2020-08-30
1300093807178940416,707584797808402432,707584797808402432,2020-08-30
1300131919833845760,1161082230778802186,2988388383,2020-08-30
1300095802522689537,23177299,23177299,2020-08-30
1300154614545870854,1164148199214505984,97593942,2020-08-30
1300119887076110337,1151530143179071488,1256961969254535168,2020-08-30
1300101101367095298,22596600,20016862,2020-08-30
1300101476489064448,224698363,224698363,2020-08-30
1300103555534249987,18188979,18188979,2020-08-30
1300102957682380805,1167381477866258434,1167381477866258434,2020-08-30
1300121093840211968,1246267063447977991,1156995618734333952,2020-08-30
1300104612977008640,43561270,282888198,2020-08-30
1300114103013445632,1259257977686626307,1259257977686626307,2020-08-30
1300113296146575365,182524533,182524533,2020-08-30
1300113744077492224,1269986713855840258,1269986713855840258,2020-08-30
1300279980908253189,1237250028479156224,718930349,2020-08-31
1300116012835188737,3291739758,1223707787504574465,2020-08-30
1300116142154022914,1214988687089516544,1214988687089516544,2020-08-30
1300122741131993088,958167004753534976,1008859871377219584,2020-08-30
1300122110279462914,952359075643355136,948336480082153473,2020-08-30
1300128072054837250,48003100,1214023639,2020-08-30
1300142560640487424,1095642690363015168,369606653,2020-08-30
1300158342833344513,361050129,43273113,2020-08-30
1300125695658602497,1269986713855840258,1269986713855840258,2020-08-30
1300127568524316672,958167004753534976,1008859871377219584,2020-08-30
1300128439140261890,1269986713855840258,1269986713855840258,2020-08-30
1300131342307463171,35051304,11692802,2020-08-30
1300133020221935617,958167004753534976,1008859871377219584,2020-08-30
1300132437477924865,958167004753534976,1008859871377219584,2020-08-30
1300133154817216512,1018916780918665217,1243598228190302208,2020-08-30
1300138214187962368,958167004753534976,1008859871377219584,2020-08-30
1300142196096729089,1051276076,891803972,2020-08-30
1300143088833355778,1978660855,1003055753224073217,2020-08-30
1300147287000317953,23745608,12708032,2020-08-30
1300146436818890753,615804545,615804545,2020-08-30
1300153722966667264,1190393433644339200,1299023934034067456,2020-08-30
1300152237700780032,1593896905,935488838,2020-08-30
1300153827409063936,1593896905,935488838,2020-08-30
1300159087536222208,412390560,1119429036911026176,2020-08-30
1300159213411463168,630610738,2908771263,2020-08-30
1300165915745624067,1253540671706804225,20271215,2020-08-30
1300168430717460481,838694936,838694936,2020-08-30
1300182342418468865,1127715383098650625,1063619420579352576,2020-08-30
1300196598329176065,17542901,20952823,2020-08-30
1300379879733592065,3044602665,2614255879,2020-08-31
1300481155058339840,3044602665,2614255879,2020-08-31
1300207017274028035,1274290693406679040,958381221578444802,2020-08-30
1300264844612993025,56050598,1253540671706804225,2020-08-31
1300216465514090501,1157388784301793280,1067063965786796032,2020-08-30
1300216366360821767,915400999304663040,3369858011,2020-08-30
1300227299753644032,1051549915233447936,286186563,2020-08-31
1300228569319141376,1140950581,31573751,2020-08-31
1300231252528766977,1086976130819809280,2860667382,2020-08-31
1300581730437353472,356959852,356959852,2020-08-31
1300240440793485312,1016138526247849984,506955444,2020-08-31
1300241027240873986,4639017267,4639017267,2020-08-31
1300244769830969346,78622104,2335866816,2020-08-31
1300244036213600256,757069695610654721,508368054,2020-08-31
1300252880608223232,1257490920359907328,1257490920359907328,2020-08-31
1300261080141361155,4874452677,872954617,2020-08-31
1300262639222894593,1024729364133502976,632592796,2020-08-31
1300303176093007872,1117190150847549440,1010703849332658176,2020-08-31
1300269573434937351,1024729364133502976,632592796,2020-08-31
1300275710301409280,1548684578,1548684578,2020-08-31
1300538986407043072,1113141513935097857,1042813272402153473,2020-08-31
1300286501578629120,381340543,1157496754926804997,2020-08-31
1300287055457669121,1870491,1870491,2020-08-31
1300290730020265984,871495245074006017,797128122600562688,2020-08-31
1300296870980390912,263960570,234221777,2020-08-31
1300317186368712706,1017079253333143554,1017079253333143554,2020-08-31
1300325962786189315,1060176852055142400,2366986376,2020-08-31
1300346837333929985,1248805439900471296,85813561,2020-08-31
1300331959059730434,794003281,794003281,2020-08-31
1300339708396961794,1295918936999985152,3324220541,2020-08-31
1300375013707542529,1237479344,1250937037399699457,2020-08-31
1300360784388685824,100021001,100021001,2020-08-31
1300366465007267840,85582103,85582103,2020-08-31
1300368333330620417,870387683864055808,870387683864055808,2020-08-31
1300406625702944768,1695044491,126125994,2020-08-31
1300381518569840640,38311332,726644021527982080,2020-08-31
1300385657672445952,1225693801068412928,1055582316519665669,2020-08-31
1300388356988252163,1421216911,1421216911,2020-08-31
1300390323105927168,978162772780359680,978162772780359680,2020-08-31
1300397656825528322,1078531367007326209,29729514,2020-08-31
1300402895402262528,597410860,324028326,2020-08-31
1300402383437082624,1105145953361776645,1105145953361776645,2020-08-31
1300403598824628224,23216644,1156359862143586304,2020-08-31
1300403907059945472,1279863835613188098,1279863835613188098,2020-08-31
1300409026203836416,286985249,2810984968,2020-08-31
1300411807513927681,1260897503295213573,1214917021521129473,2020-08-31
1300419302311383041,798805325298049025,798805325298049025,2020-08-31
1300420363579322368,1272918670323224577,1164095784012451840,2020-08-31
1300429285514125312,16387689,16387689,2020-08-31
1300432644937781248,59336217,995465711312101376,2020-08-31
1300437845715357696,35467771,1299868422541578240,2020-08-31
1300440867413528577,1260770356022751232,1260770356022751232,2020-08-31
1300460417068732422,73280895,73280895,2020-08-31
1300454352742690817,2270452956,308453650,2020-08-31
1300456053960855552,418316977,58718080,2020-08-31
1300460928937279489,861707420476637184,1888893450,2020-08-31
1300462056596844549,109665508,109665508,2020-08-31
1300468580790665223,2957644256,2957644256,2020-08-31
1300477170867986433,835542998926622721,1251423565,2020-08-31
1300465944918196225,1239599332770398214,20307500,2020-08-31
1300479793947971590,27190419,1567976768,2020-08-31
1300482457242804225,174654182,43933496,2020-08-31
1300475593629274113,1164176203923820544,387688029,2020-08-31
1300483194572111872,1695044491,408187171,2020-08-31
1300480065608781825,1239343686602850306,1239343686602850306,2020-08-31
1300484453979037698,726778516382060544,16174096,2020-08-31
1300487483008974853,1278378361564344320,908536946103930880,2020-08-31
1300483524580069380,1370387833,1370387833,2020-08-31
1300486014423588865,321153879,126524315,2020-08-31
1300489863079309312,17919393,17919393,2020-08-31
1300558566055608323,21705896,1191120641367236608,2020-08-31
1300539344021848065,48161330,48161330,2020-08-31
1300540710152736768,56749735,801599034280525832,2020-08-31
1300564387288113153,3107408184,23663126,2020-08-31
1300555626909556736,3188871920,1065487743264817154,2020-08-31
1300578511460208640,34793128,1267990404487688194,2020-08-31
1300560118736654339,1270736277990789121,978912513248153600,2020-08-31
1300563607495868418,4670464879,3305533443,2020-08-31
1300564345433321472,1086976130819809280,3018725901,2020-08-31
1300566074233032705,1312395158,1262761306592997377,2020-08-31
1300567814282063875,776928549232140288,23810812,2020-08-31
1300582419691520000,3188871920,3525529516,2020-08-31
1300577777163341824,361050129,43273113,2020-08-31
1299560213704572928,1163629375,1163629375,2020-08-29
