id,src_user_id,dst_user_id,timestamp
1293659492358463488,1071461515050536961,17624600,2020-08-12
1293938276600963073,1039613432088031232,1039613432088031232,2020-08-13
1291552357801754625,917869996424007680,917869996424007680,2020-08-07
1297539295264346117,32330373,32330373,2020-08-23
1294400634385465345,1878951342,76669840,2020-08-14
1293204619619790852,95845533,95845533,2020-08-11
1291609068658778112,1154204959493115904,2390858749,2020-08-07
1290812532974931969,1065402393288994816,864800376184340481,2020-08-05
1299914032565035008,1068536424561963011,1078073532129705984,2020-08-30
1299990022775476224,1068536424561963011,1078073532129705984,2020-08-30
1299990113468907521,1068536424561963011,1078073532129705984,2020-08-30
1299990159375495168,1068536424561963011,1078073532129705984,2020-08-30
1299990200286756865,1068536424561963011,1078073532129705984,2020-08-30
1299990261376770050,1068536424561963011,1078073532129705984,2020-08-30
1299990300765556737,1068536424561963011,1078073532129705984,2020-08-30
1300000103730573314,1068536424561963011,1078073532129705984,2020-08-30
1300415452603129862,444165428,444165428,2020-08-31
1293935929468411909,258500626,229004289,2020-08-13
1293592367820419078,1029422156004950018,1114234058895187969,2020-08-12
1289581273305026562,1030773115956219904,53276941,2020-08-01
1289720815060004865,17243913,193171539,2020-08-02
1299496959951208448,308851637,308851637,2020-08-28
1296466227569790976,1179062354627190784,1179062354627190784,2020-08-20
1293187492019965954,1213290229693419520,858053158613929984,2020-08-11
1293234330886500352,494465036,494465036,2020-08-11
1293555063890337792,138739908,138739908,2020-08-12
1294936960298102784,4541141723,4541141723,2020-08-16
1291424298197024771,859852850,859852850,2020-08-06
1293026355831947264,16665276,299422152,2020-08-11
1300366195246407680,1352829294,1352829294,2020-08-31
1296871878284337152,539721796,73525922,2020-08-21
1290526469936959489,1058573606936969217,5522832,2020-08-04
1292885696550539265,1244085858849832962,462560541,2020-08-10
1290289842496999425,13049362,13049362,2020-08-03
1294765136654282753,1240093088963604480,1164236213622104064,2020-08-15
1295699964836929541,4874711278,4874711278,2020-08-18
1292680603004018688,366517094,366517094,2020-08-10
1300574702105169922,1043423847708590081,1043423847708590081,2020-08-31
1296535999942545408,916146228,916146228,2020-08-20
1295038228794400774,1264285748292915200,1240838396752195584,2020-08-16
1291924964975747073,1230233232546902017,1216534657187172352,2020-08-08
1290544014882676736,1268741537506177031,1268741537506177031,2020-08-04
1295137601964449794,226785529,609314746,2020-08-16
1291625438947631106,624619918,624619918,2020-08-07
1294625514791923712,609314746,226785529,2020-08-15
1298447236335120385,307932287,781187424072437760,2020-08-26
1290436731418927107,21486900,252483853,2020-08-03
1297324499554185216,1213227267427405825,1141067424,2020-08-23
1290750260382441475,781274243489271808,781274243489271808,2020-08-04
1291162280097460224,957629731,957629731,2020-08-06
1297284405119954944,32994432,897105517117677568,2020-08-22
1297284686788431874,32994432,897105517117677568,2020-08-22
1289399518295814146,72835250,892118916,2020-08-01
1290108241263726592,148068885,439800049,2020-08-03
1294239405784408065,99354802,99354802,2020-08-14
1291430686956695553,1046586316807446528,1046586316807446528,2020-08-06
1291868234640130048,962414093280964608,51470781,2020-08-07
1290222847109902338,46154573,699707780396146688,2020-08-03
1294090444931059713,115308684,115308684,2020-08-14
1293720503883042817,1023349113776168965,1023349113776168965,2020-08-13
1300356175322587136,1268954476754452481,1268954476754452481,2020-08-31
1290007571701436417,65892374,65892374,2020-08-02
1289385464638496768,4502891354,4502891354,2020-08-01
1289818232979939329,38717590,38717590,2020-08-02
1296430421597708289,247975042,247975042,2020-08-20
1290257147264081920,2831154010,2831154010,2020-08-03
1290627538092462081,807764630,807764630,2020-08-04
1289645983349923840,886163559125835776,886163559125835776,2020-08-01
1291009437310709760,77126328,77126328,2020-08-05
1291474600069660674,1076677543963574272,1258895204330897408,2020-08-06
1292668095706931200,25769369,25769369,2020-08-10
1290048221507497984,138982793,138982793,2020-08-02
1289411513493553152,1223538313660977152,1223538313660977152,2020-08-01
1298898571161288705,1068536424561963011,1078073532129705984,2020-08-27
1299373845871091712,1068536424561963011,1078073532129705984,2020-08-28
1290009450233786368,62802865,1229413095463936000,2020-08-02
1300241838570315777,1200798754661531648,1200798754661531648,2020-08-31
1289918027623018497,2843685004,886398296146706432,2020-08-02
1289360839321874432,1027630700810457089,724287708,2020-08-01
1292105775691702275,1285381980360552448,1285381980360552448,2020-08-08
1289992045759610880,19426419,1114232180887162880,2020-08-02
1289638013811585024,930997396540182528,520149280,2020-08-01
1291679390217240576,1244213970556399619,1244213970556399619,2020-08-07
1290671993591922690,944340449258504193,1267556374847926272,2020-08-04
1291184949354213376,30905985,14791134,2020-08-06
1289409156399554560,3037361504,1250484257828540420,2020-08-01
1296922832031686657,2788209677,90190737,2020-08-21
1290772917085593600,334217088,981410214267228162,2020-08-04
1290732310652911616,101422070,780233778388008960,2020-08-04
1290803412569853952,3434121513,3434121513,2020-08-05
1289403326413467649,1067483118334963712,749857962,2020-08-01
1289405741288185857,49171346,727840825661661184,2020-08-01
1289546330730307586,1220506149721661440,291817070,2020-08-01
1291429150876741633,784477368144592896,1025285309586534400,2020-08-06
1294625694186639361,1946773118,1946773118,2020-08-15
1289739044973424640,964690673302687744,964690673302687744,2020-08-02
1289683258381225985,2614255879,3044602665,2020-08-01
1289421414638874624,20947434,20947434,2020-08-01
1294608994921742336,2715930851,2715930851,2020-08-15
1289401232487047168,548857454,548857454,2020-08-01
1291883042911526913,562253854,562253854,2020-08-07
1289988834105556992,73140845,1219713323836547074,2020-08-02
1289402667790303232,1261710079172149250,82947669,2020-08-01
1289409978193686535,1147518921307774976,1114775145183367169,2020-08-01
1289408855349137408,1243532684208422913,4903751917,2020-08-01
1289766007074983937,19800066,1247471879499243520,2020-08-02
1289651178708406272,1030554498408882176,569855788,2020-08-01
1289393609683460098,721444576989442048,3409991233,2020-08-01
1291038810785099777,247038875,247038875,2020-08-05
1289388667627122688,946523345964748800,1106206327972528138,2020-08-01
1289457612337975296,1663537891,800676133075202048,2020-08-01
1289615555574616071,1458685891,2835198207,2020-08-01
1289586067763470336,1148390670,1153269455566364672,2020-08-01
1289370707600670720,912669751121465344,912669751121465344,2020-08-01
1289359584155652096,1000758710,1147070939731038209,2020-08-01
1289388530763026432,818695087144079360,870490417753731073,2020-08-01
1289386035873366022,746196319539077121,4842643753,2020-08-01
1289403162831413249,28000572,830515649935990784,2020-08-01
1289407109470105600,28000572,830515649935990784,2020-08-01
1293152744048656387,403148973,403148973,2020-08-11
1289380113600020481,16794538,830067390884884480,2020-08-01
1289426357802471424,1164732821027663874,84422214,2020-08-01
1290382659747753984,986142728630267904,986142728630267904,2020-08-03
1290603875247050753,1093522999385485312,1093522999385485312,2020-08-04
1289547716838617088,21925564,3764689043,2020-08-01
1289393696157265920,721444576989442048,3409991233,2020-08-01
1289394187356393472,4459642286,800463336630403072,2020-08-01
1289377664235499521,805197692083138560,1234988141318029312,2020-08-01
1289376028171948032,1165289750221197312,788852055406444548,2020-08-01
1289536346797703169,814326334751211524,2840398637,2020-08-01
1289384936613376001,225305561,961379839830786048,2020-08-01
1289543819290120194,32106384,32106384,2020-08-01
1289420894960377856,897589543783849985,1253973468,2020-08-01
1289367090017652741,3328675947,4185405442,2020-08-01
1289381106752487424,1141348705171398656,62394969,2020-08-01
1289436291789017088,2305282586,474115232,2020-08-01
1289760648679882753,896552066600009728,1214736128126988290,2020-08-02
1289389887414661120,714488865352851458,1152608975009013760,2020-08-01
1289370628097630210,636748466,231870083,2020-08-01
1289374852776787968,24312943,1274467174778843138,2020-08-01
1289382839314796544,872964678590377984,1148621960,2020-08-01
1289353751912833024,524754446,930449804,2020-08-01
1289383592825458688,872964678590377984,252763215,2020-08-01
1289352123944140801,30988436,766719206247108608,2020-08-01
1289625812170207232,872964678590377984,1148621960,2020-08-01
1289381119238995968,1123926549038882816,47824766,2020-08-01
1289602006231871489,2747054728,1210983681533198336,2020-08-01
1289360947878887424,804911498485202944,1154196624501067776,2020-08-01
1289359520947347456,744229274106925057,3286869752,2020-08-01
1289350215636418560,1711830770,58562436,2020-08-01
1289360563135545344,289806147,22728270,2020-08-01
1289372559109103617,255079989,587911761,2020-08-01
1289699372796534784,1243795698723819523,1243795698723819523,2020-08-01
1291035925309341697,816491683651031040,816491683651031040,2020-08-05
1289441809588875264,2493602402,41112708,2020-08-01
1289648286345752577,29292875,936278318831239168,2020-08-01
1289420900710756354,2204300712,716631848,2020-08-01
1289350629152890880,2598391027,2428776326,2020-08-01
1293591500874371073,220471898,1020359957907234817,2020-08-12
1289350855733342215,218776132,135820410,2020-08-01
1289360400702558210,18184205,3232871792,2020-08-01
1289354414323449856,1045248268844847105,1070309425,2020-08-01
1289351776370491392,1711830770,58562436,2020-08-01
1289353396449878016,2428776326,2598391027,2020-08-01
1289364906240643072,1224912776243634177,91162962,2020-08-01
1289351540939960320,1711830770,58562436,2020-08-01
1289378269033160704,1283158482120773637,2605261635,2020-08-01
1289351731889897472,779855403131645954,1428886508,2020-08-01
1289352866176540672,58562436,1711830770,2020-08-01
1289366596713156609,1282682118821359619,2954522767,2020-08-01
1289352457143762944,1240565717940011010,1178293661433548800,2020-08-01
1289353502561406977,1271572997623562240,22596600,2020-08-01
1289355272620654592,1221453233480183808,1042235369427746816,2020-08-01
1289354224862547968,218776132,135820410,2020-08-01
1289355791967956993,41673334,291468614,2020-08-01
1289354952473579520,135820410,218776132,2020-08-01
1289355682974535680,18050416,2780759989,2020-08-01
1289356782607818752,22596600,1271572997623562240,2020-08-01
1289356176128225281,553828418,473709610,2020-08-01
1289358692312158209,135820410,218776132,2020-08-01
1289427612662509568,194222253,1055405245449322496,2020-08-01
1289428401653084162,194222253,1055405245449322496,2020-08-01
1289429585759580167,194222253,1055405245449322496,2020-08-01
1289386411079028736,1224031901134073856,834232929865707520,2020-08-01
1289368876375920640,85723812,4849898158,2020-08-01
1289358006652723201,30988436,766719206247108608,2020-08-01
1289358558773956608,80706659,1070146916254662656,2020-08-01
1289359087327617024,1543999796,1034868411354861568,2020-08-01
1289359338746724353,553828418,473709610,2020-08-01
1289359435458961415,14994535,757329377227051008,2020-08-01
1289360116181917696,758006319983030272,780607639650570240,2020-08-01
1289360106488922112,553828418,1281605795210235905,2020-08-01
1289362721545302018,1222157494656688129,507647798,2020-08-01
1289360269123047426,1034868411354861568,1543999796,2020-08-01
1289361994701656065,1153916836028637185,1185017001816854528,2020-08-01
1289361466093494274,473709610,553828418,2020-08-01
1289374151606595586,1081795525,1206764822194524162,2020-08-01
1289364306216198145,1276982811056934912,1014646304339832832,2020-08-01
1289362435837632512,824659955970113536,824659955970113536,2020-08-01
1289406912858005504,238855350,2406202508,2020-08-01
1289360718349733889,22596600,1271572997623562240,2020-08-01
1289361627477880832,127520212,127520212,2020-08-01
1289364548789481473,3293661355,1226375975748767749,2020-08-01
1289399876611014656,1225239080230957057,46175409,2020-08-01
1289361689758973952,553828418,473709610,2020-08-01
1289362746660839425,1242599661275353088,2272234434,2020-08-01
1289363772453208064,1288182288992235520,1288944552049405953,2020-08-01
1289364992471363584,1250161155395502088,889442858,2020-08-01
1289724450078773248,53306928,321419592,2020-08-02
1289364490417352706,984169536147554306,153788574,2020-08-01
1289363864086171649,218776132,135820410,2020-08-01
1289366438961008640,1050532444015878145,1012422697442332672,2020-08-01
1289364828780290048,775723020811763712,980975996923936768,2020-08-01
1289365297733013504,775723020811763712,54278855,2020-08-01
1289473032487018497,1251811611318161409,1276417198936846338,2020-08-01
1289365683080327168,18050416,2780759989,2020-08-01
1289364971638276097,22596600,1271572997623562240,2020-08-01
1289366056494960640,1221453233480183808,1225388160596705285,2020-08-01
1289365001589817344,889011736824754177,310642014,2020-08-01
1289366652241444865,1271108708,1392676152,2020-08-01
1289368592287502336,1081942421963968519,1004244764,2020-08-01
1289365834700210176,2627131664,1078531367007326209,2020-08-01
1289379813220728832,57838269,997654456513847303,2020-08-01
1289368032469450752,1262159375109685248,1083572676503846913,2020-08-01
1289367496256970754,58562436,1257507484543172608,2020-08-01
1289370477924737024,1271087190907539456,4837060487,2020-08-01
1289504810064998401,21522338,88864734,2020-08-01
1289367100637589505,775723020811763712,844364318187687936,2020-08-01
1289418322262466561,23797573,1179723288680886274,2020-08-01
1289368426545213446,1711830770,58562436,2020-08-01
1289368881182760960,1262527759894614017,1073838983145242624,2020-08-01
1289368305778569216,823323762720382976,823323762720382976,2020-08-01
1289368620024254466,574653930,574653930,2020-08-01
1289376276910764033,21522338,45027685,2020-08-01
1289369073113939968,58562436,1257507484543172608,2020-08-01
1289373348577779713,1229797174650851328,17477864,2020-08-01
1289369175182331911,1242599661275353088,1072909289805766659,2020-08-01
1289377091079700481,1237496802414338051,1211782461580926977,2020-08-01
1289369408171700225,1262527759894614017,582523783,2020-08-01
1289373832558473219,1890894685,1274149490950365185,2020-08-01
1289372323137466369,154774769,522684892,2020-08-01
1289370900706418688,775723020811763712,1267782230,2020-08-01
1289371724127956992,1221453233480183808,1225388160596705285,2020-08-01
1289372461830557696,766719206247108608,3087713648,2020-08-01
1289371757787324418,1181709891146338306,1097621902347034624,2020-08-01
1289411211654623232,1157327746172739585,627885998,2020-08-01
1289372872163463170,3328675947,4185405442,2020-08-01
1289373449324867585,1275535901637046272,36384758,2020-08-01
1289381875908096001,1254501330703409152,398995594,2020-08-01
1289381548551069696,174369590,1213838406565785600,2020-08-01
1289373562608824320,3328675947,1181709891146338306,2020-08-01
1289374633603420161,1143543669972246528,1242561770423713794,2020-08-01
1289376884862660613,48827977,842432472,2020-08-01
1289374432826253314,766719206247108608,3087713648,2020-08-01
1289376547040878593,2228878592,1077790895783653377,2020-08-01
1289378010395795456,935745886998728705,1151607945127485441,2020-08-01
1289379902525861890,1189044046976581632,836785822498160641,2020-08-01
1289376835558490114,1196516182209249280,388057863,2020-08-01
1289381671712636928,41599062,859149745012568065,2020-08-01
1289376766688030720,1242561770423713794,1143543669972246528,2020-08-01
1289382971141533697,1078531367007326209,2627131664,2020-08-01
1289384204476616704,22596600,1271572997623562240,2020-08-01
1289392899734425603,1062928577107128320,381915273,2020-08-01
1289380644045217792,931286316,15931176,2020-08-01
1289402796261773313,21522338,98992586,2020-08-01
1289378761649995777,1143543669972246528,1242561770423713794,2020-08-01
1289379131197542400,353438885,164877227,2020-08-01
1289379942950559746,775723020811763712,1109725936960720896,2020-08-01
1289379365222879237,1221453233480183808,21138276,2020-08-01
1289386602096025601,3188871920,1557026575,2020-08-01
1289379955982262272,76956650,15969100,2020-08-01
1289379732295839746,795516253418835968,42609921,2020-08-01
1289379974655352834,1143543669972246528,1242561770423713794,2020-08-01
1289385761087746048,1273779245962063872,1273779245962063872,2020-08-01
1289381099668348928,1242561770423713794,1143543669972246528,2020-08-01
1289389356990562305,1271524821856391175,1254501330703409152,2020-08-01
1289386812960645121,965452912997683202,993641287,2020-08-01
1289381837689638912,1286332945524031490,1274441211969970182,2020-08-01
1289382907820126215,859149745012568065,41599062,2020-08-01
1289382437114404864,255079989,593322663,2020-08-01
1289386641723817984,935745886998728705,1151607945127485441,2020-08-01
1289504025973420032,21522338,956767579065823232,2020-08-01
1289386752268877824,935745886998728705,1151607945127485441,2020-08-01
1289385715055226880,935745886998728705,1151607945127485441,2020-08-01
1289384530365751297,1890894685,1274149490950365185,2020-08-01
1289394141105774592,350676366,1270984245700448256,2020-08-01
1289387097577512961,762674289011224576,72725223,2020-08-01
1289383930680860677,775568013923758080,933843422657568768,2020-08-01
1289395373375549442,27893396,1238979502258126849,2020-08-01
1289393752776163328,1254501330703409152,949843985987760128,2020-08-01
1289385731639488514,3286869752,1106005267047743489,2020-08-01
1289385326528659462,1219311823574503424,1219311823574503424,2020-08-01
1289388755397144576,618299619,863874384137682944,2020-08-01
1289385456979701760,164877227,353438885,2020-08-01
1289387065746964481,949381150824316928,1105735452294828032,2020-08-01
1289386578121392128,990829880249061376,2649577548,2020-08-01
1289386246335127553,1276038967310204928,1179745291324538880,2020-08-01
1289387045102600192,775723020811763712,961012200130469889,2020-08-01
1289386811542781952,353438885,164877227,2020-08-01
1289388556234846209,935745886998728705,1151607945127485441,2020-08-01
1289392321973194753,791194588090425344,859595187668103168,2020-08-01
1289387853122699264,1276982811056934912,2275583316,2020-08-01
1289387217970843648,353438885,164877227,2020-08-01
1289388517177491457,986001565,4854074116,2020-08-01
1289388117900718080,935745886998728705,1151607945127485441,2020-08-01
1289422445158395905,2474139948,1181392854331080705,2020-08-01
1289570491712167942,870490417753731073,818695087144079360,2020-08-01
1289391621734305794,3286869752,1106005267047743489,2020-08-01
1289391110062628864,935745886998728705,1151607945127485441,2020-08-01
1289394383700127745,1254501330703409152,1271524821856391175,2020-08-01
1289391643414519808,345110600,4743638910,2020-08-01
1289393697402941440,99588960,110430428,2020-08-01
1289405772288294917,177842752,36612718,2020-08-01
1289392071023849478,382012096,261320146,2020-08-01
1289392520221229058,382012096,261320146,2020-08-01
1289392921058381824,382012096,261320146,2020-08-01
1289394839864270849,457204738,1259402199676878850,2020-08-01
1289397262850772992,829859984628383753,1095355826607407106,2020-08-01
1289393221215203329,275104144,4375391358,2020-08-01
1289533372818227200,2430900559,911479586,2020-08-01
1289408841210159106,1277610321616789504,2921988631,2020-08-01
1289411002933456896,121490412,1052708817794940929,2020-08-01
1289394381603004418,110430428,99588960,2020-08-01
1289397446192357377,829844315115503617,829844315115503617,2020-08-01
1289394589703397378,1312197301,3095568303,2020-08-01
1289397038400958464,1271524821856391175,1254501330703409152,2020-08-01
1289397464252874754,56933453,1117504878111264773,2020-08-01
1289399999365693441,2420905970,2420905970,2020-08-01
1289397832990908417,255079989,737497871985999873,2020-08-01
1289407968652308481,1237917987996393472,3034996934,2020-08-01
1289400398042849281,58562436,971762630795976706,2020-08-01
1289397439707848704,1152295359508602882,2757956443,2020-08-01
1289401740777816065,1133124481680125952,2599611847,2020-08-01
1289402034358280192,1262159375109685248,153912447,2020-08-01
1289403558312509440,1266849758670475271,700706982043365377,2020-08-01
1289399736060071936,775723020811763712,786668560290549760,2020-08-01
1289401451664429057,27893396,885033936757379072,2020-08-01
1289428857980727297,892118916,72835250,2020-08-01
1289401795479916546,1286132313789624320,17539529,2020-08-01
1289401691142418432,1196929917721698307,1262202172445466625,2020-08-01
1289402299656241152,255079989,737497871985999873,2020-08-01
1289402833414942720,255079989,74698700,2020-08-01
1289402878399045632,111115300,231938447,2020-08-01
1289403078962114563,255079989,74698700,2020-08-01
1289403037543313408,231938447,111115300,2020-08-01
1289938930398138368,1289396809757077507,1118606046635933698,2020-08-02
1289971649488461825,1242114361696505858,1009818154065956864,2020-08-02
1289411709854085120,1242114361696505858,1009818154065956864,2020-08-01
1289405261170393088,226713609,26670473,2020-08-01
1289938655881175042,1289396809757077507,1067954395055304705,2020-08-02
1289406487849099264,346041997,582416604,2020-08-01
1289405998663229440,255079989,737497871985999873,2020-08-01
1289414801672867840,1149484900908748800,257641845,2020-08-01
1289405935383801858,71860801,888147977679908866,2020-08-01
1289407108476092417,1172412712237727745,891054518133071872,2020-08-01
1289408406982402049,859595187668103168,791194588090425344,2020-08-01
1289762982667280386,1176674394564788224,1262159375109685248,2020-08-02
1289408801620336640,1088229756758315008,73825821,2020-08-01
1289408699484631041,254413165,254413165,2020-08-01
1289554667207155713,1151607945127485441,1266525621267677185,2020-08-01
1289434004723130368,758660484,818799985,2020-08-01
1289409893393240064,226713609,26670473,2020-08-01
1289411665990004738,24774067,1285779819356139520,2020-08-01
1289412300210749440,15422594,21059255,2020-08-01
1289413555863732226,226713609,2187063098,2020-08-01
1289419582860451841,1248689875487866880,1223350671329710085,2020-08-01
1289565256432250889,917972406198775808,945459591097151488,2020-08-01
1289418053868904448,859595187668103168,791194588090425344,2020-08-01
1289413665599315969,1222727952313606147,406773913,2020-08-01
1289415171773849600,963869922840395776,2583095011,2020-08-01
1289422346156007431,824715859197259777,117196987,2020-08-01
1289696932701577217,337780078,16577987,2020-08-01
1289513932558827525,1278123679914897410,126100660,2020-08-01
1289417162579271682,954233415729074177,954074981587148806,2020-08-01
1289413985045897217,2307368569,2307368569,2020-08-01
1294621015700643840,714936491,714936491,2020-08-15
1289414484998537216,830515649935990784,28000572,2020-08-01
1289419784505851904,1233817907731107840,1007706342302343168,2020-08-01
1289456778971721728,1233817907731107840,1007706342302343168,2020-08-01
1289559532134256640,368647596,2341341274,2020-08-01
1289424711491829761,27893396,1238979502258126849,2020-08-01
1289544213290348545,17546894,937422446323314688,2020-08-01
1289415963708805120,1256837475139346432,1109896590192304129,2020-08-01
1289416485400506368,257641845,1149484900908748800,2020-08-01
1289416626182344709,382012096,1175224747866673153,2020-08-01
1289417764822642688,226713609,60939318,2020-08-01
1289427492525277185,2450066342,1235187437569282048,2020-08-01
1289588826718035974,138563525,9272142,2020-08-01
1289418380802392065,859595187668103168,791194588090425344,2020-08-01
1289417631875903488,1735179258,36050775,2020-08-01
1289418425844940801,1883979044,1883979044,2020-08-01
1289434955735474178,1133124481680125952,403556714,2020-08-01
1289424664570159104,174369590,2657475073,2020-08-01
1289419570852311041,775723020811763712,1181406698222866433,2020-08-01
1289419993780822017,36050775,1735179258,2020-08-01
1289514081171333121,830515649935990784,951264586472112128,2020-08-01
1289421770848641024,1285779819356139520,167586182,2020-08-01
1289420663443185666,918485294319484928,44309890,2020-08-01
1289420823149699073,1196318647431524352,1196318647431524352,2020-08-01
1289423347202195456,107924813,1239403610003443714,2020-08-01
1289422775048744960,716631848,2204300712,2020-08-01
1289422039476920320,918485294319484928,44309890,2020-08-01
1289426094525800449,1287011905924562946,109461931,2020-08-01
1289423861449195525,1184303824787390464,2558011219,2020-08-01
1289428051810373633,15226284,14143601,2020-08-01
1289432066937872384,872964678590377984,1283538394975481859,2020-08-01
1289461133896605706,1230897108070346752,1962937267,2020-08-01
1289432813075222528,872964678590377984,3019424872,2020-08-01
1289429152890675202,457204738,900410036,2020-08-01
1289429227322789889,1256461131675078658,1244341131405668353,2020-08-01
1289432852325638144,826897197279145984,826897197279145984,2020-08-01
1289561162015801349,118906395,988899803953270784,2020-08-01
1289431333882626048,457204738,1178732416170487808,2020-08-01
1289429978065625088,1263913985256173569,1263903507675000832,2020-08-01
1289430987273728000,733791468,895934639365390336,2020-08-01
1289431089358897154,457204738,900410036,2020-08-01
1289484389101969408,1239528397,1280491674351869955,2020-08-01
1289496097434591232,1133124481680125952,951594523968258049,2020-08-01
1289557456226377730,1145992138775244800,332894847,2020-08-01
1289431470629511169,1256765015190720515,1261314897125822465,2020-08-01
1289432311662931968,950090982967644160,898954189593825280,2020-08-01
1289431631015501825,1256765015190720515,1261314897125822465,2020-08-01
1289545920590131200,274193347,4357864515,2020-08-01
1289434753901289472,14143601,15226284,2020-08-01
1289440702930096128,872964678590377984,3019424872,2020-08-01
1289436317252644865,1268093477058777089,3302231372,2020-08-01
1289440014795829252,996151242240901120,833671538826211328,2020-08-01
1289532367992836098,1285377098727723014,1171572753847087105,2020-08-01
1289441754379239424,1266388742958231552,902604375326994432,2020-08-01
1289437931074019334,762674289011224576,29589050,2020-08-01
1289438395106643969,872964678590377984,1285664142368669704,2020-08-01
1289438203519410176,255079989,74698700,2020-08-01
1289465195128119297,1230897108070346752,1113302002770030593,2020-08-01
1289439302506536960,255079989,74698700,2020-08-01
1289516189731840000,318994241,83177975,2020-08-01
1289440722060443648,1252596388694765568,755415069555580929,2020-08-01
1289442295347941376,3787923253,95154519,2020-08-01
1289445164344205315,1248689875487866880,1223350671329710085,2020-08-01
1289719019168075777,1238456431227162627,3787923253,2020-08-02
1289452073071734784,279775332,34233617,2020-08-01
1289443257655541761,812795991246049281,18254102,2020-08-01
1289447152402362374,1200818228777357312,476629630,2020-08-01
1289444054082576384,953300568918974465,1080870969844133888,2020-08-01
1289445380287938560,56470622,567571450,2020-08-01
1289446203445321728,1260285039448739840,4687073250,2020-08-01
1289532010218700801,795565717466873858,1174324198069530624,2020-08-01
1289449684709158912,949381150824316928,1266790740547514369,2020-08-01
1289445572097671170,1108551359710797825,703738292290887682,2020-08-01
1289451846805807105,762522504,57452386,2020-08-01
1289448661567434752,476629630,1200818228777357312,2020-08-01
1289449313639137282,56470622,567571450,2020-08-01
1289452145415094274,3787923253,95154519,2020-08-01
1289625442631086082,1056977554425499651,36011480,2020-08-01
1289469496995074048,14231061,1029790229127938048,2020-08-01
1289451855299272704,135209585,135209585,2020-08-01
1289479629225357314,1209830540720922631,2733349775,2020-08-01
1289452649092386817,1267621782867116040,1037875773334593536,2020-08-01
1289452560928055298,34233617,279775332,2020-08-01
1289456218524721153,476629630,996978686,2020-08-01
1289456012202713088,476629630,1049954294672306176,2020-08-01
1289455889707982848,824023369578188800,45919731,2020-08-01
1289455677220388865,824023369578188800,45919731,2020-08-01
1289455476845850625,1267621782867116040,1037875773334593536,2020-08-01
1289457002142265344,997507693224095746,997507693224095746,2020-08-01
1289565523701673986,435338691,900200654341369858,2020-08-01
1289948567310700549,1257767102968221701,840550753890635777,2020-08-02
1289544370253737984,350676366,381702960,2020-08-01
1289457794735919105,997507693224095746,997507693224095746,2020-08-01
1289462393664237568,1257767102968221701,1278023777713098752,2020-08-01
1289460629984559105,375835655,375835655,2020-08-01
1289461265987809282,1063444111,1063444111,2020-08-01
1290076884294926337,2191480716,293657261,2020-08-03
1289575407717498881,376206064,1067170356430077952,2020-08-01
1289465035723440129,44309890,918485294319484928,2020-08-01
1289464654977101825,606869062,2874520272,2020-08-01
1289465883513954304,255079989,587911761,2020-08-01
1289466815618285569,1257767102968221701,703980193736691712,2020-08-01
1289468420992376833,44309890,918485294319484928,2020-08-01
1289573055878987776,827380710239461376,1218890111624142849,2020-08-01
1289785251695230977,1176674394564788224,1273329846345744389,2020-08-02
1289479384114462722,23494080,713587285,2020-08-01
1289475462041759745,722470692,608432526,2020-08-01
1289640428728225792,519091020,1259470845300191233,2020-08-01
1289583038498840581,382694183,368316272,2020-08-01
1289476406087278594,608432526,722470692,2020-08-01
1289512216841129984,1249423936296636416,30043669,2020-08-01
1289479644488462336,608432526,1248013907735859205,2020-08-01
1289517103460962304,713587285,23494080,2020-08-01
1289842390614720512,156464691,156464691,2020-08-02
1289724104979779584,219738014,219738014,2020-08-02
1289654243918397440,2814223411,882068801864450051,2020-08-01
1290231233884991488,1617069110,1167081928685584384,2020-08-03
1289514492976480262,399344343,3310054645,2020-08-01
1289489819932884993,525462777,2511259878,2020-08-01
1289490372792549381,1052971519654187009,266703523,2020-08-01
1289549176963883009,214494357,214494357,2020-08-01
1289490963400884224,41112708,2493602402,2020-08-01
1289571506561748999,17392948,14443412,2020-08-01
1289509618633314306,609528752,14672558,2020-08-01
1289508483260243969,21522338,701577060024627200,2020-08-01
1289501775095971841,963182422048190467,43715073,2020-08-01
1289876475596898305,324163222,1285287638535155714,2020-08-02
1289642523409788928,1288182288992235520,1670762101,2020-08-01
1289700555841921024,1288182288992235520,1670762101,2020-08-01
1289510323289030659,21522338,1419015349,2020-08-01
1289590138150875136,749857962,993437736601313281,2020-08-01
1289558140975890432,2787087057,21313053,2020-08-01
1289602968115744768,947531757800361984,23370109,2020-08-01
1289517990837248000,17477864,702160219921641473,2020-08-01
1289595858380439553,968711238984327168,1242839782994194437,2020-08-01
1289520281812230149,21522338,1229503936912121857,2020-08-01
1289567205450027008,1181392854331080705,977376330,2020-08-01
1289526532772376577,4266293139,835485461283905536,2020-08-01
1289565441111683072,3743134213,1235436685703421952,2020-08-01
1290090102673141760,944817312506322944,913530636,2020-08-03
1290455889967747081,1663537891,800676133075202048,2020-08-04
1289526264555098113,745625206446657536,785837620123279361,2020-08-01
1289707292028309505,1186061624999854081,1259996005472382977,2020-08-01
1289531645100355584,24121662,174389477,2020-08-01
1289529019323449344,1282334532075692033,1083902205391003650,2020-08-01
1289531983568150529,1088229756758315008,21590919,2020-08-01
1289659942513721344,4266293139,835485461283905536,2020-08-01
1289534448606666752,762674289011224576,72725223,2020-08-01
1289629538331156480,228117523,1252739204,2020-08-01
1289535825345015811,762674289011224576,1465957856,2020-08-01
1289535607031517184,394642242,788019030372282368,2020-08-01
1289538165775032321,756689907289038848,756689907289038848,2020-08-01
1289539775246950407,1126160624151662592,1287860344308850689,2020-08-01
1289547727211098113,299868264,1165006575939018759,2020-08-01
1289548538355961859,228721232,27265319,2020-08-01
1289556793727823872,812496507618361345,766777716708433925,2020-08-01
1289543027493449728,762674289011224576,1289539094930956289,2020-08-01
1289545656688709635,1222242800424706048,372959550,2020-08-01
1289545976282136577,838632641536503808,1441971834,2020-08-01
1289570397156003840,744229274106925057,990925912152698880,2020-08-01
1289751311701942277,401748953,492310356,2020-08-02
1289546719982579715,824086013450526720,1149492964873441280,2020-08-01
1289557553970475016,35308349,887895133,2020-08-01
1289595339209465857,32522177,1203818871834193921,2020-08-01
1289562145194037251,3764689043,21925564,2020-08-01
1289554609137004544,762674289011224576,167816719,2020-08-01
1289553949054267394,762674289011224576,1289539094930956289,2020-08-01
1289555590000177154,334135761,158772318,2020-08-01
1289552496302546946,3368481767,18879947,2020-08-01
1289557458365460482,3233697852,758447407688548352,2020-08-01
1289552941830086663,775723020811763712,1036297830510587904,2020-08-01
1289553471620829184,775723020811763712,1036297830510587904,2020-08-01
1289553368512225280,1067180231751020544,1067180231751020544,2020-08-01
1289960831158018048,21975072,2923604985,2020-08-02
1289554020462280705,1088229756758315008,173532000,2020-08-01
1289556699263594496,931286316,411421858,2020-08-01
1289656361375150081,3271422698,2471246221,2020-08-01
1289570550008778753,744229274106925057,990925912152698880,2020-08-01
1289570268747268096,1220510136562868224,1187075774219718657,2020-08-01
1289570280042450944,1220510136562868224,1187075774219718657,2020-08-01
1289559669820678147,1231695393240633344,21842828,2020-08-01
1289568635921473536,21313053,2787087057,2020-08-01
1289560668073390081,1001785488183775237,60378902,2020-08-01
1289558886358200322,1088229756758315008,173532000,2020-08-01
1289563164158251010,1018354278539329536,761382045863948288,2020-08-01
1289559970912985094,820255908617920512,1231695393240633344,2020-08-01
1289562177242718209,609528752,249626611,2020-08-01
1289591871396667394,1248689875487866880,1274832818829496320,2020-08-01
1289561046663847939,609528752,249626611,2020-08-01
1289561333264863233,19319290,43546639,2020-08-01
1289561635204419586,988899803953270784,118906395,2020-08-01
1289561917284069378,1145809282526601217,711667461414916098,2020-08-01
1289562117150871553,988899803953270784,118906395,2020-08-01
1289562062004170752,1223342308256571400,1223342308256571400,2020-08-01
1289947135522344965,1109900489158733826,711564480992268288,2020-08-02
1289565106934657026,299868264,1172958638878670848,2020-08-01
1289602542842740737,1223713132222140416,18810716,2020-08-01
1289568614379642880,25843801,3894175343,2020-08-01
1289600370491064320,2818295215,2818295215,2020-08-01
1289641391455256577,1288182288992235520,2257195053,2020-08-01
1289700018308358144,1288182288992235520,2257195053,2020-08-01
1289566052569870337,299868264,938183360190525440,2020-08-01
1289575745946148865,762674289011224576,28362127,2020-08-01
1289574264111153153,1202717196109144065,1249178489464467458,2020-08-01
1289567529988308993,19939369,805307930,2020-08-01
1289567510061182978,21313053,523804354,2020-08-01
1289569802214879232,1081795525,1206764822194524162,2020-08-01
1289594644372705283,21522338,2289139261,2020-08-01
1289611469974192134,2512600625,1030637603576590336,2020-08-01
1289569611009073153,38751027,38751027,2020-08-01
1289569627798822913,176911070,2608308170,2020-08-01
1289569511822315520,1283908130817167363,1283908130817167363,2020-08-01
1289570650315792385,1206764822194524162,1081795525,2020-08-01
1289571631871008769,299868264,938183360190525440,2020-08-01
1289635094441783297,3008609823,1535097378,2020-08-01
1289571103904419840,991747425223180288,1609651698,2020-08-01
1289572098461937664,1072273617629663232,3029386589,2020-08-01
1289578659351687168,911835347474014208,1269721245043523586,2020-08-01
1289576121583857669,137369407,828299718040178690,2020-08-01
1289594510888931328,1249178489464467458,1202717196109144065,2020-08-01
1289678792160509953,822843189119873024,1556565362,2020-08-01
1289630368170041344,1284038449691979776,846336020,2020-08-01
1289580570079571968,1114374334611689472,1114374334611689472,2020-08-01
1289694953937936384,775723020811763712,805598741298171904,2020-08-01
1289580454757019648,42068515,516209413,2020-08-01
1289580353900904455,1941566305,4343072303,2020-08-01
1289904073253167105,739253094,1162560190148988929,2020-08-02
1289577009446678531,1187075774219718657,20397114,2020-08-01
1289588149606178822,1135783856,738423405804978176,2020-08-01
1289576926844084224,19010251,19010251,2020-08-01
1289578795893047297,1178721579582312448,1178721579582312448,2020-08-01
1289580385911939072,257722471,62137340,2020-08-01
1289600743826046976,1287011905924562946,173193402,2020-08-01
1289584725116428290,1127696165598912513,2339773183,2020-08-01
1289795721957273600,1176674394564788224,43905482,2020-08-02
1289616869188448256,1260285039448739840,1271924382437453824,2020-08-01
1289578988797452288,2173239739,3239114344,2020-08-01
1289580316642824192,138070726,24070286,2020-08-01
1289590382322360320,37904694,18600689,2020-08-01
1289581430020792322,52854876,52854876,2020-08-01
1289581750985916416,138070726,631543654,2020-08-01
1289581849111478273,2865907814,16161529,2020-08-01
1289948473719054338,53276941,1030773115956219904,2020-08-02
1289585032441425920,84422214,1164732821027663874,2020-08-01
1289581785949429760,1053660885808566273,442693628,2020-08-01
1289582500088434690,2275583316,871727598,2020-08-01
1289583140831289345,2275583316,871727598,2020-08-01
1289585282073817088,4514322802,370400397,2020-08-01
1289583450626949122,713587285,1116740718477946880,2020-08-01
1289583058337898503,2429092550,2429092550,2020-08-01
1289584443145895939,194222253,1055405245449322496,2020-08-01
1289588979642204169,1263205203026890754,1693289220,2020-08-01
1289584627259248640,4514322802,781339851144716289,2020-08-01
1289584016564387840,988899803953270784,60953592,2020-08-01
1289583738955784192,1061283934946934784,1061283934946934784,2020-08-01
1289584728236941312,988899803953270784,60953592,2020-08-01
1289587071284215810,2339773183,1127696165598912513,2020-08-01
1289957074953105409,870490417753731073,818695087144079360,2020-08-02
1289612743272669184,1196516182209249280,388057863,2020-08-01
1289587170798256128,1257767102968221701,1175856646205034496,2020-08-01
1289586728441847808,988899803953270784,118906395,2020-08-01
1289587572667084801,299868264,26998091,2020-08-01
1289699719472541696,1288182288992235520,1936197080,2020-08-01
1289617387948355584,1260285039448739840,1211355468729184256,2020-08-01
1289587672789340160,19319290,28052309,2020-08-01
1289617877792772097,1260285039448739840,1266280025063485440,2020-08-01
1289588320943538176,219384517,933364623050407936,2020-08-01
1289620334937640962,1269083066565193729,970261849,2020-08-01
1289589221204692992,1114374334611689472,1114374334611689472,2020-08-01
1289588663932747776,299868264,26998091,2020-08-01
1289588923694370817,25958053,164200094,2020-08-01
1289598794145755136,84422214,1164732821027663874,2020-08-01
1290099885300043776,9272142,138563525,2020-08-03
1289595602385244160,2275583316,871727598,2020-08-01
1289589682754457600,988899803953270784,118906395,2020-08-01
1289590493974679553,4514322802,370400397,2020-08-01
1289592682327584768,1916535294,1542928832,2020-08-01
1289703104976310273,88879307,994618128179982336,2020-08-01
1289595025362305025,4514322802,370400397,2020-08-01
1289611641982615552,17865252,1280412768714330112,2020-08-01
1289598122683846656,179470649,1119695210,2020-08-01
1289595644730994689,621137296,621137296,2020-08-01
1289596663854542854,1204930164389556224,497300307,2020-08-01
1289658799188348933,281628104,32344993,2020-08-01
1289599323030814725,927815191450083328,20307920,2020-08-01
1289598881286598656,299868264,2681133872,2020-08-01
1289601547085795328,918501080585134082,999421575911784448,2020-08-01
1289601818482184202,299868264,2681133872,2020-08-01
1289631063799562242,766713830462205954,44260667,2020-08-01
1289618878750810112,1088229756758315008,1244021267092643840,2020-08-01
1289614877200326656,762674289011224576,28362127,2020-08-01
1291473513002553345,24041740,20826970,2020-08-06
1289738045151825923,45744825,3068497678,2020-08-02
1289709615811239936,891054518133071872,1172412712237727745,2020-08-01
1289613713549344768,1278833948177694720,179760639,2020-08-01
1289609209567305728,51241418,826445318535254016,2020-08-01
1289610520077545472,2275583316,871727598,2020-08-01
1289610858088337410,1231695393240633344,1050779741865865217,2020-08-01
1289611684772868096,909984785149214720,829073481266520064,2020-08-01
1289647115132530688,1268093477058777089,1679060964,2020-08-01
1289617807479513089,235984570,17731510,2020-08-01
1289611993834389504,1112583920120446979,1223469869972115463,2020-08-01
1289778235161456642,2905444340,2781343033,2020-08-02
1290013464161705984,829073481266520064,909984785149214720,2020-08-02
1289612389747326976,1075171734,455501785,2020-08-01
1289613969062158337,1231695393240633344,312901450,2020-08-01
1289691767122432001,1035205826502217728,943352037084942337,2020-08-01
1289621196565123077,1172567251947577344,1200088846303711232,2020-08-01
1289619006857519104,218537695,539541627,2020-08-01
1289628426442362881,17546894,937422446323314688,2020-08-01
1289624289256173568,155904898,18793488,2020-08-01
1289619872998019072,51241418,3364529170,2020-08-01
1289620246500794370,1117504878111264773,47811196,2020-08-01
1289653470052507648,739184414341640192,739184414341640192,2020-08-01
1289620071556366339,176139127,49781669,2020-08-01
1289631782443208704,1049060166,2974153206,2020-08-01
1289619359061536769,766777716708433925,1267485303209672708,2020-08-01
1289621225178673152,435456225,53565806,2020-08-01
1289624546933272576,729329119742283776,48851011,2020-08-01
1289625062257995776,20307920,45438568,2020-08-01
1289621562065223680,45438568,50956207,2020-08-01
1289622332479176704,51241418,1184241602572836865,2020-08-01
1289628868924461056,98304406,1225369668254404611,2020-08-01
1289624053054156800,2806558980,2806558980,2020-08-01
1289626095772479494,171827825,1517103828,2020-08-01
1289624149657296898,2654460391,1050966983079018497,2020-08-01
1289639292449378304,739253094,909407605,2020-08-01
1289626841498685441,194820336,348014128,2020-08-01
1289626553035321344,1251526122535292929,88219032,2020-08-01
1289658949608697856,1001785488183775237,60378902,2020-08-01
1289627031617933312,1117504878111264773,3327184374,2020-08-01
1289635676099506176,25958053,15760637,2020-08-01
1289627494669139968,2996550907,2996550907,2020-08-01
1289629138974801920,310976104,197475282,2020-08-01
1289628066763796483,1551593126,51106001,2020-08-01
1289662819017748481,1249448383716012032,36822328,2020-08-01
1289630649020583936,937422446323314688,17546894,2020-08-01
1289631753338933248,310976104,267970075,2020-08-01
1289630626115534848,3281095753,714574689528451072,2020-08-01
1289631046963728393,348014128,194820336,2020-08-01
1289641541502267392,280687650,17758997,2020-08-01
1289780796107026432,1248689875487866880,342819257,2020-08-02
1289654213585166336,44260667,766713830462205954,2020-08-01
1289636196952313856,1285742758985162752,1220235328578973697,2020-08-01
1289631645847506944,462583838,889268155490590721,2020-08-01
1289761203082760192,808876178,1284038449691979776,2020-08-02
1289632964230356993,889268155490590721,462583838,2020-08-01
1289634708272242688,937422446323314688,17546894,2020-08-01
1289638732186841093,4266293139,3320656380,2020-08-01
1289636776345141249,252333797,31294424,2020-08-01
1289638975057956865,1164732821027663874,84422214,2020-08-01
1289669188022226944,1163554577142050817,2284514228,2020-08-01
1289638256405962752,1254881540779065346,1030128778708697088,2020-08-01
1289752524623187969,549565942,1177581855941566464,2020-08-02
1289641169488621570,1266572428387459074,4048118139,2020-08-01
1289641076446261249,829754732172423168,1264983255989858305,2020-08-01
1289713958085988352,1916535294,2499846800,2020-08-02
1289642134195195904,15760637,25958053,2020-08-01
1289641217442029570,2481506844,2608476578,2020-08-01
1289640966660542474,4266293139,3320656380,2020-08-01
1289642422914281473,78677181,1272967814052220928,2020-08-01
1289641578332450816,1264983255989858305,829754732172423168,2020-08-01
1289643097941577728,2491266333,457757871,2020-08-01
1289656837936013313,1207755089584123904,384391011,2020-08-01
1289649376563011589,990059739563347971,89767395,2020-08-01
1289643960722497536,990059739563347971,1237742801443487744,2020-08-01
1289651588668112896,1029790229127938048,1234746313222156288,2020-08-01
1289645497313943554,1228415516110245889,1032143980933341185,2020-08-01
1289651546519609346,739253094,728787819292983296,2020-08-01
1289781177100857345,1248689875487866880,1184246696496304128,2020-08-02
1289647293402976257,1144846759,1133124481680125952,2020-08-01
1289646841647308800,1231619599931715584,945661062275391489,2020-08-01
1289660579666210822,98903593,34550492,2020-08-01
1289646094939455490,15683731,15683731,2020-08-01
1289646667323412480,22843167,22843167,2020-08-01
1289648543309934592,49239992,14403710,2020-08-01
1289748599115362306,926909484,785305726013014017,2020-08-02
1289648607159705600,1239599332770398214,1275823237193019392,2020-08-01
1289650131965362176,346682382,1227105959945871361,2020-08-01
1289651039856017408,346682382,1227105959945871361,2020-08-01
1289648523244269569,240492373,240492373,2020-08-01
1289650397926154240,1280932848376176641,1149058850802114560,2020-08-01
1289649852499005440,1150666380162871296,565714172,2020-08-01
1289651196152741890,1074880053018791936,1224387766332674051,2020-08-01
1289649390706016256,310976104,321030936,2020-08-01
1289649955796160512,1289644100698988544,247268658,2020-08-01
1289663079106490368,3008609823,1535097378,2020-08-01
1289651141094125578,1150666380162871296,1328123774,2020-08-01
1289659914869182464,3008609823,1535097378,2020-08-01
1289925384952090625,2228878592,1173984945091633159,2020-08-02
1289655764420714496,937422446323314688,1705037989,2020-08-01
1289667115335614465,1268093477058777089,797408730186911744,2020-08-01
1289664363473715200,898946995,1265119587760209921,2020-08-01
1289951471233052672,1257767102968221701,3429472929,2020-08-02
1289659332464766976,1003825529773010944,929488002610581505,2020-08-01
1289654029258297348,369231528,369231528,2020-08-01
1289653567368790016,2493602402,41112708,2020-08-01
1289654419500314624,247268658,1289644100698988544,2020-08-01
1289654744516947969,1242599661275353088,202865931,2020-08-01
1289654792055218176,1883979044,1883979044,2020-08-01
1289655577958928384,41112708,1279756394363785219,2020-08-01
1289657095860523008,739253094,728787819292983296,2020-08-01
1289656194114543616,1242599661275353088,202865931,2020-08-01
1289660277642817536,1042405564540768256,1017474875563347969,2020-08-01
1289951731485487105,800676133075202048,2860104230,2020-08-02
1289657475285753856,1251526122535292929,1258174869092601859,2020-08-01
1289669618194407424,21522338,855738025,2020-08-01
1289661451980873728,1246691486030155776,519642922,2020-08-01
1289661908845383680,57198714,435584431,2020-08-01
1289672175646052352,3271384368,3192624796,2020-08-01
1289662129587417091,156179111,1158051196642439168,2020-08-01
1289673829229268998,1116515408226471937,2371440702,2020-08-01
1289666599096475648,15760637,1277224620500946945,2020-08-01
1289663736324608000,1150666380162871296,1328123774,2020-08-01
1289662711547097088,62449725,1012009642321276928,2020-08-01
1289662222373810176,1610237390,196552863,2020-08-01
1289667467229278208,872964678590377984,1051568263057039360,2020-08-01
1289664331462909952,1150666380162871296,1328123774,2020-08-01
1289662965080141824,196552863,1610237390,2020-08-01
1289665302397988864,2387676842,989113817652219905,2020-08-01
1289686474628059136,1167114374659616772,921784718877708290,2020-08-01
1289663863865004032,1242576378291089409,1186780972873850881,2020-08-01
1289664169273303042,898946995,2853095113,2020-08-01
1289664152206635008,1251526122535292929,1150430193326141440,2020-08-01
1289665611853967361,1546835503,23867351,2020-08-01
1289665901407526914,57198714,435584431,2020-08-01
1289665412234268672,1251526122535292929,1258174869092601859,2020-08-01
1289666983655436288,116238896,116238896,2020-08-01
1289692337665216513,109064246,17907090,2020-08-01
1289667178485055488,13423382,13423382,2020-08-01
1289668323647479808,3436564948,25434845,2020-08-01
1289669478066733061,872964678590377984,3855260592,2020-08-01
1289668897868623872,21522338,250476157,2020-08-01
1289688855545655296,7840272,2175054923,2020-08-01
1289843628529954816,906940705133748226,2535367145,2020-08-02
1289669170162888704,1156385316837740544,1156385316837740544,2020-08-01
1289681137573351427,1094640174670049280,1181324146321608704,2020-08-01
1289669981647626241,913501700488437761,31718463,2020-08-01
1289670953790824448,1251526122535292929,1258174869092601859,2020-08-01
1289674810709012480,1176697279358484480,2808159880,2020-08-01
1289672299927437313,116238896,116238896,2020-08-01
1289673031095263233,300927264,300927264,2020-08-01
1289673395307651072,864487498935787520,263967316,2020-08-01
1289677122127032321,1228415516110245889,114686837,2020-08-01
1289674789808779264,116238896,116238896,2020-08-01
1289675246346240001,1228415516110245889,999380137601916928,2020-08-01
1289675346397167618,76058560,76058560,2020-08-01
1289675876917891073,382694183,520979490,2020-08-01
1289697144010547200,1520997890,983946062032490496,2020-08-01
1289680385236901889,1215128183328202753,499486645,2020-08-01
1289676635638239233,35467771,806567013883772929,2020-08-01
1289683619615670272,864487498935787520,2250215048,2020-08-01
1289680799151734785,1215128183328202753,948026324223954944,2020-08-01
1289699322238578690,1179565841022623744,1030868541237542912,2020-08-01
1289677028602650626,898946995,744993832366800897,2020-08-01
1289677276263510016,114686837,14594463,2020-08-01
1290615189591584768,1264952259651047425,1238277448074006529,2020-08-04
1289677866557300736,58562436,42124882,2020-08-01
1289680018260422656,1268093477058777089,1679060964,2020-08-01
1289691019722633217,1903600231,984147696972894208,2020-08-01
1289679775490023426,879827638822547457,256303691,2020-08-01
1289696145082474497,1074510035089117184,151704265,2020-08-01
1289682326125936641,520754045,1263542256260300806,2020-08-01
1289680711356575744,51241418,918648061605408774,2020-08-01
1289730624090120192,769350711863836674,2233951699,2020-08-02
1289680791732027392,471831519,25130225,2020-08-01
1289681946792964096,19319290,767481574551977984,2020-08-01
1289687117367369729,1118303241760952320,1139091268229849088,2020-08-01
1289683280019591168,1268093477058777089,1679060964,2020-08-01
1289683273602367488,1286116923416215552,1312395158,2020-08-01
1289684096914882561,549517924,1194380991869181952,2020-08-01
1289687541759856640,159229238,1069313461526634496,2020-08-01
1289684236153176066,1286116923416215552,1312395158,2020-08-01
1289693025640177665,174369590,110290428,2020-08-01
1289891339228700673,269170752,1578265178,2020-08-02
1289683899505709056,1286116923416215552,1312395158,2020-08-01
1289763670239531008,267036993,128503156,2020-08-02
1289684578655850496,914281548,2942657375,2020-08-01
1289693434094247937,1265851454008496130,1184483710898323464,2020-08-01
1289686316695732224,742803862403358721,1561042664,2020-08-01
1289705915138977792,1144846759,60604840,2020-08-01
1289685947962068997,346682382,88577213,2020-08-01
1289698269258330112,51241418,948766715416141824,2020-08-01
1289685129212772353,811514954159443968,17178656,2020-08-01
1289688382407245825,19319290,1222684015062323208,2020-08-01
1289685840839548928,902268741844692992,1244397375923216384,2020-08-01
1289686232197259265,1117504878111264773,222582519,2020-08-01
1289686173896470528,116238896,116238896,2020-08-01
1289686986408833025,879827638822547457,1229837378635935745,2020-08-01
1289698140447072256,1250161155395502088,1265136072905744384,2020-08-01
1289689677293912066,811514954159443968,1033771596,2020-08-01
1289706730079698945,1159516865003237376,1244384003500789762,2020-08-01
1289695749572198400,850517345109921792,1250805794,2020-08-01
1289692133641740288,811514954159443968,1033771596,2020-08-01
1289694748811264000,1189761425063006208,1056883659603554306,2020-08-01
1289692995009179648,1262775592975577090,1115433878,2020-08-01
1289696514059702277,3060917158,2345621778,2020-08-01
1289698292092215297,775723020811763712,1036297830510587904,2020-08-01
1289699400328118273,1248268487379898368,3316974428,2020-08-01
1289989414114873345,1251200710622019584,881416376,2020-08-02
1289696040472293376,1077790895783653377,4052840597,2020-08-01
1289734603675013123,59548913,891467130197217280,2020-08-02
1289696918218485760,3862095082,2363592546,2020-08-01
1289701320413200384,727936490257448961,2804260260,2020-08-01
1289695383124353024,811514954159443968,1033771596,2020-08-01
1289711517026234371,16577987,337780078,2020-08-01
1289699945965072385,164685716,1267929385035759616,2020-08-01
1289697196577714176,17243913,1267166422062563328,2020-08-01
1289703552525275137,1262775592975577090,1115433878,2020-08-01
1289696988427165696,1162757233987522562,2228878592,2020-08-01
1289697623608381440,4890492167,74293012,2020-08-01
1289697817569583104,44747929,44747929,2020-08-01
1289698165713584128,21522338,1258400052101484545,2020-08-01
1289701236346777600,1018528668,633236707,2020-08-01
1289742978081153024,126145724,2768199002,2020-08-02
1289699490744553473,22326749,2266250079,2020-08-01
1289700762528780289,879827638822547457,1229837378635935745,2020-08-01
1289700670623215616,1171901545358737408,773434037801250817,2020-08-01
1289756991758401543,21522338,18007117,2020-08-02
1289702277670825984,915347593739239424,157877331,2020-08-01
1289715415015280642,954549348574011392,43836648,2020-08-02
1289708136564064257,1226295485104873473,568336632,2020-08-01
1289703058776051712,800676133075202048,1245144163,2020-08-01
1289709718961700864,1260285039448739840,1211355468729184256,2020-08-01
1289706353145962496,1207755089584123904,384391011,2020-08-01
1289707032338026496,1170447582272708614,1215671887923163138,2020-08-01
1289705557608153090,214956683,16429067,2020-08-01
1289705291777359872,172016482,172016482,2020-08-01
1289706341351579648,879827638822547457,1229837378635935745,2020-08-01
1289706466459484162,879827638822547457,1229837378635935745,2020-08-01
1289708067878105089,59621062,356306661,2020-08-01
1289711834480566274,3184345461,882730483976724480,2020-08-01
1289729902543908865,922809340117086209,721089442350366720,2020-08-02
1289706802670575616,879827638822547457,890895896090746881,2020-08-01
1289710351341064192,1117504878111264773,2855615704,2020-08-01
1289707773802946561,1083908907104387073,23138889,2020-08-01
1289709964471070720,19211695,1207006751502913536,2020-08-01
1289710121627475968,21522338,51318250,2020-08-01
1289708706242994177,1166066113907740673,794428617019322368,2020-08-01
1289710576474546176,157099071,803091707361251328,2020-08-01
1289723531509542920,872964678590377984,3855260592,2020-08-02
1289725360993472512,2186501418,700197769,2020-08-02
1289710783417339905,1092462165561229312,1092462165561229312,2020-08-01
1289711550584852480,794428617019322368,1166066113907740673,2020-08-01
1289766133155815424,3346658163,1053483896074129408,2020-08-02
1289716727626919936,1018528668,633236707,2020-08-02
1290188658801180675,337780078,16577987,2020-08-03
1289716745997963264,1144846759,1133124481680125952,2020-08-02
1289785973618827264,1248486940766134274,1289714188387078144,2020-08-02
1289721165972291585,1248486940766134274,2740298770,2020-08-02
1289721700775538688,1248486940766134274,2740298770,2020-08-02
1289719781734539264,58562436,1269064870256955397,2020-08-02
1289717072868659200,22845333,1232489741699948544,2020-08-02
1289742285727399937,350676366,1062215733315174400,2020-08-02
1289718339992862720,1203588551830581248,700250047,2020-08-02
1289971425365782528,1288182288992235520,1936197080,2020-08-02
1289720762111164416,22326749,49073130,2020-08-02
1289743295996760065,1117504878111264773,72744540,2020-08-02
1289727124820041733,17994507,931011842,2020-08-02
1289721395585269760,429846916,825808796828196864,2020-08-02
1289721410374365184,1169529747438809089,870605659129106433,2020-08-02
1289811234548850688,1267527301727768576,1210903230412017665,2020-08-02
1289723912763273216,1263857382708264962,1249341816060686337,2020-08-02
1289723409962688514,1248486940766134274,139142283,2020-08-02
1289722433096753152,1148601668688330754,1148601668688330754,2020-08-02
1289744810597683205,926909484,785305726013014017,2020-08-02
1289723288424308737,891054518133071872,202038553,2020-08-02
1289723226780651520,2437216230,2437216230,2020-08-02
1289723937073410049,870605659129106433,1169529747438809089,2020-08-02
1289725042683596801,1262775592975577090,3294120842,2020-08-02
1289734514030383104,1264983255989858305,1163254678387331072,2020-08-02
1289724915847852034,1279456214821240833,30534250,2020-08-02
1289839109100322816,59621062,356306661,2020-08-02
1289725948510650368,1248486940766134274,116874927,2020-08-02
1289729922974375936,1133124481680125952,3248691361,2020-08-02
1289727375161270272,255313146,255313146,2020-08-02
1289725799906516992,891054518133071872,202038553,2020-08-02
1289736555733508097,4434966340,74908916,2020-08-02
1289741536943513600,822534370128986114,252868586,2020-08-02
1289730267595206658,775723020811763712,1036297830510587904,2020-08-02
1289772383352442880,931011842,17994507,2020-08-02
1290118437994283008,930997396540182528,2255100512,2020-08-03
1289730374994550784,1247899599500496896,1247899599500496896,2020-08-02
1289729157396459525,1248486940766134274,2268106326,2020-08-02
1289738803414892544,3725831532,903175063,2020-08-02
1289992121454215168,12667682,27022110,2020-08-02
1289798376846843905,21522338,1282163130823581696,2020-08-02
1289731778463166470,18382944,1005887991410114565,2020-08-02
1289730585770917890,346682382,114690451,2020-08-02
1289731018757308416,15594996,883767894,2020-08-02
1289732126242349056,1144846759,1133124481680125952,2020-08-02
1289732485014851584,1231673439775338498,153471197,2020-08-02
1289733227985297408,2233951699,769350711863836674,2020-08-02
1289734521726754816,762522504,1105901189709754368,2020-08-02
1289735004864442368,762522504,1105901189709754368,2020-08-02
1289734932114202624,310620955,844301125377409025,2020-08-02
1289747024397709317,997303926549557248,59845865,2020-08-02
1289734855572553728,830515649935990784,1220328766594879488,2020-08-02
1289737164276736000,262457190,2695810070,2020-08-02
1289735165464342531,2233951699,769350711863836674,2020-08-02
1289780421291458560,891467130197217280,59548913,2020-08-02
1289736099590373376,1265723295426654213,1043607270280572929,2020-08-02
1289764933186420738,1232434699924123648,792006214452256768,2020-08-02
1289736802446671872,1144846759,1133124481680125952,2020-08-02
1289736036998946817,1230663883414757376,1230663883414757376,2020-08-02
1289742529500340225,27893396,736989573201301504,2020-08-02
1289742648199090176,1018528668,633236707,2020-08-02
1289740896834146305,19319290,1199017921923571712,2020-08-02
1289740767796199424,1514304690,2910282105,2020-08-02
1289998193695096833,1199069359555133440,1013796373,2020-08-02
1289740247732027395,1269425996966567937,961484606,2020-08-02
1289740220561203200,762522504,883342741467533312,2020-08-02
1289740221408452609,930449804,80765134,2020-08-02
1289741095350370304,1077790895783653377,1172307001948246019,2020-08-02
1289740688414789632,1264983255989858305,2940899936,2020-08-02
1289742719686856704,3296381492,1117229660247482368,2020-08-02
1289743901687820288,3296381492,1117229660247482368,2020-08-02
1289806599863676928,839089094043009024,373015236,2020-08-02
1289743169584680960,1223713132222140416,2414574331,2020-08-02
1289749481186041857,364499622,327091520,2020-08-02
1290012789566709762,774764462620368896,167776569,2020-08-02
1289760634926559232,1284564486851047425,889281950564982784,2020-08-02
1289745921698344960,1248486940766134274,7738,2020-08-02
1289744026673979393,255079989,204977744,2020-08-02
1289748169484464129,411929872,951291427757047808,2020-08-02
1289762029075607552,755298468122488832,755298468122488832,2020-08-02
1289748190372048896,167776569,774764462620368896,2020-08-02
1289744150078689280,727936490257448961,43043715,2020-08-02
1289814277528805376,252868586,822534370128986114,2020-08-02
1289744129912532993,745410705239728129,591296375,2020-08-02
1289746211683971072,61913539,509389594,2020-08-02
1289745009617432577,3198853123,1233687552965648384,2020-08-02
1289754400307605505,1659152678,464216405,2020-08-02
1289745336987054082,1117504878111264773,1231714944665759744,2020-08-02
1289749328060280833,738798585853050880,46170691,2020-08-02
1289746884244971521,911391847,2166460405,2020-08-02
1289746361554857984,727936490257448961,43043715,2020-08-02
1289746411391614976,975350390731563008,32009807,2020-08-02
1289746559240830977,1172412712237727745,891054518133071872,2020-08-02
1289836903714263040,1083908907104387073,825546410439225344,2020-08-02
1289748468148232194,255079989,204977744,2020-08-02
1289751915245342722,17597853,2342529750,2020-08-02
1289754758908174336,1171901545358737408,985990251456925698,2020-08-02
1289749884111851521,58562436,1001594843846660096,2020-08-02
1289749327737307137,2275583316,871727598,2020-08-02
1289752406650101762,1289341706379427841,1287196849896656896,2020-08-02
1289971284026118144,46170691,738798585853050880,2020-08-02
1289750769202126848,1242599661275353088,2272234434,2020-08-02
1289751275366543360,1969317973,49488097,2020-08-02
1289750372966227969,1003839740049846273,1003839740049846273,2020-08-02
1289756783515377664,4564135223,995371118511865856,2020-08-02
1290420397087903745,1191500888671707136,1161556228486631427,2020-08-03
1289881583441256450,811514954159443968,17178656,2020-08-02
1289753049422942208,16315143,1411689122,2020-08-02
1289751736836554753,255079989,204977744,2020-08-02
1289751766133870597,1969317973,49488097,2020-08-02
1289753650672230401,4434966340,4822849205,2020-08-02
1289753077415735296,19319290,925119408267149312,2020-08-02
1289754316882886656,786624798554152960,965142103,2020-08-02
1289752975364120576,94419492,68904976,2020-08-02
1289754952844238849,255079989,18722278,2020-08-02
1289999928207409152,917895265507569664,3000390403,2020-08-02
1289760129487785985,16204159,33344075,2020-08-02
1289776260214935553,2800470003,1252355869431529472,2020-08-02
1289755798034436096,931286316,122835442,2020-08-02
1289761006470565889,235419726,439069615,2020-08-02
1289801840658268161,979094449979609088,86521639,2020-08-02
1289760996844691457,1241909908729221122,1143329709633212416,2020-08-02
1290002842397286400,595018786,995022994098606080,2020-08-02
1289812877163950080,439069615,235419726,2020-08-02
1289765578157129734,284918900,13542522,2020-08-02
1289764277444677632,258176399,1680028410,2020-08-02
1289763879187144704,872238191977410564,990059739563347971,2020-08-02
1289762555297017856,255079989,593322663,2020-08-02
1289766087354191878,872964678590377984,831016161131114496,2020-08-02
1289774170507636737,1250161155395502088,2868652104,2020-08-02
1289786842494074880,1659152678,464216405,2020-08-02
1289769686729543682,278994571,952929633556684800,2020-08-02
1289812862601322498,1233817907731107840,21826927,2020-08-02
1289767646297092097,233020788,891350677,2020-08-02
1289776089640906758,1384418016,300370291,2020-08-02
1289770033984540672,309791785,1267674184911650821,2020-08-02
1289775073457446912,872238191977410564,990059739563347971,2020-08-02
1289770426642477056,1277834779795152896,1277834779795152896,2020-08-02
1289769507620184064,786624798554152960,965142103,2020-08-02
1289770795095351296,826209477464555520,1289743220772151298,2020-08-02
1290008290655518720,818299179390955520,1084655359703351297,2020-08-02
1289773847428833280,1267674184911650821,309791785,2020-08-02
1289772477086699520,1186061624999854081,15073231,2020-08-02
1289775080499744768,21522338,39068405,2020-08-02
1289800904040779777,39644856,1206749530974302209,2020-08-02
1289773064801128449,121490412,41779973,2020-08-02
1289786427136520193,21522338,832465075336196096,2020-08-02
1289886504387375106,986083536,843494853224882176,2020-08-02
1289775795825553408,233020788,891350677,2020-08-02
1289778027572785152,1144846759,60604840,2020-08-02
1289950411332304897,568294678,1267285275723603970,2020-08-02
1289913797725974530,1232434699924123648,792006214452256768,2020-08-02
1289894034681417731,135820410,231614778,2020-08-02
1289814776013438978,3015715078,1275707387018698753,2020-08-02
1289981557105520642,1287011905924562946,1144464454005821443,2020-08-02
1289779137536618496,3233697852,41058961,2020-08-02
1289780561951637504,2314530576,4741436532,2020-08-02
1289780534848020483,2314530576,1206756785173852160,2020-08-02
1289780969763819521,21522338,797309507189673984,2020-08-02
1289881770133880833,811514954159443968,1182605849824583687,2020-08-02
1290093511816040448,18240569,962300144178753536,2020-08-03
1289781923552751618,1284843711508119553,66924891,2020-08-02
1289782155506139136,1284843711508119553,1277276513293893633,2020-08-02
1289784237030174720,233020788,891350677,2020-08-02
1289783287762677760,761085873953787906,761085873953787906,2020-08-02
1289919897091239937,94809245,757277067331252224,2020-08-02
1289786942998028289,819576941439119360,1266422329770475522,2020-08-02
1289790854463238144,124800314,124800314,2020-08-02
1289788864551251968,2352426552,934087661391822849,2020-08-02
1289799211937075201,584790529,1231649205774684161,2020-08-02
1289791116464648192,3404208983,1127176606340927490,2020-08-02
1289801583266369537,898946995,745393058724839424,2020-08-02
1289800302116384774,906940705133748226,1337916584,2020-08-02
1289794315246399488,2291846072,611991482,2020-08-02
1289801839706333185,25605198,798022657526464512,2020-08-02
1289849233281966080,2416149882,2416149882,2020-08-02
1289939178935861249,1214746901398085633,797109454080765952,2020-08-02
1290169401191411717,1715899483,737364865896026112,2020-08-03
1290053352148017152,2746542745,713709298422046720,2020-08-02
1289947431132512256,1206749530974302209,39644856,2020-08-02
1289806480938475521,1260285039448739840,1211355468729184256,2020-08-02
1289808213282447362,1184319704430710785,840221080186978304,2020-08-02
1289821192354922496,1262596164354019328,1267692861178380289,2020-08-02
1289848328528658432,522220362,134253803,2020-08-02
1289947511759634433,1206749530974302209,867388835113598976,2020-08-02
1289812986291462144,3422300313,1061139318922571776,2020-08-02
1289901618192715776,822760570206224386,710355652418252800,2020-08-02
1289816137027338241,2905444340,2781343033,2020-08-02
1289843099250774018,3233697852,1265865669087621125,2020-08-02
1289816873895202816,67061982,67061982,2020-08-02
1289820659300749312,382012096,1222785241519153152,2020-08-02
1289836134542049280,382012096,1222785241519153152,2020-08-02
1289836969594241024,382012096,1222785241519153152,2020-08-02
1289835244846292992,28963473,999049200087261190,2020-08-02
1289821627786526720,1150666380162871296,1106698076578820097,2020-08-02
1290127634702176257,57838269,22001333,2020-08-03
1289922828519833601,755846181641748481,3266206850,2020-08-02
1289825054696460288,972700501,965309749473546240,2020-08-02
1289824962417577985,417432285,417432285,2020-08-02
1289825248964009984,784098236,481703659,2020-08-02
1289830876759564288,382012096,1222785241519153152,2020-08-02
1289831840354693123,382012096,1222785241519153152,2020-08-02
1289832372683366400,382012096,1222785241519153152,2020-08-02
1289832814687395840,382012096,1222785241519153152,2020-08-02
1289829744863838208,1150900707710636035,1133929324829204480,2020-08-02
1290128396844851205,119869528,797908112246185990,2020-08-03
1289829186320896002,821719770,1072394512566272001,2020-08-02
1289939281197166594,224683801,621767780,2020-08-02
1289831195539193856,1133929324829204480,1150900707710636035,2020-08-02
1289846898359021568,3026176005,1266477847457050625,2020-08-02
1291659256731545600,156464691,156464691,2020-08-07
1289997630982955008,1289649007183015936,1213729295329198081,2020-08-02
1289851960229675009,382012096,212339448,2020-08-02
1289854755037036544,278994571,118307989,2020-08-02
1289853915262050304,25490879,871073296934109184,2020-08-02
1289873603714932736,1701162751,2209112745,2020-08-02
1289862963264778243,188665937,1833167173,2020-08-02
1289870551700238337,1159953986176389120,883317188471513090,2020-08-02
1289870608818294786,278994571,842907738472615937,2020-08-02
1289881738349436929,127982186,253550603,2020-08-02
1289891435072765953,1280262239631663104,1284460458192392192,2020-08-02
1289867237956833280,1287141483011866626,33872826,2020-08-02
1289902654345248775,739253094,16270405,2020-08-02
1289867950086688769,898017522015805443,898017522015805443,2020-08-02
1289872332299747329,108951721,108951721,2020-08-02
1289872756507516930,2389457995,1269082858087473158,2020-08-02
1289875846421831680,43139042,19491567,2020-08-02
1289976212211691521,1271348023680020481,1271348023680020481,2020-08-02
1289892870560743425,21522338,1026250771,2020-08-02
1289879223583346688,4541141723,4541141723,2020-08-02
1289877844449873921,360105746,974377427622297600,2020-08-02
1289882157104500738,974377427622297600,360105746,2020-08-02
1289883851649478657,838632641536503808,1441971834,2020-08-02
1289882387925487617,20859969,1283063224955482114,2020-08-02
1289909159140311047,3054577271,397157417,2020-08-02
1289884872123617283,51148734,1591904982,2020-08-02
1289886993883643905,51148734,379272000,2020-08-02
1289887554951622656,4898711772,1269730608474963980,2020-08-02
1289888726399635456,278994571,1979650400,2020-08-02
1289890365571383301,870782181102190592,441308835,2020-08-02
1289920371509071872,1152611715797962752,1132366564467068929,2020-08-02
1289907358777266178,1209712148911251456,1189524954,2020-08-02
1289893273910173697,811514954159443968,898272197407584257,2020-08-02
1289897309933834242,1178293661433548800,478183027,2020-08-02
1289894309366398977,3254135167,1631663060,2020-08-02
1289969881647992832,2885889147,549287195,2020-08-02
1289939950721523712,1244680693948571654,959190307,2020-08-02
1289896013507878912,1149415437828075520,785191959845625856,2020-08-02
1289895752173367296,811514954159443968,1243260072387584006,2020-08-02
1290107182176858112,3232427601,154135900,2020-08-03
1289898825348288512,1262100041143128064,966476236909350912,2020-08-02
1290010910040367104,1149415437828075520,1263589218795704320,2020-08-02
1289906823646986242,1176674394564788224,539171153,2020-08-02
1289899497808519168,811514954159443968,1243260072387584006,2020-08-02
1289900484849889280,811514954159443968,1243260072387584006,2020-08-02
1289961121684758528,757915823822430209,697833790257893376,2020-08-02
1289935254069735425,2314530576,997529740046151680,2020-08-02
1298395320527794176,1003080277,387381687,2020-08-25
1289924041608843266,991747425223180288,875641332,2020-08-02
1289908467214561281,811514954159443968,979870450577686528,2020-08-02
1289918728184819712,397157417,3054577271,2020-08-02
1289910969393504256,1197581307842306048,2334842175,2020-08-02
1289910958517714946,115308684,733127315018907648,2020-08-02
1289936771547947011,3065070227,1158129137778876416,2020-08-02
1289911948511862790,19419592,29076240,2020-08-02
1289915255653466112,1082050415296823296,1082050415296823296,2020-08-02
1289946006641995776,792006214452256768,1232434699924123648,2020-08-02
1289918339481915395,43827155,3982538549,2020-08-02
1291854253212889088,115308684,1269462776,2020-08-07
1289915156978262016,278994571,4633464923,2020-08-02
1289918096313065474,1178293661433548800,780161328,2020-08-02
1289917573648142338,24357823,774195006,2020-08-02
1289930538325880833,1280262239631663104,1284460458192392192,2020-08-02
1289979504622891010,3351454733,830066014427693056,2020-08-02
1289921106908860416,1187710475196346368,1165689098830368768,2020-08-02
1289921055142879234,1197581307842306048,2334842175,2020-08-02
1289923353453588481,3308046974,959413518184472576,2020-08-02
1289923302190747649,522220362,134253803,2020-08-02
1289926433494638600,43827155,3982538549,2020-08-02
1289926509839319040,43827155,3982538549,2020-08-02
1289925891699568647,43827155,3982538549,2020-08-02
1289927352630145030,810755496609247232,31539829,2020-08-02
1289945828941955073,931286316,634656340,2020-08-02
1289957606153498625,1327100088,984936922869936128,2020-08-02
1289952712214233090,1268450440867348481,382277135,2020-08-02
1289925143637024774,35051304,3297184043,2020-08-02
1289964158457270273,3233697852,1631520271,2020-08-02
1289938236823883778,3308046974,959413518184472576,2020-08-02
1289933042702675968,835236025312112640,1040366111265570816,2020-08-02
1290002166426603521,4266293139,3320656380,2020-08-02
1290057781785985025,1128685338686152704,1208499536865435648,2020-08-02
1289929831568691203,2187890709,1658674627,2020-08-02
1289928887598632968,2865907814,1859410399,2020-08-02
1289929640803356673,811514954159443968,1237949452780023809,2020-08-02
1289930134921904128,19319290,864549277,2020-08-02
1289932054050660356,811514954159443968,1185324613896736769,2020-08-02
1289957842846351360,859595187668103168,1240446738994999296,2020-08-02
1289934818868830208,1040366111265570816,835236025312112640,2020-08-02
1289941054905450502,113364160,26891704,2020-08-02
1289934664589881344,104025481,46869390,2020-08-02
1289936333603930112,109089475,1950267637,2020-08-02
1289938773946572800,775723020811763712,303994855,2020-08-02
1289938613291999232,3065070227,26285050,2020-08-02
1289940246977683457,2314530576,997529740046151680,2020-08-02
1289948417381277696,324163222,1285287638535155714,2020-08-02
1289959024834670592,1246870023802482688,3100589564,2020-08-02
1289970861122887683,4434966340,4822849205,2020-08-02
1289975849744203777,2892710886,1231227015371595776,2020-08-02
1289943508216766464,997529740046151680,2314530576,2020-08-02
1289947389495713794,1234509233061675009,543020062,2020-08-02
1289951216957452288,1175226135426322432,33518874,2020-08-02
1289963669212676099,1274782717889126402,400696924,2020-08-02
1289948045824741379,3065070227,237954861,2020-08-02
1289947839771140097,1077724667828494336,1084524458,2020-08-02
1289950935490289665,58562436,1218667776132308992,2020-08-02
1289949432885067776,1224206368653090816,1089645088395780097,2020-08-02
1289951710769643520,1276680838457982976,1058857497153466368,2020-08-02
1289952191206371328,1246531403292053508,3157520504,2020-08-02
1289948641797402624,967203258,796510681440931840,2020-08-02
1289950233032630274,1344539976,3129048603,2020-08-02
1289969400552939520,3764689043,21925564,2020-08-02
1289965359240372224,1250161155395502088,96692407,2020-08-02
1289956754004926465,3081983657,889882434287788032,2020-08-02
1290000021887373312,595018786,837641205060157440,2020-08-02
1289959129709068288,1214746901398085633,797109454080765952,2020-08-02
1289952311364657152,917551703578238976,194627130,2020-08-02
1289958303859118080,1304397978,582196516,2020-08-02
1289953852066693121,3065070227,1252830427863113729,2020-08-02
1289954502615814145,1256747547412103168,31243232,2020-08-02
1290075371879071744,1236137025104904192,1149356407210352640,2020-08-03
1289953746219184129,1215427735524298752,1262218808216784897,2020-08-02
1289955389090324480,247268658,1289644100698988544,2020-08-02
1289954792756793344,1281608179579793418,1200626725778067456,2020-08-02
1289957498581946375,3394214901,957052377156202501,2020-08-02
1289963462009819142,278994571,1190315784897208320,2020-08-02
1289971595088236545,561502105,384424873,2020-08-02
1289958322062282752,278994571,1190315784897208320,2020-08-02
1289961659553861632,2731336252,1190711435594219520,2020-08-02
1289958105367736320,3394214901,1149332421214658562,2020-08-02
1289958450194034689,3394214901,1069697220197449740,2020-08-02
1289974281904955392,565869650,37025150,2020-08-02
1289960528501067776,775723020811763712,846332203,2020-08-02
1289971219991638016,3037104375,1171224775747915778,2020-08-02
1290073876882325505,957700086028472320,4329484154,2020-08-02
1289961290094575616,814551893359919105,814551893359919105,2020-08-02
1289962105806835714,3081983657,222377795,2020-08-02
1289961219734953984,2913355732,1275474348350926848,2020-08-02
1289969033614303233,3300889242,1175915719868997633,2020-08-02
1289961956565114881,52870972,52870972,2020-08-02
1290100757786583040,774091694081994752,89737889,2020-08-03
1289964577115877378,732768811,1279449658901721088,2020-08-02
1289964411797401600,3394214901,1069697220197449740,2020-08-02
1289964963033907207,713218818,15774954,2020-08-02
1289964977944530945,22717486,463308634,2020-08-02
1289965197927387136,1240790173870206976,2191298473,2020-08-02
1289987777141051394,836664279763910656,706290107809034241,2020-08-02
1289973666776719360,1288182288992235520,1020925429971111936,2020-08-02
1289976239487217665,1288182288992235520,1020925429971111936,2020-08-02
1290086457919582211,1236137025104904192,979471844779679744,2020-08-03
1290009168838037515,811514954159443968,314003511,2020-08-02
1289971954531758081,101170106,1147261773940187137,2020-08-02
1290004624057856002,350743183,254968940,2020-08-02
1290022910308933632,1281639796956442634,28628111,2020-08-02
1289979680699768833,564207335,940126518,2020-08-02
1289969940900929537,1121033637934325760,12755692,2020-08-02
1289973321287602176,1288182288992235520,1004872062924566528,2020-08-02
1289989009389662208,3764689043,21925564,2020-08-02
1292619103283314698,1025607511,1025607511,2020-08-10
1289970889572806656,775723020811763712,846332203,2020-08-02
1289973326345990146,1520997890,983946062032490496,2020-08-02
1289978641003057152,859855469191548929,1152251896943534081,2020-08-02
1289972486117834752,1511018348,1511018348,2020-08-02
1289972035506991107,1089645088395780097,870660721515913216,2020-08-02
1289972401652940800,1089645088395780097,392272675,2020-08-02
1289973085299335168,382012096,212339448,2020-08-02
1289973554142801921,382012096,212339448,2020-08-02
1289975564577542144,382012096,212339448,2020-08-02
1289975793020334080,382012096,212339448,2020-08-02
1290010035318173696,400696924,1274782717889126402,2020-08-02
1289974422200188929,1223713132222140416,904409761575301120,2020-08-02
1289988304180588551,14714040,1031769872793911296,2020-08-02
1290069262271307776,1833241686,31424695,2020-08-02
1289975342858268674,1089645088395780097,392272675,2020-08-02
1289979222790823936,1089645088395780097,392272675,2020-08-02
1289978382306942976,1245119401793372160,81164801,2020-08-02
1289988075888680961,15396693,1190458974962733056,2020-08-02
1289979459542454273,1089645088395780097,392272675,2020-08-02
1289979528819830786,1089645088395780097,392272675,2020-08-02
1289980719473729536,1089645088395780097,392272675,2020-08-02
1289983076660129792,18599424,1188545130279718912,2020-08-02
1289985884981530624,595674589,3319319311,2020-08-02
1289997577790791681,4056779505,164762850,2020-08-02
1290241665366540288,800029269078339584,1267520634021539840,2020-08-03
1289984242475134977,3738482058,4237441813,2020-08-02
1290090451404374016,902647128815792129,90707068,2020-08-03
1289986912413863937,882820282221809664,363955840,2020-08-02
1290012807224647685,113721008,1289975374286409728,2020-08-02
1289984584696946688,1441971834,1135163375082725376,2020-08-02
1289984110371278848,739253094,1620735902,2020-08-02
1289989529416470528,3394214901,1169983656871518208,2020-08-02
1289985358034161664,820334288990339072,21288833,2020-08-02
1289984999823818753,1102245462499905536,157186320,2020-08-02
1289985978095087622,1007599495285235712,1007599495285235712,2020-08-02
1289985622862516225,1220207726,1220207726,2020-08-02
1290003337903972352,1203412595836948480,703337580180459520,2020-08-02
1289987367521009664,896424124897267713,758552767,2020-08-02
1290006645150322689,811514954159443968,110129767,2020-08-02
1289990425265074176,1117977746511151105,1602362719,2020-08-02
1289991497857658880,1132681939956240391,1259356106255749122,2020-08-02
1289996241628041225,64782002,1122591290703663110,2020-08-02
1290055369125965826,1133124481680125952,997886122939199488,2020-08-02
1289989762661539840,2913355732,4879312347,2020-08-02
1290014985595129857,4266293139,3320656380,2020-08-02
1290038418139824128,1276982811056934912,1078717447547600898,2020-08-02
1289991384137527297,2358509347,1261663171657506816,2020-08-02
1289992517362921472,1261663171657506816,2358509347,2020-08-02
1289992116026748928,3394214901,757824077423751169,2020-08-02
1289996030298161157,1166064430586707969,1166070345302007813,2020-08-02
1290054200781463553,984605262999732225,1117977746511151105,2020-08-02
1289994535326502913,3319319311,595674589,2020-08-02
1289993374754373632,1264983255989858305,17147215,2020-08-02
1290097117193572352,872964678590377984,111858127,2020-08-03
1289993469952274433,153471197,65216654,2020-08-02
1289994723982225408,1126160624151662592,62340600,2020-08-02
1289996607245582337,27339484,1250190652744314886,2020-08-02
1290004895903277056,1245119401793372160,81164801,2020-08-02
1290018056010227712,21522338,2996253413,2020-08-02
1290017251945361408,1204361422240649217,2787718283,2020-08-02
1290014146566578176,496404509,4671374114,2020-08-02
1289998125323546624,116238896,18919119,2020-08-02
1289997956389564417,1288182288992235520,1020925429971111936,2020-08-02
1289999667690799104,64660467,64660467,2020-08-02
1290071394181476354,1236137025104904192,1207327346316980224,2020-08-02
1290000224241348608,116238896,18919119,2020-08-02
1290036699947397121,773660615298707457,1898700013,2020-08-02
1290001123198164992,1055405245449322496,1279168362669539329,2020-08-02
1290001813597380608,1241803387517181952,3195419603,2020-08-02
1290048219771293697,1281313828643504134,874582929212669953,2020-08-02
1290001614888083456,1086976130819809280,852181870284599296,2020-08-02
1290003626765643781,1117977746511151105,273239803,2020-08-02
1290005881283702785,116238896,18919119,2020-08-02
1290003736694145024,3195419603,1241803387517181952,2020-08-02
1290002207966863361,1195551248906244097,1267602684011515904,2020-08-02
1290002585508691968,105617010,1076707500819447809,2020-08-02
1290006754026291200,1117977746511151105,1219740472257630210,2020-08-02
1290096279586971651,872964678590377984,111858127,2020-08-03
1290004134402371585,288418820,288418820,2020-08-02
1290006931843629059,82433,559835372,2020-08-02
1290021746129530880,749857962,3049245868,2020-08-02
1290018165716430849,1204361422240649217,1125104800436228098,2020-08-02
1290027276738813952,868297606816026624,1081780284394106881,2020-08-02
1290008128591990784,1005649894604967937,702926177607020545,2020-08-02
1290008218144395264,144168856,1121123792867266560,2020-08-02
1290010849487118336,1257767102968221701,840550753890635777,2020-08-02
1290008668021256192,902682750,920768585093455872,2020-08-02
1290009727552765952,1237118697493446659,87821051,2020-08-02
1290010580347043841,1164176203923820544,991942711413526528,2020-08-02
1290022229711843328,3000390403,917895265507569664,2020-08-02
1290010023884546051,811514954159443968,314003511,2020-08-02
1290011720505688064,1117977746511151105,140680447,2020-08-02
1290011623038558208,4056779505,797874356038684672,2020-08-02
1290011980565303299,4889919687,4889919687,2020-08-02
1290015615583842304,64782002,14933852,2020-08-02
1290016633805656064,18220818,2247906445,2020-08-02
1290017835045928960,4266293139,3320656380,2020-08-02
1290020629320814593,1285742758985162752,1220235328578973697,2020-08-02
1290016597369688064,64782002,700111533,2020-08-02
1290057414503313409,21522338,18996563,2020-08-02
1290045964128903169,4340793021,3404920522,2020-08-02
1290017019832619008,2800961987,2800961987,2020-08-02
1290042082141249537,179792354,1277787454079209472,2020-08-02
1290018218665418752,1287162964877877248,164577118,2020-08-02
1290017725960527872,1237539662773866497,1275908811262504961,2020-08-02
1290018977284939776,1117977746511151105,824920081423540225,2020-08-02
1290025444574560256,1173041641,929738050229407744,2020-08-02
1290025270330552320,3394214901,747583685713661952,2020-08-02
1290019843190616064,1189761425063006208,2590422805,2020-08-02
1290057835523346434,21522338,612783809,2020-08-02
1290019524394143744,2366035242,2366035242,2020-08-02
1290026089356509184,140680447,2251405903,2020-08-02
1290019969103585280,2366035242,2366035242,2020-08-02
1290027807431471104,4236661,2304288702,2020-08-02
1290021940573245440,997087345856909312,997087345856909312,2020-08-02
1290021152744759296,1164176203923820544,991942711413526528,2020-08-02
1290029268919971841,2913355732,2177158698,2020-08-02
1290021068246138880,64782002,3389001,2020-08-02
1290026947142008832,539566673,1248762078170669057,2020-08-02
1290047375730307074,917895265507569664,3000390403,2020-08-02
1290027741081870336,795131650929635328,51510736,2020-08-02
1290024036097957888,2340921186,2340921186,2020-08-02
1290036696516636672,21522338,2996253413,2020-08-02
1290037606466465793,1246870023802482688,342383454,2020-08-02
1290024973122154496,541777125,815345929695825920,2020-08-02
1290025078348853248,1110392663671533569,4815326525,2020-08-02
1290033326690938880,1934795695,37000209,2020-08-02
1290027328039395329,64782002,3389001,2020-08-02
1290026637673693184,573921084,1104752011013169152,2020-08-02
1290026997503205383,541777125,815345929695825920,2020-08-02
1290027201174179841,17919393,1257318242,2020-08-02
1290038540269547520,907622559826325504,1076313345102356480,2020-08-02
1290029558075240448,832447306611912704,1144042667782877184,2020-08-02
1290032092575719424,152194866,15831927,2020-08-02
1290251951662194689,1160730626850512897,1036380134,2020-08-03
1290036308065189889,67995460,1220488149006155777,2020-08-02
1290030315524599808,1197328929167728640,1013840071823413250,2020-08-02
1290031813612597248,153471197,65216654,2020-08-02
1290110383903002626,1710316669,1286966425647816704,2020-08-03
1290453018287251456,1281639796956442634,28628111,2020-08-04
1290034065265922048,1178866430151921664,127615251,2020-08-02
1290034200750575618,983946062032490496,1520997890,2020-08-02
1290040445901451267,17929151,365808274,2020-08-02
1290035341013864453,16634471,16634471,2020-08-02
1290088703163953152,1248762078170669057,539566673,2020-08-03
1290089341453135875,1248762078170669057,539566673,2020-08-03
1290039430741463040,448900071,1164601759030890496,2020-08-02
1290038028166037505,66302303,724638877,2020-08-02
1290041094995050504,705611718,1007998188,2020-08-02
1290043397130969089,766719206247108608,114965569,2020-08-02
1290044567543148544,2249531,801420475817750528,2020-08-02
1290129657161949184,48170966,1288359384318218242,2020-08-03
1290085548972019712,1267982563,726759084939206656,2020-08-03
1290043806847401984,283279357,586921010,2020-08-02
1290280932088270849,775723020811763712,1056612959076651010,2020-08-03
1290047161061654528,1117977746511151105,19992131,2020-08-02
1290048864586567680,1957165362,341241270,2020-08-02
1290069177319821312,1266440570874007553,839768832558399491,2020-08-02
1290052684116971520,21522338,344732231,2020-08-02
1290048733824970753,1092462165561229312,1344675571,2020-08-02
1290048594829905921,1116747937412001792,1116747937412001792,2020-08-02
1290602955721383936,28230854,28230854,2020-08-04
1290292642828488708,859597084646944770,2397195295,2020-08-03
1290223958847918081,2727564506,31525995,2020-08-03
1290051981868924930,276055500,1276820143675490305,2020-08-02
1290052980457132032,1031769872793911296,14714040,2020-08-02
1290079735381282816,896583352576348161,2844532387,2020-08-03
1290054028836167681,1076707500819447809,349506014,2020-08-02
1290054724629209088,519859974,20902081,2020-08-02
1290055347676184581,519859974,20902081,2020-08-02
1290146123693219840,448900071,1282447648914657286,2020-08-03
1290056358792818691,725111657446305792,962349197449220098,2020-08-02
1290055605625880576,1076707500819447809,89676494,2020-08-02
1290059149020024832,1214709725503332355,165151788,2020-08-02
1290060660999512064,808289413818105856,3121824980,2020-08-02
1290061323917647872,732768811,469109941,2020-08-02
1290120151942086660,1274782717889126402,400696924,2020-08-03
1290069167190626306,4364047217,2330686734,2020-08-02
1290062537736691712,1133124481680125952,997886122939199488,2020-08-02
1290073724293529603,798711349115310080,25553297,2020-08-02
1290065632612868098,18184205,1934795695,2020-08-02
1290062497538428928,1076707500819447809,349506014,2020-08-02
1290067089202454531,4056779505,164762850,2020-08-02
1290196941662375936,14714040,1031769872793911296,2020-08-03
1290063577768845312,526481002,1270942851229089792,2020-08-02
1290071181203091456,37000209,1890932520,2020-08-02
1290064497143619597,1076707500819447809,349506014,2020-08-02
1290065020525543426,2800961987,2800961987,2020-08-02
1290102756267577344,818134159944282116,18003261,2020-08-03
1290067558658269184,101170106,4658821161,2020-08-02
1290067576081412097,1076707500819447809,89676494,2020-08-02
1290067979577602049,2800961987,2800961987,2020-08-02
1290085927876874241,1265284702769840128,32735808,2020-08-03
1290069251001405446,739084091300122625,1120407249732739073,2020-08-02
1291956627860422656,243841344,1287770908137005059,2020-08-08
1290073473214226439,830070554661101572,830070554661101572,2020-08-02
1290073570979135489,1229787355,743413573767028736,2020-08-02
1290073278283804672,1497339091,4074592458,2020-08-02
1290093484183965696,1157748392430309377,2419850012,2020-08-03
1290080055863816194,251866080,1245005983845421059,2020-08-03
1290185853147332609,1248486940766134274,544576655,2020-08-03
1290076353820123136,1520997890,983946062032490496,2020-08-03
1290124352059408385,17919393,223796715,2020-08-03
1290078162731245568,219862792,219862792,2020-08-03
1290086211323752448,1236137025104904192,4150881927,2020-08-03
1290079217678393344,4056779505,196252810,2020-08-03
1290082678021095424,1245837913369251847,1057369754468540417,2020-08-03
1290242727817297921,2892710886,184666903,2020-08-03
1290082733960704002,915347593739239424,436454066,2020-08-03
1290121163834679296,2330976006,2602597430,2020-08-03
1290082183525175297,1086976130819809280,1215061046152585217,2020-08-03
1290085655477813248,1262244857826783233,744655604128448512,2020-08-03
1290082909966053376,1086976130819809280,1215061046152585217,2020-08-03
1290085154656940033,819875711850807300,50874480,2020-08-03
1290105906525605888,726759084939206656,1267982563,2020-08-03
1290085989105336321,1193374671627882496,1142923612825018370,2020-08-03
1290111340627910656,2228878592,818656298,2020-08-03
1290088350368575488,17477864,1202574924432498689,2020-08-03
1290090643025518593,4056779505,196252810,2020-08-03
1290088435777040385,1196595414755106816,1196595414755106816,2020-08-03
1290107589506633728,912504643355381762,508006873,2020-08-03
1290089005443407873,1196595414755106816,1196595414755106816,2020-08-03
1290096907063189504,15594996,883767894,2020-08-03
1290090526822154240,2823365080,1266851721025912833,2020-08-03
1296978558003195905,1277861698871816193,1252336473719795714,2020-08-22
1290093551473369097,2318991212,1244683699129651200,2020-08-03
1290102642136330240,314959040,990009858777903106,2020-08-03
1290097248647254016,1216159565726670849,372833244,2020-08-03
1290151794874691584,1175432790919303172,808905978,2020-08-03
1290098022513127424,633972408,2175150470,2020-08-03
1290102773409673223,1262244857826783233,61505572,2020-08-03
1290097036738441218,186705617,18302779,2020-08-03
1290105519533772800,706576098319060992,897501727,2020-08-03
1290109754044375040,1276542542402727938,32727266,2020-08-03
1290098560180994048,1138210781697257473,1077724667828494336,2020-08-03
1290101365725945857,255079989,593322663,2020-08-03
1290102476998193152,12219722,12219722,2020-08-03
1290107093609877504,225012752,225012752,2020-08-03
1290103672488173568,16507988,347941229,2020-08-03
1290113295462969345,314959040,3580923617,2020-08-03
1290107415212339200,1225997649431543808,1260028356008935424,2020-08-03
1290132433669517313,1176674394564788224,1289959949305622533,2020-08-03
1290273420987555840,199820153,153184748,2020-08-03
1290110752531968001,259765165,1097144666347180038,2020-08-03
1290130731474141184,1155918395914608642,1251957272651145217,2020-08-03
1290112826783064064,1150900707710636035,1133929324829204480,2020-08-03
1290113735844139008,1150900707710636035,1133929324829204480,2020-08-03
1290114705613258752,14336283,1532087922,2020-08-03
1290117780381958145,150952795,1020329468139732992,2020-08-03
1290115715681398784,15850711,716111048588320769,2020-08-03
1290119715939995648,1289959949305622533,2160011988,2020-08-03
1290136161826963459,278994571,952929633556684800,2020-08-03
1290119372007067649,1082050415296823296,1082050415296823296,2020-08-03
1290127857587326977,3061123451,3312933828,2020-08-03
1290120292317224962,400146254,400146254,2020-08-03
1290457276705366022,2768199002,126145724,2020-08-04
1290234529223806976,400696924,1274782717889126402,2020-08-03
1290124386410930178,152016805,186842332,2020-08-03
1290142110432157697,3065070227,67164754,2020-08-03
1290267056873512963,917972406198775808,2225460714,2020-08-03
1290126707299463168,153022731,2244651308,2020-08-03
1290288830579224581,1267502896528199684,2578511355,2020-08-03
1290129430778527746,808289413818105856,2331287820,2020-08-03
1290129337602080768,9166762,17472479,2020-08-03
1290129973647302657,21522338,269663457,2020-08-03
1290130041423060992,1102220793709297664,53540050,2020-08-03
1290133055705776128,9166762,17472479,2020-08-03
1290132803158302720,9166762,1223097933421146113,2020-08-03
1290140018766307328,160142930,996163188654829572,2020-08-03
1290140328133971971,496405130,25956210,2020-08-03
1290196401280831488,918081686339911682,801112402188189696,2020-08-03
1290133474758672392,53540050,1254936556307124224,2020-08-03
1290136330110812160,153022731,2244651308,2020-08-03
1290161617594912768,842818670,828620418886033409,2020-08-03
1290227602246909953,975350390731563008,914870246414090242,2020-08-03
1290135437831475201,9166762,1223097933421146113,2020-08-03
1290136312259866625,64782002,22925939,2020-08-03
1290137938378907648,2835609500,909130604087857153,2020-08-03
1290138332937113602,53540050,1102220793709297664,2020-08-03
1290138487312719872,21522338,413570094,2020-08-03
1290141788120870918,824023369578188800,1169411679261732864,2020-08-03
1290139845818368002,9166762,46314795,2020-08-03
1290139353356746752,1119248859727892481,3050564758,2020-08-03
1290255644952469504,499506758,2473629295,2020-08-03
1290142552650211329,64782002,67509330,2020-08-03
1290147025099530241,1117504878111264773,1119739034941698050,2020-08-03
1290141090134122497,818399902048878593,38859668,2020-08-03
1290142163242586112,1122591453924839424,77006882,2020-08-03
1290202370639638528,895763369495588866,1139095984233955329,2020-08-03
1290142441178161153,64782002,1267543060742672385,2020-08-03
1290144405983318016,3408434500,3540699975,2020-08-03
1295195790487543813,1197338855059443713,16078975,2020-08-17
1290151158103695361,153022731,1107815275435560960,2020-08-03
1290260079900413955,2835609500,909130604087857153,2020-08-03
1290149376795451392,153022731,2244651308,2020-08-03
1290151264651640834,4587520214,89388394,2020-08-03
1290152229660323841,1235076927586586624,87804966,2020-08-03
1290150804435824642,153022731,2244651308,2020-08-03
1290154809740279810,877237795311439872,847879206230908928,2020-08-03
1290156915343990784,1067237266026827777,4750080627,2020-08-03
1290424530687729667,448900071,37302510,2020-08-03
1290252125650395136,331638306,264569592,2020-08-03
1290277551269535746,125404848,1262453512409174023,2020-08-03
1290163918128607232,3090966888,224183420,2020-08-03
1290472297652867073,847879206230908928,3097052505,2020-08-04
1290213079410647040,1046586316807446528,1046586316807446528,2020-08-03
1290236555638878208,1129574552848224256,760966139258212352,2020-08-03
1290200703277948933,2913355732,15401164,2020-08-03
1290201277624774658,2913355732,15401164,2020-08-03
1290181748853153793,236677004,1279092293497008130,2020-08-03
1290199456403554305,2903895178,149932313,2020-08-03
1290614993268834304,1082074142818455553,1250240796743176192,2020-08-04
1290193236443582465,1143543669972246528,1290180403433742337,2020-08-03
1290188062681632768,101538889,101538889,2020-08-03
1290240643265044485,16577987,337780078,2020-08-03
1290213388669214720,3394214901,182062024,2020-08-03
1290200377699311616,2913355732,327692020,2020-08-03
1290279842945142784,1224206368653090816,1089645088395780097,2020-08-03
1290193900284424192,1268093477058777089,819482905,2020-08-03
1290401775703461890,34384708,34384708,2020-08-03
1290192859472310273,1288772544594456577,1288772544594456577,2020-08-03
1290203866055680000,1142921062444929025,3280073263,2020-08-03
1290206203985846272,1725398299,3589537703,2020-08-03
1290212202331348992,762522504,138829105,2020-08-03
1290209985931051008,1142921062444929025,3280073263,2020-08-03
1290222462874001408,174369590,143046890,2020-08-03
1290218022360084480,3060176153,3060176153,2020-08-03
1290248394225541120,339219995,339219995,2020-08-03
1290237756442947584,835485461283905536,724883213613674496,2020-08-03
1290220098381205505,21522338,1262934701972639744,2020-08-03
1290233356920057857,960398836245114880,960398836245114880,2020-08-03
1290237360349646848,46154573,699707780396146688,2020-08-03
1290236121977217025,21522338,14269475,2020-08-03
1290240256101376002,21522338,2523546552,2020-08-03
1290246256883720192,1207500760847704065,516997364,2020-08-03
1290246842769215489,541777125,3397909540,2020-08-03
1290269449337987072,710355652418252800,869436268689666050,2020-08-03
1290255117157986304,800676133075202048,40892490,2020-08-03
1290257781602172930,1182299360152956931,468936752,2020-08-03
1290636582169579520,1279832675323449350,759764535372812288,2020-08-04
1290261428226539521,153022731,331377950,2020-08-03
1290261276090748932,494657747,1172488512547020800,2020-08-03
1290261909799747584,2596303496,1099119379369857025,2020-08-03
1290434467958419456,87584526,1034202839252393985,2020-08-03
1290263739682430979,544455548,544455548,2020-08-03
1290267621208862720,1045248268844847105,1093675867140698113,2020-08-03
1290266236828360704,993741831123877888,24395197,2020-08-03
1290271098907459585,17636204,437047141,2020-08-03
1290683741812281348,1093675867140698113,1045248268844847105,2020-08-04
1290270264794550273,198910545,93184167,2020-08-03
1290269724517863425,738018436333199360,738018436333199360,2020-08-03
1290420872797237251,1272722921383792641,460792401,2020-08-03
1290426960779177986,1272722921383792641,460792401,2020-08-03
1290301115494305792,713928022236069889,509624001,2020-08-03
1290393974050623489,22978903,22978903,2020-08-03
1290273023971319808,2865907814,202027824,2020-08-03
1290272857218412550,153022731,1599570288,2020-08-03
1290274749751468033,275221156,1100069725806252033,2020-08-03
1290274460017156097,20957644,275221156,2020-08-03
1290383926498750464,501370835,910271755842932737,2020-08-03
1290275014961328134,1272730692086988800,1272730692086988800,2020-08-03
1290276081937682432,13951732,13951732,2020-08-03
1290277267927597057,732768811,877207633274576897,2020-08-03
1290277856845557761,875422178308751360,875422178308751360,2020-08-03
1290278833619435521,71860801,570798245,2020-08-03
1290280685513535488,1550790102,2370773004,2020-08-03
1290279640582389761,275221156,3300918643,2020-08-03
1290280914677719040,255079989,1157567964478001152,2020-08-03
1290280539425869827,41621878,2588745144,2020-08-03
1290291083511881728,1118839474253856769,886305675017687042,2020-08-03
1290287108297330693,255079989,74698700,2020-08-03
1290287002286354432,4885091598,602623401,2020-08-03
1290294668391981056,593322663,23896511,2020-08-03
1290285821405171713,711667461414916098,3006368482,2020-08-03
1290521903648722949,237520840,237520840,2020-08-04
1290293135956824065,174369590,577495268,2020-08-03
1290289261741142017,1239599332770398214,450304632,2020-08-03
1290289673323962368,4792923863,1209446732880326657,2020-08-03
1290293824602779649,255079989,74698700,2020-08-03
1290292756863098880,1171089828005498880,1222192837330010113,2020-08-03
1290294260537802752,3081983657,962838318986735617,2020-08-03
1290297903508942848,1222592732901904385,547753852,2020-08-03
1290298293096980481,1277984880660488192,25135459,2020-08-03
1290300670130651143,22978903,65689875,2020-08-03
1290297887893491713,1239599332770398214,1268288456133799936,2020-08-03
1290298826624991235,17048298,787444742078562304,2020-08-03
1290300422440144897,21522338,944397197411414016,2020-08-03
1290298934410088449,711667461414916098,34572484,2020-08-03
1290412638904578049,4236661,2540534274,2020-08-03
1290417269294673924,800996570,1183549698516410368,2020-08-03
1290413723127967745,4236661,1658349258,2020-08-03
1290386270041104389,1138890106960527360,1015457414,2020-08-03
1290403412266430465,2913355732,15401164,2020-08-03
1290419382498349056,1076313345102356480,41632623,2020-08-03
1290696837561749510,1236137025104904192,1158876210119753734,2020-08-04
1290380209016000514,247779811,952431808666218496,2020-08-03
1290717180892524546,822233002759639040,822233002759639040,2020-08-04
1290377576976920577,1288109830125707273,1021029782635466752,2020-08-03
1290970207054438400,867217880,867217880,2020-08-05
1290390905682198528,1272296800263659520,1209859516671692802,2020-08-03
1290578312406999045,1034791199033499648,801092775395495936,2020-08-04
1290400981751144449,1663670605,2430972560,2020-08-03
1290500185177505795,243841344,1251721051811328000,2020-08-04
1290393840965292038,58773473,877522066664284161,2020-08-03
1290401896260345856,820014675542806528,1131265925817229314,2020-08-03
1290546423096844288,808289413818105856,808289413818105856,2020-08-04
1290391848322600961,49418078,25718297,2020-08-03
1290377489538322439,3179842897,1130724787590844417,2020-08-03
1290379368896724992,571219507,557330916,2020-08-03
1290380349575507968,101945848,392542060,2020-08-03
1290381139241103361,1204206030730588160,1204206030730588160,2020-08-03
1290801129941381121,392542060,101945848,2020-08-05
1290390086421422080,2221409354,2202383339,2020-08-03
1290406818867548160,819875711850807300,50874480,2020-08-03
1290801838329966592,392542060,2377247539,2020-08-05
1290803076605992960,392542060,708895200727334912,2020-08-05
1290389027053592576,1133124481680125952,1238984323836993536,2020-08-03
1290388256648028164,954362580,460394496,2020-08-03
1290386855326711809,4709494393,1198712887,2020-08-03
1290388212813139968,1225997649431543808,1260028356008935424,2020-08-03
1290438075890491394,160142930,996163188654829572,2020-08-04
1290801017253056517,392542060,381174271,2020-08-05
1290395262201077761,1103384151921778690,1185166451507773441,2020-08-03
1290401274324832257,1288466712820580354,1288466712820580354,2020-08-03
1290400025915404293,153415687,74009373,2020-08-03
1290435569701486595,1049010404951805952,1273097809340891136,2020-08-03
1290392756838379521,245331115,245331115,2020-08-03
1290395137328271360,25843801,3894175343,2020-08-03
1290393906258030592,1275843884409589761,409681619,2020-08-03
1290447896572309512,843999248127414272,602417375,2020-08-04
1291032703618486272,32789968,2771928651,2020-08-05
1290399369842155521,1228415516110245889,863874661,2020-08-03
1290395708768563200,216776631,216776631,2020-08-03
1290419836741394432,25843801,3894175343,2020-08-03
1290423142809296897,1251013818676887552,348782207,2020-08-03
1290439908084113409,35079059,829461529040973825,2020-08-04
1290396801946787841,1265312818003357706,17713770,2020-08-03
1290413308806406145,1171083426335809536,3226855927,2020-08-03
1290398041132994560,1288243974491246593,768587482552164353,2020-08-03
1290405282854690816,1304397978,1243953752761122819,2020-08-03
1290400218446540801,55054978,1061208588641820673,2020-08-03
1290438294916997123,75410734,248653415,2020-08-04
1290399633722638336,572160444,1260201526930309121,2020-08-03
1290802278195056640,392542060,1651285592,2020-08-05
1290608650265006080,74009373,153415687,2020-08-04
1290433374058876930,1250805794,850517345109921792,2020-08-03
1290464744965648391,37904694,1116747379,2020-08-04
1290405658328731648,23815210,1228708482863386624,2020-08-03
1290401839490375680,572160444,1263586613981925381,2020-08-03
1290401733051584512,975350390731563008,132810221,2020-08-03
1290426632717701126,764476259682451456,951990378915356673,2020-08-03
1290417520545894401,1193616910165958657,1282416858059149313,2020-08-03
1290564068135272448,762738981305978880,724268130,2020-08-04
1290421523241631750,1128451618578550786,3316127509,2020-08-03
1290421505399169024,1128451618578550786,796570817626800128,2020-08-03
1290406769810784256,589617571,15342170,2020-08-03
1290447002162135041,1304397978,1222644063293378562,2020-08-04
1290407569924804610,100037676,3078282912,2020-08-03
1290415618471137280,24062904,1214927832603856896,2020-08-03
1290421711033294848,3559665077,2360081204,2020-08-03
1290409549850017792,4709494393,20684203,2020-08-03
1290685188222181379,317389507,909650088905109504,2020-08-04
1290414627986132994,4709494393,15437188,2020-08-03
1290413625820274688,278110166,214049965,2020-08-03
1290414829123932161,4709494393,844111741,2020-08-03
1290412432146354176,787786400930279424,845865030163742720,2020-08-03
1290413355174449152,497676852,1230207543592574976,2020-08-03
1290418090220482560,2228878592,153526615,2020-08-03
1290417101736415233,800996570,1183549698516410368,2020-08-03
1290413731940376580,1184466957594189824,1057611949410791426,2020-08-03
1290413942305705984,1102296823887290393,1102296823887290393,2020-08-03
1290415256968105984,1228415516110245889,1097997957918527489,2020-08-03
1290415261074456578,100037676,777292431880519680,2020-08-03
1290422544256962560,915347593739239424,436454066,2020-08-03
1290801107044720640,392542060,498353318,2020-08-05
1294589405311664128,378953302,2442868698,2020-08-15
1290417434185400320,1017500185356853248,1017500185356853248,2020-08-03
1290419360876711936,1155632521,958561256163569664,2020-08-03
1290420013153714176,826442334,826442334,2020-08-03
1290419525964279808,1225997649431543808,175612644,2020-08-03
1290422610719920130,1251013818676887552,744254735960707072,2020-08-03
1290418856469692417,1199279964442546176,120566467,2020-08-03
1290418643163992064,1258227571654717441,965299239117996032,2020-08-03
1290809311271297024,22845333,1266404219462062082,2020-08-05
1290426268572426247,423522507,1260994598211649537,2020-08-03
1290425721979129856,1128451618578550786,796570817626800128,2020-08-03
1290437237654659073,348782207,1251013818676887552,2020-08-03
1294143499676184577,1263046626408566784,1263046626408566784,2020-08-14
1290476203028209665,32479116,586180854,2020-08-04
1290628584084779009,1280275608493338626,3287980525,2020-08-04
1290426922074345473,749009389491740672,1125040988345466885,2020-08-03
1290434695851847685,1157748392430309377,1054627621,2020-08-03
1290428089176973317,15062352,770369893,2020-08-03
1290428869313466369,37904694,143203855,2020-08-03
1290434544903036929,878793192644194305,827266807027240960,2020-08-03
1290429172578476036,14714040,1031769872793911296,2020-08-03
1290430783241326592,4709494393,171794396,2020-08-03
1290434536615170048,984605262999732225,1117977746511151105,2020-08-03
1290433601998290952,1128451618578550786,796570817626800128,2020-08-03
1290433465226207232,443234862,17776340,2020-08-03
1290433052846350336,1922015580,3403656640,2020-08-03
1290455503110316036,142857155,707911458328330240,2020-08-04
1290716742239555585,1213828152520142848,130627943,2020-08-04
1290434510312570883,376388082,1709450396,2020-08-03
1290510102508838914,964052107941859329,216529161,2020-08-04
1290448595443998720,1232344178,264575271,2020-08-04
1290461802145427459,1225997649431543808,1120515293493825536,2020-08-04
1290474473724862465,871262177243430912,2987397310,2020-08-04
1290476829292167171,1148235738535911425,1147905297060716550,2020-08-04
1290437110995062784,61061669,586931252,2020-08-03
1290436022933782528,3252803412,2402181180,2020-08-03
1290445795251163136,2498950076,2743593442,2020-08-04
1290436866941038595,395530968,395530968,2020-08-03
1290437319577800707,87584526,1034202839252393985,2020-08-04
1290446226652045315,1262807418171465728,336867357,2020-08-04
1290470339978436610,64782002,104091572,2020-08-04
1290438347337474050,2228878592,268870185,2020-08-04
1290439386237214720,1225401623335362560,2544193412,2020-08-04
1290440700467859456,142532723,1008757286771331072,2020-08-04
1290473382941622272,4232239095,1184483451069747205,2020-08-04
1290440083418632202,3252803412,866339222,2020-08-04
1290450986025340928,994715720234688512,994715720234688512,2020-08-04
1290497644633055244,15963861,16008441,2020-08-04
1290446678257012742,2228878592,18543617,2020-08-04
1290679120519725056,1076160835087667200,31265067,2020-08-04
1290571776754356224,75244281,1116918863747141633,2020-08-04
1290448292573257729,3252803412,869977222320459777,2020-08-04
1290448314199085062,19870490,766061028933263360,2020-08-04
1290448744350089220,15409017,20566926,2020-08-04
1290449879911759873,70764269,70764269,2020-08-04
1290449782150967301,1234252029893148672,1234252029893148672,2020-08-04
1290689496489644040,1118920123551711232,950419153520812032,2020-08-04
1290803328570363904,392542060,1578117031,2020-08-05
1290454792909848578,24216002,3032094105,2020-08-04
1290453036092084226,2740426550,2740426550,2020-08-04
1290480715319013377,1231695393240633344,15765691,2020-08-04
1290468759795380224,1203269325886496768,14505383,2020-08-04
1290454255799861248,2182964552,2182964552,2020-08-04
1290460186054987776,981893011,1229973590541385728,2020-08-04
1290459456741036032,46044399,978807435480707072,2020-08-04
1290457216433246209,1268829685879726082,530056116,2020-08-04
1290463412116434944,21520933,25573465,2020-08-04
1290457827090276353,4434966340,809958111624761344,2020-08-04
1290459140746366977,171191577,3178641222,2020-08-04
1290459523086458880,3252803412,869977222320459777,2020-08-04
1290459773335416832,3252803412,1197678150458712064,2020-08-04
1290459756767989763,171191577,262391273,2020-08-04
1290461436913778690,171191577,3178641222,2020-08-04
1290463231270674432,171191577,3178641222,2020-08-04
1290463985305817089,3252803412,869977222320459777,2020-08-04
1290474237598339072,54232520,54232520,2020-08-04
1290613793496739840,825369096313270272,1238284491598241794,2020-08-04
1290462959504961536,3252803412,1197678150458712064,2020-08-04
1290464370745630720,171191577,3178641222,2020-08-04
1290465963431919618,60700859,1215437091997470720,2020-08-04
1290468877571371009,859597084646944770,468416188,2020-08-04
1290463981241597952,171191577,3178641222,2020-08-04
1290464596764045312,1042405564540768256,100091457,2020-08-04
1290465574934458368,3252803412,1197678150458712064,2020-08-04
1290473457696808960,9166762,1050587484675964928,2020-08-04
1290836434195296262,32723360,729681031377342464,2020-08-05
1291117545097965569,847163958003945480,822688229040107520,2020-08-05
1290465398392008707,528996461,528996461,2020-08-04
1290467198348263425,766719206247108608,3087713648,2020-08-04
1290466741223600130,3178641222,171191577,2020-08-04
1290469174259724289,171191577,3178641222,2020-08-04
1290467129133858817,16358225,1280692075877588992,2020-08-04
1290467809215107074,42079976,1138636418681638912,2020-08-04
1290468939923886081,232028780,1019308927920607234,2020-08-04
1290468831744462849,3252803412,1197678150458712064,2020-08-04
1290478026816290816,203063155,3793982352,2020-08-04
1290469949866156032,16358225,1280692075877588992,2020-08-04
1290468826694508546,811514954159443968,794378630054875136,2020-08-04
1290469257860587524,766719206247108608,3231757853,2020-08-04
1290485038002237447,235604120,80164372,2020-08-04
1290470709509197824,1079360602454163456,3036780774,2020-08-04
1290478518359343104,1443255854,2816860795,2020-08-04
1290476588035784711,1215437091997470720,3255233978,2020-08-04
1290474192211599362,16358225,1280692075877588992,2020-08-04
1290485146357870606,1157748392430309377,1054627621,2020-08-04
1290474698200031232,712819818001354752,914860087,2020-08-04
1290475434870599681,16358225,1280692075877588992,2020-08-04
1290475764782108672,2228878592,28046392,2020-08-04
1290971790928482304,1243458391059705862,4869945200,2020-08-05
1290476715483906052,585968484,585968484,2020-08-04
1290478412541247488,1282545384,1241149269022818309,2020-08-04
1290787004079312896,915893605,1256651124473552896,2020-08-04
1290480208684802049,1210713640501952514,15215554,2020-08-04
1290481526061195267,29303470,32961648,2020-08-04
1290480379007131650,17243913,125834075,2020-08-04
1290500203062018048,1225997649431543808,1120515293493825536,2020-08-04
1290501455443419139,1286116923416215552,1312395158,2020-08-04
1290481860665995264,2768199002,126145724,2020-08-04
1290481913358979076,1147518921307774976,1147518921307774976,2020-08-04
1290707572274507777,1091173131874652160,181069068,2020-08-04
1290484907886563329,815425382975438849,255727599,2020-08-04
1290516386087829506,1262596164354019328,1290418303471464448,2020-08-04
1290483377103974405,15409017,99779147,2020-08-04
1290486611818377221,15409017,99779147,2020-08-04
1290489421825859589,71252602,66099788,2020-08-04
1290487808415551491,16358225,1280692075877588992,2020-08-04
1290490255712247809,21522338,269663457,2020-08-04
1290503263947825153,3559665077,2229023360,2020-08-04
1290491728651141120,1255154603865198592,1027455191837302784,2020-08-04
1290490779379482625,25322167,343549833,2020-08-04
1290507959663906816,1177599575747489792,14298180,2020-08-04
1290515643637346304,21522338,269663457,2020-08-04
1290498727409356800,177222565,70246707,2020-08-04
1290496541312991240,1371114362,1371114362,2020-08-04
1290655785652039681,1181237956289286145,68912262,2020-08-04
1290499752543608837,1688865996,1124814528695472134,2020-08-04
1290500498601078786,949191847703994368,949191847703994368,2020-08-04
1290743523004751872,1312395158,1286116923416215552,2020-08-04
1290501753738338309,1157748392430309377,1054627621,2020-08-04
1290501599316414468,411929872,2457558209,2020-08-04
1290502012254052355,247457350,247457350,2020-08-04
1290503681759223808,801479999899500544,3042282456,2020-08-04
1290502411191291905,411929872,2457558209,2020-08-04
1290742039567450112,1312395158,1286116923416215552,2020-08-04
1290502481156411392,411929872,2457558209,2020-08-04
1290504388042162176,1688865996,1124814528695472134,2020-08-04
1290505611336015872,212321156,48387386,2020-08-04
1290507099030659072,156884039,290846844,2020-08-04
1290606243195817984,350676366,4069735347,2020-08-04
1290523806969106434,872065124068188160,90625229,2020-08-04
1290508618727645185,41143460,41143460,2020-08-04
1290509351912906758,984610474556731393,1194756382068760582,2020-08-04
1290510199845871617,836718610903019520,19096369,2020-08-04
1290510368993759233,123618703,435832540,2020-08-04
1290513382072885248,79069255,79069255,2020-08-04
1290513451756843010,1120468464395870208,1285015706996600832,2020-08-04
1290515422865846273,65269063,1241015699499147269,2020-08-04
1290517010909032448,123618703,1130883082083418112,2020-08-04
1290578106596524032,123618703,1130883082083418112,2020-08-04
1290514524861345792,1276002940877144065,193454237,2020-08-04
1290514647922204672,1224194173710020609,1213595473686093824,2020-08-04
1290515201205440512,1224194173710020609,1213595473686093824,2020-08-04
1290515185631862784,12736282,2950992373,2020-08-04
1290524504196820993,1189761425063006208,2987620164,2020-08-04
1290516173407363073,1224194173710020609,1253005220138844161,2020-08-04
1290516029978836992,1238383916060418048,1238383916060418048,2020-08-04
1290516416945426432,1276002940877144065,968688474990637056,2020-08-04
1290518134919766017,1131428930500661248,117955186,2020-08-04
1290519466644631554,28294633,2924300121,2020-08-04
1290519404720074752,1253005220138844161,818328703897833472,2020-08-04
1290520719495897089,190935408,290705093,2020-08-04
1290707793905889284,1777794372,45758244,2020-08-04
1290522693289283589,1008185450,1008185450,2020-08-04
1290525310161575936,212321156,752253306156777472,2020-08-04
1290523087310475264,836718610903019520,1167637603501400065,2020-08-04
1290523921478029312,1263898570270408710,1263898570270408710,2020-08-04
1290665897674387458,1062385519563337728,442221185,2020-08-04
1290525308605607936,836718610903019520,2448883232,2020-08-04
1290525969493696512,1157748392430309377,1194131,2020-08-04
1290679119391395840,136099290,136099290,2020-08-04
1290527309439602688,22426166,115515738,2020-08-04
1290643025576722432,1243458391059705862,2763914967,2020-08-04
1290705666785464321,568614476,568614476,2020-08-04
1290552247168962560,1626146112,1177908463059570689,2020-08-04
1290544720473710592,231779163,1270768141,2020-08-04
1290554942193831937,2805535055,76848276,2020-08-04
1290643185648177153,22426166,968163110,2020-08-04
1290553468659277826,278994571,1069755958895804417,2020-08-04
1290544365975351297,232150735,2740417044,2020-08-04
1290543468520132608,1153198855548260353,1153198855548260353,2020-08-04
1290546032649162752,2740417044,232150735,2020-08-04
1290551659203002368,1253005220138844161,116801693,2020-08-04
1290546961947402241,572160444,1245563049999650821,2020-08-04
1290557080554921984,2407022756,851486569,2020-08-04
1290548969878073344,572160444,1245563049999650821,2020-08-04
1290552972523368448,826550703258791937,996485650776899584,2020-08-04
1290550649571037184,836718610903019520,1252409301265678336,2020-08-04
1290552936284565505,836718610903019520,1252409301265678336,2020-08-04
1290633777073594368,21522338,1157599441496530944,2020-08-04
1290555121428905984,836718610903019520,1252409301265678336,2020-08-04
1290557405554565120,836718610903019520,909225070589087745,2020-08-04
1290556775616274432,1175505263840784386,1126960336698007552,2020-08-04
1290558253588414469,2740417044,19664890,2020-08-04
1290565593234513920,418338930,1408942872,2020-08-04
1290735916076728321,800676133075202048,1284116967054544898,2020-08-04
1290627789981462529,818695087144079360,11880142,2020-08-04
1290561178826047488,1200036522021576704,1205237853082529802,2020-08-04
1290574722661588992,1247360255790583808,1204236648160124928,2020-08-04
1290564606293708803,1175505263840784386,4857050712,2020-08-04
1290585837672050688,811514954159443968,2918111,2020-08-04
1290567321803796480,1200960638731923457,1003837347950219264,2020-08-04
1290803288468668417,392542060,871014848,2020-08-05
1290568609643757568,1148431,399457244,2020-08-04
1290567105201373184,2449582513,2449582513,2020-08-04
1290695006068584450,16135230,2941101630,2020-08-04
1290593927448465414,891683616048246789,99262386,2020-08-04
1290569234599366656,787637721967845377,1275695122307592203,2020-08-04
1290612408604594176,1131428930500661248,322490123,2020-08-04
1290573560004538368,1116918863747141633,75244281,2020-08-04
1290662250173300737,586180854,731299630575550464,2020-08-04
1290583324960808965,1175505263840784386,529775819,2020-08-04
1290586286743416834,1175505263840784386,4313853081,2020-08-04
1290582346849308673,1277977212658966529,51253105,2020-08-04
1290585394845687808,762522504,1907598620,2020-08-04
1290667656878518273,20175632,1968158390,2020-08-04
1290587406341554176,1175505263840784386,850228999,2020-08-04
1290679974907842565,1276300483221753857,4458888373,2020-08-04
1290647388206632961,1189761933802520576,1255881301024014336,2020-08-04
1291002159631421440,1289472979081011200,1284241698642628611,2020-08-05
1290588145902161923,603092061,603092061,2020-08-04
1290589982994903040,975350390731563008,276437322,2020-08-04
1293497837842571265,123618703,120966569,2020-08-12
1291095790790889472,1245798255553843201,1288727995,2020-08-05
1290710592223719427,571219507,862056170021724160,2020-08-04
1290593239624540160,102715559,102715559,2020-08-04
1290596525295439872,3150104277,2798921480,2020-08-04
1290624946612383744,906226711964119041,2759598900,2020-08-04
1290600023084867584,1175505263840784386,898177081460260867,2020-08-04
1290692928730533888,3317276661,1886822780,2020-08-04
1290713891618484224,1116918863747141633,75244281,2020-08-04
1290602582805819393,744883657,337028298,2020-08-04
1290638176223100931,3317276659,578609256,2020-08-04
1290622006971568133,345000881,989381648,2020-08-04
1290603642614054913,222745166,1273777493602971652,2020-08-04
1290615243077570561,1131428930500661248,22135508,2020-08-04
1290605412966903814,1089838129706663936,1089838129706663936,2020-08-04
1290605770069946374,1089838129706663936,1089838129706663936,2020-08-04
1290617929147523073,975350390731563008,1214510216328470528,2020-08-04
1290606424897343488,811514954159443968,37375968,2020-08-04
1290610446396006402,370412972,1539391466,2020-08-04
1290610759244959744,772298503867371520,14331409,2020-08-04
1290611146370756608,1949707405,1219056285880111110,2020-08-04
1290611051336269824,52211803,2302405428,2020-08-04
1290827179341881345,2901894352,44915721,2020-08-05
1290613011456106497,1275367670582476800,1275367670582476800,2020-08-04
1290616569492471812,1175505263840784386,529775819,2020-08-04
1290615446471880704,1131428930500661248,56532120,2020-08-04
1290626903133560832,47589700,3443786712,2020-08-04
1290616748115464192,2302405428,52211803,2020-08-04
1290617289415577600,817923261136674816,131773155,2020-08-04
1290645665211731974,951834895676002304,1237766907169845251,2020-08-04
1290636323594919939,194968905,76505194,2020-08-04
1290619870569168897,105269160,4792923863,2020-08-04
1290666385358704643,933733237159026688,30366457,2020-08-04
1290800970662686725,392542060,458699874,2020-08-05
1290619339972972544,2302405428,52211803,2020-08-04
1290621161852698624,27952164,43883930,2020-08-04
1290634147757805568,1244751090308046848,1221028501429596160,2020-08-04
1290627285553471489,827002430483206144,1225056113042825216,2020-08-04
1290626827254411265,3088992009,1183196520,2020-08-04
1290627397402886144,1245722550166007808,911692787049009152,2020-08-04
1290627000177168385,975350390731563008,3951556097,2020-08-04
1290626577320075265,1243800569153798147,43520819,2020-08-04
1290629859018907653,374301670,106229595,2020-08-04
1290651002362789903,369287871,2346809242,2020-08-04
1290640489834786816,114853767,55048408,2020-08-04
1290631447921987584,777209019324923908,777209019324923908,2020-08-04
1290637731807342598,11194802,3387227860,2020-08-04
1290630417045913602,2302405428,52211803,2020-08-04
1290632178292973569,1245722550166007808,2235172827,2020-08-04
1290685877879033857,827002430483206144,745049280650481664,2020-08-04
1290646855395794944,1176615408024993792,442460057,2020-08-04
1290632451635773441,1286332945524031490,410385802,2020-08-04
1290656907099807745,392145692,502891194,2020-08-04
1290691270697013254,817923261136674816,1140662817873416192,2020-08-04
1290642984015405056,1158853188436615169,1011626847027810305,2020-08-04
1290634654890909697,2421193216,121952897,2020-08-04
1290636759336988673,1239591140510371846,1239591140510371846,2020-08-04
1290640217829908480,2421193216,4232817207,2020-08-04
1290636688876855297,2727628984,1182318774013218816,2020-08-04
1290784587442982912,828876911707291648,895400501860339712,2020-08-04
1290639468915982340,1248274792903585792,1276493961767653377,2020-08-04
1290638372709556225,906226711964119041,1258884298490425356,2020-08-04
1290638093792366598,382878093,382878093,2020-08-04
1290639721597632513,1238952766187474947,1262425007315210245,2020-08-04
1290640033523929092,37904694,14583992,2020-08-04
1290823287560269824,850889034939285505,232588467,2020-08-05
1290639796902256641,3559665077,736247374536970241,2020-08-04
1290643380289114116,1244751090308046848,1257742323649257472,2020-08-04
1290642350541332487,831021012,2396555889,2020-08-04
1293576814598684672,3079364283,1239952326334582785,2020-08-12
1290643497637347342,2396555889,831021012,2020-08-04
1290643998286258176,2396555889,1586362081,2020-08-04
1290647824984682498,2249531,2249531,2020-08-04
1290681266053033984,1266133942102634499,798326917,2020-08-04
1290645387892727809,123618703,270477494,2020-08-04
1290650355022344198,1230897108070346752,1061815020164730880,2020-08-04
1290644584779915271,34618936,34618936,2020-08-04
1290646250744840193,25769369,25769369,2020-08-04
1290646145484632065,82325158,75743668,2020-08-04
1290653391430057987,130578330,1260231857943216129,2020-08-04
1290647521719734272,22426166,1269118941441470464,2020-08-04
1290660960827564034,526481002,1270942851229089792,2020-08-04
1290648039196106754,874672779907526658,1006962567296835584,2020-08-04
1290648041767280642,3022706287,3022706287,2020-08-04
1290647900477849601,75743668,82325158,2020-08-04
1290756071938818049,2892710886,747082914895101952,2020-08-04
1290723750535745536,802302414581809152,546165962,2020-08-04
1290649913693536256,87905450,29416621,2020-08-04
1290649603986128897,357606935,357606935,2020-08-04
1290649607278665728,357606935,357606935,2020-08-04
1290650569061871618,4681111682,826511451045167104,2020-08-04
1290653253525479427,1183047260,800060449509163008,2020-08-04
1290652741451341824,54598363,728586160256241665,2020-08-04
1290669442452451329,343549833,929930395235356674,2020-08-04
1290684736248176641,872964678590377984,1250239478054207491,2020-08-04
1290652779405598724,1244751090308046848,1158730880371830785,2020-08-04
1290685503088590849,872964678590377984,1250239478054207491,2020-08-04
1290801029806784512,14231061,61008839,2020-08-05
1290667440830058497,951834895676002304,1237766907169845251,2020-08-04
1290743995203760128,1258662996139814913,1134485472204525568,2020-08-04
1290653250937671683,185305711,1059147509258432512,2020-08-04
1290687805300125697,1248048975820787713,391109376,2020-08-04
1290658086299082755,1207432044390699008,78299709,2020-08-04
1290655937041227778,74175102,74175102,2020-08-04
1290655772225998851,1275191782733733888,773609299516002304,2020-08-04
1290667745470808066,211705142,2952251490,2020-08-04
1290657314677100547,185305711,2844299982,2020-08-04
1290659957956915214,1183047260,437184607,2020-08-04
1290658862551445509,39469575,22129280,2020-08-04
1290664626976432128,130578330,1185433145136439296,2020-08-04
1290659076771385352,1105469638991929344,775527848828211201,2020-08-04
1290659236117184513,67210714,1231368307166646272,2020-08-04
1290660265193869323,3274707824,1274158778489942019,2020-08-04
1291134136883838977,739253094,25240793,2020-08-05
1290667667251171329,353461486,732768972836311041,2020-08-04
1290663842876469250,54702020,1254235713840832512,2020-08-04
1290664835441725448,130578330,1261390949474807808,2020-08-04
1290663167308304384,1274158778489942019,3274707824,2020-08-04
1290660834054742018,235352782,350893280,2020-08-04
1290681861405106176,324163222,826211534942720001,2020-08-04
1290662186789076993,4578149474,4578149474,2020-08-04
1290663882999070720,1145501318158700544,1145501318158700544,2020-08-04
1290663067072823300,874977392858718208,380608558,2020-08-04
1290663482602467328,1243388016443281412,1141998692083388416,2020-08-04
1290662999661961221,829536330275188737,502253222,2020-08-04
1290663651502850054,1244751090308046848,1243388016443281412,2020-08-04
1290670621358088193,1072556836627181568,825149561416998913,2020-08-04
1290666582688124934,185305711,783698442610679808,2020-08-04
1290698339638484992,3252803412,102913821,2020-08-04
1290666706172600320,15892715,15892715,2020-08-04
1290670957951102976,3159786965,3159786965,2020-08-04
1290775034605244419,1215437091997470720,3255233978,2020-08-04
1290674540989816832,16300621,59351766,2020-08-04
1290667761719361538,968865962102464512,968865962102464512,2020-08-04
1290818638480474112,1269440554376421377,1267908131339636741,2020-08-05
1290669320549392384,26603303,28044522,2020-08-04
1290669575038619649,370982639,205011763,2020-08-04
1290672222017912833,37904694,1187457731361476614,2020-08-04
1290676045524410368,967120679870058498,1047249052159672330,2020-08-04
1290673853270839296,3047731024,3047731024,2020-08-04
1290673743405162496,3744281,3744281,2020-08-04
1290675880654643200,15396693,1149033483739783169,2020-08-04
1290680348163166208,3250066884,751483005479235584,2020-08-04
1290674568164601857,343549833,929930395235356674,2020-08-04
1290726252303847425,1276296696,874446236098625540,2020-08-04
1290684798294462470,105613601,301089635,2020-08-04
1290679116073545729,1268454245067440129,1246884965842911234,2020-08-04
1290681754278338560,37904694,1187457731361476614,2020-08-04
1290686585860694024,1262596164354019328,336257206,2020-08-04
1290676845525032964,21925564,3764689043,2020-08-04
1290676713790287872,2790518743,2790518743,2020-08-04
1290699302805942275,1262425007315210245,23568994,2020-08-04
1290689000848666627,813654040726753281,506836529,2020-08-04
1290679134428049412,399812606,41448115,2020-08-04
1290707722371989504,436454066,915347593739239424,2020-08-04
1290680660122886144,1242150252615995396,2261241643,2020-08-04
1290680033372143618,1199191828802789377,862739639769202688,2020-08-04
1290712221018882054,900168022870155268,1119401958970810368,2020-08-04
1290683767347126277,140487678,131018228,2020-08-04
1290681245953937409,27957966,47822074,2020-08-04
1290704008647254022,759403588531609600,3528845596,2020-08-04
1290682164527476737,793102290102132736,26638923,2020-08-04
1290683716524748802,345000881,1168064534071980033,2020-08-04
1290682625108201472,3764689043,21925564,2020-08-04
1290692168416452610,98409381,440237130,2020-08-04
1290684944289800194,1273023089442521095,260477355,2020-08-04
1290684350489669637,3764689043,21925564,2020-08-04
1290694409684529152,725111657446305792,743037378424504326,2020-08-04
1290720501556551693,320539179,4153808540,2020-08-04
1290753408316497920,911466852785647616,169719652,2020-08-04
1290687669761171463,105269160,4792923863,2020-08-04
1290687919154515973,2302405428,1033570824186286081,2020-08-04
1290688322961059840,1199191828802789377,862739639769202688,2020-08-04
1290688785659895808,2302405428,1033570824186286081,2020-08-04
1290689723896336384,82185985,1046353595778691077,2020-08-04
1290691721630629890,2260054884,1259266510998159361,2020-08-04
1290694393981067264,1152624286332411905,3131008429,2020-08-04
1290690338928164864,2302405428,1033570824186286081,2020-08-04
1290689919568867334,2437924489,601345360,2020-08-04
1290690966811181065,1243302341371183105,927567223501283328,2020-08-04
1290693017712635909,87821051,967618836336791558,2020-08-04
1290700700091969536,1072556836627181568,825149561416998913,2020-08-04
1290691931870298113,983035012219047938,2471680386,2020-08-04
1290951187517276160,324163222,826211534942720001,2020-08-05
1290701380991188992,961647075455795201,115985385,2020-08-04
1290708427480719363,2255100512,468702298,2020-08-04
1290696493305921538,817923261136674816,961422533902954497,2020-08-04
1290806147113521152,37904694,49639998,2020-08-05
1290693228027621376,3369390345,3369390345,2020-08-04
1290694134873776128,57625403,57625403,2020-08-04
1290695141859049472,190014564,1008152292468588552,2020-08-04
1290749212641173506,1086815222416007168,1928914795,2020-08-04
1290695912834994176,190014564,1008152292468588552,2020-08-04
1290700110222045196,1271232225191886854,274096022,2020-08-04
1290696094914158593,2302405428,1344920712,2020-08-04
1290696404814487552,2302405428,1033570824186286081,2020-08-04
1290698350157877248,1239599332770398214,107554650,2020-08-04
1290696969610878977,826211534942720001,775903932782632961,2020-08-04
1290698282201755649,1191450623943811075,838172520004141057,2020-08-04
1290699913597091840,212698496,1068659661031772161,2020-08-04
1290698796368826372,1199191828802789377,862739639769202688,2020-08-04
1290700866383642625,934909815662567424,297418024,2020-08-04
1290713592317325315,1049010404951805952,19881475,2020-08-04
1290700706857586690,3252803412,102913821,2020-08-04
1290700153872097280,3252803412,102913821,2020-08-04
1290704172820684801,37904694,968587494,2020-08-04
1290707340249923585,541152991,745439356110802944,2020-08-04
1290701547928772609,87821051,967618836336791558,2020-08-04
1290706512042762242,243344161,85669051,2020-08-04
1290704462529597442,3880077453,1148953411066486784,2020-08-04
1290711412768215049,1380534451,1380534451,2020-08-04
1290703141185429506,3252803412,102913821,2020-08-04
1290704013416112136,1191876198902771712,808096938440560640,2020-08-04
1290715591414820865,1141444934832185345,1277861698871816193,2020-08-04
1290711320023764993,961647075455795201,3357153478,2020-08-04
1290721512555720710,1169390293793300480,1169390293793300480,2020-08-04
1290706443432230914,21522338,28137537,2020-08-04
1290706467063058432,3346078317,1216201121838125057,2020-08-04
1290708398409998338,25843801,806936129270222848,2020-08-04
1290706238855163910,825149561416998913,1072556836627181568,2020-08-04
1290706062677508096,1157261020290867201,1182138229006446595,2020-08-04
1290705750155616257,808096938440560640,1191876198902771712,2020-08-04
1290709204991238145,2200344572,1283893994519506944,2020-08-04
1290706660671942657,808096938440560640,1191876198902771712,2020-08-04
1290706561359400960,1191876198902771712,808096938440560640,2020-08-04
1290720412507217925,778812924936675328,177558300,2020-08-04
1290728537884782592,1175505263840784386,908493939392618496,2020-08-04
1290750085031174144,872964678590377984,111858127,2020-08-04
1290738685084868608,181069068,1091173131874652160,2020-08-04
1290708500012818432,2945978133,2945978133,2020-08-04
1290709431638831105,808096938440560640,1191876198902771712,2020-08-04
1290715174987395072,56878214,412817051,2020-08-04
1290709728532848641,213326279,24920810,2020-08-04
1290710061615112192,1286332945524031490,1272983853280514053,2020-08-04
1290811553420201985,25766539,113674133,2020-08-05
1290715086865104902,4479867201,752871699909971968,2020-08-04
1290710267991654403,24920810,213326279,2020-08-04
1290711364663676931,3363244774,3043832375,2020-08-04
1290713262330437632,817923261136674816,594582863,2020-08-04
1290713408099233795,1049010404951805952,1268382564743409664,2020-08-04
1290711636332797952,808096938440560640,1191876198902771712,2020-08-04
1290717759240896517,115985385,961647075455795201,2020-08-04
1290714292468277249,3043832375,3363244774,2020-08-04
1290711857108377600,808096938440560640,1191876198902771712,2020-08-04
1290789219053580289,3237369153,3237369153,2020-08-04
1290956203212681220,1176674394564788224,1132818081884069889,2020-08-05
1290712496148340736,808096938440560640,1191876198902771712,2020-08-04
1290713668708114432,940793251216478208,940793251216478208,2020-08-04
1290725007820292097,1225239080230957057,42330230,2020-08-04
1290755162835910657,1224194173710020609,1253005220138844161,2020-08-04
1290747297781800960,1008146474,794863476866973696,2020-08-04
1290714676943151104,808096938440560640,1191876198902771712,2020-08-04
1290714921156714497,1191876198902771712,808096938440560640,2020-08-04
1290716959798042624,945380570497998850,14334434,2020-08-04
1290731896888938498,153471197,3162964184,2020-08-04
1290724709122945026,825149561416998913,1072556836627181568,2020-08-04
1290733835232194565,1242613765679591424,1152624286332411905,2020-08-04
1290734788136128513,39907427,865629399327981570,2020-08-04
1290792667085967362,21522338,1113488144408567808,2020-08-04
1290722624109080576,1883979044,1883979044,2020-08-04
1290880117200302082,1268065696841453568,568907678,2020-08-05
1290796740766031873,2984368488,27156125,2020-08-04
1290724320981979140,1266327061217644546,334810409,2020-08-04
1290752782014849030,872964678590377984,1250239478054207491,2020-08-04
1290724971463942144,1072556836627181568,825149561416998913,2020-08-04
1290725438143311875,2302405428,29145372,2020-08-04
1291004508277858305,1514760967,36892573,2020-08-05
1290728555937234945,1224194173710020609,1086804799042080768,2020-08-04
1290726224743084033,1691408946,1120667837255831555,2020-08-04
1290730343813615621,1175505263840784386,2894026621,2020-08-04
1290766747268575232,2334283098,1250427741238788096,2020-08-04
1290728355025780742,941795598281379840,941795598281379840,2020-08-04
1290739028996902916,817923261136674816,2898378136,2020-08-04
1290730293561884674,920968386,406521665,2020-08-04
1290753405976293382,872964678590377984,1250239478054207491,2020-08-04
1290756028884287489,872964678590377984,1250239478054207491,2020-08-04
1290772608632401920,931286316,1285770112587280384,2020-08-04
1299477887956013059,1146265781543395328,1288908701777006592,2020-08-28
1290733680634126336,1084156023340814336,3384768879,2020-08-04
1290754921332080641,1231695393240633344,15765691,2020-08-04
1290734112584728576,40919272,813734563339964416,2020-08-04
1290738973094993921,3246373702,2571117021,2020-08-04
1291001431189790723,4373878223,1248574357502406657,2020-08-05
1290747953280212992,501370835,7833822,2020-08-04
1290738415537881090,4190307435,252244987,2020-08-04
1290735539809734656,1019576710122037248,900662252331835392,2020-08-04
1290735540510298115,2614255879,3044602665,2020-08-04
1290743065746067457,1144748123610333185,2293596240,2020-08-04
1290735740872265729,1017294810393337857,1017294810393337857,2020-08-04
1290737033338671107,278102111,3762320657,2020-08-04
1290736241210687491,2614255879,3044602665,2020-08-04
1290737779979288583,3431897752,894520617176895490,2020-08-04
1290739306961797136,933946792986767360,66873073,2020-08-04
1290738167155499011,1283224830461071360,23163907,2020-08-04
1290738380146380804,1112887369206808577,1178827462186278912,2020-08-04
1290739756511268865,32571980,32571980,2020-08-04
1290742805376180232,865353222,21816402,2020-08-04
1290741401748217856,4190307435,252244987,2020-08-04
1290742709154492417,1175505263840784386,827768465360449536,2020-08-04
1290748870306287626,522434972,199498305,2020-08-04
1290742248355672064,1290501900027084800,126406704,2020-08-04
1290778495854030848,1286116923416215552,1312395158,2020-08-04
1290742980157022208,2302405428,1160137608757989376,2020-08-04
1290762363272982530,909551747319816192,1271964760372887556,2020-08-04
1290748739653718020,1288490793339158528,986001166550032389,2020-08-04
1290839635502026756,906226711964119041,3125969144,2020-08-05
1290753360795238403,885651069828825088,1049396735590756354,2020-08-04
1290750915302100992,1248048975820787713,25175689,2020-08-04
1290751135469494272,1248048975820787713,25175689,2020-08-04
1290750962840240135,1248048975820787713,25175689,2020-08-04
1290866691304456192,1238383916060418048,471238441,2020-08-05
1290768866772049920,712011839651979264,1166430863627902976,2020-08-04
1290760687283838976,37904694,805153340,2020-08-04
1290761953539846144,1072585808261959680,1277647603564515328,2020-08-04
1290755676323684352,4014612859,782733789277609984,2020-08-04
1290760356038619137,66267782,43071929,2020-08-04
1290755970197594121,1839185227,128696720,2020-08-04
1290759422424363013,1163538505,1257797613954510849,2020-08-04
1290758173800964096,1154882001146716160,1406158770,2020-08-04
1290756670738403328,156427983,156427983,2020-08-04
1290761330891173888,28597397,28597397,2020-08-04
1291423371406782465,1049010404951805952,1268382564743409664,2020-08-06
1290768262574362632,759835979582623745,1187409863191736320,2020-08-04
1290759239292551170,948629047634026497,66144152,2020-08-04
1290765243984084992,954252344,1871213983,2020-08-04
1290798055093149696,223869253,2567819647,2020-08-04
1290828118480113666,968587494,365601142,2020-08-05
1290769689300348928,1275199759616299009,2725851676,2020-08-04
1290761456208826368,2356121359,2356121359,2020-08-04
1290790960096583682,1207095123772923904,2955091777,2020-08-04
1290763542170341376,1042405564540768256,797071662709673985,2020-08-04
1290775895704088576,2749617312,818336459941965824,2020-08-04
1290764529727676422,1156393113742712832,3485052261,2020-08-04
1290850556991373313,25956210,496405130,2020-08-05
1290959821362081792,757731086,47529168,2020-08-05
1290767589476429825,1111899778546192385,620333931,2020-08-04
1290830958191665153,968587494,38823225,2020-08-05
1290778107566157824,247471895,1190317799257841665,2020-08-04
1290768572478676992,912406397324689408,965452912997683202,2020-08-04
1290774464444104706,1277984880660488192,836100988658405377,2020-08-04
1290769821517266946,3190462724,1040047054943334405,2020-08-04
1290794612617953280,712011839651979264,1166430863627902976,2020-08-04
1290912379371487232,1267228593744207874,27811832,2020-08-05
1290777436649480192,912406397324689408,965452912997683202,2020-08-04
1290773707883978753,2193296227,711390622876344321,2020-08-04
1290773896682254337,711390622876344321,2193296227,2020-08-04
1290782859209261056,416002485,543066710,2020-08-04
1290786588193103874,1154882001146716160,885708323747713024,2020-08-04
1290774876010065921,707301858,1265936950214574081,2020-08-04
1290775578820456449,991003164,157153439,2020-08-04
1290825150989049856,54939479,265139430,2020-08-05
1290776771210539008,3190462724,1040047054943334405,2020-08-04
1290993635614429185,3885638489,3885638489,2020-08-05
1290778298646224896,817923261136674816,760510356686934017,2020-08-04
1290784171535761409,369287871,235352782,2020-08-04
1290780675763843072,1149898992798588929,1149898992798588929,2020-08-04
1290811838096007168,316613349,1232396703900135424,2020-08-05
1290782345373655041,42633791,42633791,2020-08-04
1290784065558179841,1035235308,1103404650043191296,2020-08-04
1290795870829465600,4389495080,955283405855272961,2020-08-04
1290789434791780358,369287871,235352782,2020-08-04
1290787309072166912,571219507,571219507,2020-08-04
1290825725008699392,990059739563347971,743180308976017408,2020-08-05
1290788045139120128,1115357467054170118,4737844455,2020-08-04
1291112034914844672,1617069110,1167081928685584384,2020-08-05
1290790557506306048,1193638200994127872,1289640423313616896,2020-08-04
1290789385810481152,1329781136,1329781136,2020-08-04
1290790852781051904,2782389852,2782389852,2020-08-04
1290817954246991877,1187409863191736320,759835979582623745,2020-08-05
1290801770390790145,1154882001146716160,885708323747713024,2020-08-05
1290795505677631493,789870349,925101239737683969,2020-08-04
1290792745041190912,1274349674481123328,1279896727131168774,2020-08-04
1291141784735584257,1274349674481123328,1279896727131168774,2020-08-05
1290791980058980357,4190307435,1648244402,2020-08-04
1290795277679353856,16870567,61994759,2020-08-04
1290793703787900928,759835979582623745,868370376,2020-08-04
1290821020811587584,247471895,1110172815439724544,2020-08-05
1290800887489687552,571219507,862056170021724160,2020-08-05
1290796371268833281,1035214361428742146,1287449446566055937,2020-08-04
1290796203245019142,1239599332770398214,474547468,2020-08-04
1290796545193861120,1219737527612915712,458792938,2020-08-04
1290813073633112065,29524266,945366465783279616,2020-08-05
1290801022173171713,1133872327362514944,248862174,2020-08-05
1290799764540358657,156758960,68288618,2020-08-05
1290985950403796992,1286332945524031490,4859454566,2020-08-05
1290809193654628352,187402102,953488197874606080,2020-08-05
1290800134683537408,29534098,763194216138891264,2020-08-05
1290800476187811840,1241402628065464321,160266632,2020-08-05
1290803090401239041,787863502941622272,1266011360204374018,2020-08-05
1290801393125797890,1154882001146716160,1051098645305708544,2020-08-05
1290803476159762434,274076953,16474377,2020-08-05
1290826860314734593,1262584848117649409,1208982685315678209,2020-08-05
1290975048883412992,274076953,71443910,2020-08-05
1290806183654285312,1133872327362514944,400138313,2020-08-05
1290807993370660864,366188002,2340501942,2020-08-05
1290810219774255104,1120158952329760768,158844954,2020-08-05
1291214459093098496,223869253,2567819647,2020-08-06
1290808753353297921,1516644956,1516644956,2020-08-05
1290974173200875523,274076953,16474377,2020-08-05
1290820786131935232,1037725403547357184,432096188,2020-08-05
1290810319460356099,735286410,1013223030468866048,2020-08-05
1290814159064629250,47472163,859059210,2020-08-05
1290818541877223424,1037725403547357184,432096188,2020-08-05
1291039653726785536,571219507,862056170021724160,2020-08-05
1290821085680881665,156758960,14503671,2020-08-05
1290812004773564416,14501190,14501190,2020-08-05
1290845173455486978,2760704813,778436442,2020-08-05
1290818597149868039,708730556041662464,2358672325,2020-08-05
1290812834981515269,1133872327362514944,42446359,2020-08-05
1290813037067350016,369287871,604460550,2020-08-05
1290814682048192512,1224194173710020609,1086804799042080768,2020-08-05
1290816636576923648,247471895,481727267,2020-08-05
1290817125368475648,830644209132650496,55841183,2020-08-05
1291081093286891520,1154882001146716160,1267339121808326656,2020-08-05
1290815297721479168,499818111,4877816757,2020-08-05
1290815663523549184,4679461470,4679461470,2020-08-05
1290848992163696642,817923261136674816,824410982835453952,2020-08-05
1290819048230531073,1194780585379729409,1247255465500848137,2020-08-05
1290818762720124929,1203269325886496768,14505383,2020-08-05
1290818896895922177,1239599332770398214,1275116657699143680,2020-08-05
1290839862573064193,1175505263840784386,894838250296225792,2020-08-05
1290828613051441152,1428618517,2502899607,2020-08-05
1290826824042373120,1286116923416215552,1312395158,2020-08-05
1290824986270326785,1267037382,1267037382,2020-08-05
1290825025256398848,1201720890,333107156,2020-08-05
1290828534924148738,2228878592,2680350607,2020-08-05
1290827884571971586,872192111214338048,834482539,2020-08-05
1290827704548438022,871425976957149184,871425976957149184,2020-08-05
1290829757576142848,562741297,1078674893456244737,2020-08-05
1291008829887524864,962414093280964608,758346188168900608,2020-08-05
1290844159499055104,392542060,73779627,2020-08-05
1290835776364781568,1002645371942629377,842450830632591360,2020-08-05
1290920612656029696,1141444934832185345,1277861698871816193,2020-08-05
1290835782077423623,1239599332770398214,1240360417542770688,2020-08-05
1290846912837496832,1107646373518893056,148232446,2020-08-05
1290845773056417792,225305561,204660853,2020-08-05
1290856225530433536,872964678590377984,111858127,2020-08-05
1290941814271352832,729681031377342464,32723360,2020-08-05
1290870278067806208,1277344503670747137,64460112,2020-08-05
1290837663495458818,60213199,60213199,2020-08-05
1290840968074104833,1175505263840784386,254943428,2020-08-05
1290841641612390400,913478255495102464,1015279115350495242,2020-08-05
1290978766018301952,62284537,805178912078757888,2020-08-05
1290838804907974656,572160444,1286850077177372674,2020-08-05
1290847626007588864,193788768,916567746019844096,2020-08-05
1290839940138377216,3284010013,3284010013,2020-08-05
1290840741690978309,1288506098291560448,1288506098291560448,2020-08-05
1290840535545139201,1276996306305798152,1244967951020765184,2020-08-05
1290891418123137025,66484327,2345700257,2020-08-05
1290844569052033034,1276996306305798152,1244967951020765184,2020-08-05
1290846147569999873,225305561,1054162771456061440,2020-08-05
1290849684907581442,2957834513,2957834513,2020-08-05
1291011935136358400,63917162,758346196817743872,2020-08-05
1290973054672273408,825369096313270272,1238284491598241794,2020-08-05
1290850545750683651,1037725403547357184,3686348244,2020-08-05
1290864028198158337,1279245010869686274,170369342,2020-08-05
1290850400094973952,822913722897178624,1281559836363231232,2020-08-05
1290851135541121024,16170253,16170253,2020-08-05
1290865274237915136,369287871,604460550,2020-08-05
1290904800276754433,1238499598718644226,3579483136,2020-08-05
1290858653856280576,1240052719454388225,59570804,2020-08-05
1290971173904424961,846124423660867586,709038512746536961,2020-08-05
1290863583455137792,898934738,297109682,2020-08-05
1290855580798656512,55883887,3273799494,2020-08-05
1290856140377657344,1273365348935499776,1286117177695899653,2020-08-05
1290861392363491328,444049229,1209784414152069120,2020-08-05
1290858736341389312,1273365348935499776,1286117177695899653,2020-08-05
1290869515136438272,872964678590377984,111858127,2020-08-05
1290862717322977280,1096154100767481856,1096154100767481856,2020-08-05
1290965659443179520,32235468,1138209419412549632,2020-08-05
1290866343680475137,499818111,755198178211819520,2020-08-05
1290890151061622785,778976910,1282561477820289024,2020-08-05
1290867293103124480,2195927359,2195927359,2020-08-05
1291067482107555840,539566673,331081365,2020-08-05
1290871186918793216,1192740946342866950,1192740946342866950,2020-08-05
1290959490154733568,145893057,1115434414723354624,2020-08-05
1290874388913373184,292234605,590231937,2020-08-05
1291054022535913472,448900071,1164601759030890496,2020-08-05
1290877629252415489,713318498,713318498,2020-08-05
1290878195621933056,263708316,1094761898719887361,2020-08-05
1290880823898644480,33001002,89383143,2020-08-05
1290877939098107904,17243913,169201106,2020-08-05
1291240036311027712,1071980970197295104,1071980970197295104,2020-08-06
1291196631900213249,807811812360126464,957513565061165057,2020-08-06
1290882778465214464,156758960,1185547276707647489,2020-08-05
1290908447962087424,1277087263357194240,1118714583609274368,2020-08-05
1290881872591904769,235419726,2802091220,2020-08-05
1290884107505995776,1271568481012588547,1271568481012588547,2020-08-05
1290919359498649600,830436086,1255500495046742017,2020-08-05
1290892155834204160,1039210113352060930,15460588,2020-08-05
1290890741804339200,1212011820606611457,1212011820606611457,2020-08-05
1290890729691033600,2987421847,767485496,2020-08-05
1290894265674076160,1269386879482421248,957490552810831872,2020-08-05
1290910728078209025,1173758972,1222557363334533122,2020-08-05
1290945399470067712,260398846,740547853387337730,2020-08-05
1291040587865419776,3829362740,1228348348865929217,2020-08-05
1290903694117044224,786329265969238020,786329265969238020,2020-08-05
1290906703530098689,1264398524759764992,394991629,2020-08-05
1290953795288137728,713587285,23494080,2020-08-05
1290916291566542853,1189761425063006208,714674114292789249,2020-08-05
1290932433379106816,1041237779135397888,74677398,2020-08-05
1290950455443558401,1089838129706663936,2162318793,2020-08-05
1290918956014985216,369287871,235352782,2020-08-05
1291065103551475712,1181403234998587392,1240108614863310848,2020-08-05
1290915292475006977,418543440,418543440,2020-08-05
1291059260311437313,23494080,132674068,2020-08-05
1290922545772806146,28017499,1266846774133579776,2020-08-05
1290930608680697857,968587494,3393385137,2020-08-05
1291873979746013184,2500055300,33475372,2020-08-07
1291015028255195136,17642409,3073928324,2020-08-05
1290987542230302727,2909845271,19301117,2020-08-05
1290934514982645760,945366465783279616,29524266,2020-08-05
1290937490568871936,968587494,14302630,2020-08-05
1290946069891706880,66484327,1105258892756434944,2020-08-05
1291021065330794496,985015708177354753,985015708177354753,2020-08-05
1290961162574548993,804360301,303747888,2020-08-05
1290950306935824385,865672841123041280,844930596166160384,2020-08-05
1290947433640337408,1662049748,1662049748,2020-08-05
1291064793651195904,23494080,33621442,2020-08-05
1291417432796659713,1274167086881951745,1069302658920562690,2020-08-06
1290951210833387520,2844018590,2844018590,2020-08-05
1290952124583600128,3663984556,565259731,2020-08-05
1290958975723343873,401989905,1231044007590948865,2020-08-05
1290975868798500873,1068758137929379840,1187951187787563014,2020-08-05
1291183525186670599,23494080,939905071252373511,2020-08-06
1290989051407937536,156758960,1094028470290546688,2020-08-05
1291102373247627266,763818163494617088,1090049032901275648,2020-08-05
1290967156671184896,66484327,2486550496,2020-08-05
1290962599325118465,14214823,1252624134628139010,2020-08-05
1291107435021729793,19263448,25944662,2020-08-05
1290966887153754112,1851322364,21368060,2020-08-05
1290965394438660098,3663984556,15579557,2020-08-05
1290981646364291082,152812101,1255589406,2020-08-05
1291002589606281217,627146724,1120143571607224320,2020-08-05
1291023453244424194,2556358540,2974909167,2020-08-05
1291061551433166849,1238284491598241794,825369096313270272,2020-08-05
1290975231323058176,2249531,2249531,2020-08-05
1291000306915057669,250211424,250211424,2020-08-05
1290977352793587712,130676619,130676619,2020-08-05
1291102455602847747,1286332945524031490,556287711,2020-08-05
1290978807856472066,63923329,63923329,2020-08-05
1290980438886973447,633774604,748204035153534978,2020-08-05
1290983470492196865,1086768933221384192,4819667927,2020-08-05
1290981504328306688,1089838129706663936,1089838129706663936,2020-08-05
1290982299215880193,3297110922,1035055743055978496,2020-08-05
1290985248386355200,105338463,15116277,2020-08-05
1291029622692417537,27010893,1192555801367461888,2020-08-05
1290983768627351559,2249531,2249531,2020-08-05
1291134106030530561,1161834228675485696,27701323,2020-08-05
1291201051736014849,878417619711381505,381166764,2020-08-06
1291014364468830208,817923261136674816,32419646,2020-08-05
1290994529185796097,25896607,25896607,2020-08-05
1290993611925061632,1264946856414654464,625736107,2020-08-05
1291000141227360261,1214723373793718277,1283415479474847744,2020-08-05
1291010911206080514,1189633987901362177,4801293200,2020-08-05
1290995969140695041,1253005220138844161,1581883268,2020-08-05
1290998002618834945,13132342,799494420743778304,2020-08-05
1291026880783691776,369287871,4710122417,2020-08-05
1291414916109344768,1089838129706663936,2149489765,2020-08-06
1290996816167796736,708832187467096064,879070022122995712,2020-08-05
1291005417338871810,400352771,21956602,2020-08-05
1290997368125558784,1253005220138844161,1581883268,2020-08-05
1291006069695750144,1224194173710020609,1253005220138844161,2020-08-05
1292591700842614784,2835609500,3063411408,2020-08-09
1291050093592956928,37904694,1290567253524713472,2020-08-05
1291001311077584896,1253005220138844161,1581883268,2020-08-05
1291002078915997697,984605262999732225,906270633671176192,2020-08-05
1291003895456595968,250211424,250211424,2020-08-05
1291025430498152448,1248574357502406657,4373878223,2020-08-05
1291002374354546696,816674913310253056,1220018516,2020-08-05
1291002028273987584,15867018,130684893,2020-08-05
1291002956792250368,1005887991410114565,345411666,2020-08-05
1291029656846700544,816674913310253056,350368159,2020-08-05
1291025335543369728,17923419,69155751,2020-08-05
1291009611030335488,3248135028,861243014303305729,2020-08-05
1291026407225798656,27701323,22066594,2020-08-05
1291007097556131841,17467182,2871035506,2020-08-05
1291006959802634242,21522338,964773938462187520,2020-08-05
1291024203735543812,1210993425467633664,241318868,2020-08-05
1291097298773082112,3081983657,904392381486784512,2020-08-05
1291008826620207106,1264946856414654464,1264946856414654464,2020-08-05
1293357437337112577,3219723100,912475986150723587,2020-08-12
1291009813665714178,71860801,254261338,2020-08-05
1291011252794384386,1105145953361776645,1253091184207159305,2020-08-05
1291013685205504000,474491972,43790045,2020-08-05
1291066606685216770,1046170556893155328,890994353149272065,2020-08-05
1291015320371474432,163730050,1637957796,2020-08-05
1291017741596491777,1253005220138844161,1152469135,2020-08-05
1291045386270814209,10983152,38679514,2020-08-05
1291015882022559745,3576921256,399952131,2020-08-05
1291016845621944322,399952131,3576921256,2020-08-05
1291016861098876928,84183248,84183248,2020-08-05
1291020467222921217,123618703,73076353,2020-08-05
1291018404061577216,1079360602454163456,1252020079790784518,2020-08-05
1291055864619597824,1379643769,164818080,2020-08-05
1291020510558658561,2277807332,1258260771521216513,2020-08-05
1291020791937740800,896563773875638272,896563773875638272,2020-08-05
1291269639100661762,205148837,1030771590668136451,2020-08-06
1291021461361053697,1282519744692670464,1282519744692670464,2020-08-05
1291023320469721088,1253005220138844161,1152469135,2020-08-05
1291023097630466048,2909387700,2909387700,2020-08-05
1291036353975771137,3195419603,14224013,2020-08-05
1291024918419853317,338672074,1180953979414466560,2020-08-05
1291026820872253442,298681398,83912615,2020-08-05
1291063988990562307,3180674587,1066592690421334016,2020-08-05
1291053256727175168,1180953979414466560,338672074,2020-08-05
1291035413512163334,394642242,1100462352749772800,2020-08-05
1291026356709535746,1176576363203112962,1253101616816959489,2020-08-05
1291066171790438401,23494080,2892082000,2020-08-05
1291029076388515841,506836529,153462141,2020-08-05
1291065482834042883,23494080,2500484598,2020-08-05
1291266090518163460,4514322802,701501616436994048,2020-08-06
1291034375019048960,1177084540243853312,1242176869576749056,2020-08-05
1291030509544443914,206774684,206774684,2020-08-05
1291032286994010115,1162758486301827074,791581561988739072,2020-08-05
1291031878510743552,3764689043,21925564,2020-08-05
1291122753853108225,87612386,4077359074,2020-08-05
1291066086323105797,513199347,756274905621073920,2020-08-05
1291042870942670858,717190286322085889,1279476522118795264,2020-08-05
1291037355894280193,1211649100652797953,238669384,2020-08-05
1291035835832381442,794575684576415744,1138076864126341121,2020-08-05
1291035251838455808,1176576363203112962,1253101616816959489,2020-08-05
1291102929059946496,1175505263840784386,1142625674026528768,2020-08-05
1291037306065846272,2946893125,13232322,2020-08-05
1291037893994192897,1264946856414654464,1266470409005723654,2020-08-05
1291038244180832263,1173769962,1173769962,2020-08-05
1291520482093740035,46863213,1241833689463558145,2020-08-06
1291057594522415104,1312395158,1034598645784559616,2020-08-05
1291054724037455881,53276941,36703290,2020-08-05
1291209195937763329,15830702,138762801,2020-08-06
1291039556570165249,41981259,41981259,2020-08-05
1291040149611188225,16170253,1056242579153543168,2020-08-05
1291183343229448192,23494080,325896309,2020-08-06
1291864001643782146,23494080,325896309,2020-08-07
1291042059563020293,1285287638535155714,324163222,2020-08-05
1291043006523625479,258094181,198813509,2020-08-05
1291047217239920642,38967935,38967935,2020-08-05
1291043566941241345,4889756028,2740357618,2020-08-05
1291053430346145792,1158918311024816128,227468656,2020-08-05
1291047246625112065,369287871,1267648364981768194,2020-08-05
1291065618234392576,728747154,882756746,2020-08-05
1291131118989737984,87612386,953350914311688192,2020-08-05
1291046567286312962,2172419551,400313370,2020-08-05
1291051464891277316,48266056,70981500,2020-08-05
1291053368706703360,48266056,70981500,2020-08-05
1291055635359051776,408960349,3767497277,2020-08-05
1291049200491225088,187451666,801699699384262657,2020-08-05
1291109262551330819,21522338,47362629,2020-08-05
1291051188117549058,1231368307166646272,4341518249,2020-08-05
1291051889077911552,146725826,146725826,2020-08-05
1291056298746814464,15867018,1189187305300361218,2020-08-05
1291052637618659333,1231368307166646272,4341518249,2020-08-05
1291053060739854336,124219761,961376443279249408,2020-08-05
1291363296260632578,1035807945492193280,222217244,2020-08-06
1291057815625150464,2946893125,19994203,2020-08-05
1291054446273863680,1231368307166646272,4341518249,2020-08-05
1291086033833033729,175073422,1286685720707555334,2020-08-05
1291058002368200704,825160248088367104,1076709293267783680,2020-08-05
1291525652370219008,66484327,2345700257,2020-08-07
1291061341680218114,23494080,157730536,2020-08-05
1291057979886915597,911692787049009152,1164716287223898112,2020-08-05
1291059663514017794,14714040,1031769872793911296,2020-08-05
1291067928092323843,962414093280964608,1005438876,2020-08-05
1291060731421614080,911692787049009152,1180829768,2020-08-05
1291138143647932416,993641287,1265736663231270915,2020-08-05
1291062076996087809,183684009,288450590,2020-08-05
1291096012883255296,571219507,862056170021724160,2020-08-05
1291062960887037957,14428909,929842448,2020-08-05
1291063957285941248,929842448,14428909,2020-08-05
1291065340500336640,1631308484,107529849,2020-08-05
1291068496533741568,276987167,2246537899,2020-08-05
1291065581584752640,991403251,218359601,2020-08-05
1291080438505705473,1289358772650086400,183544321,2020-08-05
1291067932873822212,46321633,46321633,2020-08-05
1291069783841157120,1441971834,1063873307122888704,2020-08-05
1291067242109698048,298681398,83912615,2020-08-05
1291074745140686849,877495409740050432,560014133,2020-08-05
1291070758773493760,222199784,751542960131411968,2020-08-05
1291071219748483072,202661088,2946893125,2020-08-05
1291100356210855939,1175505263840784386,254943428,2020-08-05
1293165620389978112,21882727,21882727,2020-08-11
1291076827923058692,1285287638535155714,324163222,2020-08-05
1291071495175720960,2946893125,202661088,2020-08-05
1291071546027470848,762522504,173754304,2020-08-05
1291128270998474752,762522504,1012726757122768896,2020-08-05
1291087090608824320,1170354124283449344,1050729169573830662,2020-08-05
1291073389000396800,2946893125,202661088,2020-08-05
1291105981909303296,74698700,3119653029,2020-08-05
1291074104481570819,762522504,353331957,2020-08-05
1291535175457923073,2898242417,2898242417,2020-08-07
1291129789143818240,897831864450330624,1240482747606589440,2020-08-05
1291075539919306755,368731138,368731138,2020-08-05
1291090045584265218,597827916,743051477908869120,2020-08-05
1291076831907586050,156758960,2915499330,2020-08-05
1291076707563208704,42040497,50129007,2020-08-05
1291079684684357637,3301868945,1286722935907123200,2020-08-05
1291079285319532546,1239599332770398214,165561057,2020-08-05
1291093498599358464,762522504,55124502,2020-08-05
1291083388028366848,27237704,1145370732475514880,2020-08-05
1291132887052541953,796551563795951616,1942371482,2020-08-05
1291082698803617797,35239459,1116717853,2020-08-05
1291082222418755585,43468261,43950736,2020-08-05
1291084011092279298,911692787049009152,2714166955,2020-08-05
1291083888811487232,1193678432263188483,826058732593360896,2020-08-05
1291085759772942336,23493744,23493744,2020-08-05
1291092271182610432,48266056,2570905252,2020-08-05
1291094863900016642,23685118,252966637,2020-08-05
1291088118834057216,1212409690073645056,1212777238703132672,2020-08-05
1291090965319606272,983946062032490496,107257007,2020-08-05
1291414640988237828,1089838129706663936,1276123466073346048,2020-08-06
1291105311600848903,74698700,3119653029,2020-08-05
1291099649177268225,1281639796956442634,755229520114909184,2020-08-05
1291151250520707073,759835979582623745,1152683502665703424,2020-08-05
1291101636090368002,156956327,845317795,2020-08-05
1291100232520880128,1228415516110245889,1356071167,2020-08-05
1294745045330022403,3343387330,3343387330,2020-08-15
1291104255617536000,2946893125,4831306939,2020-08-05
1291136033153638406,828058389846511616,1166519753197813762,2020-08-05
1291111927700049920,171984095,29296333,2020-08-05
1291121032225382400,865738675488948225,842642004,2020-08-05
1291139019254964226,87612386,948558246117289984,2020-08-05
1291170833524817927,1056977554425499651,36011480,2020-08-06
1291110200749981698,1260529210537304064,1260529210537304064,2020-08-05
1291124949424324608,35703629,35703629,2020-08-05
1291111288882462720,1290999112381407232,946584135459639296,2020-08-05
1291141495592976386,37904694,95097499,2020-08-05
1291118597109096455,732768811,17312720,2020-08-05
1291123769386446848,1161647261534830592,400069771,2020-08-05
1291121354331369472,3383657759,28722755,2020-08-05
1291142626377433091,942420793627152384,756238859407679488,2020-08-05
1291117306630811651,1189761425063006208,1106270227828883456,2020-08-05
1291129888645296135,110032749,152142811,2020-08-05
1291121332734787584,1208982685315678209,1262584848117649409,2020-08-05
1291121217035022336,1260316744067035138,741659365061562368,2020-08-05
1291121662176436228,58441485,32144450,2020-08-05
1291120018470637568,3308046974,1917946962,2020-08-05
1291120404631879681,369287871,55851567,2020-08-05
1291120988067749888,1228415516110245889,32881612,2020-08-05
1291121292322594816,24816997,187766401,2020-08-05
1291150181287813121,1155961670310608896,266730229,2020-08-05
1291122939191070722,207696104,854421073613406208,2020-08-05
1291121662021242880,32144450,58441485,2020-08-05
1291122859813855233,187766401,3655810469,2020-08-05
1291124234912235521,829393917816688640,325697656,2020-08-05
1291132059017240578,822274456513085440,1125193747568910336,2020-08-05
1291124938959491072,620471690,620471690,2020-08-05
1291150210639499265,39176606,39176606,2020-08-05
1291152178657320966,1173758972,3188002813,2020-08-05
1291126573848915968,366863067,260264068,2020-08-05
1291131136115122189,24816997,187766401,2020-08-05
1291130839850463232,1854207913,990660402861281282,2020-08-05
1291157472103866368,3767497277,1148896164110065664,2020-08-05
1291133301814632448,205767599,713758533,2020-08-05
1291145627456462850,7851372,8844532,2020-08-05
1291132566964178945,1279832675323449350,408710627,2020-08-05
1291132460340670464,15011215,21695263,2020-08-05
1291134075051233281,1284587847622643713,34716698,2020-08-05
1291532323616444419,1113186414626254860,2899697908,2020-08-07
1291134796874252290,975373794222247936,1178989675,2020-08-05
1291164588763947008,125110351,48459821,2020-08-06
1291139039895134210,202661088,2946893125,2020-08-05
1291139009142353920,1039700950384963586,1147694048095932418,2020-08-05
1291140435738529792,187766401,249164009,2020-08-05
1291139602472820736,2946893125,202661088,2020-08-05
1291140199670521856,1209183204,1160257338667913219,2020-08-05
1291199948260667392,32343438,1079493075704123392,2020-08-06
1291139966190284800,1228415516110245889,1356071167,2020-08-05
1291160624991477763,47824057,843853348038238209,2020-08-05
1291141491126145025,52571677,52571677,2020-08-05
1291141567890239489,425451607,2985946822,2020-08-05
1291144567803326465,3188352661,398337087,2020-08-05
1291146226537312257,35625582,43393595,2020-08-05
1291166762961121281,791194588090425344,115559071,2020-08-06
1291155074698403842,820257691956375552,1055068238214766592,2020-08-05
1291147188186148865,1287162964877877248,1248509580260208640,2020-08-05
1291154780497248258,571219507,862056170021724160,2020-08-05
1291146224012275716,811514954159443968,892987959925985280,2020-08-05
1291149451827064832,2373349581,247564783,2020-08-05
1291150437060456448,941338120326451200,16419312,2020-08-05
1291148454325084162,1264946856414654464,882727718,2020-08-05
1291148062178541571,1276869937211101185,558836780,2020-08-05
1291149123836448769,1252830427863113729,1087923126070140929,2020-08-05
1291153694474539009,24586286,1140023013045350401,2020-08-05
1291152147573354496,2430787669,2430787669,2020-08-05
1291196168848977920,97997858,120164743,2020-08-06
1291184955138154497,1280262239631663104,2185771764,2020-08-06
1291193521131728897,87612386,2497965513,2020-08-06
1291160055920959489,1025454944,250147996,2020-08-05
1291158854143803393,327794592,544727359,2020-08-05
1291160010291056640,1264946856414654464,29236355,2020-08-05
1291160310301241349,762522504,1491807500,2020-08-05
1291415197098409985,1138287733321998337,16688724,2020-08-06
1291172274113056770,1268093477058777089,892336989579640832,2020-08-06
1291440485731631105,1138287733321998337,892275857779118080,2020-08-06
1291161334080577537,784899771647594496,2750142134,2020-08-05
1291161600691404803,2865907814,3310013225,2020-08-05
1291162266155601922,3188352661,3134508196,2020-08-06
1291165505399775232,3032393326,3032393326,2020-08-06
1291228316146348032,1083394132263858176,1183248604531589120,2020-08-06
1291164978402254848,1023735690842894338,1218318147058421760,2020-08-06
1291187023898906626,827633935458979840,1236834883047211009,2020-08-06
1291172911865159681,23494080,915028555796492288,2020-08-06
1291172091627294728,1228415516110245889,1291165540652691456,2020-08-06
1291177924175986689,1228415516110245889,1291165540652691456,2020-08-06
1291170474093957124,1516644956,1516644956,2020-08-06
1291170867364409345,1516644956,1516644956,2020-08-06
1291171324119920640,60799419,98669427,2020-08-06
1291179028188147712,458917136,878406599911624704,2020-08-06
1291177112284680193,1283532867407052800,1283532867407052800,2020-08-06
1291174786488512512,786063455522529285,1069768117,2020-08-06
1291175515332710400,43089397,1423610083,2020-08-06
1291175077736787969,766719206247108608,948120245562216448,2020-08-06
1291218387968770048,35668101,349170647,2020-08-06
1291178766337740803,1238847898143592448,1238847898143592448,2020-08-06
1291201406284599296,760051375078113280,760051375078113280,2020-08-06
1291179434045775872,250691621,23216644,2020-08-06
1291273170956083200,2990624796,2990624796,2020-08-06
1291231626488426496,767025461792804864,363529597,2020-08-06
1291190962602094594,499000974,1494202634,2020-08-06
1291187102688870400,2228878592,15463671,2020-08-06
1291194156669313024,948589056,1269149480638533635,2020-08-06
1291190458094202880,28901886,28901886,2020-08-06
1291187700322664448,1035181525,1035181525,2020-08-06
1291305802553266176,1107240989679407104,46382179,2020-08-06
1291190896030109698,3188352661,4846877796,2020-08-06
1291192550158741505,154774769,920851175783542784,2020-08-06
1291203766193029120,837475440931397632,355636790,2020-08-06
1291192703338905601,154774769,3743898441,2020-08-06
1291201739534696448,230905168,230905168,2020-08-06
1291192728802529282,2892710886,21656726,2020-08-06
1291198397202956288,1631308484,107529849,2020-08-06
1291194722808078336,35884419,833136720426196994,2020-08-06
1291288212326023168,1242306820321890304,821981511675158528,2020-08-06
1291196085030051846,37904694,708683184536489984,2020-08-06
1291208132182638592,87612386,4871749505,2020-08-06
1291525650822701061,965452912997683202,993641287,2020-08-07
1291217758076710914,2563281982,1164947708718620672,2020-08-06
1291257733816004608,2185734614,295240841,2020-08-06
1291205761234698241,948589056,390157958,2020-08-06
1291207556334080002,4846877796,744250025702793216,2020-08-06
1291206514904928256,948589056,390157958,2020-08-06
1291206775891529734,829393917816688640,52167920,2020-08-06
1291208347744636930,1053751338209828864,1053751338209828864,2020-08-06
1291285411642343431,1226442029837832195,895345094324256768,2020-08-06
1291211303302967298,154774769,65096199,2020-08-06
1291207773569445888,35884419,1106798354967584768,2020-08-06
1291229828545421318,704031546060234753,704031546060234753,2020-08-06
1291213465814593539,15011215,248780053,2020-08-06
1291211995157602304,3188352661,299472671,2020-08-06
1291211882716639232,596686416,596686416,2020-08-06
1291358401298157568,1238135095598424064,409679126,2020-08-06
1291215396746547202,154774769,1109333379462430720,2020-08-06
1291345720381931520,593322663,23896511,2020-08-06
1291216073015074819,154774769,1405753080,2020-08-06
1291216417744969729,154774769,1128771351345532928,2020-08-06
1291219084533800960,15409017,837079062044639233,2020-08-06
1291221170650599424,236487888,15154811,2020-08-06
1291222089949732864,1175432790919303172,1175432790919303172,2020-08-06
1291222839136264192,3188352661,823532128981745665,2020-08-06
1291227135848456192,21522338,1131317018374938624,2020-08-06
1291221573077094400,755398639460179968,2966842211,2020-08-06
1291224209813692416,1246870023802482688,2808650785,2020-08-06
1291223027477340161,911692787049009152,2714166955,2020-08-06
1291228161984913408,3188352661,4391206272,2020-08-06
1291225675882430466,911692787049009152,29708036,2020-08-06
1291227957839552513,762522504,1277518312713228288,2020-08-06
1291227922163027968,23494080,290107321,2020-08-06
1291305174393389057,190461525,29325585,2020-08-06
1291234182413205506,15011215,261270832,2020-08-06
1291228752479911937,16875220,1141435554548109312,2020-08-06
1291229526345699328,762522504,2954253086,2020-08-06
1291806923726245888,87612386,511290619,2020-08-07
1291243568305143809,154774769,2865362791,2020-08-06
1291231364466040832,893900539083313152,72610334,2020-08-06
1291238116569874432,1028866124623110144,840021669712400384,2020-08-06
1291236179967451139,154774769,1162891233133510656,2020-08-06
1291241284468912128,1277028550433017857,422042010,2020-08-06
1291319469252411398,1262929198227865600,4790174717,2020-08-06
1291242077884485632,154774769,824245528053633025,2020-08-06
1291239345228263424,965572655343693826,1229405399314583558,2020-08-06
1291264511840866304,2921185275,274052990,2020-08-06
1291264818364768256,2921185275,274052990,2020-08-06
1291246006710009857,1044074096139653120,1175651759739547648,2020-08-06
1291246322893242368,891049968449888256,1268640482109935631,2020-08-06
1291339730832039936,763194216138891264,3302346303,2020-08-06
1291284349086846976,885373646344245248,1213138369,2020-08-06
1291253428497395713,154774769,2192435322,2020-08-06
1291372678348120065,1228415516110245889,72211404,2020-08-06
1291336713504268288,309394060,966516324536000512,2020-08-06
1291306882477338624,485353662,1241422442402324482,2020-08-06
1291258260423507968,17202735,778924731785318400,2020-08-06
1291478800342093825,592693135,1287417562406453248,2020-08-06
1291253588270952449,1173758972,1244114683688374272,2020-08-06
1291253335975231488,168806107,168806107,2020-08-06
1291256996834967558,1173758972,1244114683688374272,2020-08-06
1291254118099464193,1654750507,1654750507,2020-08-06
1291333318856904704,763442980065779712,833046950001864704,2020-08-06
1291257839843864576,1175505263840784386,3070265532,2020-08-06
1291257271331115009,1179509920929988608,832335522957717504,2020-08-06
1291741047739932672,64267482,1235792640509128704,2020-08-07
1291324452790243328,3308046974,13994502,2020-08-06
1291266935431270400,121632838,2998966804,2020-08-06
1291272654369021953,1001795427178614784,1058819951392247808,2020-08-06
1291299918653673473,21522338,1131317018374938624,2020-08-06
1291299414246481922,1514304690,806306071765798912,2020-08-06
1291280535311077377,154774769,827993128833388545,2020-08-06
1291280184994418688,154774769,76713592,2020-08-06
1291279330551701506,1279944628389711874,1279944628389711874,2020-08-06
1291323752387575808,3709172656,3709172656,2020-08-06
1291290906788675584,1514304690,235131043,2020-08-06
1291382229978021889,1281639796956442634,28628111,2020-08-06
1291302273373466624,1514304690,1033879597010628608,2020-08-06
1291963955615690752,14066645,755671419686490112,2020-08-08
1291299817055031296,3039921634,1089087218134568961,2020-08-06
1291300161667207170,1089087218134568961,3039921634,2020-08-06
1291300572298010624,1089087218134568961,858456237876424704,2020-08-06
1291301558278213633,1089087218134568961,1141727847330922496,2020-08-06
1291439549109936134,214104894,746754398,2020-08-06
1291303623037681666,154774769,2294416698,2020-08-06
1291316130703765504,1089087218134568961,1156964627613409280,2020-08-06
1291316220734496769,145520113,145520113,2020-08-06
1291814246012145670,87612386,851876728322625537,2020-08-07
1291322474924105728,1089087218134568961,1237525866470682629,2020-08-06
1291347144713080832,1285169706157187074,1221096728566419456,2020-08-06
1291339966665039876,1514304690,1243724931071868928,2020-08-06
1291338341112152065,1514304690,2548336988,2020-08-06
1291364796701474817,1133048017702014978,245915466,2020-08-06
1291386460361424898,829393917816688640,870694080,2020-08-06
1291698252501450753,289530033,289530033,2020-08-07
1291339180765786113,1279944628389711874,744788424431808512,2020-08-06
1291486637042663425,154774769,24735262,2020-08-06
1291369618087583745,400696924,1209192285369446406,2020-08-06
1291339169709658116,763442980065779712,1224151606922567681,2020-08-06
1291339409233649664,1283327867770662913,1283327867770662913,2020-08-06
1291346414635819013,1234821206488035328,1234821206488035328,2020-08-06
1291357319960436736,48316825,123705128,2020-08-06
1291342621605081088,1279944628389711874,744788424431808512,2020-08-06
1291342480491851778,763442980065779712,1224151606922567681,2020-08-06
1291342873841942528,1514304690,582324689,2020-08-06
1291345477166915585,30586842,735984740,2020-08-06
1291346795721826305,1252750373762334720,3398224216,2020-08-06
1291351968540237824,19870490,382037842,2020-08-06
1291352979937742849,1166649625073324033,2272325420,2020-08-06
1291353408507650050,4270885703,1165360852318466050,2020-08-06
1291352632347561984,19870490,358139684,2020-08-06
1291380055013076999,1176674394564788224,873916528323948544,2020-08-06
1291357718700163073,821603873458679809,821603873458679809,2020-08-06
1291359368093396992,1272918670323224577,1269095789579472897,2020-08-06
1291361069118652416,2314530576,734935156683886592,2020-08-06
1291361398585462787,1201940662511378432,765265386308825089,2020-08-06
1291376101319565317,2356502700,1196506051467763712,2020-08-06
1291366524238798852,1281277675181498368,142734942,2020-08-06
1291366901780819969,3308046974,1088015879122472960,2020-08-06
1291374063659646976,965572655343693826,784185194244771840,2020-08-06
1291469551138414592,805966790912262145,1158837481049079809,2020-08-06
1291548756685381632,249279578,18238390,2020-08-07
1291373770645676033,140286364,140286364,2020-08-06
1291374102146453504,1268093477058777089,892638303664693248,2020-08-06
1291379380665516033,4236661,463871960,2020-08-06
1291376910229020673,63525003,63525003,2020-08-06
1291377995026960385,479515678,764263404324478977,2020-08-06
1291376709002883074,911692787049009152,2714166955,2020-08-06
1291380410828627969,575662077,1248432279946436608,2020-08-06
1291380810629734403,1194410074611077120,1194410074611077120,2020-08-06
1291380964199931905,1285287638535155714,324163222,2020-08-06
1291385050802642945,1186291037846888453,135248597,2020-08-06
1291388516279242752,575662077,511324484,2020-08-06
1291385319875416064,52094248,291740252,2020-08-06
1291430233820848135,156758960,1288222205990653963,2020-08-06
1291388321424461825,2823899760,1225528024206061581,2020-08-06
1291413525240446977,4790174717,1204402148710195201,2020-08-06
1291387240325820416,791617266353790977,2879660457,2020-08-06
1291546641221267457,2608589893,1089875693125713920,2020-08-07
1292263591807258624,1967416830,1286416870535573505,2020-08-09
1291406829327732736,822874503504072705,1272932429733474304,2020-08-06
1291433774769557504,1140348503723347968,243159420,2020-08-06
1292055993577349120,844514640,1273077256584196101,2020-08-08
1291436884401545216,2228878592,2232111613,2020-08-06
1291413830040346625,40385440,93694866,2020-08-06
1291422385229373446,762522504,382953970,2020-08-06
1291403702255923202,4497984732,4497984732,2020-08-06
1291404623715205136,1563473563,1163294962911457285,2020-08-06
1291935518595387393,2823158378,989666709027028992,2020-08-08
1291404815843635201,3073385746,805927624035995649,2020-08-06
1291449877646409735,1638443989,10724752,2020-08-06
1291406955701993483,3073385746,805927624035995649,2020-08-06
1291406429585379330,187402102,344957821,2020-08-06
1291407836187103245,373411317,1258409549033287686,2020-08-06
1291407889135878144,1669310838,1278650721165074432,2020-08-06
1291407637314252803,373411317,768248973786173440,2020-08-06
1291409007891161089,37904694,64695249,2020-08-06
1291407488114470912,232138606,626092132,2020-08-06
1291408271065194497,373411317,942939595,2020-08-06
1291409716715966465,266032035,2562643367,2020-08-06
1291409864581885955,4732288535,14633466,2020-08-06
1291409158718152705,14701580,17699186,2020-08-06
1291409834869497856,1050380044395270144,920700870760656897,2020-08-06
1291445922136764416,829098834,28096105,2020-08-06
1291413879453409282,17699186,14701580,2020-08-06
1291419473644331010,713587285,23494080,2020-08-06
1291412595182837766,394991629,1206220001608290304,2020-08-06
1291417654524289025,859597084646944770,1947627416,2020-08-06
1291418793533673473,1148953411066486784,1198317992129499136,2020-08-06
1291417841959202816,93694866,40385440,2020-08-06
1291416105307734016,23494080,863044521025785856,2020-08-06
1291426246107308034,854360794506698752,3784154596,2020-08-06
1291416218059014145,17133739,476340809,2020-08-06
1291415101967413256,21252618,21252618,2020-08-06
1291826191939362817,87612386,29513601,2020-08-07
1291434037534326785,1280667314430439424,1171134492599377921,2020-08-06
1291430542370467840,327794592,407454312,2020-08-06
1291420696011137025,1231268015146012673,1047148018624024578,2020-08-06
1291418959187783680,3003700724,3003700724,2020-08-06
1291428934530170882,1514304690,3853330813,2020-08-06
1291421163470585856,239922015,296532519,2020-08-06
1291421193073917952,35884419,1178539910720081920,2020-08-06
1291422892492693504,1072556836627181568,1284682523981709313,2020-08-06
1291430545461837824,324999857,916061014285746182,2020-08-06
1291450209323692037,3380558433,343897326,2020-08-06
1291425105000759296,37904694,1034436012620107778,2020-08-06
1291424789656219650,853229442,2369289619,2020-08-06
1291752370959986691,1229395933185675265,1536617431,2020-08-07
1291425626193367046,1283044198476845056,1283044198476845056,2020-08-06
1291427174344306689,1514304690,1281455785,2020-08-06
1291427456864391168,2293106913,25847193,2020-08-06
1291444913494777858,1138287733321998337,2463691188,2020-08-06
1291439203184775168,1060504086,719212084441952256,2020-08-06
1291428061859151873,933946792986767360,18611003,2020-08-06
1291434633259778048,25257050,737977694,2020-08-06
1291436272284848128,720590264260280321,2768129428,2020-08-06
1291435840397357057,37904694,840567625100976129,2020-08-06
1291431420007612417,14701580,1141762522984439808,2020-08-06
1291434748188008450,578242529,82094073,2020-08-06
1291434874214035458,1268829685879726082,530056116,2020-08-06
1291433298514804743,2251127928,3196089518,2020-08-06
1291434596471627776,1164156004222873600,2713012445,2020-08-06
1291442615737606144,278102111,3762320657,2020-08-06
1291435122189836288,1227791161512923137,1000011505792897024,2020-08-06
1291435966629064705,969428527215980545,1221097832784039936,2020-08-06
1291436295449767936,1167443368462434304,1185984146583228423,2020-08-06
1291514912557023232,919589881164087297,11024702,2020-08-06
1291438240675880960,786656240445161472,833709549148307456,2020-08-06
1291439623739244545,23494080,976237758158077955,2020-08-06
1291441401041805312,772575200,195454309,2020-08-06
1291439123090288647,1199013516377767936,1085313230740865024,2020-08-06
1291440661678436354,1285678821631569920,14337143,2020-08-06
1291441124947775490,2878241357,1584140768,2020-08-06
1291477752575660033,154774769,575611399,2020-08-06
1291439358705270785,1285006265408720897,1032556783259279361,2020-08-06
1291443286050136069,571219507,862056170021724160,2020-08-06
1291440874518466560,720590264260280321,163946608,2020-08-06
1291442670049599489,1285678821631569920,14337143,2020-08-06
1291442134378115073,3107408184,3107408184,2020-08-06
1291446004365967361,1084779753863708672,1084779753863708672,2020-08-06
1291462120777736192,772575200,195454309,2020-08-06
1291443881213595648,1123739818335272961,302060230,2020-08-06
1293073176402882560,58510709,58510709,2020-08-11
1291452966906597383,1268662138954027008,1241734965467009025,2020-08-06
1291446868229136385,1283497033610022913,3267737598,2020-08-06
1291459569064042501,1192157260312719360,1258391055315218432,2020-08-06
1291446392729157632,762522504,768976671080873984,2020-08-06
1291486525033795584,3000840562,44111007,2020-08-06
1291447780028952576,1285006265408720897,1291137075903975424,2020-08-06
1291448698967384065,373411317,52836594,2020-08-06
1291446835576475649,1014880422545772546,921511484408127488,2020-08-06
1291456934684626946,1043321686404292608,1126291482367938561,2020-08-06
1291455738112614405,967842375551811586,2613624926,2020-08-06
1291447992734699522,1227791161512923137,1000011505792897024,2020-08-06
1291451649962266624,368738003,349412666,2020-08-06
1291449460913045504,821542886261067777,821542886261067777,2020-08-06
1291450245734375429,20826292,728555557,2020-08-06
1291471031622762497,20869964,774738068377071617,2020-08-06
1291465922742562819,2907091,1276705921859751938,2020-08-06
1291453156988157952,500752492,4114791171,2020-08-06
1291452938951385088,762522504,3190223142,2020-08-06
1291453851111952385,763206288947970053,2395319863,2020-08-06
1291456802870013952,49628549,240429795,2020-08-06
1291471504279052288,20826292,728555557,2020-08-06
1291455914109698048,1004488446587686912,209692464,2020-08-06
1291520322085126145,1514304690,873233336419966977,2020-08-06
1291457324515762177,1225938614162534401,729387436753575936,2020-08-06
1291456575429840896,1089838129706663936,1089838129706663936,2020-08-06
1291457682122182658,1225938614162534401,729387436753575936,2020-08-06
1291458196675198976,348644788,479159527,2020-08-06
1291458163217256448,939190598497644544,939190598497644544,2020-08-06
1291458724742287361,939190598497644544,939190598497644544,2020-08-06
1291461078589812737,137365137,568218780,2020-08-06
1291469725357215749,2907091,63494123,2020-08-06
1291460727035908097,1068352342062493697,1068352342062493697,2020-08-06
1291462432372662272,240429795,1102572433465331713,2020-08-06
1291462588119814148,2907091,1174394652591579137,2020-08-06
1291464726522757120,280595023,70729418,2020-08-06
1291469430136934408,37904694,840567625100976129,2020-08-06
1291472816383172608,1221818330857775105,1154817275427512320,2020-08-06
1291465575219081216,258871381,376878044,2020-08-06
1291481075617857543,4862053260,593291799,2020-08-06
1291465984843210752,1034868411354861568,40133176,2020-08-06
1291470777733255170,154774769,986063634454364160,2020-08-06
1291471417121353729,502340203,286715680,2020-08-06
1291469698912190464,1258221944979304461,1250680308,2020-08-06
1291468333628428288,1285006265408720897,35011093,2020-08-06
1291473490361692160,2613624926,1001500869924401154,2020-08-06
1291471496225918991,294932830,294932830,2020-08-06
1291472610707079170,63917162,525927048,2020-08-06
1291487988170588162,370412972,19381797,2020-08-06
1291484524145246209,1265724806353293314,3342243550,2020-08-06
1291473453342773253,1181075844783116288,1283985532234747904,2020-08-06
1291480841567313920,20826970,24041740,2020-08-06
1291476697938714624,869612270346575873,1280172958787555329,2020-08-06
1291527190316818434,1258895204330897408,1076677543963574272,2020-08-07
1291477469338509312,1221587136329256960,79782342,2020-08-06
1291496630793928705,58938445,61475018,2020-08-06
1291478565779718144,706553621698240513,706553621698240513,2020-08-06
1291496486174220288,17450410,512719277,2020-08-06
1291482850479415296,1271572997623562240,390238608,2020-08-06
1291485026987712513,36791852,707407692843913216,2020-08-06
1291548001446617088,2813496138,2876716474,2020-08-07
1291483500294443008,772575200,3092267429,2020-08-06
1291493965078896645,1245722550166007808,33684696,2020-08-06
1291929332307369985,1245722550166007808,33684696,2020-08-08
1291548207328174081,26684339,1315160420,2020-08-07
1291488908459544577,232446000,232446000,2020-08-06
1291488297693220866,772575200,3092267429,2020-08-06
1291488747259740160,772575200,3092267429,2020-08-06
1291489133823762438,1249799900340117504,366527073,2020-08-06
1291490111461433349,1291484355970379778,1291484355970379778,2020-08-06
1291493080336601094,289458652,55743354,2020-08-06
1291490939106734081,36791852,754806612863311872,2020-08-06
1291510076407255040,2614255879,3044602665,2020-08-06
1291491877640790018,772575200,3092267429,2020-08-06
1291492212430254083,1263535494119526401,3917128873,2020-08-06
1291494550582652928,17243913,1040463801244704770,2020-08-06
1291568217425666048,2907091,1270744700216119296,2020-08-07
1291495789944954882,2865907814,1270054287272480776,2020-08-06
1291499265466998786,801196688748806144,801196688748806144,2020-08-06
1291559096014045184,58365074,1077365580,2020-08-07
1291501125372448775,1261713332022710280,1603976324,2020-08-06
1291498024657715211,1266585085362483200,235417503,2020-08-06
1291498318414127106,1266585085362483200,235417503,2020-08-06
1291497565465214976,839186681878175744,973128838191333376,2020-08-06
1291502504451223557,3367805842,27837584,2020-08-06
1291498574396628992,1284517896828227584,1284694313780129794,2020-08-06
1291502630250872832,720590264260280321,163946608,2020-08-06
1291740752016547841,157451931,1230063848536887296,2020-08-07
1291499038018215937,109064246,268639069,2020-08-06
1291566124124037121,2315451596,837894163433652226,2020-08-07
1291500140155383809,35703629,506715371,2020-08-06
1291536329621331969,37904694,133248413,2020-08-07
1291503335217016832,21522338,3287770974,2020-08-06
1291504139462225920,720590264260280321,163946608,2020-08-06
1291505129468776449,2865907814,2216662325,2020-08-06
1291505187874635776,1173014660993421313,1152395569714933761,2020-08-06
1291504415006810112,327794592,34689772,2020-08-06
1291505067334553604,1005649894604967937,3237249044,2020-08-06
1291506885468852225,21522338,422008745,2020-08-06
1291509122328739842,1151158621859790849,986474009503158272,2020-08-06
1291511527040851977,36791852,30164624,2020-08-06
1291510002478350336,75311987,1101127105595752451,2020-08-06
1291510667858583553,1236386331028336646,901013608242532352,2020-08-06
1291512423443136513,109064246,268639069,2020-08-06
1291513682531438593,1151989159269191681,1151989159269191681,2020-08-06
1291512246028267520,1021382089059590144,879459933988585472,2020-08-06
1291518303400161281,2398192974,30170979,2020-08-06
1291513297548775430,24759977,811599092,2020-08-06
1291516175684378629,1208544512970252288,1208544512970252288,2020-08-06
1291520082628063232,1514304690,3408665147,2020-08-06
1291520871689940992,1514304690,2881619045,2020-08-06
1291516951018209281,41448115,52453245,2020-08-06
1291519090662748166,1196595414755106816,1196595414755106816,2020-08-06
1291522107596210176,243159420,1140348503723347968,2020-08-06
1291521771242491904,1275799899825676288,852986695746191361,2020-08-06
1291520993442369543,613920666,613920666,2020-08-06
1291523715809697792,466120728,766262960,2020-08-06
1291546342066548738,1140348503723347968,33139644,2020-08-07
1291524584961912834,1046493124045008898,46254637,2020-08-07
1291562020970651648,1950473222,2823248477,2020-08-07
1291572187539832833,154774769,19092852,2020-08-07
1291560600926126082,299967130,189891568,2020-08-07
1291533835759304704,240429795,224042180,2020-08-07
1291536867255554051,1426612394,15845571,2020-08-07
1291531487385464832,14836408,1240831221279518722,2020-08-07
1291548494268948485,784696298846949376,736498664881934336,2020-08-07
1291531193930747904,221278993,221278993,2020-08-07
1291530500474011654,1131654595153936384,252365681,2020-08-07
1291545435333636096,2838192056,1094211304146063360,2020-08-07
1291532843118522368,164776687,164776687,2020-08-07
1291533030402568192,164776687,164776687,2020-08-07
1291540873189220353,1008185450,1008185450,2020-08-07
1296597476820971520,2263737588,2263737588,2020-08-20
1291543138574782466,1040258335033806848,4751374712,2020-08-07
1291538710404771841,593322663,23896511,2020-08-07
1291540203958489089,3169398883,9063952,2020-08-07
1291537367652864000,91438581,2870012585,2020-08-07
1291537554412580864,2870012585,91438581,2020-08-07
1291539979227680768,240429795,246326631,2020-08-07
1291598449041969152,1152251896943534081,1230994689106628613,2020-08-07
1291793209555918848,1145205364486561797,710121986849112065,2020-08-07
1291543821533224960,855489121,855489121,2020-08-07
1291545981008388097,541152991,745439356110802944,2020-08-07
1291562115422191616,1930943065,800511058536382464,2020-08-07
1291545144165007361,1021729751113900032,399444023,2020-08-07
1291546138491920386,1216939389089210368,1216939389089210368,2020-08-07
1291545442786959362,1021729751113900032,1021796426089680896,2020-08-07
1291721695808688128,1190711435594219520,2965327347,2020-08-07
1291549350649147392,2926782154,2926782154,2020-08-07
1291548832661221382,1021729751113900032,911779952,2020-08-07
1291548460685164544,835891825328148480,835891825328148480,2020-08-07
1291549680132689921,1015245915135750144,1015245915135750144,2020-08-07
1291552296820781056,1021729751113900032,1059211792579248128,2020-08-07
1291550712103669760,187008763,187008763,2020-08-07
1291568183778971655,729681031377342464,944622582,2020-08-07
1291550743900585985,17554226,258629669,2020-08-07
1291554152477151234,1140348503723347968,33139644,2020-08-07
1291551300178579458,473238229,58933964,2020-08-07
1291552719027597313,1071252725952860162,1071252725952860162,2020-08-07
1291553078781632512,1043534392843489280,304569096,2020-08-07
1291556690173652997,1284963646645264385,336844827,2020-08-07
1291557345038700545,1284963646645264385,336844827,2020-08-07
1291557458540769282,1284963646645264385,336844827,2020-08-07
1291553741028679680,191124551,1035385104586162177,2020-08-07
1291553920469422083,569278422,65643136,2020-08-07
1291556863713128448,1275963355052867585,3123001948,2020-08-07
1291560511163727873,243159420,1140348503723347968,2020-08-07
1291555877791633408,28806695,28806695,2020-08-07
1291557278781452288,619484427,619484427,2020-08-07
1291561116464631809,365624137,3079058654,2020-08-07
1291559070449664002,2907091,157999490,2020-08-07
1291558531351621632,176978280,1259310698250764288,2020-08-07
1291558628328177665,361063416,2730478946,2020-08-07
1291562362965831681,337576424,17971455,2020-08-07
1291757619468697605,927604589909733376,927604589909733376,2020-08-07
1291572442452959232,2907091,1200240831292170245,2020-08-07
1291562271550787586,1206710316656054280,1151649572868898817,2020-08-07
1291563797312950272,1042405564540768256,51634386,2020-08-07
1291567850663051265,864487498935787520,4636475003,2020-08-07
1291564998611722240,1201266034788970497,1201266034788970497,2020-08-07
1291564242857078788,40986998,787054057,2020-08-07
1291566479821938688,864487498935787520,758092702886072320,2020-08-07
1291631872246775809,22212500,190242484,2020-08-07
1291565421058052096,219862792,219862792,2020-08-07
1291585791056138241,837894163433652226,2315451596,2020-08-07
1291566355116953600,69428108,457454776,2020-08-07
1291574343609155584,1223810073715081216,967418319019134976,2020-08-07
1291568078170525697,573921084,821112150135427072,2020-08-07
1291569196388757504,2907091,716658497946009600,2020-08-07
1291575597425201152,1202472522010238976,2472495405,2020-08-07
1291570220268756992,23494080,988177817350193153,2020-08-07
1291570616534020096,1239969860941217792,1042152142302322688,2020-08-07
1291570730342252546,191124551,3592477283,2020-08-07
1291572843851862017,910233500535500800,4311817413,2020-08-07
1291579024096088067,37131541,37131541,2020-08-07
1291570888589156352,160299481,214303708,2020-08-07
1291571824786956288,374824294,788893748386107393,2020-08-07
1291572943965880321,1189761425063006208,773316062096027649,2020-08-07
1291572603799457792,17554226,567436595,2020-08-07
1291577343996297216,37904694,231441566,2020-08-07
1291573729936334850,1060412946352762880,963571110196342785,2020-08-07
1291573269368393729,1021729751113900032,1214539571486248960,2020-08-07
1291575926803714050,625345500,1060412946352762880,2020-08-07
1291575070066909187,3328675947,777153283219558401,2020-08-07
1291575265420808193,1021729751113900032,1214539571486248960,2020-08-07
1291575775808966659,191124551,44204162,2020-08-07
1291576758156722176,374824294,22290141,2020-08-07
1291614805770502145,1267235465326977026,877215457509605376,2020-08-07
1291577626415505408,2907091,1049481886093979648,2020-08-07
1291578460880740352,191124551,44204162,2020-08-07
1291581320355749889,1194469813780828160,1194469813780828160,2020-08-07
1291580142905692160,1021729751113900032,1059211792579248128,2020-08-07
1291580578744147969,1021729751113900032,911779952,2020-08-07
1291581015325122561,3880505652,1173786247,2020-08-07
1291780358963421185,820659620704354305,518767805,2020-08-07
1291581080932438017,3328675947,777153283219558401,2020-08-07
1291581967515947008,1173786247,3880505652,2020-08-07
1291582231987724294,762522504,3190223142,2020-08-07
1291581637873094656,805080540114128896,805080540114128896,2020-08-07
1291582029998575616,3328675947,777153283219558401,2020-08-07
1291777996995649536,1261713332022710280,2815919175,2020-08-07
1291583485845610497,2907091,89321867,2020-08-07
1291586363058302977,274356587,251944029,2020-08-07
1291714402505445376,2797159519,148621359,2020-08-07
1291780233797021700,864487498935787520,4316281152,2020-08-07
1291588970128670721,937422446323314688,2385457856,2020-08-07
1291590159360831489,181971226,181971226,2020-08-07
1291590702267326464,1021729751113900032,911779952,2020-08-07
1291592637523402752,231441566,3110531985,2020-08-07
1292112181031559169,2802140458,60204453,2020-08-08
1291674221307887616,2874056870,1268024491558539264,2020-08-07
1291904334041501696,1262708988312879104,1268690023345295360,2020-08-08
1291674599193825281,1094211304146063360,1251815872131457025,2020-08-07
1291593446982000640,156908851,176853505,2020-08-07
1291598185127915520,1094981823996809216,1243399640256397313,2020-08-07
1291600073214832641,2907091,897839651599286272,2020-08-07
1291705200621883394,1285607164241940480,2744948177,2020-08-07
1291620410522349568,141584822,141584822,2020-08-07
1291601324144918534,1264458557837074433,1185618921929359360,2020-08-07
1291601384157061120,1185618921929359360,1264458557837074433,2020-08-07
1291728219222220801,800773870252789760,1246695298346467328,2020-08-07
1292553574380183554,102816499,811189259411615744,2020-08-09
1291783398403579904,52171014,25004298,2020-08-07
1291607991460880384,796367783617392640,405787155,2020-08-07
1291624007045971968,937397433876615168,244826338,2020-08-07
1291615356142997507,778775912,126986259,2020-08-07
1291617766580146176,778775912,126986259,2020-08-07
1291617668831698944,2314597418,123944239,2020-08-07
1291621251534864384,123944239,2314597418,2020-08-07
1291620801255485440,75311987,1291517466430980099,2020-08-07
1291737832667709443,779412902,722751612,2020-08-07
1291622074163908608,361063416,2265918102,2020-08-07
1291622903608274945,762522504,382953970,2020-08-07
1291628833414828032,937397433876615168,244826338,2020-08-07
1291629808158302210,123944239,2314597418,2020-08-07
1291634123359113216,17893690,408036857,2020-08-07
1291662679434768385,1133124481680125952,2914754452,2020-08-07
1291642305418412034,1245632999456030720,1278520611619303424,2020-08-07
1291636017238126593,2314597418,1163808789637881857,2020-08-07
1296091639656710144,3198494101,2587337249,2020-08-19
1291721555920248832,1285891806505435136,276641794,2020-08-07
1291650050079117317,1245632999456030720,1278520611619303424,2020-08-07
1291650899287269376,1245632999456030720,1278520611619303424,2020-08-07
1291649992944427009,23494080,610075573,2020-08-07
1291651822097174528,23494080,4611235640,2020-08-07
1291664147575267336,1251122370422530050,1251122370422530050,2020-08-07
1291801924963119111,74698700,1216593649665888256,2020-08-07
1291946381091803137,955157325865566208,567622584,2020-08-08
1291745071881101313,1514304690,763799849162637312,2020-08-07
1291662327109091329,971350879063433218,971350879063433218,2020-08-07
1291695497372225536,2907091,16249472,2020-08-07
1291764727056601089,789610482059579392,3194911689,2020-08-07
1291699464219103234,1272503144946245638,1266094691478577154,2020-08-07
1291967951017582592,1259379095164641280,1249644724165709825,2020-08-08
1292168304417701897,278394813,1702824943,2020-08-08
1291674984159621120,1094211304146063360,896869243224031234,2020-08-07
1291975469361963009,77973889,914320113985249280,2020-08-08
1291670683332816897,966780032713666560,966780032713666560,2020-08-07
1291672858486333440,984838496,617202639,2020-08-07
1291768995281084416,1282177393646592002,256971593,2020-08-07
1291678826435457024,1881869352,1881869352,2020-08-07
1291680365749338112,1844375316,1074261426125094912,2020-08-07
1291746979966484480,1052708817794940929,881988289745502212,2020-08-07
1291697658449387521,1260285039448739840,945734830775590913,2020-08-07
1291689847221112835,1094211304146063360,982218415,2020-08-07
1291765075875954688,62377073,877723552883015681,2020-08-07
1291722370668007429,578357630,4900331763,2020-08-07
1291723134077304832,1035844609371398144,336117129,2020-08-07
1291779982574919682,23494080,1263241861,2020-08-07
1291778688808300547,23494080,255219936,2020-08-07
1291805089565310977,461652793,259421965,2020-08-07
1291697497350369282,19426419,19426419,2020-08-07
1291714637944168448,926590755153461248,1035099266409062401,2020-08-07
1291757853900804096,1287811073765081088,855497779602391040,2020-08-07
1291697393969364992,198910545,4203373221,2020-08-07
1291700726264201217,854934238075990017,854934238075990017,2020-08-07
1291738702427893765,1902852432,987049003,2020-08-07
1291706974753574912,25302263,25302263,2020-08-07
1291728915820679172,481268050,36603774,2020-08-07
1291737237080682496,25913052,740573671195041792,2020-08-07
1291733685964767233,174369590,824459446122377217,2020-08-07
1291816615500288000,1011566886,1011566886,2020-08-07
1291714138046177280,36571135,126116951,2020-08-07
1291775900338380800,1258227571654717441,1285214780526141441,2020-08-07
1291725789638139905,126116951,3226934367,2020-08-07
1291771070744322049,832753135496077312,874672779907526658,2020-08-07
1291817044438966272,1204770198773018625,1191040170033864705,2020-08-07
1291717960046981121,731661969330188288,71443704,2020-08-07
1291728272364109825,2988408393,805445030391533568,2020-08-07
1291720985918550022,1059924879099731969,1198855736899424261,2020-08-07
1291722537458716672,265521979,1290721797864919040,2020-08-07
1291722807425081344,864487498935787520,2497413258,2020-08-07
1291742129442750464,1196595414755106816,832006820,2020-08-07
1291722138186067970,2830163393,3396680813,2020-08-07
1291727896457904128,1123921725027233799,1096213754621190146,2020-08-07
1291725756192763905,3298635109,3298635109,2020-08-07
1291732005579681793,1160332114052521986,1160332114052521986,2020-08-07
1291729517464170496,15409017,783485850923524096,2020-08-07
1291730036714864641,1251336896472645632,1260890528335495170,2020-08-07
1291743426048925697,69873788,3026139870,2020-08-07
1291784327534084096,23494080,988177817350193153,2020-08-07
1291743472102211584,252277855,634645914,2020-08-07
1291775051537121280,17304598,17304598,2020-08-07
1291740482104463360,1514304690,2282684576,2020-08-07
1291733827686223879,1275149567609253888,4715839875,2020-08-07
1291734719168745476,15409017,16035491,2020-08-07
1291734862597181441,15409017,16035491,2020-08-07
1291735070278131713,1123921725027233799,1096213754621190146,2020-08-07
1291739720217702400,821977266263642112,19954797,2020-08-07
1291743648988762114,2497413258,441331163,2020-08-07
1291768687200997377,16178831,1095879144771149824,2020-08-07
1291739827256213508,1043361161540919297,205358021,2020-08-07
1291745899362713602,1159458717638594560,50512313,2020-08-07
1291742866491027459,17133739,77294579,2020-08-07
1291739589774843904,8865592,8865592,2020-08-07
1291757240878235648,2180349799,1279155609083039749,2020-08-07
1291740980580933632,198910545,180115282,2020-08-07
1291742989115588609,15409017,2792921528,2020-08-07
1291743706358349826,3231770820,733765787152945152,2020-08-07
1291752541970145289,740573671195041792,25913052,2020-08-07
1291749215899721731,1287141483011866626,1120138809558147072,2020-08-07
1291747701193715713,1217243267042930688,3228121358,2020-08-07
1291744038358589440,213076634,213076634,2020-08-07
1291755915662831616,25186026,2583180049,2020-08-07
1291775936145133570,1180253962617769985,1282605517605658625,2020-08-07
1291767353429110786,1262563383016030209,2174400349,2020-08-07
1291752440899997697,778775912,293499955,2020-08-07
1291830704763011073,863480442707726337,108934611,2020-08-07
1291748232058421252,725391990,1327899770,2020-08-07
1291748732082499585,714238317,1132714463361142790,2020-08-07
1291748759861305346,20353411,80935456,2020-08-07
1291749652233158658,1275149567609253888,1247479527900659713,2020-08-07
1291837186007085059,87612386,1126137412151853121,2020-08-07
1291755471758659588,1140674005483032578,725391990,2020-08-07
1291775172874125313,1180253962617769985,577777775,2020-08-07
1291752404317351940,864487498935787520,2497413258,2020-08-07
1292064347867537408,1258403528537759745,180786162,2020-08-08
1291752271374688256,2437240813,2437240813,2020-08-07
1291753027519610880,977958958601302016,512397814,2020-08-07
1291756257339088896,2421193216,1207083856798605313,2020-08-07
1291754625130024966,3043924796,3043924796,2020-08-07
1291794012693823489,859597084646944770,783328729238044674,2020-08-07
1291755503308230661,573921084,154196061,2020-08-07
1291791011946139648,67718654,30659269,2020-08-07
1291756075113472000,3081983657,2788185829,2020-08-07
1291758702849073152,198910545,310324958,2020-08-07
1291764708714917889,2657627041,27529718,2020-08-07
1291760448468135936,3559665077,1013934571,2020-08-07
1291758707534188544,1003847387050373120,701272343189004288,2020-08-07
1291765307707621376,1279865889979076617,951521377030418432,2020-08-07
1291761023758880768,83222274,83222274,2020-08-07
1291760710578368518,40455336,618600360,2020-08-07
1291778111613394949,348644788,257194428,2020-08-07
1291819135748452356,1213172931255160832,887173659999309824,2020-08-07
1291789105941155840,1251562095105228807,1041366734505168901,2020-08-07
1291771119742025731,937422446323314688,995670764111020032,2020-08-07
1291766071402225664,912258259289100288,912258259289100288,2020-08-07
1291765580714979329,425508737,1093718269,2020-08-07
1291813143849709568,236573780,2188429098,2020-08-07
1291822398954770432,907663818884612096,3362944929,2020-08-07
1291768822513438723,1021488561282080770,1196256517013561345,2020-08-07
1291794438050598912,1291085820053446659,240756755,2020-08-07
1291768461782405121,2907091,109276516,2020-08-07
1291853982940323840,750115418711351298,47440600,2020-08-07
1291768744793047055,2907091,109276516,2020-08-07
1291782038555631616,1278408171267207168,1278408171267207168,2020-08-07
1291768640312729602,153022731,202201983,2020-08-07
1291792199559065600,1240037912365981697,400839539,2020-08-07
1291785031770406914,778775912,2761746418,2020-08-07
1291771404451553280,890279297063288832,890279297063288832,2020-08-07
1291785533849366528,1276342681120067584,820269649896017920,2020-08-07
1291910140787122177,142355653,114817169,2020-08-08
1291775925185662978,720013948213444608,999676091739656193,2020-08-07
1291775813797502976,999676091739656193,720013948213444608,2020-08-07
1291833661269118980,1273754649716195328,16954003,2020-08-07
1291777277970259968,722484663164485633,714641743891836928,2020-08-07
1291782303228682240,2865907814,48888320,2020-08-07
1291803265273860100,974779362846412800,1010387251547627521,2020-08-07
1291778119666266112,11394562,11394562,2020-08-07
1291778983340544000,1272985380065705984,1272985380065705984,2020-08-07
1291779000550006785,100413913,969582515819368451,2020-08-07
1291803474682945536,1196595414755106816,1196595414755106816,2020-08-07
1291781559964405761,912041328174784512,1233152010301526018,2020-08-07
1291809672983437313,2835609500,255685633,2020-08-07
1291798896763703299,483253897,320394493,2020-08-07
1291783299988422662,722484663164485633,1287949764,2020-08-07
1291782204289363968,272061107,1035385373365600256,2020-08-07
1291782088920723456,1173228545750863878,1173228545750863878,2020-08-07
1291783092718338050,1066475119097171968,1066475119097171968,2020-08-07
1291783008672940037,370878436,370878436,2020-08-07
1292096578556178433,1279961078320021507,4907657857,2020-08-08
1291784069144092682,722484663164485633,1272320156316860417,2020-08-07
1291784203462377472,722484663164485633,1271413342389723136,2020-08-07
1291931864505229313,1229787355,579221658,2020-08-08
1291813799155048448,51007618,1205555823356907520,2020-08-07
1291792156319862784,1233817907731107840,981548558,2020-08-07
1291787113302827013,559120352,2802514128,2020-08-07
1291790766184914944,1285375917393612800,1285375917393612800,2020-08-07
1291788567010611200,28496913,28496913,2020-08-07
1291791770758635530,79576809,593909891,2020-08-07
1291804987232849921,3231770820,764645243052523522,2020-08-07
1291790660522127360,1055405245449322496,1279168362669539329,2020-08-07
1291791324367200256,3328675947,1085637149872046081,2020-08-07
1291793257987530753,703918477082406912,2835609500,2020-08-07
1291792055937662978,722484663164485633,1031496893711482880,2020-08-07
1291811904478834688,1104799116,301760843,2020-08-07
1291792833234509825,3328675947,1119642405303660544,2020-08-07
1291794237793632258,3328675947,777153283219558401,2020-08-07
1291794955422167040,194222253,1055405245449322496,2020-08-07
1291795517937258496,722484663164485633,422980822,2020-08-07
1291796618140954626,1071195445995679745,1280667314430439424,2020-08-07
1291797610131488768,1651611811,334260300,2020-08-07
1291797234242203657,82981715,2369927670,2020-08-07
1291798464955731970,880863047795003392,880863047795003392,2020-08-07
1291797636207398912,202470085,2801825264,2020-08-07
1291879255266164736,52171014,25004298,2020-08-07
1291800552792186880,1233817907731107840,24278424,2020-08-07
1291912253437022209,720485244974080001,816100811407233024,2020-08-08
1291802900835041280,1613484625,1268378402349694981,2020-08-07
1291820313554989056,1443255854,834499993276911617,2020-08-07
1291903363328565248,1233817907731107840,981548558,2020-08-08
1291820852439384065,1287788548825980935,1066095697492094976,2020-08-07
1291821456326877187,377161172,830249970825584640,2020-08-07
1291805971765817345,202470085,2801825264,2020-08-07
1291808169967198209,1240037912365981697,1244727951553331202,2020-08-07
1291810157844930560,1196595414755106816,1196595414755106816,2020-08-07
1291810723618861057,14730894,14730894,2020-08-07
1291815366595756034,194222253,1055405245449322496,2020-08-07
1291831115645296641,1175505263840784386,1142625674026528768,2020-08-07
1291816804357038081,1287811073765081088,91049215,2020-08-07
1291830819854536704,1175505263840784386,1142625674026528768,2020-08-07
1291815137486278656,1107974486056468481,1192382984185204738,2020-08-07
1291813463153672193,1151201383657480192,383168427,2020-08-07
1291814052189089793,1145205364486561797,896889106319495168,2020-08-07
1291814492192550913,79751887,90675080,2020-08-07
1291816501092253696,222554961,222554961,2020-08-07
1291841879873654787,120750073,989842281799864320,2020-08-07
1291819474623004673,747863820,249950214,2020-08-07
1291816793141633025,892904926011154432,892904926011154432,2020-08-07
1291817023622852608,892904926011154432,892904926011154432,2020-08-07
1291821103334162432,920205805,920205805,2020-08-07
1291823609682567169,903061244483133444,782946231551131648,2020-08-07
1291968336859926528,1164156004222873600,2713012445,2020-08-08
1291823143548411904,539274741,1180089205965365248,2020-08-07
1291828216361934849,539274741,54111901,2020-08-07
1292477068249309184,305525856,19031426,2020-08-09
1291831140802846721,543509766,3011673768,2020-08-07
1291833997404844040,1168572306,37871949,2020-08-07
1291833659763372033,543509766,3011673768,2020-08-07
1291836632459382784,3011673768,543509766,2020-08-07
1291836187447947264,912041328174784512,873275703340531714,2020-08-07
1291877703877107713,539908341,961839693078831106,2020-08-07
1291841538213859328,1522686696,989912836901089282,2020-08-07
1291840629069283341,1138160900463050757,1268521497053847553,2020-08-07
1291841010163683328,14116588,78683448,2020-08-07
1291846649527009295,1074314665,1217241653041410048,2020-08-07
1291844249856638978,2313865992,3675664156,2020-08-07
1291986910798401536,43573686,1098723438,2020-08-08
1291846531344195584,1094989193971929088,756318647757320193,2020-08-07
1291845332146544641,920205805,920205805,2020-08-07
1291845992652906499,34983607,2486606795,2020-08-07
1291847395832201217,877495409740050432,560014133,2020-08-07
1291849492191313920,820257691956375552,2743760523,2020-08-07
1291850630009622535,463202420,463202420,2020-08-07
1291850479035658240,49871320,49871320,2020-08-07
1291852395497115648,3675664156,2313865992,2020-08-07
1291854280182439937,1089012550379991040,3316519923,2020-08-07
1291852272746532870,526481002,2432839993,2020-08-07
1291901615021133824,835158325549535233,2648837030,2020-08-08
1291857912273473536,1285407440096428032,863303311528800256,2020-08-07
1291859433090359302,820908967090094080,820908967090094080,2020-08-07
1291863506510282753,114042032,1105058010,2020-08-07
1291864397980327936,38254445,1287434380592504841,2020-08-07
1291867815922868227,2468470636,2581791612,2020-08-07
1291862127146405888,1096581708000972800,1138224115977003009,2020-08-07
1291865037993390083,722484663164485633,1285714323076194304,2020-08-07
1291865281841815552,722484663164485633,1285714323076194304,2020-08-07
1291866270472839170,25843801,3894175343,2020-08-07
1291864496571666438,25073877,25073877,2020-08-07
1291864945861308418,114042032,557274259,2020-08-07
1291867777226231808,1243897509774319616,1518554696,2020-08-07
1291866259584356353,4890404560,1270927060660293632,2020-08-07
1291867279626366977,539274741,1281028876332937217,2020-08-07
1291867858016694272,3303441890,1168572600966144000,2020-08-07
1291870596889010176,75311987,854201895019261952,2020-08-07
1291867973578350596,2581791612,2468470636,2020-08-07
1291868950435901441,4890404560,832774408200597507,2020-08-07
1291869522283069440,756907885129568257,1047503025693253633,2020-08-07
1291870074324815873,1270927060660293632,4890404560,2020-08-07
1291870985927430144,623802763,835542998926622721,2020-08-07
1291875735477657601,1030551360318709760,320573925,2020-08-07
1291872361961136134,623802763,835542998926622721,2020-08-07
1291879407607570436,722484663164485633,1285714323076194304,2020-08-07
1291871987674091532,390965581,1283290356751032321,2020-08-07
1291874640512589825,1108807484,804926311,2020-08-07
1291873617257598976,835542998926622721,623802763,2020-08-07
1291878412831924224,1006671644,1141799589646929920,2020-08-07
1291873903170781196,114042032,1105058010,2020-08-07
1291875217804066816,1270927060660293632,4890404560,2020-08-07
1291875907028819968,1270927060660293632,1250265588540137480,2020-08-07
1291875822555607040,1105058010,114042032,2020-08-07
1291875667349581832,804926311,1108807484,2020-08-07
1291877353187086337,913914758,3160047446,2020-08-07
1291878893712965640,1217451275496951811,933448112219348992,2020-08-07
1291880615525191680,1189761425063006208,371755453,2020-08-07
1291885766516318210,793533100013785088,1183589003791986689,2020-08-07
1291885410680004609,1249654706667995137,2206614107,2020-08-07
1291884386527227904,829536330275188737,1150748788115591168,2020-08-07
1293623260383510530,1086976130819809280,725395845286354945,2020-08-12
1291887717580709888,1287141483011866626,1006671644,2020-08-08
1291893320172613634,1267179233505402884,1225607511119745025,2020-08-08
1291888260000763904,1271495346661834753,14174759,2020-08-08
1291908170470785024,1187794471,110739746,2020-08-08
1291892896065560577,1249654706667995137,2206614107,2020-08-08
1291891474338967552,1140379748268466176,1140379748268466176,2020-08-08
1291894022265602050,793533100013785088,1183589003791986689,2020-08-08
1291892144769204224,983946062032490496,2225214364,2020-08-08
1291893527497060358,241399930,38178418,2020-08-08
1291905306012930054,3308046974,231737148,2020-08-08
1291894431285682176,981091752223432704,556441692,2020-08-08
1291894020378107905,1249654706667995137,2206614107,2020-08-08
1291903999021584385,784899771647594496,1204480958730293248,2020-08-08
1291898882142744576,793533100013785088,1183589003791986689,2020-08-08
1291922910899245056,1267981483039510537,965723868492165121,2020-08-08
1291895341466431490,1221090942104604675,780609740938194944,2020-08-08
1291899295411474432,1119823289512120321,200114515,2020-08-08
1291896713272274945,961839693078831106,539908341,2020-08-08
1291898113054015488,892419517019594752,592361425,2020-08-08
1291897533539799042,961839693078831106,539908341,2020-08-08
1291898743524954114,194222253,1055405245449322496,2020-08-08
1292143683014397952,14819311,757815952935260160,2020-08-08
1291903927756238848,225265198,319614925,2020-08-08
1291904616398028801,1248048975820787713,1241770613892579331,2020-08-08
1291918410729902080,2855615704,1043542193263325184,2020-08-08
1291923083838795776,110739746,1187794471,2020-08-08
1291925087751409671,822874503504072705,1272932429733474304,2020-08-08
1291908717709934593,740941365249380354,740941365249380354,2020-08-08
1292129422083076098,1291414190725398531,3229258412,2020-08-08
1292008246941642752,178199736,995707789321228288,2020-08-08
1291915709728141314,4315705875,4315705875,2020-08-08
1291947176529076224,1514304690,92153465,2020-08-08
1291920105467719681,1231694799532707840,4262298742,2020-08-08
1291917363034632193,23905158,23905158,2020-08-08
1291923306145177605,302368554,34843714,2020-08-08
1297588469363965952,302368554,34843714,2020-08-23
1292050390775668736,142355653,114817169,2020-08-08
1291920418715193345,1243897509774319616,1673163438,2020-08-08
1291921814315294720,711667461414916098,1218612713254989824,2020-08-08
1292656326452154368,33569179,115434965,2020-08-10
1292011245952995329,1221090942104604675,2220416928,2020-08-08
1291923257398931458,1245221861488615431,1000607182889496577,2020-08-08
1291927698177249284,154774769,1180916228606414848,2020-08-08
1291924801699930112,1000607182889496577,1245221861488615431,2020-08-08
1291924618622558208,628688453,765429769731059712,2020-08-08
1291928096887668736,1267209981100732416,1266979803074375682,2020-08-08
1291933236818513923,1266979803074375682,1267209981100732416,2020-08-08
1291928942501335040,2228878592,872143958847045632,2020-08-08
1291930591747809280,227470493,876768842428665860,2020-08-08
1292023144916627457,793533100013785088,796352862297145344,2020-08-08
1291930709796544519,876768842428665860,227470493,2020-08-08
1292084801172840449,33888716,555620586,2020-08-08
1291950724407066624,196274486,50953105,2020-08-08
1291933039111659520,722484663164485633,1031496893711482880,2020-08-08
1291933457208279040,722484663164485633,1285714323076194304,2020-08-08
1291936843508965376,728751455730073602,1286084265365700610,2020-08-08
1292827632992747522,989666709027028992,2823158378,2020-08-10
1292159050898116609,80037386,29364920,2020-08-08
1291943792229199879,382012096,2834112698,2020-08-08
1292127020386856960,115731897,1050532444015878145,2020-08-08
1291942722094403585,1030551360318709760,320573925,2020-08-08
1291944354374987781,1263269562314903552,886382145870204928,2020-08-08
1291947090378096644,711667461414916098,864875899497267200,2020-08-08
1291950290036457474,1265291664219934727,1275930692652797953,2020-08-08
1291948157958385664,60779696,931767423417454592,2020-08-08
1291947741875261440,1275646257206263810,2230226364,2020-08-08
1292505874175582210,333801772,2500560924,2020-08-09
1291950373402550272,1291393156349558784,1291393156349558784,2020-08-08
1291969398614503424,722484663164485633,1306891885,2020-08-08
1291953608833998848,1272985380065705984,1272985380065705984,2020-08-08
1292285430080180224,1258895204330897408,636613836,2020-08-09
1291984989970673664,743814572813914114,432168508,2020-08-08
1292905123434430464,1245893028750995457,1245893028750995457,2020-08-10
1292063630008242176,489996660,846583849962287104,2020-08-08
1292094220921118723,494609110,1278962023964041217,2020-08-08
1292331929384017921,1204938064386084868,616846665,2020-08-09
1291965623812194304,108951721,108951721,2020-08-08
1292119815277219840,1229787355,579221658,2020-08-08
1292244001874214912,1229787355,579221658,2020-08-08
1291966384780521473,108951721,108951721,2020-08-08
1292027778305589250,108951721,108951721,2020-08-08
1292145463328571395,1190393433644339200,1273822889414803457,2020-08-08
1292069310614175744,174369590,23670424,2020-08-08
1291979599098724353,13132342,904142359532843008,2020-08-08
1292581398256197633,1855896080,3090966888,2020-08-09
1291977035670122496,62999091,62999091,2020-08-08
1291983041712267265,1266404219462062082,360611170,2020-08-08
1292687626017939456,136933420,483777147,2020-08-10
1291988043599994881,1230782925358002176,1230782925358002176,2020-08-08
1292004096044445696,760259571332022273,19088900,2020-08-08
1292058041018396677,960398836245114880,1202979005957169152,2020-08-08
1292009519040487424,898934738,1067983387577577472,2020-08-08
1292005161502613504,6689672,6689672,2020-08-08
1292073007322726401,1596791664,354613132,2020-08-08
1292006136468713472,1267130934584844290,1239170257341894656,2020-08-08
1292005770939076608,3473144358,3473144358,2020-08-08
1292006101190193153,754288945,754288945,2020-08-08
1292012144775450624,3170611328,1291989871561551872,2020-08-08
1292013400697049089,126474792,1205882131492327427,2020-08-08
1292538692960165888,475371197,1131290827798585344,2020-08-09
1292028252903571456,1189206123846328320,1189206123846328320,2020-08-08
1292070529915133952,174369590,985862125296996353,2020-08-08
1292040517224669184,1080944816068927490,621655214,2020-08-08
1292035460232032256,300744871,300744871,2020-08-08
1292063410805444608,43573686,1098723438,2020-08-08
1292039871176028161,738740844577034241,738740844577034241,2020-08-08
1292063726091280386,2901964056,1251220539714215938,2020-08-08
1292191275819700225,3271384368,1253600327049400320,2020-08-08
1292058743509843968,3386313705,3386313705,2020-08-08
1292418535554273280,571044251,571044251,2020-08-09
1292142913716211712,895763369495588866,768503830392832000,2020-08-08
1292147571884949510,716755122965975040,1266468581446955009,2020-08-08
1292148286372159488,104313576,1267017803506335744,2020-08-08
1292060727524470785,28674183,154952899,2020-08-08
1292130717288280071,764568641304166400,61553443,2020-08-08
1292067568526807040,722484663164485633,62621505,2020-08-08
1292116951834083331,1287811073765081088,91049215,2020-08-08
1292067743886442496,1451559206,1451559206,2020-08-08
1292243498423508994,304641864,25325565,2020-08-08
1292070451477270529,16665276,1189860402831773697,2020-08-08
1292090379429437440,818584896,459732610,2020-08-08
1292072337358168066,115308684,141209607,2020-08-08
1292743239401984000,3709172656,3709172656,2020-08-10
1292071496685420546,1199305119764013056,1199305119764013056,2020-08-08
1292151673956130816,1084156023340814336,739866906,2020-08-08
1292074101184647168,127280340,127280340,2020-08-08
1292081902136909825,857465379156762624,857465379156762624,2020-08-08
1292077992806621185,174369590,1013519913116491776,2020-08-08
1292343749037654017,738740844577034241,1221800161216778240,2020-08-09
1292135844535570433,824378326571696137,917058394208522240,2020-08-08
1292112511810977792,2167528201,2875921835,2020-08-08
1292147477672529921,3159786965,3159786965,2020-08-08
1292147384055717889,3159786965,3159786965,2020-08-08
1292088821148987393,1234066745813585921,1234066745813585921,2020-08-08
1292092677035499520,556441692,981091752223432704,2020-08-08
1292093012235952129,19632119,2776633655,2020-08-08
1292157646368157697,916032097327865856,916032097327865856,2020-08-08
1292093417326022662,400194064,802808088,2020-08-08
1292102768593973249,1232344178,2696042311,2020-08-08
1292143035346804743,55108602,1657614174,2020-08-08
1292097878744236032,1262100041143128064,2162602972,2020-08-08
1292099034631540738,2844212158,3435147219,2020-08-08
1292113650170204164,123618703,2796242700,2020-08-08
1292101128453332992,17963088,15459455,2020-08-08
1292511320420605959,318634111,807892015597789184,2020-08-09
1292167105052315648,1091108742849011720,3328217789,2020-08-08
1292113778755035138,1182490840813301760,1123384137467953153,2020-08-08
1292108135965106177,1288603998472347649,39162908,2020-08-08
1292110075813941250,1147518921307774976,1147518921307774976,2020-08-08
1292121631012388866,1040749628,1058079972223524864,2020-08-08
1292116253738274818,2657267646,2657267646,2020-08-08
1292117185146626048,2369366671,2369366671,2020-08-08
1292129254793240576,968587494,338335070,2020-08-08
1292261076894179329,2760704813,778436442,2020-08-09
1292121350690279425,101871368,101871368,2020-08-08
1292123852131180544,26989016,836310386,2020-08-08
1292129062870233089,519440331,478563206,2020-08-08
1292123352002428929,26989016,827177554490568704,2020-08-08
1292127258094837760,800463336630403072,399178595,2020-08-08
1292125687751610369,800463336630403072,242077736,2020-08-08
1292135622585364481,1246870023802482688,160994056,2020-08-08
1292127539520036865,26989016,24785270,2020-08-08
1292132904559095810,3308046974,890301985525833733,2020-08-08
1292133785471979521,26989016,836310386,2020-08-08
1292134096660058114,26989016,836310386,2020-08-08
1292134235629924355,26989016,836310386,2020-08-08
1292134456174751747,26989016,836310386,2020-08-08
1292134669660692481,26989016,836310386,2020-08-08
1292141411932880897,1225247637907156993,1230678583020052480,2020-08-08
1292265870258053120,15740776,784890784273215488,2020-08-09
1292132894408937472,812084143026638848,1262701250547720192,2020-08-08
1292153190473965571,35051304,2430862274,2020-08-08
1292136731680989185,17741753,68455524,2020-08-08
1292134730251501568,174369590,1251427598166564864,2020-08-08
1292266309540089856,45690599,611233329,2020-08-09
1292154358721736705,4186279094,26137148,2020-08-08
1292859877174501377,1289299886576467968,1291780377523163136,2020-08-10
1292137974113607680,1312197301,2578819959,2020-08-08
1292147206661779457,22941997,595059218,2020-08-08
1292174968839692288,4153854796,2830892432,2020-08-08
1292146132144062464,711667461414916098,85975516,2020-08-08
1292146310863294464,2991171969,14592739,2020-08-08
1295065049413955593,1292138725565239297,1292138725565239297,2020-08-16
1295768620379717632,3159786965,3159786965,2020-08-18
1292157076953800704,1267017803506335744,104313576,2020-08-08
1292150585379237889,45964312,600872775,2020-08-08
1292166655393628169,815371178,887944161210630145,2020-08-08
1292151746576494593,1207104404144500736,2783088174,2020-08-08
1292152979295014912,506844753,865267991872761856,2020-08-08
1292209374153379841,1146911423655817216,46376090,2020-08-08
1292152293991710726,1243401589118750721,1243401589118750721,2020-08-08
1292210642049409024,22703536,25386720,2020-08-08
1292154245500882944,1035181525,1035181525,2020-08-08
1292157055072116742,1072554878059335680,1254578302813196288,2020-08-08
1292160806424109056,2835609500,1216766881199284232,2020-08-08
1292158767602311169,506844753,909102754479484928,2020-08-08
1292156619220897792,454395016,1061328914843426816,2020-08-08
1292159816392220672,1008185450,1008185450,2020-08-08
1292158997198508032,174369590,1251427598166564864,2020-08-08
1292160905346723840,108951721,108951721,2020-08-08
1292161207709966336,994715720234688512,994715720234688512,2020-08-08
1292164042828779521,1274684460802473987,1271814247169830913,2020-08-08
1292166089707847681,174369590,1013519913116491776,2020-08-08
1293258023582998531,1292138725565239297,1292138725565239297,2020-08-11
1292167015147266048,775568013923758080,28616100,2020-08-08
1292443358196109313,1141442655517368320,20252196,2020-08-09
1292173866467459074,38022768,38703570,2020-08-08
1292169662311145473,174369590,1251427598166564864,2020-08-08
1292169894126145538,707728513697079297,851609603766865920,2020-08-08
1292177778125582336,826992312957874176,176038430,2020-08-08
1292171560619450369,1272918670323224577,1284775896096952321,2020-08-08
1292171916921503744,827002430483206144,216904646,2020-08-08
1292175000926027778,174369590,1013519913116491776,2020-08-08
1292177725009035267,16215476,200475593,2020-08-08
1292176510716125184,174369590,1251427598166564864,2020-08-08
1292176831140048902,255573688,20247894,2020-08-08
1292177292152778755,174369590,1251427598166564864,2020-08-08
1292215639793438724,1256659354452967424,1280047807936647168,2020-08-08
1292177509308665860,174369590,1013519913116491776,2020-08-08
1292179520821383170,174369590,1251427598166564864,2020-08-08
1292180352010788864,174369590,1251427598166564864,2020-08-08
1292180582076755968,174369590,1251427598166564864,2020-08-08
1292180895177363457,174369590,1251427598166564864,2020-08-08
1292181502076358658,1277028550433017857,1134770098428960768,2020-08-08
1292230495091208193,3259223394,1266206295134109696,2020-08-08
1292182014163124225,174369590,1251427598166564864,2020-08-08
1292182558713806848,174369590,1251427598166564864,2020-08-08
1292183892515069956,1116549095357685760,18156757,2020-08-08
1292196442392731648,18734216,107560595,2020-08-08
1292186410733072384,856969871023890433,856969871023890433,2020-08-08
1292188013469085696,174369590,1251427598166564864,2020-08-08
1292207190766485504,15440083,35474197,2020-08-08
1292195363890372608,1061321432171458566,760201296347443200,2020-08-08
1292188394336989185,41225536,41225536,2020-08-08
1292208297592926208,1441971834,360460010,2020-08-08
1292199423347314688,857281237,1052691579377475589,2020-08-08
1292493120710438912,857281237,1052691579377475589,2020-08-09
1292194277540409344,49677040,518469622,2020-08-08
1292197752042995712,1230782925358002176,1230782925358002176,2020-08-08
1292198866578575360,1230782925358002176,1230782925358002176,2020-08-08
1292218213942669312,778775912,259925875,2020-08-08
1292206742433148929,488779587,2356976935,2020-08-08
1292203302114004992,115308684,75286878,2020-08-08
1292215213052264448,2399853949,896359288712695808,2020-08-08
1292235458215198720,1263491240336769026,2851780768,2020-08-08
1292205140238168064,28674183,878149706,2020-08-08
1292237192643907585,720485244974080001,2279244002,2020-08-08
1292205985365401600,432895323,432895323,2020-08-08
1292214379358945281,1726667976,411832334,2020-08-08
1292247908406812673,1025991491204739072,2613385668,2020-08-08
1292209477953949702,1237382706767507457,1206341079718604805,2020-08-08
1292209229546295299,1312197301,55400718,2020-08-08
1292259075556663296,2460479600,1165020687569997825,2020-08-09
1292215029622804482,2737575429,2737575429,2020-08-08
1292210585329971200,263367673,167781299,2020-08-08
1292212936816164864,1312197301,1087018890985500673,2020-08-08
1292221534220759042,3006898359,516773509,2020-08-08
1292241605533999104,751591213354979328,1224700469542555650,2020-08-08
1292213101887135745,20859969,928424536927887361,2020-08-08
1292217496964038657,56552341,56552341,2020-08-08
1292221021030944768,45958792,45958792,2020-08-08
1292220274541072385,1100855141714935808,885957334295433216,2020-08-08
1292253893473087488,879561144725372928,119919698,2020-08-09
1292315942718828546,1280923326517350405,306419982,2020-08-09
1292338963651469312,1253518872021524480,1223664821666746368,2020-08-09
1292312744759197697,760259571332022273,19088900,2020-08-09
1292225650841890816,1292223844212568065,1292223844212568065,2020-08-08
1292265032743616515,1259865924519297026,1061231718,2020-08-09
1292240095756525568,1141090089373536256,1141090089373536256,2020-08-08
1292230509364486144,324999857,3068910949,2020-08-08
1292232830810853377,2808640043,1009207907882295296,2020-08-08
1292234769481293825,1262152950455173121,1146394974474395649,2020-08-08
1292262333796909062,1146394974474395649,1262152950455173121,2020-08-09
1292236178008100864,809299145760509954,809299145760509954,2020-08-08
1292263721310605312,3430861167,2295297356,2020-08-09
1292256435045269506,2863863130,1020429563460046848,2020-08-09
1292246503608655872,589781962,589781962,2020-08-08
1292255233817686019,1201306771446550528,3106507235,2020-08-09
1292288993992859648,295513420,1204982249311162368,2020-08-09
1292249133143777285,35051304,780521340927250432,2020-08-08
1292248235487059970,29039851,29039851,2020-08-08
1292447447575408642,255541551,3312736014,2020-08-09
1292252739649572871,20859969,90418991,2020-08-09
1292289406813052929,295513420,1204982249311162368,2020-08-09
1292251970561093632,1239599332770398214,1108340096,2020-08-09
1292258598601609223,1291350460495003648,975034665571667973,2020-08-09
1292254427999424512,14787206,613973672,2020-08-09
1292359788169330689,1176674394564788224,762264966812622848,2020-08-09
1292270244191514624,2223170101,896573323,2020-08-09
1292256790189662208,1123771969118380033,1253334495337443332,2020-08-09
1292255190398230528,8128062,8128062,2020-08-09
1292479557904236551,506844753,1191934574936416256,2020-08-09
1292257098005270528,1087403287232446464,1087403287232446464,2020-08-09
1292256430448185345,796427120704684037,796427120704684037,2020-08-09
1292309886303449088,488871439,2444386208,2020-08-09
1292263367596478465,23199122,573877370,2020-08-09
1292472567786278913,22941997,595059218,2020-08-09
1292267125143478274,1002642252487905286,874863073,2020-08-09
1292264923679072256,2206818593,954767757379284995,2020-08-09
1292270936348033025,1727003514,632184184,2020-08-09
1292265215665610752,976559744,976559744,2020-08-09
1292265597527568384,827002430483206144,2384472115,2020-08-09
1292267450684375041,240991823,783872470910660608,2020-08-09
1292292192371957760,541777125,907344924739284993,2020-08-09
1292276420492705794,1191934574936416256,4140643393,2020-08-09
1292273482701529088,1123954794,1207615258690543616,2020-08-09
1292273251167735808,826519956384780288,553004747,2020-08-09
1292273032787046400,1267037382,1267037382,2020-08-09
1296047830440841216,29127779,456945593,2020-08-19
1292276941395857411,296647283,1694557171,2020-08-09
1292275552787857410,1288506098291560448,59674605,2020-08-09
1292287136427839493,34983607,1288296016299593729,2020-08-09
1292279068004679680,214951331,58102105,2020-08-09
1292279024383930370,224409245,832571834,2020-08-09
1292284076414525441,2316409458,2445820078,2020-08-09
1292502143719501828,16797699,150544855,2020-08-09
1292278988119904262,1089677129908916225,1077341407705219073,2020-08-09
1292280456176697344,1239599332770398214,129345722,2020-08-09
1292282442854744070,199133912,967401346121973760,2020-08-09
1292288666874912768,1077341407705219073,1089677129908916225,2020-08-09
1292285555070439424,931286316,1225965345946689536,2020-08-09
1292289851413467141,521612760,181282174,2020-08-09
1292309825699876864,103085191,744577026493931520,2020-08-09
1292298707979907075,785213265454374912,1255482192748335104,2020-08-09
1292356486404943875,1254869477746978817,2362588862,2020-08-09
1292313575067770880,199133912,967401346121973760,2020-08-09
1292376312833871874,785224618919374848,3286287840,2020-08-09
1292376984367005696,785224618919374848,3286287840,2020-08-09
1292317855619440641,295513420,1204982249311162368,2020-08-09
1292301707607773186,1282447719643189249,1049178866,2020-08-09
1292319665889382401,295513420,1204982249311162368,2020-08-09
1292304538913796096,539274741,936794148413227008,2020-08-09
1292412083678543873,703061637482225664,43846520,2020-08-09
1295153191294664705,1278137950430048256,240417403,2020-08-17
1292306509695598592,1138210781697257473,480987221,2020-08-09
1292312857611243520,705111793451061248,705111793451061248,2020-08-09
1292310907037659136,791709641595949056,791709641595949056,2020-08-09
1292650783650062336,807764630,222837585,2020-08-10
1292312434024357893,394313086,394313086,2020-08-09
1292477648585728000,88472850,1162354374531674112,2020-08-09
1292313533992992768,3253425512,818816454376050688,2020-08-09
1292314120922882048,3253425512,818816454376050688,2020-08-09
1292314369456398338,818816454376050688,3253425512,2020-08-09
1292314499073024001,3253425512,818816454376050688,2020-08-09
1292315408901447680,3253425512,818816454376050688,2020-08-09
1292337843814227970,115731897,1050532444015878145,2020-08-09
1292321179273846784,1213718894080249857,1056311044644225025,2020-08-09
1292316875360149513,3253425512,818816454376050688,2020-08-09
1292339525931249664,202353142,3226630268,2020-08-09
1292338287152189441,115731897,1050532444015878145,2020-08-09
1292320473276125186,1235474347877453824,779188582296670208,2020-08-09
1292427246955880448,1064055210,1283130369324093440,2020-08-09
1292524831678902277,295513420,1204982249311162368,2020-08-09
1292844481792872453,14819311,757815952935260160,2020-08-10
1292329901341769729,874828182,757098344254627840,2020-08-09
1292323460262199296,1291494039578009600,171745655,2020-08-09
1292324760014094336,1291494039578009600,171745655,2020-08-09
1292328074583973888,1256659354452967424,22393417,2020-08-09
1292367593018277894,21059255,17543415,2020-08-09
1292332269277872128,1273541092021989376,1273541092021989376,2020-08-09
1292333393431212032,106268107,106268107,2020-08-09
1292334318111600641,20549296,885243216265715712,2020-08-09
1292351395853553666,48964828,1274915809995878400,2020-08-09
1292555535896772608,3011542865,48472949,2020-08-09
1292339184942759936,43846520,1220033252884348933,2020-08-09
1292596874327646208,1284963646645264385,21894268,2020-08-09
1292363110939066368,2166460405,116663595,2020-08-09
1292447433893478403,22426166,627591065,2020-08-09
1292443128222359552,74677398,480311883,2020-08-09
1292383055311773696,958190240295874561,1898875302,2020-08-09
1292354279533973504,3139173528,3366082571,2020-08-09
1292679934549331974,1278029245441355776,1045033976275111939,2020-08-10
1292360750946631680,1291494039578009600,886325256000024576,2020-08-09
1292360223282409472,1283465406531936256,4269582628,2020-08-09
1292362893183205378,760259571332022273,19088900,2020-08-09
1292369225613443077,2675554213,2675554213,2020-08-09
1292378941307719680,750017117907521536,1224578405171109890,2020-08-09
1292507964318920708,424751403,17137797,2020-08-09
1292386075583950849,2942347337,94777592,2020-08-09
1292448606528643075,22426166,1605745939,2020-08-09
1292394859576340481,1096213754621190146,1282533252549545986,2020-08-09
1292386386784354304,1156914939371540481,1003848807946248192,2020-08-09
1292386862573801472,94777592,2942347337,2020-08-09
1292396528414457857,94777592,2942347337,2020-08-09
1292461009433776128,1057479569832325121,1208521773433659393,2020-08-09
1292398305792733184,467912162,467912162,2020-08-09
1292410875391877125,1191934574936416256,1250415358856646656,2020-08-09
1292494992410390528,109305532,933433742823165953,2020-08-09
1292408964760702976,4541141723,4541141723,2020-08-09
1292452913420402689,82878406,243495444,2020-08-09
1292412939085873152,961761806258618368,1067854831606538241,2020-08-09
1292487844242620422,3366082571,1246106626987352069,2020-08-09
1292415975497666561,824023369578188800,2322627371,2020-08-09
1292540512583520257,1175366653867155456,1701380730,2020-08-09
1292431513691156480,824023369578188800,2322627371,2020-08-09
1292424216541900801,6418032,6418032,2020-08-09
1292428596036993024,820355193749590016,739062342772723712,2020-08-09
1292437080182673408,1176674394564788224,1285176021616963585,2020-08-09
1292500960368103424,621517842,2487505709,2020-08-09
1292430549060116481,336324061,1375352629,2020-08-09
1292434102121988097,350018443,350018443,2020-08-09
1292440684016873472,973208566453727232,883765871994445824,2020-08-09
1292469053450104832,88472850,367158112,2020-08-09
1292436354517934082,3195419603,1079441404353495041,2020-08-09
1292438947021434885,1243997236419321858,1243997236419321858,2020-08-09
1292572212818595843,1175224747866673153,94198620,2020-08-09
1292482386660401152,1004380276598943744,1276536834387034115,2020-08-09
1292444725807636480,2808757106,1829178223,2020-08-09
1292490116502626304,936969552197451778,352980349,2020-08-09
1292447356122812416,18915145,18915145,2020-08-09
1292449286135914496,1175226135426322432,3258594861,2020-08-09
1292453902491811841,368738003,2353721839,2020-08-09
1292451323485528065,1034249801972494339,1168655478462791680,2020-08-09
1292452182936023041,2608740770,18786430,2020-08-09
1292475752382898176,467961289,1554603260,2020-08-09
1292493276109590530,3023960258,414247081,2020-08-09
1292454923385405441,1034249801972494339,1168655478462791680,2020-08-09
1292456238110908420,835542998926622721,21754465,2020-08-09
1292460726313943043,96906231,1228305713467973633,2020-08-09
1292514301991936000,336184140,46713686,2020-08-09
1292601678399561728,50530294,45872532,2020-08-09
1292458457510162433,1034249801972494339,1168655478462791680,2020-08-09
1292515880044318722,586038433,513766099,2020-08-09
1292662471992451074,216588194,1348078063,2020-08-10
1292459705529401344,1287237013930938368,1287237013930938368,2020-08-09
1292513774080057344,769159048872751106,2516831167,2020-08-09
1292464646834790402,1228305713467973633,96906231,2020-08-09
1292946144880926720,48595144,1644082339,2020-08-10
1292525144729104387,887136741148196864,806102617353023488,2020-08-09
1292462593538433024,386572113,386572113,2020-08-09
1292468994721615873,508006873,912504643355381762,2020-08-09
1292470927641309184,694682581221048320,27069877,2020-08-09
1292473279769436163,508006873,912504643355381762,2020-08-09
1292475286295121920,376062813,45559742,2020-08-09
1292476446884147200,202035385,862432746,2020-08-09
1292472856626905089,575662077,716263170,2020-08-09
1292477169889939456,364261779,111751854,2020-08-09
1292475868154126341,116579971,116579971,2020-08-09
1292478046310502401,1272918670323224577,1183017650068295682,2020-08-09
1292477540276285440,64097093,20865172,2020-08-09
1292484166026539009,746581051737153536,487688840,2020-08-09
1292480990795923457,630784269,20259827,2020-08-09
1292480792568958976,711667461414916098,864875899497267200,2020-08-09
1292520291999023107,376062813,45559742,2020-08-09
1292481777144135682,115308684,82944920,2020-08-09
1292483388125765632,198720216,475892820,2020-08-09
1292485663783362565,1168578217386676239,14356407,2020-08-09
1292511293362958336,15458357,9547482,2020-08-09
1292498109315112963,575662077,1237572764036403201,2020-08-09
1292528103751708672,425373857,1478689148,2020-08-09
1292486485137068033,1056949244005941249,178302508,2020-08-09
1292524843452313601,14863355,14863355,2020-08-09
1292488633216196611,14962178,4821206555,2020-08-09
1297671532534104064,1227599811471216640,1273943264593244160,2020-08-23
1292490981799944193,1276920391601057792,1276920391601057792,2020-08-09
1292494480575287299,3023960258,1473496304,2020-08-09
1292494656043913217,64097093,1138738534028890117,2020-08-09
1292496539106062336,1162757233987522562,2228878592,2020-08-09
1292507471785988097,96906231,1176516746938900480,2020-08-09
1292502054708142081,12649642,585770714,2020-08-09
1292504355917066242,1209072713697882112,386593177,2020-08-09
1292573604631191552,720485244974080001,2279244002,2020-08-09
1292581364596977669,1004380276598943744,1276536834387034115,2020-08-09
1292554125117460480,1268579512494755840,880779577953460225,2020-08-09
1292507507638726658,1020487706671865857,1125049915174821888,2020-08-09
1292595906261458944,148605846,148605846,2020-08-09
1292650381760008192,2476783045,1011345798045622272,2020-08-10
1292511933703368704,1036698350605746178,712629130991378432,2020-08-09
1292532345225072640,28521710,1239694493084979200,2020-08-09
1292516925097025537,487609091,1149594242,2020-08-09
1292516722319273989,20826292,51300300,2020-08-09
1292521317691006977,1042910258040111104,1042910258040111104,2020-08-09
1292544123082141696,1260285039448739840,1194794468811124737,2020-08-09
1292524637444767744,1251055176041017344,2968855311,2020-08-09
1292519932551364614,1012202678791954432,734528496962285568,2020-08-09
1292518812764569600,14947030,1265106375472033794,2020-08-09
1293019611353329665,198720216,1361196552,2020-08-11
1292521867241299971,931286316,1148351129010540547,2020-08-09
1292806746482839553,1086989929660514305,822510841585078272,2020-08-10
1292523396589387776,1040626579121025025,62411051,2020-08-09
1292526236967854083,1204982249311162368,295513420,2020-08-09
1292527068299669504,1273825732045598720,980291099930644480,2020-08-09
1292558706299801601,86651992,102102479,2020-08-09
1292656407645306880,974859437088292864,518130864,2020-08-10
1292531011381858306,295513420,1204982249311162368,2020-08-09
1292531733775122432,506844753,1038095316640260096,2020-08-09
1292528726169673729,1275507067676061697,1275507067676061697,2020-08-09
1292529577445797888,1162757233987522562,2228878592,2020-08-09
1292537608736669696,1134699825557954560,1134699825557954560,2020-08-09
1292530272601341953,270173270,273969312,2020-08-09
1292533422053888002,862424157061033984,862424157061033984,2020-08-09
1292536651747602432,1229395933185675265,968978893217640449,2020-08-09
1292531383336927234,2911161098,1095916240902574080,2020-08-09
1292759359525707776,2618851285,22277219,2020-08-10
1292532114324221952,123618703,435832540,2020-08-09
1292537083022569474,123618703,435832540,2020-08-09
1292534084678213637,1166505450398867458,1166505450398867458,2020-08-09
1292535005491724290,808375370269491202,1286043891502702592,2020-08-09
1292534145046913024,1085599543113052160,1085599543113052160,2020-08-09
1292536876138737664,1275347134615863296,1275347134615863296,2020-08-09
1292537902782730240,1275347134615863296,1275347134615863296,2020-08-09
1292971111639121921,2800470003,82544426,2020-08-10
1292542345385250818,1207357186827005953,885571429110034432,2020-08-09
1292544998978859008,808375370269491202,1286043891502702592,2020-08-09
1292547177340964866,174369590,917910384102727680,2020-08-09
1292545727034306560,24990251,292686141,2020-08-09
1292546099920723970,1287141483011866626,2908192773,2020-08-09
1292551356549672960,1255554098973282310,1192220616323002369,2020-08-09
1292558212445679617,1267949325079982081,799859257,2020-08-09
1292549804934004738,1204982249311162368,96339749,2020-08-09
1292548933940649984,1017294810393337857,1017294810393337857,2020-08-09
1292575062277730309,292639053,68856764,2020-08-09
1292551794032283649,1255554098973282310,1192220616323002369,2020-08-09
1292557533953941506,45559742,376062813,2020-08-09
1292553531984158724,1162878186969059328,1061752419577683969,2020-08-09
1292597884479668224,1191934574936416256,1112784830654115840,2020-08-09
1292589168124522496,1084156023340814336,739866906,2020-08-09
1292639870414999552,14267545,64039734,2020-08-10
1292580196948701184,1287278379079618560,1252374857075044352,2020-08-09
1292571220924227584,11212652,1184161149811642373,2020-08-09
1292561580866052106,1043630215,1043630215,2020-08-09
1292648950827225089,1280275608493338626,3167588296,2020-08-10
1293243588294443009,54786909,54786909,2020-08-11
1292574368145571840,1267949325079982081,799859257,2020-08-09
1292685876955422721,606573215,1266483104941608960,2020-08-10
1292572429416402945,126145724,858648967415988224,2020-08-09
1292572775199256577,2730204765,187683236,2020-08-09
1292577737354252292,762522504,751860104073326592,2020-08-09
1292579370922475520,762522504,751860104073326592,2020-08-09
1292574242136096769,904436339818590208,920933590833213440,2020-08-09
1292575469183938562,920933590833213440,1235982563837120520,2020-08-09
1292590572428042240,376062813,45559742,2020-08-09
1292577638280822785,811514954159443968,28060209,2020-08-09
1292629812918591488,1220839412432547842,464236389,2020-08-10
1292580903642963968,811514954159443968,28060209,2020-08-09
1292582029582897152,1276869937211101185,4728900864,2020-08-09
1292583103748341760,1250506883389181954,1250506883389181954,2020-08-09
1292646175477309443,881357405434638336,945916346914803712,2020-08-10
1292869353986293761,17345701,164205503,2020-08-10
1292599735287795717,2493602402,1238149643814436865,2020-08-09
1292804338306277379,739866906,1084156023340814336,2020-08-10
1292821067166355459,16391317,263447729,2020-08-10
1292615078076911622,1234510373392388096,1004516710832066560,2020-08-10
1292616421114032133,732965319023730688,913925949284069376,2020-08-10
1292595606104481793,762999875923431424,2342681239,2020-08-09
1292596770707398662,1020156612672086016,1269740272260448258,2020-08-09
1292596374463295488,2330409604,22178432,2020-08-09
1292980907654164481,1266580494277324801,770260933922828288,2020-08-11
1292695003823824897,1130258345921789952,1146587898,2020-08-10
1292599348384104448,1269687186208755712,1090780072997519361,2020-08-09
1292600495278886913,1269687186208755712,1090780072997519361,2020-08-09
1292652808903241728,173247432,1247201575,2020-08-10
1292600961236598784,363307821,363307821,2020-08-09
1292852242064855041,1030319989360914432,789755286,2020-08-10
1292605227418312706,109064246,90724905,2020-08-09
1292606348727914502,760234705618870273,4450541,2020-08-09
1292611620179529732,40492247,175460510,2020-08-10
1292607770739400705,109064246,90724905,2020-08-09
1292609989606080515,1090780072997519361,1269687186208755712,2020-08-09
1292720338292400128,4628584835,1126797356605870080,2020-08-10
1292611753033990144,1090780072997519361,1269687186208755712,2020-08-10
1292662134678093829,1186061624999854081,799869028638593024,2020-08-10
1292633922111766529,64097093,1238352670819143682,2020-08-10
1292618390461231104,42970899,2796299173,2020-08-10
1292776766843494400,2776601398,587166472,2020-08-10
1292623433721950208,53307604,113048196,2020-08-10
1292652833788047361,931286316,2959143867,2020-08-10
1292625245849948161,1279832675323449350,1291439152190435328,2020-08-10
1292625732502528000,1279832675323449350,1291467446327681024,2020-08-10
1292626950276681730,896136747125321729,16497947,2020-08-10
1292626845981188101,53307604,113048196,2020-08-10
1292631115530895360,896136747125321729,16497947,2020-08-10
1292775315379453953,1145279035007754241,1145279035007754241,2020-08-10
1292633798660808704,1070309425,871033495895801857,2020-08-10
1292633484390010880,811514954159443968,920001986065338368,2020-08-10
1292635955665367047,1022302064867561473,36903863,2020-08-10
1292635400503263233,868003751625465856,315839513,2020-08-10
1292635541608058882,911056369159147520,911056369159147520,2020-08-10
1292639218645204993,4691189473,46020421,2020-08-10
1292640390965846018,87612386,29513601,2020-08-10
1292641628189085696,1043630215,1043630215,2020-08-10
1292643333576232961,1249654706667995137,930305930884939776,2020-08-10
1292648625068052480,24133654,803374472598343682,2020-08-10
1292651627242020864,1109045045649424386,2715676856,2020-08-10
1292647920580403200,906940705133748226,1230537851198214144,2020-08-10
1292856236015140864,525455989,2355325101,2020-08-10
1292652011805192192,1070516358952206336,116302640,2020-08-10
1292654577947250689,1191377490326913024,1285620587419914241,2020-08-10
1292661869224787970,115434965,33569179,2020-08-10
1292657443923689473,1075545522931425281,996935228559159296,2020-08-10
1292979060537057281,15069237,27801806,2020-08-11
1292664855791570949,799813565716824069,1184313966203416576,2020-08-10
1292669744630439936,1267831875319615490,1088151928096415744,2020-08-10
1292795390211895297,1046170556893155328,3134094313,2020-08-10
1292670292339433475,215486020,215486020,2020-08-10
1292674414006460416,569743081,569743081,2020-08-10
1292677631108952064,569743081,569743081,2020-08-10
1292678041596915712,49230732,49230732,2020-08-10
1292751138580762624,920307654706253825,1498921818,2020-08-10
1292679822313955329,1006165181871910912,1006165181871910912,2020-08-10
1292700671536328707,1178826199843266560,54619487,2020-08-10
1292687374586183685,473431649,80924518,2020-08-10
1292796618488520704,157127340,971264135416700928,2020-08-10
1292699516639023106,2368251260,1094780907976765440,2020-08-10
1292700463733841920,3334095313,2306980651,2020-08-10
1292831713597431809,1178826199843266560,54619487,2020-08-10
1292712999237517312,1190323329317535744,1282004129855016961,2020-08-10
1292850597973102592,935563662722465792,1187576607185264641,2020-08-10
1292831676637290496,392346684,1280632083396857856,2020-08-10
1292788355755847686,2275496482,200798390,2020-08-10
1292741128257703936,956062707056304128,40660350,2020-08-10
1292803722167431170,1093555979361415168,489377813,2020-08-10
1292733164524376064,18294521,18294521,2020-08-10
1292739909556621312,33827440,854045391691579392,2020-08-10
1292749132680105985,855538355987206145,855538355987206145,2020-08-10
1292743065862635521,3704444892,1646270113,2020-08-10
1292932141383331841,1204770198773018625,1282255799860035584,2020-08-10
1292751134172622849,18294521,18294521,2020-08-10
1292752893066596352,994715720234688512,994715720234688512,2020-08-10
1292766911793635328,1272829158532530176,703308531290648576,2020-08-10
1292776908581736448,115731897,1050532444015878145,2020-08-10
1292787087637458944,974377427622297600,1143677174,2020-08-10
1292895181080068104,2935830657,757029788729180160,2020-08-10
1292784932981559297,1151786495981871104,1151786495981871104,2020-08-10
1292793596278603776,450467187,937673580,2020-08-10
1292794751083667456,589781962,37477713,2020-08-10
1292795749974052870,935745886998728705,1015278633773096961,2020-08-10
1292796616148221960,1009062056816009218,22290536,2020-08-10
1292854823134597132,896474502,1270850726332227584,2020-08-10
1292802455810514944,236487888,2833177377,2020-08-10
1292833243373477890,324163222,1285287638535155714,2020-08-10
1292803708712038400,1089235783784058880,237102731,2020-08-10
1292837590933164040,104045207,384547380,2020-08-10
1292808230586871809,106037348,19771317,2020-08-10
1292823631807078400,25843801,806936129270222848,2020-08-10
1292811331138011144,1288788119437733889,4793441424,2020-08-10
1292816484175994881,1233817907731107840,719984581219254272,2020-08-10
1292811673049473024,739508622632321024,839545326608531458,2020-08-10
1292834162873950208,2911161098,1282404745114615808,2020-08-10
1292816355142578177,709600530285211648,707692139187200000,2020-08-10
1292818645672919040,936084439,479673895,2020-08-10
1292841348043767813,43454062,2173157107,2020-08-10
1292823378919923718,1000607182889496577,227299329,2020-08-10
1292822000206057475,1244160211666993152,1055655410798071808,2020-08-10
1292821940026126337,936084439,479673895,2020-08-10
1292830307780038657,1262596164354019328,4691672347,2020-08-10
1292823684822990849,2339763739,248807514,2020-08-10
1292840128747130880,2178467189,880290776,2020-08-10
1292825714614587392,885137321229733888,1054104445,2020-08-10
1292831937875369984,622073204,1259620865370701832,2020-08-10
1292827937679474690,1057725335394050048,1109082870432391169,2020-08-10
1292828635704037376,2942308314,2942308314,2020-08-10
1292832146047086594,1239302803832668161,1060176852055142400,2020-08-10
1292832393896718338,1060176852055142400,1239302803832668161,2020-08-10
1292833307785388033,118557102,142490217,2020-08-10
1292879669780525056,875485484373463040,4442843191,2020-08-10
1292836218401677317,2871364122,2871364122,2020-08-10
1292838401041932288,822866669785808896,1025196171403436032,2020-08-10
1292841199343153153,822866669785808896,1025196171403436032,2020-08-10
1292842103773462528,1190389285,1190389285,2020-08-10
1292842367402336259,2646671972,2646671972,2020-08-10
1292845599059042310,1237529833401389056,1237529833401389056,2020-08-10
1292877947800416257,1105943713765744640,1196368394527936512,2020-08-10
1292847539557994497,2972088165,461179485,2020-08-10
1292875973638025216,1246870023802482688,2808650785,2020-08-10
1292848036448632839,44653242,1222738770769993728,2020-08-10
1292848502813458434,486111271,486111271,2020-08-10
1292849826032422915,338778930,1227853931990208512,2020-08-10
1292849886921216005,1190389285,1190389285,2020-08-10
1292852573808943104,1034868411354861568,2821374165,2020-08-10
1292857006823440384,1227853931990208512,338778930,2020-08-10
1292865469704294402,1285287638535155714,324163222,2020-08-10
1292855733399310336,1227853931990208512,338778930,2020-08-10
1292852271500451843,1154183464599597057,2978125079,2020-08-10
1292856282484035585,132861278,552793049,2020-08-10
1292856999697354752,1337916584,594121453,2020-08-10
1292855414548320262,3335180115,3335180115,2020-08-10
1292856064560463872,2978125079,814672063839473664,2020-08-10
1292919194393223173,807811812360126464,1486936345,2020-08-10
1292868600831844352,1060176852055142400,44644822,2020-08-10
1292857763002023937,2978125079,769181496833736704,2020-08-10
1292858740241240067,1227853931990208512,338778930,2020-08-10
1292859541827313665,338778930,1517148001,2020-08-10
1292873589079900163,1287914977957994498,63839456,2020-08-10
1292866051169034245,3164635870,3164635870,2020-08-10
1292865711337947137,186282935,24388693,2020-08-10
1292867516159504384,2958274339,1267772604938510338,2020-08-10
1292868367125065728,2958274339,1267772604938510338,2020-08-10
1293206601583570950,1176674394564788224,2365014907,2020-08-11
1292886178547609600,870706169785929729,945251310173073408,2020-08-10
1292877630564233216,1151336592054857729,1104220712045293568,2020-08-10
1292877016602222601,2228878592,2322802518,2020-08-10
1292881923749052418,891056501942571008,54724904,2020-08-10
1292879690357551104,1034868411354861568,7097672,2020-08-10
1292892279594778624,15982534,22585624,2020-08-10
1292912213796298754,225265198,142118093,2020-08-10
1292882959427665925,1042405564540768256,1292264439656468480,2020-08-10
1292886697966018563,37232848,37232848,2020-08-10
1292892237181976576,801768366,3398072469,2020-08-10
1292957641501622272,568614476,806999251184222208,2020-08-10
1292888351008337920,931375012942053376,1246967964,2020-08-10
1292888766009561092,1249654706667995137,1107136688856297473,2020-08-10
1292888919978266626,1249654706667995137,1107136688856297473,2020-08-10
1292896923901399040,884293566360567808,162600659,2020-08-10
1292891444584349696,284631754,305456412,2020-08-10
1292892197768048642,1249654706667995137,1086514676509429760,2020-08-10
1293018122480476161,4657816874,846435660080721920,2020-08-11
1292894534326718465,1219278784693768193,1219278784693768193,2020-08-10
1292896777469911040,284631754,305456412,2020-08-10
1292895264110501891,993121645127749632,993121645127749632,2020-08-10
1292895850017021953,921091062,410484009,2020-08-10
1292896675975950337,756727534390128640,3334344970,2020-08-10
1292895782358732806,22249452,82694329,2020-08-10
1292895782496952320,1150835400509779971,1150835400509779971,2020-08-10
1292896263294377984,1004615682447855616,742545593294159872,2020-08-10
1292919260717690888,831712438487744512,67773904,2020-08-10
1292898222273429505,2281499330,2970648927,2020-08-10
1292896878862819328,305456412,284631754,2020-08-10
1293217198786392067,951651620873531393,951651620873531393,2020-08-11
1293066022338146304,2614255879,3044602665,2020-08-11
1292908144373501953,760301359874777088,2739177938,2020-08-10
1292905966632144896,1029779257,54891736,2020-08-10
1292914953565769734,1902265892,26012598,2020-08-10
1292931883307679746,785988309969285120,113473272,2020-08-10
1292909419387387909,2228878592,24807616,2020-08-10
1292931531447533568,785988309969285120,113473272,2020-08-10
1292931337817489408,785988309969285120,113473272,2020-08-10
1292914995030904835,15099295,1459512458,2020-08-10
1292952212600217600,3424681,137730349,2020-08-10
1292999917431074822,189186078,955125455031484416,2020-08-11
1292917687119515648,1233817907731107840,719984581219254272,2020-08-10
1292924082694975489,1105943713765744640,1196368394527936512,2020-08-10
1292927979245326338,64032895,710435942394413056,2020-08-10
1293098486016204801,1281527719466020865,875978834,2020-08-11
1292921714569932800,3040011810,1219427532442939392,2020-08-10
1292960073635905537,784454880576495616,784454880576495616,2020-08-10
1292924685118844934,1212560022623776769,931375012942053376,2020-08-10
1292924460866011136,4639656854,564215572,2020-08-10
1292926802755608576,175484429,718104462,2020-08-10
1292927455745855488,877237795311439872,851513976253018113,2020-08-10
1292928409073602563,258128705,258128705,2020-08-10
1293232853019484160,3040046230,961708371719139334,2020-08-11
1292928486684766208,877237795311439872,851513976253018113,2020-08-10
1292959226055270402,847065271739305985,1194213235739840514,2020-08-10
1292930811071799297,1283099107595300865,1115781983873961984,2020-08-10
1292939916494737409,1290500645695283207,784099771518681088,2020-08-10
1292934993178746880,28985557,28985557,2020-08-10
1292935099319812102,61636488,61636488,2020-08-10
1292939129588719617,2615000148,574806121,2020-08-10
1292962542059491328,1249654706667995137,1107136688856297473,2020-08-10
1292942647561195522,709600530285211648,707692139187200000,2020-08-10
1293077043731734530,956062707056304128,1181050053605109760,2020-08-11
1292942119099916296,2225214364,901976110388445184,2020-08-10
1292942021158723585,179487856,179487856,2020-08-10
1292952432591245312,96148919,75669144,2020-08-10
1292943676985888768,81196962,1187652746,2020-08-10
1293271570526412800,32895244,848337476645212161,2020-08-11
1292943873463980035,76950285,33548125,2020-08-10
1292967729142652930,4247542528,1253728555034427403,2020-08-10
1292956868474806274,263967316,1200140966549585921,2020-08-10
1292945929927036930,281464648,281464648,2020-08-10
1292952170397143040,68036718,68036718,2020-08-10
1292951375337238528,1168295782258106368,272991385,2020-08-10
1292947443215212544,935419931616833536,935419931616833536,2020-08-10
1292950380674985984,2827893686,862251333293936640,2020-08-10
1292957152202563584,96148919,3254069716,2020-08-10
1292963583110844420,2842031695,1266299964717625344,2020-08-10
1292949449988284416,20013113,20013113,2020-08-10
1292957182619725825,1176576363203112962,1064240772,2020-08-10
1292951335768395777,1142634530030915584,951209732668354562,2020-08-10
1293237742445436930,960920794288218112,74178501,2020-08-11
1293166696233152513,1134485472204525568,898878456217219072,2020-08-11
1292950807399337985,17919393,17919393,2020-08-10
1292979343547916288,2899330175,890384339510468608,2020-08-11
1292953012105891840,801998789070491648,801998789070491648,2020-08-10
1297697339151388673,1584789493,1584789493,2020-08-24
1297703051189460994,1584789493,1584789493,2020-08-24
1297733589484949505,1584789493,1584789493,2020-08-24
1293243595017924608,1189916268943593472,1093367053526822916,2020-08-11
1292957498975178752,128429068,128429068,2020-08-10
1293129258869690369,1043185714437992449,56727139,2020-08-11
1294789530231414789,1584789493,1584789493,2020-08-16
1294820365735268353,1584789493,1584789493,2020-08-16
1294879458265104386,1584789493,1584789493,2020-08-16
1295098235997097985,1584789493,1584789493,2020-08-16
1295117083445989377,1584789493,1584789493,2020-08-16
1297691647657082880,1584789493,1584789493,2020-08-24
1298007480430211074,1584789493,1584789493,2020-08-24
1292960609055768576,1054889744520413184,20062800,2020-08-10
1292993348177989632,2302405428,823977135882768384,2020-08-11
1292981806841696257,1204770198773018625,1282255799860035584,2020-08-11
1292962131562856448,1021616052944478209,1249427458069168128,2020-08-10
1292961108886773760,1176576363203112962,2806109387,2020-08-10
1292962572442972161,1249427458069168128,1021616052944478209,2020-08-10
1292979901633638408,3177097363,1085152615,2020-08-11
1292999799403315203,790229198203916291,21709908,2020-08-11
1292982280844185603,1133872327362514944,817890084091527170,2020-08-11
1292966152998715393,1003301300841443329,1223331629860622337,2020-08-10
1292972112370597888,188757067,2923252940,2020-08-10
1292971812188381184,41448115,376898733,2020-08-10
1292974185627688960,800712224960458752,1087426955425779713,2020-08-11
1292973360029282305,61260628,113193152,2020-08-10
1292973805955031040,2853095113,1394120929,2020-08-10
1292976145558839297,18302779,15209331,2020-08-11
1292977533558849537,1287141483011866626,2763465461,2020-08-11
1292977453451755521,1168295782258106368,1220386348537991170,2020-08-11
1292977597630918656,408051296,408051296,2020-08-11
1293083779863584768,822510841585078272,1086989929660514305,2020-08-11
1292978461158469632,2853095113,1394120929,2020-08-11
1292982652300034048,1259547080776921096,818558290535841792,2020-08-11
1293255006909595649,1248762078170669057,539566673,2020-08-11
1292981787233333248,1128620039148572672,938553295,2020-08-11
1292992715622240256,443234862,1061382841,2020-08-11
1292988834481725440,2853095113,1394120929,2020-08-11
1293048531784269824,732965319023730688,1291132381324349441,2020-08-11
1292983770094505984,1066109523759374336,1066109523759374336,2020-08-11
1293247352178913282,1054889744520413184,539104223,2020-08-11
1292987149634215936,1128620039148572672,938553295,2020-08-11
1293019589098352641,2987421847,3087545944,2020-08-11
1292987456896135168,1168295782258106368,1276868472060940288,2020-08-11
1292988330280398848,2378040028,1271017474042052608,2020-08-11
1292991216074752000,719143904319287296,16981385,2020-08-11
1292989895439298560,2853095113,1394120929,2020-08-11
1292991794502701061,21731085,21731085,2020-08-11
1292993746448113666,877495409740050432,560014133,2020-08-11
1292995263154487299,1280645202173210625,139198160,2020-08-11
1292996024655437824,1248689875487866880,3773787136,2020-08-11
1293074072759226370,409704712,1240758268357758981,2020-08-11
1292997332800163840,51241418,195992166,2020-08-11
1293088714835603458,1028866124623110144,1292252246118404097,2020-08-11
1292999693438517248,1008185450,1008185450,2020-08-11
1293002496957267968,1248689875487866880,3773787136,2020-08-11
1293023455705800704,816375164,767812554,2020-08-11
1293003825771667457,2481361879,2481361879,2020-08-11
1293007087199571969,21313053,62516701,2020-08-11
1293043819081019397,2671553305,1237259406661877760,2020-08-11
1293032050358980608,23494080,891755607631552512,2020-08-11
1293051502731304963,4759636514,4759636514,2020-08-11
1293066315440283648,2580885865,198720216,2020-08-11
1293020547576733697,19677960,863223291607166977,2020-08-11
1293034285771833344,96148919,266233502,2020-08-11
1293023373891645440,3862095082,2492409644,2020-08-11
1293029583906897920,1032718783,1032718783,2020-08-11
1293029529326424064,811402748079980544,429620234,2020-08-11
1293029863201415168,2369995013,981938690,2020-08-11
1293034785938407426,3040011810,56743521,2020-08-11
1293031312555675649,21313053,207602580,2020-08-11
1293033736720834561,816375164,1689760969,2020-08-11
1293032110421409800,28137738,747826715653705728,2020-08-11
1293033181675958272,1181392854331080705,94033209,2020-08-11
1293038034062127104,1273686294921539584,577822656,2020-08-11
1293055369695186944,4153854796,878824193755938816,2020-08-11
1293056974934990848,4153854796,878824193755938816,2020-08-11
1293039009237741569,1153840037093621760,1153840037093621760,2020-08-11
1293044582612004864,59655688,295532358,2020-08-11
1293049008169062403,732965319023730688,1071283269533032448,2020-08-11
1293160855811522560,20826292,523939986,2020-08-11
1293047652116869120,575966271,3107598376,2020-08-11
1293049275887173634,1182968335035535361,2575980189,2020-08-11
1293087860921438208,1054889744520413184,237503688,2020-08-11
1293411445212758017,1018238014051385344,1018238014051385344,2020-08-12
1293054768609460229,7760632,212419015,2020-08-11
1293053711816830976,1117504878111264773,2855615704,2020-08-11
1293120376361422849,21522338,1265047417659015169,2020-08-11
1293064523268493312,96148919,266233502,2020-08-11
1293061580393938946,1084325907903455232,1084325907903455232,2020-08-11
1293118917934710785,21522338,1046268976446279680,2020-08-11
1293101495559368704,4153854796,1081669053586919424,2020-08-11
1294736314244444163,1219713323836547074,73140845,2020-08-15
1293079085137178624,400194064,802808088,2020-08-11
1293190372932411392,74698700,1023326482737844224,2020-08-11
1293221853348143104,1054889744520413184,372939971,2020-08-11
1293101236321832960,30729706,804827372868337664,2020-08-11
1293106947030302720,861512439602401280,805323304386990080,2020-08-11
1293109645955993600,1269039316921208834,177756669,2020-08-11
1293130799605309441,314624288,2228544525,2020-08-11
1293260387589197826,1875992528,747743774,2020-08-11
1293126911758151680,45119339,825397582499291136,2020-08-11
1293130759956508672,1197174056417660928,1197174056417660928,2020-08-11
1293195064370507776,473431649,3120025702,2020-08-11
1293140329302863872,21063394,17782338,2020-08-11
1293142898524000261,1128063931925368832,1237351309654863878,2020-08-11
1299456550709338112,953822975148490752,1176262352628604928,2020-08-28
1293150544345915392,4315705875,4315705875,2020-08-11
1293152068367245312,1179386323465052166,1273995060313497600,2020-08-11
1293155353127817217,86881740,86881740,2020-08-11
1293159578843176960,1259547080776921096,802676149759393792,2020-08-11
1293161757612085256,81029589,81029589,2020-08-11
1293161931965181953,178613046,414405550,2020-08-11
1293252744740925441,959377339,95719529,2020-08-11
1293164426309271552,1286925638,1286925638,2020-08-11
1293172769828544512,742438315861770240,443020443,2020-08-11
1293259505573257220,1413893760,3955299973,2020-08-11
1293165548482813955,40919272,56260048,2020-08-11
1293169453820149768,15022305,861662617504559105,2020-08-11
1293172596930940930,118720412,845618343331663872,2020-08-11
1293171694790557697,1178783495302209536,1178783495302209536,2020-08-11
1293229652304171018,93291964,360356766,2020-08-11
1293177033783218177,1134485472204525568,898878456217219072,2020-08-11
1293194926763671552,832753135496077312,874672779907526658,2020-08-11
1293175271143727105,1072342620024815622,1072342620024815622,2020-08-11
1293177498809892864,900402563291516928,798186755945963520,2020-08-11
1293178639803125760,41448115,1138794826294423557,2020-08-11
1293178971639619589,1083005594557210625,1083005594557210625,2020-08-11
1293181471834988544,4849898158,2693479140,2020-08-11
1293208532632952834,21313053,36654053,2020-08-11
1293181371498655750,400194064,874920676183986176,2020-08-11
1293213599335436288,1279832675323449350,33292936,2020-08-11
1293183606106361857,182209220,116527948,2020-08-11
1293182622449844230,395685864,1087369521554313216,2020-08-11
1293183540838797313,917972406198775808,63021443,2020-08-11
1293188056455852036,1263269562314903552,1252336572839743496,2020-08-11
1293186267362942978,196475582,143283045,2020-08-11
1293270775944957956,22103003,500030490,2020-08-11
1293252627950600194,603181058,448554332,2020-08-11
1293192227435327493,26738994,26738994,2020-08-11
1293198354881687564,1285708674011484166,815703715067887616,2020-08-11
1293368024792272897,939334692163108864,939334692163108864,2020-08-12
1293192085487616002,1223244745507471361,2500707174,2020-08-11
1293193617020878848,45953264,2983481291,2020-08-11
1293231800127373312,421387090,827639549488533504,2020-08-11
1293200841671876609,2483641710,248971642,2020-08-11
1293191642925670400,93122313,838557089354104832,2020-08-11
1293195639828905989,1511018348,1511018348,2020-08-11
1293198538420047872,2864991216,26779527,2020-08-11
1293192677769478144,93122313,838557089354104832,2020-08-11
1293194133742317568,1288943307251486720,2391952071,2020-08-11
1293391994631331840,917887520150470656,51848157,2020-08-12
1293201676455862275,2439289109,1206682993772900354,2020-08-11
1293201770248720384,1249545255101140992,1207563823575646210,2020-08-11
1293209219731161089,1172242189,843710887093518336,2020-08-11
1293204440254763010,816862986317025280,816862986317025280,2020-08-11
1293206263380226057,535545230,1705966266,2020-08-11
1293211449955889152,32783754,40737794,2020-08-11
1293207749917114369,1040626579121025025,1189639002871255040,2020-08-11
1293204985598156802,811514954159443968,1061104386,2020-08-11
1293235229369356295,317731956,296704143,2020-08-11
1293209961799888896,1246870023802482688,2808650785,2020-08-11
1293248158697500673,217585215,544806569,2020-08-11
1293210057753210888,436692842,404474166,2020-08-11
1293210005164851201,41448115,1138794826294423557,2020-08-11
1293210169241997314,1172242189,843710887093518336,2020-08-11
1293210108583911425,825841059339104257,3636010287,2020-08-11
1293209902329073665,1890308449,1890308449,2020-08-11
1293210430677155843,404474166,436692842,2020-08-11
1293402011455623168,1416674958,533671061,2020-08-12
1293211523586895872,40737794,32783754,2020-08-11
1293287025798414336,2439289109,151603643,2020-08-11
1293239853019279361,702054915930198017,1656941546,2020-08-11
1293215636961865734,1280632083396857856,1291443390228430849,2020-08-11
1293219346253320193,303334433,765555023052836864,2020-08-11
1293232672828006401,2909845271,20991233,2020-08-11
1293217948409237506,339305426,1032097611384332288,2020-08-11
1293218827547942913,1137530310260920320,1284604973922365441,2020-08-11
1293219504076423169,804827372868337664,30729706,2020-08-11
1293224942293712899,765555023052836864,303334433,2020-08-11
1293220569110974464,1290431324029943808,1320867632,2020-08-11
1293221111652585472,1137530310260920320,1284604973922365441,2020-08-11
1293221857936760832,1162757233987522562,2228878592,2020-08-11
1293223401478189059,1248343955168808962,1243627512682422273,2020-08-11
1293222886635905026,108551669,289190779,2020-08-11
1293262417636581377,176141891,1226498663733612544,2020-08-11
1293223394788417539,1284604973922365441,1174494726961205249,2020-08-11
1293225379352793089,859087548,732373632027131905,2020-08-11
1293224116602970112,1284604973922365441,1133487334362681346,2020-08-11
1293225795637387264,636693268,636693268,2020-08-11
1293264192338710529,1228415516110245889,16481803,2020-08-11
1293226233317273605,1284604973922365441,1154065382933749765,2020-08-11
1293226390591078401,1284604973922365441,1254580142208319490,2020-08-11
1293228240916619265,1137530310260920320,1284604973922365441,2020-08-11
1293228575089451011,108551669,289190779,2020-08-11
1293230309190795264,2314054921,2314054921,2020-08-11
1293231463048118273,1219414922964152322,1268975569607315461,2020-08-11
1293233282465894401,1284604973922365441,1133202329023520769,2020-08-11
1293701826437472256,16657207,2279552412,2020-08-13
1293242877099872258,1182138229006446595,1240545179926433797,2020-08-11
1293257286157103104,89636329,754416583452209152,2020-08-11
1293249974768152576,788933402560954369,1258408634364710913,2020-08-11
1293242311187496961,2193296227,1618777290,2020-08-11
1293528378759315457,1284604973922365441,1006339376283111424,2020-08-12
1293247567841632257,1163483156076486656,892969400743211008,2020-08-11
1293245927474462720,282045993,1269637271692722177,2020-08-11
1293248078326247428,1284604973922365441,1008074014596780033,2020-08-11
1293248002728120328,106517902,106517902,2020-08-11
1293249309966774272,448267212,629910101,2020-08-11
1293276271883907073,45953264,2983481291,2020-08-11
1293248737419157504,4910138241,3007294972,2020-08-11
1293249519988154368,4910138241,3007294972,2020-08-11
1293249702289444866,3007294972,4910138241,2020-08-11
1293279048181915649,3007294972,795959769353912322,2020-08-11
1293290003200606223,117341432,117341432,2020-08-11
1293250968948269058,974764801116295174,974764801116295174,2020-08-11
1293267952226242562,217585215,544806569,2020-08-11
1293264426662014978,1257756927532113921,347445050,2020-08-11
1293258812233863170,448267212,629910101,2020-08-11
1293257259431206912,261277090,19291582,2020-08-11
1293260112304406530,21313053,2327481134,2020-08-11
1293261393358192646,1278095773008302081,1177897050534481922,2020-08-11
1293262332823560194,21313053,126946608,2020-08-11
1293259227956424704,1278095773008302081,1177897050534481922,2020-08-11
1293259451407970304,1177897050534481922,1278095773008302081,2020-08-11
1293403110728019968,3955299973,1413893760,2020-08-12
1293260265673433088,1910854244,1037028806517764097,2020-08-11
1293264786004807680,720485244974080001,31432553,2020-08-11
1293260088074014720,70771229,70771229,2020-08-11
1293262760403509254,21814425,21814425,2020-08-11
1293284312339460096,16248506,16248506,2020-08-11
1293273811761192961,753997806,576428251,2020-08-11
1293265951660679171,1128451618578550786,2813269356,2020-08-11
1294180939166355456,1016220397,1016220397,2020-08-14
1293268290681229312,772976130617782276,1249002283288989698,2020-08-11
1293277300486811650,1267643837020811265,736137738,2020-08-11
1293267998229164032,1056256570550448128,1056256570550448128,2020-08-11
1293270333483438080,1292662940299132929,1095542938531176448,2020-08-11
1293278654588477446,3007294972,4133954619,2020-08-11
1293362754129100801,382012096,1317383090,2020-08-12
1293278766408622080,227406960,227406960,2020-08-11
1293279726585421827,29330450,54696945,2020-08-11
1293282034912116736,16161529,2865907814,2020-08-11
1293283297431154688,2582853127,2582853127,2020-08-11
1293476300603170816,725146305207652354,69658342,2020-08-12
1293283171098931200,54696945,29330450,2020-08-11
1293281766032236544,41448115,253394671,2020-08-11
1293287419110883328,750386497,750386497,2020-08-11
1293284617940807680,763586553402851332,763586553402851332,2020-08-11
1293285893910851585,311250067,547259460,2020-08-11
1293586430527246337,369770262,28055544,2020-08-12
1293315072815697922,3434121513,3434121513,2020-08-11
1293289131406241793,3295594491,3295594491,2020-08-11
1293286053017800704,1424156899,2232180888,2020-08-11
1293383159023714306,142403122,1593874944,2020-08-12
1293295276174782465,37904694,33477025,2020-08-11
1293288963340476418,2350224744,2350224744,2020-08-11
1293376167240638464,14479145,373573274,2020-08-12
1293502458170310656,720314522,2880026929,2020-08-12
1293288317665058820,3350966141,3350966141,2020-08-11
1293288641163407366,1242150252615995396,373979160,2020-08-11
1293289462705934342,1374222889,4789453135,2020-08-11
1293290267806707713,3368574675,3368574675,2020-08-11
1293289404606214145,91458601,91458601,2020-08-11
1293289722589175810,1242150252615995396,2938241062,2020-08-11
1293350406584664065,520145089,3065682771,2020-08-12
1293391755187040256,1473612187,2463515791,2020-08-12
1293329040909185030,1175221,1175221,2020-08-11
1293304628583505922,851108442,851108442,2020-08-11
1293294483803648002,869154794,732047896036671488,2020-08-11
1293516087611387909,953305793104769024,73022761,2020-08-12
1293293867396104192,3404875323,3404875323,2020-08-11
1293454610414346245,1243801075729211393,513271932,2020-08-12
1293296278525313030,1259547080776921096,1188665135554093056,2020-08-11
1293297846607736832,1242114361696505858,1254781364655685636,2020-08-11
1293706760801353728,244730641,244730641,2020-08-13
1293297960776851456,476356296,1279665958005735424,2020-08-11
1293298543193657345,1765921,202025963,2020-08-11
1293299210327121920,1079441404353495041,779377696275107841,2020-08-11
1293299298390573056,402507743,161826240,2020-08-11
1293303664577335298,310220230,73470619,2020-08-11
1293300460577841152,24634669,24634669,2020-08-11
1293302133379522560,2845352769,706603257897029632,2020-08-11
1293302327277809664,15910338,15910338,2020-08-11
1293627764155854849,595018786,852274309644943360,2020-08-12
1293304691850219520,1270626965477707776,1270626965477707776,2020-08-11
1293355390525202434,909244082320486401,702225263413829633,2020-08-12
1293537180829220864,393155815,128462390,2020-08-12
1293305893023449088,240429795,2307351822,2020-08-11
1293483116359815168,2869286038,2869286038,2020-08-12
1293309347662102532,519208070,822906331443011584,2020-08-11
1293316675731849217,1253620974,815680298759364608,2020-08-11
1293335211095347202,289901390,113627338,2020-08-11
1293312942138691585,320877167,468561901,2020-08-11
1293313206237175808,190033588,190033588,2020-08-11
1293326948341514247,329613447,196623028,2020-08-11
1293402185900883972,39677001,766288535116808193,2020-08-12
1293315216453898246,4227315412,4227315412,2020-08-11
1293532166996066311,20641313,1170681768502071297,2020-08-12
1293316596266459137,4397054074,363273960,2020-08-11
1293317962842157058,1259547080776921096,1188665135554093056,2020-08-11
1293316802013876224,1190323329317535744,338765105,2020-08-11
1293345168356257793,200605897,797029642658058240,2020-08-12
1293317775121948673,87551311,2471697898,2020-08-11
1293320010031603713,816366405566300160,1210168552327667718,2020-08-11
1293321112638677000,544662105,18842214,2020-08-11
1293320442435043331,325616200,325616200,2020-08-11
1293321759471501313,152804962,243027492,2020-08-11
1293321416419336193,813880878837268480,946569978882482177,2020-08-11
1293364423080513536,1244699648,128419321,2020-08-12
1293324620196712449,1182138229006446595,1240545179926433797,2020-08-11
1293325252613877760,1259547080776921096,1188665135554093056,2020-08-11
1293325475947982849,1292662940299132929,1095542938531176448,2020-08-11
1293325836842565632,1045414925802385409,3455181372,2020-08-11
1293651312345833475,1238314541374754817,1969488752,2020-08-12
1293414489476534273,44798005,1526660899,2020-08-12
1293328240598233094,1175837283792105473,425026305,2020-08-11
1293447811296448513,36789283,122495400,2020-08-12
1293329015357485058,1228024537138200576,1228024537138200576,2020-08-11
1293329683447197702,1213255896446337025,1213255896446337025,2020-08-11
1293329467688067072,37738073,37738073,2020-08-11
1293343042171285505,845361576970534912,35749568,2020-08-12
1293337150063345667,761111202541948928,761111202541948928,2020-08-12
1293453809436389376,4318121773,930499577244823552,2020-08-12
1293333910139666432,602119093,934888128,2020-08-11
1293334502241112069,827946372204810240,2352343873,2020-08-11
1293340536582156289,1058222134110158848,247137449,2020-08-12
1293335188982947840,20557373,1006313823937155072,2020-08-11
1293432155276681217,3820326674,942545850,2020-08-12
1293904133594984448,1253075587289227271,2223244038,2020-08-13
1293347554126692353,550762504,140359233,2020-08-12
1293337551583899648,151956082,151956082,2020-08-12
1293341334854676481,133495615,3380469821,2020-08-12
1293339787882102786,155453867,155453867,2020-08-12
1293497289315627008,706258831681196032,1279806287207858176,2020-08-12
1293342265130156035,4639656854,1293258129749286914,2020-08-12
1293344941712773120,231611580,575648617,2020-08-12
1293346657053089792,19001300,29853662,2020-08-12
1298650291508781064,1034445193251045376,42467363,2020-08-26
1293355590173880320,912826574621229056,1095157024671838208,2020-08-12
1293346048971243521,83044125,2818030820,2020-08-12
1293423798008463360,1177029523952455680,464997359,2020-08-12
1293547893056569346,3375809956,3375809956,2020-08-12
1293352743059566595,1059600081354141696,1059600081354141696,2020-08-12
1293354193449820162,22976974,1576681951,2020-08-12
1294067663141048320,1288246074201776132,1293349986755702784,2020-08-14
1293356426816098309,14682781,3171105057,2020-08-12
1293378170406789121,1131256652,496219393,2020-08-12
1293390064827817986,392906213,260780299,2020-08-12
1293358096220389376,80932976,80932976,2020-08-12
1293360476424822784,1131582218332061702,54326441,2020-08-12
1293368287947100162,1183589003791986689,1273052575168901126,2020-08-12
1293361818312810496,952297021108641793,1029838829975494656,2020-08-12
1293411123446702080,876914697345220609,283790765,2020-08-12
1293372527721422848,1228415516110245889,715368038963552257,2020-08-12
1293372436209995776,1137537819729989637,718670026891505665,2020-08-12
1293364953949274115,121490412,3313868264,2020-08-12
1293734974332575744,134921337,134921337,2020-08-13
1293364983124889603,3034882127,3034882127,2020-08-12
1293364613325750272,233254208,233254208,2020-08-12
1293373308189044737,1228415516110245889,715368038963552257,2020-08-12
1293414337466507266,920630315994972160,54203198,2020-08-12
1293369974430535680,1223637244075855873,2255562820,2020-08-12
1293373889700155392,1252596388694765568,340416022,2020-08-12
1293371588453085185,1183589003791986689,1273052575168901126,2020-08-12
1293381021099012097,151552315,591367714,2020-08-12
1293374215111020544,807983666454478848,3361583152,2020-08-12
1293378244717064195,15396693,182542057,2020-08-12
1293377039802576896,57434273,1223454963503812608,2020-08-12
1293385894246993920,728751455730073602,1215308060974960640,2020-08-12
1293379477897015298,15396693,182542057,2020-08-12
1293407243791216641,950575004214808577,796901378807496704,2020-08-12
1293391519739781126,57952392,54998040,2020-08-12
1293392208876298241,50251259,274550264,2020-08-12
1293757343495151618,1176674394564788224,2710047044,2020-08-13
1293381558007558145,926627535625977856,2762701138,2020-08-12
1293383384060682240,744314160,2755333323,2020-08-12
1293382398659317760,15689838,15689838,2020-08-12
1293384489834622978,827946372204810240,346856135,2020-08-12
1293560303540506625,70183342,1062719376036651008,2020-08-12
1293775932746895362,1176674394564788224,1287398991739727872,2020-08-13
1293487375318999041,3308046974,720287022452113410,2020-08-12
1293385084255387648,4639656854,1102832768852025344,2020-08-12
1300191215925653504,210122422,210122422,2020-08-30
1293397799086759938,733378851665911808,76317752,2020-08-12
1293388883992948737,23815210,818611668934676480,2020-08-12
1293390656929333248,1542244590,1542244590,2020-08-12
1293390862672523264,22596600,20016862,2020-08-12
1293391470125297664,449187845,1241779653821386752,2020-08-12
1293518184436334592,54998040,57952392,2020-08-12
1293414621118775296,464236389,357039937,2020-08-12
1293396276994744321,22596600,20016862,2020-08-12
1293628887784718336,23815210,1292845792013643776,2020-08-12
1293395829810659335,42773469,42773469,2020-08-12
1293396912113098752,1267643837020811265,168641106,2020-08-12
1293395874375176192,204508339,1129095439,2020-08-12
1293397517430816768,87551311,30932343,2020-08-12
1293414324208381952,138168339,145855451,2020-08-12
1293400438751059971,827946372204810240,741237736179257344,2020-08-12
1293402049275559936,291696905,24999267,2020-08-12
1293404952430350337,1217429454882050048,1185565634228297728,2020-08-12
1293404879554252800,87551311,1426292526,2020-08-12
1293411906540142592,1259547080776921096,16571862,2020-08-12
1293409516718034944,1217429454882050048,1020246400578310144,2020-08-12
1293410754541039617,324160959,613092316,2020-08-12
1293602997109481472,93122313,735776815,2020-08-12
1293410325216268289,15825051,973155991603707904,2020-08-12
1293412098391838721,1217429454882050048,1183786368595644417,2020-08-12
1293537679598948352,1228415516110245889,19084340,2020-08-12
1293411924470829056,800570658929262592,587624296,2020-08-12
1293415037089067008,87551311,898433450796916736,2020-08-12
1293415747335663617,1023884646935932931,851676013985714177,2020-08-12
1293423406331965440,394991629,801590775570120709,2020-08-12
1293417372007698438,1217429454882050048,230094794,2020-08-12
1293419327564087296,54203198,920630315994972160,2020-08-12
1293677087505752064,36159713,49340813,2020-08-12
1293418231982706688,1217429454882050048,1209433124754604032,2020-08-12
1293418192832954373,143017196,1270819097748615169,2020-08-12
1293418472345686017,1176728376792555521,447004519,2020-08-12
1300199800407838720,171146434,2384309281,2020-08-30
1293418786947825664,1217429454882050048,230094794,2020-08-12
1293418348190064643,1259547080776921096,16571862,2020-08-12
1293419623128457216,2915545212,328853226,2020-08-12
1293419997512060929,1217429454882050048,1077148052186640384,2020-08-12
1293424049901756417,328853226,2915545212,2020-08-12
1293420405361750016,892243623294545920,104286665,2020-08-12
1294115548817756160,15470873,151252611,2020-08-14
1293422170454888448,1105984717185212416,1105984717185212416,2020-08-12
1293598914017464320,270070966,140161306,2020-08-12
1293424329087123458,360151627,1338785203,2020-08-12
1294686094806712323,87612386,1276327944307257344,2020-08-15
1293471639775125504,247594573,18800522,2020-08-12
1293865480990547968,4772516280,4772516280,2020-08-13
1293517992630849536,1227023311554646016,805183906295201793,2020-08-12
1293523597579956224,54998040,1249865446351929345,2020-08-12
1293501563726712839,541777125,1108001206855581696,2020-08-12
1293544256871727105,1266011360204374018,15242015,2020-08-12
1293499953499779072,41100985,45196077,2020-08-12
1293433962417672192,1258227571654717441,772714729944944640,2020-08-12
1293433787318251520,1566650000,1566650000,2020-08-12
1293436658419933184,2544110296,23561823,2020-08-12
1293434241376587777,4397054074,19865432,2020-08-12
1293458576317571072,328853226,432451955,2020-08-12
1293439664234418177,49930063,1028670421573545984,2020-08-12
1293440937671229440,1028670421573545984,49930063,2020-08-12
1293660436160819200,997118552263086080,805614103519694849,2020-08-12
1293442538435538944,2497525658,52339151,2020-08-12
1293752914268356613,1217429454882050048,1286913852941246464,2020-08-13
1293443703164612613,52339151,2497525658,2020-08-12
1293446478942199808,4397054074,3022653079,2020-08-12
1293445179190333440,1214350262,1214350262,2020-08-12
1293455044902367232,2187327134,4506416429,2020-08-12
1293463796216807425,52339151,68217532,2020-08-12
1293451766546092032,4397054074,3022653079,2020-08-12
1293451600929882112,323225551,3337812610,2020-08-12
1293455187798036482,4876463147,938518635156574208,2020-08-12
1293585597840465920,366517094,1268255552020283392,2020-08-12
1293456100440911874,489222890,63423356,2020-08-12
1293455162082762752,2614786157,2614786157,2020-08-12
1293504969996468225,38452397,2987833233,2020-08-12
1293476803999338498,9336672,9336672,2020-08-12
1293467023167631360,94777592,440223606,2020-08-12
1293470814042374145,1216300706740629506,756794926915084288,2020-08-12
1293510895667159041,57952392,3300861189,2020-08-12
1293477114528890882,17893690,20068679,2020-08-12
1293577094140575744,310620955,1279885105830539266,2020-08-12
1293482327859920896,518469622,27302430,2020-08-12
1293507767685259265,1285287638535155714,324163222,2020-08-12
1293527730957561858,1285287638535155714,324163222,2020-08-12
1293488026996412418,1257162004537790465,1257162004537790465,2020-08-12
1293492280033042434,613312812,99558752,2020-08-12
1293492323171565568,827946372204810240,1096682478,2020-08-12
1293531702522937344,1285287638535155714,324163222,2020-08-12
1293499848323465217,1164176203923820544,769229270770130945,2020-08-12
1293548293318799361,1244209653426212867,1679002375,2020-08-12
1293498496973180929,3568975935,2260210642,2020-08-12
1293510871402950656,1135488059741335552,434095472,2020-08-12
1293501139162411008,2260210642,3568975935,2020-08-12
1293555041777995781,770675600818315264,544631686,2020-08-12
1293577670161313798,369287871,31437094,2020-08-12
1293507460368683008,31306497,31343227,2020-08-12
1293503901883412480,1275858535931424778,393481821,2020-08-12
1293502679331856385,49046312,72265312,2020-08-12
1293767907063795712,21522338,47157535,2020-08-13
1294132281372680194,128419321,78150104,2020-08-14
1293514253995929600,110032749,152142811,2020-08-12
1293952687944294400,22052516,281482400,2020-08-13
1293519921280880640,1228764896726261765,1208458262078742531,2020-08-12
1293515199396413440,785569638562357248,382685028,2020-08-12
1293519977849511936,1093336905222098944,895555858800623616,2020-08-12
1293514214208876545,21956602,400352771,2020-08-12
1293525615363141632,57952392,3300861189,2020-08-12
1293515082866073600,800452929924657152,77436682,2020-08-12
1293558855197057026,1281634201247178752,259816808,2020-08-12
1293518587332898816,898458495229546496,1020410209,2020-08-12
1293518208054497281,1228134315390898177,1244268288898670594,2020-08-12
1293601335321989121,440223606,1087009836,2020-08-12
1293637319719870464,1133124481680125952,3043237796,2020-08-12
1293523296068149248,2987421847,1276082559621963778,2020-08-12
1293521465862742021,823509695398866944,1114109865709002752,2020-08-12
1293531110731927555,4847979194,49241165,2020-08-12
1293526901563285504,317457162,317457162,2020-08-12
1293529271445549058,2987421847,1276082559621963778,2020-08-12
1293564669370798080,1255877328,1232417200952135680,2020-08-12
1293530004551344128,1287141483011866626,30326763,2020-08-12
1293534502208385025,750811385831960576,3101804883,2020-08-12
1293530686771441664,4639656854,896345750,2020-08-12
1293532917931618304,1148953411066486784,2895008796,2020-08-12
1293545570078830592,123618703,2210138869,2020-08-12
1293556234537361408,128462390,393155815,2020-08-12
1293538710307340293,343491843,31152839,2020-08-12
1293538218206527489,343491843,803719681,2020-08-12
1293620180149579776,1182138229006446595,1240545179926433797,2020-08-12
1293540995133448197,66649601,66649601,2020-08-12
1293541391386251264,1287141483011866626,30326763,2020-08-12
1293542079474302987,135162738,187669836,2020-08-12
1293541771767685120,1022480555982684160,2155504687,2020-08-12
1293542219908030467,1191951901350334465,1191951901350334465,2020-08-12
1293633745728266241,347261813,948261866433851393,2020-08-12
1293546079552770048,1081896445920403456,1208523175069396992,2020-08-12
1293804158940741632,3950434095,22838376,2020-08-13
1293542779608608768,1070409025983078402,1070409025983078402,2020-08-12
1293560554636947462,1081896445920403456,440325176,2020-08-12
1293545306135711744,1287141483011866626,30326763,2020-08-12
1293544431631495168,432965264,74565151,2020-08-12
1293544623353155584,343491843,322286840,2020-08-12
1293545296744652803,2467757432,144314825,2020-08-12
1293668964476891136,1013796373,1183412105980108806,2020-08-12
1293572702024818688,253371982,3349241,2020-08-12
1293552169002573824,158555462,1258576880694943744,2020-08-12
1293552368555089923,343491843,781198476,2020-08-12
1293554758859526144,155218063,2711412945,2020-08-12
1293597566576275461,850649003196919808,837655677967327232,2020-08-12
1293553351913811968,16544330,49060793,2020-08-12
1293586042382098441,1263106951669522432,1263106951669522432,2020-08-12
1293556821144350720,1258576880694943744,158555462,2020-08-12
1293561333766590465,460246990,460246990,2020-08-12
1293561398266478593,75743668,82325158,2020-08-12
1293562577415475201,198910545,2250667425,2020-08-12
1293610955813933056,1226915916119711744,2316464875,2020-08-12
1293975653436579840,827946372204810240,14768275,2020-08-13
1293565733906059265,345545922,557321400,2020-08-12
1293607830625218560,321153879,1285996151133667328,2020-08-12
1293567971928023040,838694936,964474610803728384,2020-08-12
1293586524458688512,378812766,33813157,2020-08-12
1293570212621680647,2418922083,1268231386776961029,2020-08-12
1293569258358636546,290178207,410191528,2020-08-12
1293715232817393664,1686831600,25127539,2020-08-13
1293612667006058496,158124365,101569379,2020-08-12
1293586155573780481,42634912,53285649,2020-08-12
1293571183057629184,239533860,372610948,2020-08-12
1293578668795666432,922200435045339136,785198082421952513,2020-08-12
1293576225194160129,1022480555982684160,2395621555,2020-08-12
1293614529876652032,51007618,2933787497,2020-08-12
1293582895169204224,1053515353903394816,21391301,2020-08-12
1293598510470897665,100822176,1164347254565756930,2020-08-12
1293575179344412677,1578198750,96350647,2020-08-12
1293595255086944256,3393186119,3975751695,2020-08-12
1293577606613409797,1673357035,25046782,2020-08-12
1293576499690258433,239533860,372610948,2020-08-12
1293622032261931010,705296973251874816,1281593380598841347,2020-08-12
1293580457154551808,5417322,2824895096,2020-08-12
1293579490455695360,296889553,520483527,2020-08-12
1293883690926383111,61485562,1251230736146927621,2020-08-13
1294783642544279553,1293265593290969088,900925964980559872,2020-08-15
1293580614050779137,1070083706822438912,1070083706822438912,2020-08-12
1293584933156421633,27476961,1291811352374198272,2020-08-12
1293584272813686784,434285206,63143269,2020-08-12
1293584118068862979,917972406198775808,2728650930,2020-08-12
1293592232172429321,3342617451,3710694975,2020-08-12
1293585361386389504,20997098,1113498540351741952,2020-08-12
1293586671854747648,917972406198775808,1230534939629637632,2020-08-12
1293854781430276096,740143165,2257847142,2020-08-13
1293595228788662273,53285649,42634912,2020-08-12
1293595469634056192,53285649,42634912,2020-08-12
1293638607840768000,766494687091974145,766494687091974145,2020-08-12
1293588564844793856,41403808,2946979680,2020-08-12
1293589965255966722,45119339,19287584,2020-08-12
1293593445030932481,27476961,177207175,2020-08-12
1293591511322460160,294322523,1292128776399331334,2020-08-12
1293590449375055874,1119276909278453761,1119276909278453761,2020-08-12
1293591425590992901,23815210,317895012,2020-08-12
1294957527701098496,1246089530144415746,1121771419065565184,2020-08-16
1293595973697056771,211279162,52966031,2020-08-12
1293645380920303617,582961615,124845558,2020-08-12
1293603430641041409,874672779907526658,186914548,2020-08-12
1293600343260041216,270070966,140161306,2020-08-12
1293601023534043137,540064108,540064108,2020-08-12
1293602128649478144,140161306,270070966,2020-08-12
1293603323262582785,385724459,3675571933,2020-08-12
1293606737753149440,75743668,4893708798,2020-08-12
1293601278178799622,25090532,25090532,2020-08-12
1293603959253487616,19000808,919029268633530368,2020-08-12
1293607698941059077,346041997,262245803,2020-08-12
1293952692864323585,1006165705543299074,897588514669248512,2020-08-13
1293608480700596229,2214652482,1250478772941467651,2020-08-12
1293610539105628160,307353548,1163422443052179456,2020-08-12
1293606545033396236,607660565,1161532154,2020-08-12
1293657044306653185,921531604379492352,1170396527497551872,2020-08-12
1293623473533849600,4496421875,4496421875,2020-08-12
1293608564657881090,2418922083,17752818,2020-08-12
1293609252985036802,21446951,777354390852112384,2020-08-12
1293648483661090827,1684337948,173621550,2020-08-12
1293611976036294657,16302354,16302354,2020-08-12
1293615272801296385,352048722,169849644,2020-08-12
1293616219669401601,96667528,3296577102,2020-08-12
1293613232188317696,62065766,98102529,2020-08-12
1293613584161873925,200228982,132584834,2020-08-12
1293752518493831169,1217429454882050048,1287579178158698497,2020-08-13
1293616748781076484,893378138243297280,3368938876,2020-08-12
1293715801858543618,1262018331248189441,125377844,2020-08-13
1293617316211634177,1280699387203575809,950759234031050752,2020-08-12
1293617385753124864,62065766,124214932,2020-08-12
1293618762621399040,69443621,69443621,2020-08-12
1293618437231706112,98102529,371458652,2020-08-12
1293619241321627649,98102529,160886781,2020-08-12
1293620277625094145,308871167,4871416098,2020-08-12
1293620004840251394,1120789910,900982729,2020-08-12
1293620931139710977,23653823,953149709228666885,2020-08-12
1293622199971196935,1217429454882050048,348023908,2020-08-12
1293622649365475328,259894135,259894135,2020-08-12
1293635632258904064,259894135,259894135,2020-08-12
1293623605213921284,604060882,604060882,2020-08-12
1293625650687832064,62065766,98102529,2020-08-12
1293853931026518019,1276477364973658113,1027591662376108032,2020-08-13
1293627766987005954,23815210,317895012,2020-08-12
1293629233839783936,41448115,1220187890677899266,2020-08-12
1293629018609266689,98102529,371458652,2020-08-12
1293638386100699137,23815210,1292845792013643776,2020-08-12
1293631907662446592,1267025245711462401,283787013,2020-08-12
1293635586968911882,16872076,1246573519368007680,2020-08-12
1293640281779298304,2253676802,1207829924079374337,2020-08-12
1293634827707723777,2225356830,4374783440,2020-08-12
1293636238532988928,538951226,164354823,2020-08-12
1293636794978721792,538951226,164354823,2020-08-12
1293944014329098246,823186492755349504,355049436,2020-08-13
1293638430451052544,126221154,884043151207485440,2020-08-12
1293637660628733962,595018786,852274309644943360,2020-08-12
1293637781634285575,1088206004670599169,350212473,2020-08-12
1293752160400715782,2181021258,938193077109444608,2020-08-13
1293640071778689024,62065766,943578900,2020-08-12
1293651966988619776,1172242189,87453050,2020-08-12
1293649167986896897,19000808,748186345,2020-08-12
1293643352148193282,951637830,951637830,2020-08-12
1293645605802258432,796295318199537664,3139173528,2020-08-12
1293649817076412416,3308046974,499896126,2020-08-12
1293644999716896771,1080179238936944642,1080179238936944642,2020-08-12
1293655178491691010,876944181557702656,896731606253260800,2020-08-12
1293648565886164994,1283695382766268417,1283695382766268417,2020-08-12
1293655674866499585,8654132,907996232785821698,2020-08-12
1293651379127562240,87551311,1205994970257281025,2020-08-12
1293652985344659471,997484230119772161,997484230119772161,2020-08-12
1293654277169336324,627643516,627643516,2020-08-12
1293654062408310784,17919393,17919393,2020-08-12
1293655302789832710,870605659129106433,70510602,2020-08-12
1293673197318090752,304307433,231721019,2020-08-12
1293663158884802567,863752105,1291350550127108096,2020-08-12
1293659380521607168,1089156280869113856,772095554671276032,2020-08-12
1293678923440623618,862268682,951595266515329024,2020-08-12
1293665461964546049,21313053,87805219,2020-08-12
1293664119896379396,1511018348,1511018348,2020-08-12
1293658819910938625,45573874,45573874,2020-08-12
1293662061474377728,1084779753863708672,1084779753863708672,2020-08-12
1293662773830918146,27512619,27512619,2020-08-12
1293694903256584193,17624600,1071461515050536961,2020-08-12
1293659828615876608,213142796,213142796,2020-08-12
1293695176670683137,21925564,15736424,2020-08-12
1293683857661861891,1250150535719682054,1275617869016039426,2020-08-12
1293667233022050304,115308684,272717396,2020-08-12
1293674104172625920,19951790,346738937,2020-08-12
1293666757295579138,257180565,257180565,2020-08-12
1293669955175698442,1260890181365882880,739578937,2020-08-12
1293678929316909063,327441404,834412314401132549,2020-08-12
1293668883384205313,333580182,333580182,2020-08-12
1293668892011892739,37197278,860968817442250752,2020-08-12
1293670043566432257,21522338,1037504002944946176,2020-08-12
1293796885715488768,1230617664868929536,1021180379934359552,2020-08-13
1293688458813345798,2870986967,1276719231883673601,2020-08-12
1293672504112930816,796933268499267584,943508172945477632,2020-08-12
1293687693554135042,183764489,21446951,2020-08-12
1293683787184738304,2728763873,525891835,2020-08-12
1293672797953126400,1034389721051410432,838269151277830144,2020-08-12
1293674782483836928,1225997649431543808,1225997649431543808,2020-08-12
1293676240419913729,3295594491,3295594491,2020-08-12
1293675440389918721,141044546,141044546,2020-08-12
1293676090997776395,796933268499267584,943508172945477632,2020-08-12
1293675662885167105,185365655,368692851,2020-08-12
1293682018199506944,2249531,2249531,2020-08-12
1293684417500774405,2249531,14389212,2020-08-12
1293700374260527115,874672779907526658,1024842312516546560,2020-08-13
1293680445377454081,593813785,593813785,2020-08-12
1293702941799411712,28685917,1286735238249484288,2020-08-13
1293682047517687808,2254194361,20996279,2020-08-12
1293681869335273473,541777125,771365499024400384,2020-08-12
1293684487084269569,158419174,350799686,2020-08-12
1293682528713310213,2249531,2249531,2020-08-12
1293684891415195649,1213577260134912000,1075234572,2020-08-12
1293694484442763264,2254194361,20996279,2020-08-12
1293789052622315523,1156359559901900800,1247977620932878337,2020-08-13
1293691293688827904,38028875,39140468,2020-08-12
1293687209518870528,275104144,1270881496992227330,2020-08-12
1293842811310280709,2349454380,139932047,2020-08-13
1293700553348911104,457860769,4789072345,2020-08-13
1293688899525652480,1008362843861757952,733067319333781504,2020-08-12
1293741471623913472,1274575463847878656,2467245620,2020-08-13
1299486547289440256,952396227059924992,1181317290572353539,2020-08-28
1293692988909068288,2719890387,1293330268254867457,2020-08-12
1293885727705411587,167082488,480138388,2020-08-13
1293691171684986882,708823222188380160,1047716231610949632,2020-08-12
1293696222604201987,2968669606,1267091025341759489,2020-08-12
1293696916191170566,20183596,22990674,2020-08-12
1293700872187379713,1143710706866540544,336559341,2020-08-13
1293696622078066690,1213255896446337025,1213255896446337025,2020-08-12
1293696876081041408,1268598022226825216,1268598022226825216,2020-08-12
1293698018529738756,1213255896446337025,1041476661961740290,2020-08-12
1293700213723541505,731803688,741916476,2020-08-13
1293750473221009408,14479145,373573274,2020-08-13
1293710353348603904,59621062,165566365,2020-08-13
1293703990220328960,442495624,30475832,2020-08-13
1293705519488798725,1269269092738965504,1266394162720628737,2020-08-13
1293704149708627968,2728763873,23333004,2020-08-13
1293710401994133507,708823222188380160,1047716231610949632,2020-08-13
1293711474397974530,708823222188380160,1047716231610949632,2020-08-13
1293874639467405312,1143924361,136040131,2020-08-13
1293706747253850112,33404050,897873334632841217,2020-08-13
1293711564340682753,959815519833612289,386362012,2020-08-13
1293707021351636993,426838659,426838659,2020-08-13
1293712118831878144,19588323,917584508156645376,2020-08-13
1293708218267508736,74621231,59573028,2020-08-13
1293770597462347778,15918195,15918195,2020-08-13
1293714059318132738,4685652836,4037029093,2020-08-13
1293716521555054592,965572655343693826,1390596865,2020-08-13
1293715935610712066,1411689122,853645234298900480,2020-08-13
1293716079664156672,1406248309,1967912192,2020-08-13
1293716597467684864,24567608,104057991,2020-08-13
1293717466435248129,706270225201664000,706270225201664000,2020-08-13
1293716864003190785,104057991,24567608,2020-08-13
1293751019948523520,407204638,1061109464391184384,2020-08-13
1293721230181367808,420160863,449751133,2020-08-13
1293724372314869760,30648914,1293704981812477953,2020-08-13
1293726903698743296,1228415516110245889,461352890,2020-08-13
1293731029992103938,19413589,219838391,2020-08-13
1293824105901301761,51007618,1224172325232185344,2020-08-13
1293727553031569409,1281277675181498368,249831668,2020-08-13
1293736784673886208,35822974,748736078182440965,2020-08-13
1293732241772666881,1239599332770398214,947103457931964416,2020-08-13
1293865306369200135,2808757106,1071913248188813312,2020-08-13
1293733191736373251,41448115,1599223057,2020-08-13
1293736218782466049,1547413668,1293602611158028289,2020-08-13
1293736200172441601,1288579193341652992,1288579193341652992,2020-08-13
1293736892932988929,1293602611158028289,1547413668,2020-08-13
1293738851341668352,17554226,2283777522,2020-08-13
1293737711451475969,3393186119,903055101039923201,2020-08-13
1293748939926188033,324727144,324727144,2020-08-13
1293746668949520384,436325964,28640225,2020-08-13
1293762385287798786,173621550,1684337948,2020-08-13
1293744559730679810,965739939584466944,958453202604654595,2020-08-13
1293745888574287873,219451010,7588772,2020-08-13
1293744975499235328,1292668543280902144,6805682,2020-08-13
1293742133443284998,151218425,151218425,2020-08-13
1293748715413356544,21990762,197173626,2020-08-13
1293874960209981443,64274721,990409425616883712,2020-08-13
1293743762774962176,1243569441725693955,1243569441725693955,2020-08-13
1293744739905351685,17554226,836053620646899715,2020-08-13
1293745984233709568,17554226,836053620646899715,2020-08-13
1293748399741767680,921449088872321025,921449088872321025,2020-08-13
1293749493591093248,1288999764395253763,1167208091953315842,2020-08-13
1293752592833499137,77816966,1120106771731963904,2020-08-13
1293748609456861184,1284263059268104193,1284263059268104193,2020-08-13
1293751782607331328,15409017,292459235,2020-08-13
1293752285034512385,24586286,29578892,2020-08-13
1293751614977777664,17554226,836053620646899715,2020-08-13
1293752078578470918,17554226,836053620646899715,2020-08-13
1294115614047469578,1266971078754254849,1226209380238077952,2020-08-14
1293893417605443585,1092170082837581824,1092300294849888258,2020-08-13
1293755161609940992,17554226,836053620646899715,2020-08-13
1293757845557645313,17554226,836053620646899715,2020-08-13
1293759709477048326,1274816243787354118,2549502055,2020-08-13
1293770718207827968,1292668543280902144,6805682,2020-08-13
1293931695855423488,2827162680,29383960,2020-08-13
1293931751719534594,114817169,142355653,2020-08-13
1293759156080476162,1057479569832325121,993203616071725057,2020-08-13
1293765297715912705,1256203850190487556,971453797884092416,2020-08-13
1293761319611428864,1120082970172243968,1014994526371549184,2020-08-13
1293872186588102656,1250161155395502088,1265136072905744384,2020-08-13
1293766196353998848,906639586788499456,906639586788499456,2020-08-13
1293766820675981313,115889063,883247614271016960,2020-08-13
1293766357482450944,1028842696201461761,1254212549840642048,2020-08-13
1293775306054963202,116041935,2308634845,2020-08-13
1293767369035259904,1254212549840642048,1028842696201461761,2020-08-13
1293770074197651456,1222997823483891712,1287064568355868674,2020-08-13
1293772597591646213,36789283,1197656679514546176,2020-08-13
1293931982108450821,1249548479245975552,1193042865825423360,2020-08-13
1293778884811354113,62659252,170357723,2020-08-13
1293776215866617856,36789283,1197656679514546176,2020-08-13
1293940060803407872,32658528,32658528,2020-08-13
1293773796621475840,1116918863747141633,1227258981917306888,2020-08-13
1293776964306837504,14717708,189164946,2020-08-13
1293774900868636677,36788283,2327679408,2020-08-13
1295603098518519808,949168023868493824,949168023868493824,2020-08-18
1293912551684624388,1133135591032233984,1133135591032233984,2020-08-13
1293776053127614464,1116918863747141633,1227258981917306888,2020-08-13
1293779651635052544,327146326,327146326,2020-08-13
1293807527432421377,1286770339037487105,529047214,2020-08-13
1293939142372388865,1279940886151827456,560246634,2020-08-13
1294137387618979840,1264953963042017280,951690000525017090,2020-08-14
1293886244775006209,2305319209,183878327,2020-08-13
1293797185125900289,21059255,1194992909076090880,2020-08-13
1294195484383305728,26501230,335606183,2020-08-14
1293797279153786881,21059255,1194084687821639681,2020-08-13
1297310670741016576,1254866491066982402,1254866491066982402,2020-08-22
1297310730555928576,1254866491066982402,1254866491066982402,2020-08-22
1293801191755771904,21059255,946966892685664257,2020-08-13
1293795988122066947,1233307282961649665,1233307282961649665,2020-08-13
1293899589372858374,1033022240328171520,66323762,2020-08-13
1293931339281051652,1274816243787354118,1099797086755831808,2020-08-13
1293804981217370112,976862977369440257,1135224085099831297,2020-08-13
1294344427935133696,12443402,12443402,2020-08-14
1293896217512968193,824023369578188800,818027429654458369,2020-08-13
1293814168147988480,57885809,1263706735,2020-08-13
1294059884879712256,1177370444682420225,2393582698,2020-08-13
1294778154725212160,1194840992702054400,1194840992702054400,2020-08-15
1293822383732580352,57885809,20514488,2020-08-13
1293827164236742658,1230212110195576833,1092334101313384448,2020-08-13
1293825733777924096,1111981876028137472,711833895864373248,2020-08-13
1293826749550268416,3116185903,3044969297,2020-08-13
1293840508247248897,427298187,873574661078102016,2020-08-13
1293838045116940289,1190144714097324033,2988359918,2020-08-13
1293880241589497856,4336046866,60463165,2020-08-13
1293878233033773057,3081983657,3310277468,2020-08-13
1293932922332942343,382438462,188629639,2020-08-13
1293965019743387650,1250993283431567362,26988891,2020-08-13
1293854951559565312,131550270,131550270,2020-08-13
1293858449202147329,2965665569,3356564511,2020-08-13
1293864503264923649,52891117,52891117,2020-08-13
1293862312772739075,841039189,1247484395096805376,2020-08-13
1293951028598116355,3142309458,1213193543239364608,2020-08-13
1294139402151591936,23494080,15835498,2020-08-14
1293863624935710720,811514954159443968,473912499,2020-08-13
1293869176373817344,1284604973922365441,1152252865362255874,2020-08-13
1294109120828567553,1176674394564788224,1240637135457320960,2020-08-14
1293875063188590594,1161780264202375168,1161780264202375168,2020-08-13
1293877805260906497,191124551,2310132291,2020-08-13
1293890747280883713,3368481767,1223641927419035648,2020-08-13
1293914844333129728,1213246471799111680,711162989269876737,2020-08-13
1293962574078210049,1288889870102876166,143390475,2020-08-13
1293887198102720513,1202303805284593664,120543984,2020-08-13
1293884700344426497,222711108,222711108,2020-08-13
1293886895412465670,360668046,15133432,2020-08-13
1293891109450645504,1227592332490477568,21422783,2020-08-13
1294052077849772034,2808112943,2808112943,2020-08-13
1293893928178069508,732768811,705374152446840832,2020-08-13
1293906023397367808,967120679870058498,2344817018,2020-08-13
1293892210182717442,266816841,15694204,2020-08-13
1293893587315224576,1092300294849888258,1092170082837581824,2020-08-13
1293894997889241088,3237369153,2539782125,2020-08-13
1293897488697643011,1037725403547357184,112778079,2020-08-13
1293896228141436928,15867018,4217410157,2020-08-13
1293896902581407745,458658474,458658474,2020-08-13
1293902313573224449,1162757233987522562,2228878592,2020-08-13
1294002824502706186,172060501,1203590451397308416,2020-08-13
1293897137852424192,836709230,836709230,2020-08-13
1294091890099396608,1350625520,1128840371520380935,2020-08-14
1293914766331633673,906940705133748226,1125439762461016064,2020-08-13
1293914567563599872,3237369153,2539782125,2020-08-13
1293903771467051011,77391194,77391194,2020-08-13
1293905634635550722,276595129,276595129,2020-08-13
1293906172660142081,792633236971220992,792633236971220992,2020-08-13
1293906349655375873,111374956,111374956,2020-08-13
1293908879642783758,1106949179115491329,1274365207855484928,2020-08-13
1293954281704431618,1664057282,1664057282,2020-08-13
1293918640841076736,28719653,151504383,2020-08-13
1293922090459041792,1017179630200131585,616227241,2020-08-13
1293962053254881283,1100228829753327616,929690766,2020-08-13
1293918416651206656,602509507,936339528918298624,2020-08-13
1293915034146320393,70435204,70435204,2020-08-13
1293918699364196353,165970320,2989177377,2020-08-13
1293919082010615808,1005111469996851200,1005111469996851200,2020-08-13
1293922646770487296,811514954159443968,1279366005219876864,2020-08-13
1293922949569712134,1041323673947267072,20025025,2020-08-13
1293921096819863563,849405134,849405134,2020-08-13
1293923212288499716,2808757106,796376273090203648,2020-08-13
1293923672680550408,4315705875,4315705875,2020-08-13
1293924703481073666,294322523,294322523,2020-08-13
1294289285491851264,377028739,377028739,2020-08-14
1293967380499050497,1250161155395502088,1926663954,2020-08-13
1293956617675968520,732768811,4100661015,2020-08-13
1293945763634896897,497333593,822982813943271424,2020-08-13
1293930946446741505,21925564,15736424,2020-08-13
1293930797754441729,401820335,275322482,2020-08-13
1293933749554618369,21306324,360996785,2020-08-13
1293934254909534213,886226064762077184,1917485502,2020-08-13
1293934766648184833,801029,1855395798,2020-08-13
1293992570461265923,78698153,78698153,2020-08-13
1293979593569968128,3081983657,509665510,2020-08-13
1293987571266191361,1250161155395502088,59040447,2020-08-13
1293982139248267266,1250161155395502088,59040447,2020-08-13
1293940719950761984,121026704,312722848,2020-08-13
1293959125823610892,732768811,746924045929590784,2020-08-13
1293965752710705152,221662501,221662501,2020-08-13
1293962874004688897,1047366815859560448,1216832458018168833,2020-08-13
1293944875725885440,32658528,247967054,2020-08-13
1293950241998360578,880104522051457024,115445366,2020-08-13
1293948648636768256,2345956774,1268427325978353666,2020-08-13
1293944866343464961,1216832458018168833,1143898874173673473,2020-08-13
1293945431190392832,723730502927175680,483839788,2020-08-13
1293945929410781185,432895323,432895323,2020-08-13
1293945927011569664,17554226,2283777522,2020-08-13
1293961338201546753,1143924361,136040131,2020-08-13
1293946304364781568,375617893,375617893,2020-08-13
1293946410593902592,375617893,375617893,2020-08-13
1293951512767614978,2808757106,1277435863568281601,2020-08-13
1293953561295036416,4222840715,1231343610,2020-08-13
1293984113599426561,826069675310211073,289671150,2020-08-13
1294041712323637251,34993908,82216927,2020-08-13
1293993062155210752,1264337170350792704,1264337170350792704,2020-08-13
1293954610835660800,381919736,17172633,2020-08-13
1293956798089703424,27214810,758549760,2020-08-13
1293957007024758785,4315705875,4315705875,2020-08-13
1293958360765628418,142004748,3146689155,2020-08-13
1293958658619998210,275104144,812867902365798400,2020-08-13
1293959261773594626,1238493757630222339,1159107329771655170,2020-08-13
1293959578887942144,796953934132838400,382285339,2020-08-13
1293960729670844419,400194064,1480698235,2020-08-13
1293982618426408960,1274816243787354118,2549502055,2020-08-13
1293963182076309506,798240086349541376,898992840465764354,2020-08-13
1293972851016364032,132664085,16069173,2020-08-13
1293964247844749314,913817133204803584,913817133204803584,2020-08-13
1293967168745492480,3237369153,272191916,2020-08-13
1293964321798729728,261870894,261870894,2020-08-13
1293965262350426115,2228878592,44266782,2020-08-13
1293967002072219648,1123946367716679680,23055161,2020-08-13
1293965174710382594,60757444,60757444,2020-08-13
1294038175804018690,2959801567,284364759,2020-08-13
1293965893962170370,381919736,28947523,2020-08-13
1293968890582765569,124461252,140289627,2020-08-13
1293979755474120704,1258475959,337261274,2020-08-13
1293975302540939264,796953934132838400,1257575946246189057,2020-08-13
1293973439099871237,25623594,1154613154707595265,2020-08-13
1294001478936428554,1276451490777964546,1226654439332818947,2020-08-13
1293981665258340357,2903159039,2175273564,2020-08-13
1293975176720326656,3328675947,301123105,2020-08-13
1294179687170801664,2418922083,845665045413576705,2020-08-14
1293970035371675648,15760637,1277224620500946945,2020-08-13
1293972908297973767,100142075,86044152,2020-08-13
1293992162221318147,17554226,1022745393631817728,2020-08-13
1293976428623671297,23653823,1269959624,2020-08-13
1293971013953232896,1257540138089005056,1257540138089005056,2020-08-13
1294015053604085760,23566413,73268515,2020-08-13
1293973075080482816,2258888137,2258888137,2020-08-13
1294018887416242178,965658470296023042,832687363574820864,2020-08-13
1293974531107745792,1168291769412276225,1168291769412276225,2020-08-13
1293974696275345408,68219213,68219213,2020-08-13
1293984761195778049,480781701,1289674123489292290,2020-08-13
1293978583568797696,841100683801591808,841100683801591808,2020-08-13
1293987163038797827,881988452664913921,181904323,2020-08-13
1293979755503656971,3328675947,26392140,2020-08-13
1293979152513732610,1242549616798728195,1242549616798728195,2020-08-13
1294004019627569153,813851972243636224,1095480988661104645,2020-08-13
1297758737021665280,128419321,862122890883411969,2020-08-24
1293981482680164352,1187580591945863169,1399031233,2020-08-13
1293982499920650241,3328675947,26392140,2020-08-13
1293981609629278213,61056562,61056562,2020-08-13
1293993577010298880,1150666380162871296,520449041,2020-08-13
1293985692125745154,1055655410798071808,3084979299,2020-08-13
1293985275509706753,17919393,17919393,2020-08-13
1293994401744683008,989299650644598784,3571574783,2020-08-13
1293992927904124930,1250846724492591108,2172796004,2020-08-13
1293986967823224834,827946372204810240,721869525596114944,2020-08-13
1293988802554454018,822676336376422403,3312122395,2020-08-13
1294035267628740608,1220940515375550466,1162899096161673217,2020-08-13
1293994746713604096,1019148469288820738,856101665119891456,2020-08-13
1293992738703065090,612738811,612738811,2020-08-13
1293994306479562752,1115108323475509265,1115108323475509265,2020-08-13
1293995678797041667,4014612859,782733789277609984,2020-08-13
1294026506054901763,17763426,16225882,2020-08-13
1293999639327395842,735960678238846977,89037364,2020-08-13
1293997574576197633,796953934132838400,878466535,2020-08-13
1293999069791227909,30844417,1234874334092525568,2020-08-13
1293999521979138049,325155541,325155541,2020-08-13
1294011292043358221,804081048,422219780,2020-08-13
1294002481022881792,71436906,71436906,2020-08-13
1294003462796083219,826654342249840640,109504215,2020-08-13
1294002359014653952,1150666380162871296,520449041,2020-08-13
1294008079739232269,4274093008,785563926952042496,2020-08-13
1294012640327598083,1274816243787354118,1099797086755831808,2020-08-13
1294006891534856194,946066556731166720,2172567119,2020-08-13
1294013363673018368,47495182,1292751629284859905,2020-08-13
1294172790220709888,2944112239,1209289393678086144,2020-08-14
1294095957085257728,1217890721983860737,1139197358,2020-08-14
1294101370040193024,1217890721983860737,1139197358,2020-08-14
1294011393830780934,1154952166815281157,1154952166815281157,2020-08-13
1294901954976645120,2383414560,2383414560,2020-08-16
1294012687483957249,796953934132838400,878466535,2020-08-13
1294028928433164288,1199001293022531584,1273706554945085441,2020-08-13
1294014251367952384,1293828741374722049,1293828741374722049,2020-08-13
1294016000841719808,57485134,780083896235024385,2020-08-13
1294019464988626944,575662077,4518526667,2020-08-13
1294687059387482112,87612386,1189633987901362177,2020-08-15
1294058163625394177,1112045469855875074,491907828,2020-08-13
1294018516845309957,41448115,1138794826294423557,2020-08-13
1294020965240918016,1291367271152209920,94206929,2020-08-13
1294020641088327680,77391194,77391194,2020-08-13
1294021134355136512,2578600578,2923605725,2020-08-13
1294035983890092032,1150666380162871296,520449041,2020-08-13
1294025840997666818,2249531,104194498,2020-08-13
1294043282880770048,21522338,1100261893833478145,2020-08-13
1294027806263975936,41448115,917210408,2020-08-13
1294027957946576896,762522504,440594295,2020-08-13
1294033727815929862,929830634113118208,929830634113118208,2020-08-13
1294029077180014592,17435423,16678441,2020-08-13
1294097595745345537,1077830241706536960,1270514620458045441,2020-08-14
1294029247296700418,37470249,21909819,2020-08-13
1294030727135277059,1164201613264924673,1164201613264924673,2020-08-13
1294030282488786945,3167870566,526555848,2020-08-13
1294035375531479041,1261699412352479233,1261699412352479233,2020-08-13
1294036364426526720,449114001,449114001,2020-08-13
1294034629478043654,709509298653626368,709509298653626368,2020-08-13
1294036159623045121,1150666380162871296,520449041,2020-08-13
1294041412464517122,1150666380162871296,520449041,2020-08-13
1294040750255112203,1150666380162871296,520449041,2020-08-13
1294040248339566592,759835979582623745,1137276003070369792,2020-08-13
1294085579030835205,3328675947,26392140,2020-08-14
1294057801778704385,17554226,520470158,2020-08-13
1294050246360621062,15760637,931656012,2020-08-13
1294044123100590081,1236677161198718978,1242205770,2020-08-13
1294046982995091456,759835979582623745,1137276003070369792,2020-08-13
1294047116046807041,34993908,82216927,2020-08-13
1294043680626679808,874245000,219036425,2020-08-13
1294344514685906944,95580788,399775275,2020-08-14
1294045394402410497,774678124369969152,4870970885,2020-08-13
1294057617535492098,1242205770,1236677161198718978,2020-08-13
1294054645120212992,16219502,16219502,2020-08-13
1294044896328929287,16524225,16524225,2020-08-13
1294045541072961537,927388044,3035485285,2020-08-13
1294049273949163520,1220831884437073920,202394264,2020-08-13
1294052288038756352,82216927,34993908,2020-08-13
1294047808308338689,1205369732968239104,137864039,2020-08-13
1294051076799422472,37904694,48974071,2020-08-13
1294051912153567232,82216927,542175589,2020-08-13
1294050765926027265,750347807152828416,959428800533729281,2020-08-13
1294051586310799360,959428800533729281,4324212857,2020-08-13
1294056821443960832,271950715,542036259,2020-08-13
1294053050013777920,3820326674,3820326674,2020-08-13
1294056071300968449,27202261,27202261,2020-08-13
1294053704782557190,750347807152828416,959428800533729281,2020-08-13
1294053817848410112,959428800533729281,750347807152828416,2020-08-13
1294053917123280898,959428800533729281,966372387368431616,2020-08-13
1294055091952144384,750347807152828416,959220478563860480,2020-08-13
1294120483697328128,2595262981,2402518075,2020-08-14
1294056561585905664,426028646,291808877,2020-08-13
1294057416816914433,1190393433644339200,813851972243636224,2020-08-13
1294093859111219205,1171098644470226944,24748857,2020-08-14
1294063233637199873,37904694,1222192138240299008,2020-08-14
1294057957278330883,750347807152828416,959428800533729281,2020-08-13
1294058457423917057,1164293912057565184,1164293912057565184,2020-08-13
1294060669008928768,16524225,209341928,2020-08-13
1294061498914963462,3308046974,806960033464549376,2020-08-14
1294059286159659009,4324212857,1227682677853229056,2020-08-13
1294059945273495552,882437413515153409,2869319951,2020-08-13
1294066421534613504,1190393433644339200,813851972243636224,2020-08-14
1294063624466595842,200677256,3369579347,2020-08-14
1294071058220363785,2395307318,2395307318,2020-08-14
1294092071033352192,38047391,772073570906365952,2020-08-14
1294082461324865536,1075759008,1075759008,2020-08-14
1294072116334211082,946747067560611840,34932414,2020-08-14
1294073957264629760,844991893746409472,59743748,2020-08-14
1294068644142620672,1108456360423899137,955470482,2020-08-14
1294092412860674048,807294194,62950857,2020-08-14
1294069400904126464,1157748392430309377,24038006,2020-08-14
1294070782444867584,1965476017,2296417771,2020-08-14
1294073667467567105,81725698,2713382317,2020-08-14
1294072593956450304,1239599332770398214,1291180580965474304,2020-08-14
1294073306480607232,1965476017,2296417771,2020-08-14
1294073469941035008,394943755,1189824906,2020-08-14
1294074879948488710,2296417771,1965476017,2020-08-14
1295003558732062720,460639863,460639863,2020-08-16
1294103036797706241,37285615,1287506393705062401,2020-08-14
1294106239559843840,828157237,748556263055835136,2020-08-14
1294094423991521280,21161169,1281354235670679554,2020-08-14
1294251378282463232,3310943306,1046170556893155328,2020-08-14
1294080992442044418,247610675,40692341,2020-08-14
1294106774300061702,1101895928569520129,1293997430757666816,2020-08-14
1294079530420834304,440484730,440484730,2020-08-14
1294092135524950016,1263269562314903552,2610924817,2020-08-14
1294079868351795200,363307821,363307821,2020-08-14
1294083993089052672,1057479569832325121,331364997,2020-08-14
1294084682041167877,175610542,175610542,2020-08-14
1294087552450932743,1008185450,1008185450,2020-08-14
1294109449007792128,1259882112,935904038905790466,2020-08-14
1294102396252172288,486691146,1228468680230678528,2020-08-14
1294095908804722689,882437413515153409,19978450,2020-08-14
1294086641787838465,25202268,25202268,2020-08-14
1294087732390658050,3573191833,437861727,2020-08-14
1294087570608001030,2195927359,2195927359,2020-08-14
1294088929927245824,18717518,18717518,2020-08-14
1294095879230685186,2316031773,34005613,2020-08-14
1294090762397847552,2178964844,245396783,2020-08-14
1294092012866527234,1208848039437205504,459580173,2020-08-14
1294093404729757700,379206297,66271661,2020-08-14
1294220757996896261,575662077,1569627049,2020-08-14
1294094218873507840,1244650497082118146,924407408893493249,2020-08-14
1294093655633014784,2228878592,460735410,2020-08-14
1294096251772735488,28450915,8475082,2020-08-14
1294095718534316039,1071402577,1071402577,2020-08-14
1294103409612726277,1270514620458045441,1077830241706536960,2020-08-14
1294101934908071936,1190361679999197184,1165632139863482368,2020-08-14
1294100412782518277,97695664,1093252422787629059,2020-08-14
1294101016179363841,33245396,1122329601001312256,2020-08-14
1294102505912139777,848185211749904384,3796184477,2020-08-14
1294438911553556480,174879850,346385744,2020-08-15
1294686877258137601,220471898,2550415190,2020-08-15
1294105855831441411,1140379748268466176,1140379748268466176,2020-08-14
1294105788441657344,394943755,4423209977,2020-08-14
1294106888666308613,925898386837995526,925898386837995526,2020-08-14
1294109675198144512,1721618168,1721618168,2020-08-14
1294144158022524929,1499303640,1499303640,2020-08-14
1294464972928552964,773546104029929476,164300954,2020-08-15
1294115312565018624,912826574621229056,933960983009222656,2020-08-14
1294116298729771009,912826574621229056,933960983009222656,2020-08-14
1294114244418560005,1190361679999197184,1060626912505221120,2020-08-14
1294119462011113472,17554226,1968098558,2020-08-14
1294116151404965888,1239599332770398214,1072437536,2020-08-14
1294117677850669056,596178928,596178928,2020-08-14
1294117666442051586,925898386837995526,925898386837995526,2020-08-14
1294127769333374976,1047716231610949632,992251404466077696,2020-08-14
1294126410534137856,124572576,1254878927564288005,2020-08-14
1294249383429656578,1225077504991514629,2273857031,2020-08-14
1294126634618908673,912826574621229056,933960983009222656,2020-08-14
1294125985638621184,3202902921,3202902921,2020-08-14
1294296095376515072,1130258345921789952,1146587898,2020-08-14
1294128351347605504,34983607,4581581358,2020-08-14
1294127078787313666,1171075665749102593,1129696927669313538,2020-08-14
1294149972997349377,473431649,17929151,2020-08-14
1294128448735084550,2205362828,2205362828,2020-08-14
1294133205289721857,1110032180237852672,1110032180237852672,2020-08-14
1294133786293108737,200189200,2288493916,2020-08-14
1294135823441342465,200189200,2288493916,2020-08-14
1294137596688269312,1190361679999197184,966067478370684930,2020-08-14
1294139645974859776,778043891790381058,778043891790381058,2020-08-14
1294223865737076736,1262541723554787328,27569330,2020-08-14
1294361594235949056,54806236,209684157,2020-08-14
1294290497905688576,2234304316,2234304316,2020-08-14
1294152431937282048,2189697402,4152365195,2020-08-14
1294169852245049350,196552863,327428920,2020-08-14
1294165881560412161,23494080,117791929,2020-08-14
1294153765025587200,1228415516110245889,715368038963552257,2020-08-14
1294154997966548993,981289232294703105,981289232294703105,2020-08-14
1294254400718995456,1248356866385731585,587945980,2020-08-14
1294792058293628929,14128086,413530757,2020-08-16
1294161150175830016,1267558596411301894,1267558596411301894,2020-08-14
1294157228216377344,32185481,32185481,2020-08-14
1294162785077735429,597065946,1175911338192695296,2020-08-14
1294161594990157825,481571793,481571793,2020-08-14
1294271691313614848,3241796650,1000861194037743616,2020-08-14
1294164723278258182,94769280,94769280,2020-08-14
1294225358984810497,732768811,15612541,2020-08-14
1294316614893154305,108951721,108951721,2020-08-14
1294167861502468097,43167604,43167604,2020-08-14
1294169521612349440,1894371818,1894371818,2020-08-14
1294554729536618496,1209289393678086144,2944112239,2020-08-15
1294176684292411392,2821187003,474582668,2020-08-14
1294201575985078272,2393582698,1177370444682420225,2020-08-14
1294182931620139009,317895012,1146461338451025920,2020-08-14
1294176851317764096,60114561,60114561,2020-08-14
1294210723418181632,1132005868206211073,1132005868206211073,2020-08-14
1294185843586990080,1190361679999197184,295698087,2020-08-14
1294261372960874496,17554226,3240794876,2020-08-14
1294287128453615616,763256826209062912,1081385628644851713,2020-08-14
1294195034430922763,16358225,63084747,2020-08-14
1294262177080074240,1284963447793258497,1206673262773768197,2020-08-14
1294195796208910338,145216962,145216962,2020-08-14
1294250754258149380,3081983657,1079761478025121792,2020-08-14
1294210014186479617,1225071806509436929,1225071806509436929,2020-08-14
1294208849059237888,918300741986652160,918300741986652160,2020-08-14
1294508806806712320,1009834860695904256,148880746,2020-08-15
1294213391653974017,1176899002001846277,2918350304,2020-08-14
1294221587214774272,1243386249127190531,946959968049160192,2020-08-14
1294235693133299712,784291587387895808,4167360021,2020-08-14
1294218268375277568,864143237530894336,479228790,2020-08-14
1294220111277101056,450793355,450793355,2020-08-14
1294281131219726337,37904694,2321930849,2020-08-14
1294223643594108929,765465246203084800,1137873857958703104,2020-08-14
1294637278778683394,16622352,904330038815764482,2020-08-15
1294226948508594176,53447857,551351306,2020-08-14
1294231988178751489,4489344085,4489344085,2020-08-14
1294266382176194560,1285915200139530240,386440043,2020-08-14
1294261280216211456,969252347766435840,785706796019179520,2020-08-14
1294602728644247557,1937801330,1937801330,2020-08-15
1294253390202056704,304968046,1266641680293380096,2020-08-14
1294241391174975490,1044643760972419072,1044643760972419072,2020-08-14
1294242254798884864,18603805,18603805,2020-08-14
1294242740524515329,18738047,18738047,2020-08-14
1294242249639960576,16170253,16170253,2020-08-14
1294271262777278467,267627374,855197840,2020-08-14
1294250330218213376,410884550,2903838315,2020-08-14
1294260730670338048,1230883307354836998,1268902203600834560,2020-08-14
1294359850428837894,1133451860860461056,396939169,2020-08-14
1294248998082088970,452200522,25654421,2020-08-14
1294587049379586048,1256228227472936960,1382958906,2020-08-15
1294253198220374017,1214585646507077633,1214585646507077633,2020-08-14
1294252326060847104,1881869352,1881869352,2020-08-14
1294492066366529541,23071644,23071644,2020-08-15
1294610135889960962,571044251,571044251,2020-08-15
1294259210922930177,2482711648,1560545406,2020-08-14
1294281815415562241,232250242,232250242,2020-08-14
1294260080410533890,4422552340,4422552340,2020-08-14
1294262593805328386,1162757233987522562,2228878592,2020-08-14
1294282772723503110,575662077,3301676748,2020-08-14
1294263932983676929,198390584,38216494,2020-08-14
1294264722641092608,49631876,24324241,2020-08-14
1294264853717299201,88215673,88215673,2020-08-14
1294267318957223936,312136222,312136222,2020-08-14
1294266863971700736,399458271,399458271,2020-08-14
1294267383536812039,1236089975894138880,1267672660269346817,2020-08-14
1294268938705141763,850012597378326531,850012597378326531,2020-08-14
1294273145982001152,3613930402,3613930402,2020-08-14
1294280604687663109,990409425616883712,64274721,2020-08-14
1294270393033936897,363307821,363307821,2020-08-14
1294408770894925828,940949778476732416,893140608524701696,2020-08-14
1294285387326803969,1270348539680432129,877576688535777280,2020-08-14
1294274307523252224,3431673879,3431673879,2020-08-14
1294275631824408576,59351766,16300621,2020-08-14
1299769661765148674,313650661,25776022,2020-08-29
1294276905659662337,156956327,1165270039278366721,2020-08-14
1294278527454511109,298109087,298109087,2020-08-14
1294354414921224193,4871544759,3885160459,2020-08-14
1294411222008434691,36400976,3409294573,2020-08-14
1294282359777316865,185720792,1925216874,2020-08-14
1294283291651170306,3310943306,1046170556893155328,2020-08-14
1294282273152356352,841039189,1247484395096805376,2020-08-14
1294281890803965952,808108063,808108063,2020-08-14
1294282833872257027,64274721,990409425616883712,2020-08-14
1294284964687618048,193873581,935329133248126976,2020-08-14
1295037170164682752,988588219376832512,988588219376832512,2020-08-16
1294286358278619136,21446951,156454245,2020-08-14
1294283921635540993,1223342308256571400,1223342308256571400,2020-08-14
1294286302565801984,195834393,195834393,2020-08-14
1294288672653750272,21711264,7433632,2020-08-14
1294286740815921152,877576688535777280,1270348539680432129,2020-08-14
1294288216397422593,883050027068923904,33096785,2020-08-14
1294302890794913792,3328675947,1167461241461366784,2020-08-14
1294289314176806912,1932661909,1932661909,2020-08-14
1294291620657954817,844231535150620672,3674703379,2020-08-14
1294311443169284096,1292668543280902144,15220817,2020-08-14
1294333346059870208,25598906,25598906,2020-08-14
1294291800425889794,1157748392430309377,114549551,2020-08-14
1294292696484347904,178863237,178863237,2020-08-14
1294295212345495552,1170443081256226821,1170443081256226821,2020-08-14
1294295937276313600,242468447,242468447,2020-08-14
1294325573641211905,490276190,2972033897,2020-08-14
1294336063335432195,1253852487662153729,1267241919954014210,2020-08-14
1294301908983623682,784454880576495616,784454880576495616,2020-08-14
1294302959833157633,436057533,363230319,2020-08-14
1294298920533753857,1102341798247231489,1102341798247231489,2020-08-14
1294300008829923329,391055230,927564821230424064,2020-08-14
1294309194510655489,916032097327865856,916032097327865856,2020-08-14
1294312333754470403,764476890,764476890,2020-08-14
1294305944352980993,14848798,14848798,2020-08-14
1294305296488292354,1001262842,1001262842,2020-08-14
1294307387470417923,22526817,22526817,2020-08-14
1294314645407313934,4751116217,878140642794369025,2020-08-14
1294308781275459584,15981172,15981172,2020-08-14
1294327121725337600,2954244545,1278505713120227328,2020-08-14
1294310985864445956,27823622,156438965,2020-08-14
1294311138264584192,4070326048,4070326048,2020-08-14
1294317597358514177,1214846518349500419,1303377260,2020-08-14
1294315970182483968,2524139632,2524139632,2020-08-14
1294344029052829697,3328675947,1167461241461366784,2020-08-14
1294312194805501954,1207856970306347008,1207856970306347008,2020-08-14
1294312832062889986,603045114,603045114,2020-08-14
1294314242288623616,83664591,805896009909989377,2020-08-14
1294313985659924486,16944887,16944887,2020-08-14
1294314430487056384,18067886,18067886,2020-08-14
1294318155230257153,1285287638535155714,324163222,2020-08-14
1294318128462213122,324163222,1285287638535155714,2020-08-14
1294318889602613249,324163222,1285287638535155714,2020-08-14
1294321122519941120,575662077,195956535,2020-08-14
1294322857388969987,18789472,18789472,2020-08-14
1294333046351515649,1281639796956442634,28628111,2020-08-14
1294319400573636608,600490969,600490969,2020-08-14
1294322427254710274,600490969,600490969,2020-08-14
1294319426163159047,1050412212,1050412212,2020-08-14
1294323073403977731,744115844,346765942,2020-08-14
1294333252979683328,201963182,90256204,2020-08-14
1294471659366187011,77161540,77161540,2020-08-15
1294322847230328837,27793335,27793335,2020-08-14
1294325762514989058,1138287733321998337,854087447633956866,2020-08-14
1294328460282920960,53242173,1180978868,2020-08-14
1294353719174279173,3351210604,2413443007,2020-08-14
1294328078915768320,806304970429657088,375101321,2020-08-14
1294328802538139649,1832568626,1832568626,2020-08-14
1294341498843078661,40972252,1670888726,2020-08-14
1294367100681756674,1266803934166949889,1266803934166949889,2020-08-14
1294336117987319808,1223410820736061445,1223410820736061445,2020-08-14
1294331098147717124,2947384336,3281056868,2020-08-14
1294331635819851776,757661032655585280,757661032655585280,2020-08-14
1294332663613005829,8403592,8403592,2020-08-14
1294349698745032704,957775598062940160,1248793678211993601,2020-08-14
1294333711501033472,1263282833033846785,1263282833033846785,2020-08-14
1294443958014099458,996151242240901120,2232317695,2020-08-15
1294333808796475398,28628111,1281639796956442634,2020-08-14
1294361845302571008,234430021,1168327874077777921,2020-08-14
1294490373893447680,740857559767089153,1162282005230260225,2020-08-15
1294342846317813760,32500051,1210246874,2020-08-14
1294338038525571073,980037202683072512,1147811929861308416,2020-08-14
1294382080667787264,14364006,14364006,2020-08-14
1294566815620882434,97406241,97406241,2020-08-15
1294340673177452544,933157680033579008,440098885,2020-08-14
1294342539856748544,719702067,252980352,2020-08-14
1294403860140683264,1290404414516162560,1194958897074839553,2020-08-14
1294346868990697473,424323759,424323759,2020-08-14
1294348553616269318,1228764896726261765,1285267304562020353,2020-08-14
1294350185255108610,192817963,876000815365980160,2020-08-14
1294351967922393090,4579015152,312946987,2020-08-14
1294407338351300608,234616270,234616270,2020-08-14
1294355520699211779,806304970429657088,1258211212078149632,2020-08-14
1294355995729125376,1734898296,1734898296,2020-08-14
1294379240612417537,35360814,35360814,2020-08-14
1294356018131017728,166272944,166272944,2020-08-14
1294358000124047360,912826574621229056,2295496772,2020-08-14
1294363055409815553,917390576542113792,904877157209575424,2020-08-14
1294359909627240452,1253942561464619008,960526116816674816,2020-08-14
1294571460120514565,31155225,31155225,2020-08-15
1294394264344920064,317537739,67515086,2020-08-14
1294389064431476736,250675599,1098941844505821184,2020-08-14
1294362079927963649,1034067505,1034067505,2020-08-14
1294362202665660417,102748132,19845295,2020-08-14
1294472336003887106,2865907814,1006691423486337024,2020-08-15
1294369523013910529,53197612,78907257,2020-08-14
1294393437526073344,766207718,496924790,2020-08-14
1294376669822820358,891056501942571008,1016591833,2020-08-14
1294380201376350214,1278357677169676289,856679909250523136,2020-08-14
1294443740401025024,971264135416700928,1238530889962962945,2020-08-15
1294367291753271297,23214369,23214369,2020-08-14
1294368304996507649,113061485,12909552,2020-08-14
1294376178682343424,174610175,21691269,2020-08-14
1294373670090158083,30618356,1345585446,2020-08-14
1294372853287190528,126067099,126067099,2020-08-14
1294376433901613056,2316464875,1226915916119711744,2020-08-14
1294380179440185345,193883484,193883484,2020-08-14
1294380574598209538,1229787355,1278178835721158657,2020-08-14
1294387248344051713,806304970429657088,961735563870171137,2020-08-14
1294381807593496576,1068550397617410049,612758723,2020-08-14
1294382139589431296,612758723,1068550397617410049,2020-08-14
1296306607551258625,937714261,937714261,2020-08-20
1294384873956872197,402530400,402530400,2020-08-14
1294510127295475713,228754580,815349318219505664,2020-08-15
1294446943838466049,733060796196904960,16442999,2020-08-15
1294424539963719682,1108517037847048192,26942681,2020-08-15
1294387500149088264,87551311,906422900093206528,2020-08-14
1294387138415546375,4785673762,4785673762,2020-08-14
1294386824476008449,801492317085368320,801492317085368320,2020-08-14
1294386332844855297,2930635215,2930635215,2020-08-14
1294406377134202881,878140642794369025,4751116217,2020-08-14
1294393002824273920,21097020,21097020,2020-08-14
1294397778106482691,1282112706,1282112706,2020-08-14
1294401439704514562,29308741,29308741,2020-08-14
1294415453838860293,64253558,847092377022091265,2020-08-14
1294403228134768640,80944896,556550439,2020-08-14
1294402605549060102,134780431,54625997,2020-08-14
1294400664349609984,2437216230,2437216230,2020-08-14
1294701339189161984,28874354,38928948,2020-08-15
1294406810200350726,1239599332770398214,1095804004347666433,2020-08-14
1294402935225552896,281382037,246486279,2020-08-14
1294436827412213766,456940955,456940955,2020-08-15
1294409367987552256,24964371,1206716441329852416,2020-08-14
1294407526042210306,922301845074096128,922301845074096128,2020-08-14
1294412791626043392,47133990,850684358,2020-08-14
1294410664941965312,204766030,204766030,2020-08-14
1294414705956618245,236487888,1135156401205108738,2020-08-14
1294747207351119872,910826952826802177,2178901116,2020-08-15
1294414760784605186,236487888,594998304,2020-08-14
1294414360639545344,1219073889931677696,1219073889931677696,2020-08-14
1294413952911388686,1280857388191547392,2874521284,2020-08-14
1294412815814602753,3407098161,3407098161,2020-08-14
1294415948091289600,2262994542,2262994542,2020-08-14
1294427275316822025,847092377022091265,64253558,2020-08-15
1294418362383179782,1276300483221753857,1129876752136900614,2020-08-14
1294617002099843073,62178788,1290175045382201344,2020-08-15
1294421710968696832,1292412122694115329,890735798265552896,2020-08-14
1294434852041904130,236487888,121306603,2020-08-15
1294427017434271744,811619815274254336,242183320,2020-08-15
1294419892070948866,1214998136457977858,1214998136457977858,2020-08-14
1294422789001113600,15976941,1290855567733522432,2020-08-14
1294421151813337088,55919473,55919473,2020-08-14
1294422594247163905,4143225107,1220125647647002625,2020-08-14
1294422996900249600,839483943640510464,839483943640510464,2020-08-14
1294424225672056833,2356999634,3867241095,2020-08-15
1294434148057219074,1037170353020256257,987452787163369472,2020-08-15
1294425069368889344,143304197,143304197,2020-08-15
1294437368729042945,75311987,364924292,2020-08-15
1294456520818688002,1131088494036684800,1003090426365001728,2020-08-15
1294435112814346242,236487888,869241347001073664,2020-08-15
1294439768173010946,1255122200979558401,17418411,2020-08-15
1294523477597343745,4375391358,275104144,2020-08-15
1294460374478213121,847092377022091265,64253558,2020-08-15
1294434775277752322,236487888,512519310,2020-08-15
1294433108733890560,1017294810393337857,1017294810393337857,2020-08-15
1294434610575634433,206768149,206768149,2020-08-15
1294436878394044418,1491442248,1491442248,2020-08-15
1294439006797803520,917390576542113792,116626497,2020-08-15
1294496454808088576,21522338,1957445054,2020-08-15
1294439170711195649,1093996255854977025,17834308,2020-08-15
1294440732342669313,1230782925358002176,1230782925358002176,2020-08-15
1294440007818792961,153570691,1154338487501500416,2020-08-15
1294444232573411329,21522338,2955612474,2020-08-15
1294449410647064577,20758567,196008780,2020-08-15
1294460151659814920,260291526,574075165,2020-08-15
1294448420355223554,21522338,896865990994087937,2020-08-15
1294449290169987072,1294079462410268674,1294079462410268674,2020-08-15
1294487776788795392,996151242240901120,2232317695,2020-08-15
1294568077397389312,826332877457481728,927388044,2020-08-15
1294606472706510851,702160219921641473,859063773742714882,2020-08-15
1294481997713244160,959254831562018816,36859740,2020-08-15
1294461453303414784,338672074,2628646326,2020-08-15
1294460292550754304,1223384444633067521,1223384444633067521,2020-08-15
1294469333507166211,926627535625977856,783643980,2020-08-15
1294465379381547008,926627535625977856,783643980,2020-08-15
1294470237170147332,193051266,145684204,2020-08-15
1294498077332484096,1182294310533787649,140097551,2020-08-15
1294471188429836288,145684204,193051266,2020-08-15
1294470818706206721,248482567,248482567,2020-08-15
1294476302028697602,3187557143,3187557143,2020-08-15
1294477784723537920,1240791237642186752,1240791237642186752,2020-08-15
1294535304636858369,335606183,26501230,2020-08-15
1294482512345853953,317893401,21112073,2020-08-15
1294483224358518784,1287834405386555401,1256545534346592258,2020-08-15
1294486150623657985,2439289109,1245698124494110730,2020-08-15
1294482331340693506,436486272,436486272,2020-08-15
1294487035525206016,200798390,185543119,2020-08-15
1294483869358526464,955425673107124225,4515734832,2020-08-15
1294486055379337216,762522504,2742287679,2020-08-15
1294487181134671872,1077790895783653377,704155196730023937,2020-08-15
1294486890788397056,1205734178,1205734178,2020-08-15
1295101976951304198,2954244545,1290028868603125763,2020-08-16
1294662574999572480,165178030,165178030,2020-08-15
1294495512771452928,912826574621229056,764770081,2020-08-15
1294491415687249920,200798390,185543119,2020-08-15
1294490546925436938,1234131282520682497,933476345488789504,2020-08-15
1294490796557819906,17723297,17723297,2020-08-15
1294490925184380928,1162282005230260225,740857559767089153,2020-08-15
1294492597025677312,203218699,203218699,2020-08-15
1294492597877121024,203218699,203218699,2020-08-15
1294532076218339329,473709610,357750409,2020-08-15
1294500203991461889,1162282005230260225,3302651069,2020-08-15
1294502346421145600,1294478255429423105,158509562,2020-08-15
1294593069405413376,1441971834,1244057953054765056,2020-08-15
1294503722681159680,781115956240101378,781115956240101378,2020-08-15
1294504369463803904,1262865921623748608,1262865921623748608,2020-08-15
1294505846282440704,1233817907731107840,1182773171583365122,2020-08-15
1294505969829859331,572847290,175692750,2020-08-15
1294531974997123072,473709610,178208260,2020-08-15
1294741146862854145,2988503129,1639563326,2020-08-15
1294512651708575744,1017883924976898049,516551233,2020-08-15
1294510118516789248,1288337410149974016,1288337410149974016,2020-08-15
1294607310359339008,1083755620552110085,51251785,2020-08-15
1294702516547067904,14128086,358498266,2020-08-15
1294522130391080960,181564913,181564913,2020-08-15
1294587256443830272,374197810,21297180,2020-08-15
1294520957525086208,1216793775265050626,29364386,2020-08-15
1294520310297894912,2181761890,2181761890,2020-08-15
1294520666486714368,1319210605,947893827775246336,2020-08-15
1294524197029515264,836800970617147397,836800970617147397,2020-08-15
1294528923762597888,1155144825265631232,34439235,2020-08-15
1294532817859166209,1202648441148469250,1202648441148469250,2020-08-15
1294534424135118848,3246319010,3246319010,2020-08-15
1294601489873358850,1609125409,3293661355,2020-08-15
1294603091954868226,1609125409,3293661355,2020-08-15
1294630688302469120,1221453233480183808,3183194794,2020-08-15
1294566251445071874,806304970429657088,876832508536430596,2020-08-15
1294537829855506432,966988688864444416,24381278,2020-08-15
1294652825763340288,15760637,906026676219289600,2020-08-15
1294541810698682368,528626327,1694233753,2020-08-15
1294630262178033664,1242561770423713794,19274683,2020-08-15
1294555455457566720,836350213,1978529714,2020-08-15
1294630507800604672,759835979582623745,20513812,2020-08-15
1294564375613841409,1004380554601656327,1239975392288501762,2020-08-15
1294751597575188482,1228738127700860928,1061664442423955456,2020-08-15
1294578318881312768,14145974,6822912,2020-08-15
1294578083710803968,22548775,22548775,2020-08-15
1294578500645593089,6822912,14145974,2020-08-15
1294591637579063296,761317635783061504,389658589,2020-08-15
1294661550372990976,2442868698,378953302,2020-08-15
1294593942558846976,4315705875,4315705875,2020-08-15
1294597862597070849,742668154048909312,742668154048909312,2020-08-15
1294596981109776384,219862792,219862792,2020-08-15
1294604903554285570,1025991491204739072,372569683,2020-08-15
1294771353506250753,25832979,385597799,2020-08-15
1294610878399119360,40283095,14629660,2020-08-15
1294623985498456065,1092617981434171398,173941032,2020-08-15
1294608027413360643,147241562,147241562,2020-08-15
1294608321371144192,1047280705431109632,1047280705431109632,2020-08-15
1294609095631220736,1283762764171927559,1283762764171927559,2020-08-15
1294609257686609920,2737901203,2737901203,2020-08-15
1294621221892558848,1115960051989196800,221836999,2020-08-15
1294616075242483712,14629660,40283095,2020-08-15
1294626675653775361,1250161155395502088,1926663954,2020-08-15
1294613265792864256,619594389,619594389,2020-08-15
1294618339495616514,806304970429657088,1401077282,2020-08-15
1294621030879764480,2798800812,2798800812,2020-08-15
1294618846767316998,822830320059752448,822830320059752448,2020-08-15
1294619442136129536,2276154282,2276154282,2020-08-15
1294623554689019904,81140833,81140833,2020-08-15
1294780238417801218,14629660,21018213,2020-08-15
1294627055057985536,316825646,316825646,2020-08-15
1294626588189958144,410185446,410185446,2020-08-15
1294639801845653509,473709610,4429112893,2020-08-15
1294627924646273027,1267938182026362880,1023082555225133056,2020-08-15
1294633816452001793,1230105309844135936,946393297,2020-08-15
1294999481897881600,211383532,4422507387,2020-08-16
1294630824667566080,321553655,321553655,2020-08-15
1294646873647714304,1157296218,552621458,2020-08-15
1294635217995665410,1293019279575719938,1293019279575719938,2020-08-15
1294644758753751041,1155144825265631232,34439235,2020-08-15
1294637748092010499,1239670347533860873,1258016220445577217,2020-08-15
1294637248810557441,423195810,47001219,2020-08-15
1294641165921222656,1274695414940196865,1150505309405929472,2020-08-15
1294641419978706944,3328863506,3328863506,2020-08-15
1294642752714469378,1159107329771655170,2708723852,2020-08-15
1296114632839634944,4898515481,317240024,2020-08-19
1294736124322222088,798064935486050304,52158579,2020-08-15
1294644995878785027,526602981,526602981,2020-08-15
1294649142778769415,528626327,1283650616015720448,2020-08-15
1294681635259129856,34228009,294852845,2020-08-15
1294648601826689024,16337307,33558901,2020-08-15
1294661283367792647,78942179,58815497,2020-08-15
1294649628604981249,1360364052,1360364052,2020-08-15
1294912449905168386,1024725249701507073,1024725249701507073,2020-08-16
1294652701066829825,963241293483859968,2492041951,2020-08-15
1294654015373017092,473709610,913132944918794240,2020-08-15
1294654325462048768,20957644,2432945726,2020-08-15
1294660562211811329,898231845925646336,1165598070840713220,2020-08-15
1294657422271774721,1266797935116738561,4034466268,2020-08-15
1294657699175526401,2452037023,2452037023,2020-08-15
1294659264380915713,4797583155,1026044424,2020-08-15
1294667040666468354,2215154144,567020622,2020-08-15
1294658763551641600,1254210615394123776,32805375,2020-08-15
1294659273583210496,34986102,34986102,2020-08-15
1294661998588895238,16337307,33558901,2020-08-15
1294669860304297984,1609125409,3293661355,2020-08-15
1294672088641536005,1210056858,2506548424,2020-08-15
1294719859083939842,63591116,1284572586471501832,2020-08-15
1294683981611511814,48085146,18878287,2020-08-15
1294672691019030536,938190517,938190517,2020-08-15
1294847829043589121,1247449803534954497,1247449803534954497,2020-08-16
1294668764710084608,1239599332770398214,27633031,2020-08-15
1294669052762296320,1239599332770398214,27633031,2020-08-15
1294669901118963716,1239599332770398214,27633031,2020-08-15
1294704625283551233,3293661355,1609125409,2020-08-15
1294670205109624834,302887026,717513370715426816,2020-08-15
1294671125251624960,289084770,289084770,2020-08-15
1294671101499527170,4620477495,4620477495,2020-08-15
1294671863386382336,474343264,474343264,2020-08-15
1294671733488848896,99360258,99360258,2020-08-15
1294675959136878592,914154385239937025,1255844660444004353,2020-08-15
1294673612352487424,973182044426645505,973182044426645505,2020-08-15
1294673961595396096,583888574,60212414,2020-08-15
1294674570998415360,1256597085618679808,1283465293344518144,2020-08-15
1294675851905306625,909518942699388933,1077979126173188097,2020-08-15
1294674397274439680,477208408,477208408,2020-08-15
1294676898782629895,922253149972451330,2735490764,2020-08-15
1294676094113767425,118963083,1119218035,2020-08-15
1294677527252701185,45953264,2983481291,2020-08-15
1294676425832828928,162470443,162470443,2020-08-15
1294677065359224837,45953264,2983481291,2020-08-15
1294676570582515713,1353277550,1353277550,2020-08-15
1294677950919581703,60212414,243370652,2020-08-15
1294679004784427008,583888574,60212414,2020-08-15
1294678518073237504,238416651,238416651,2020-08-15
1294679283114356736,60212414,583888574,2020-08-15
1294681311853019137,844296273645780992,2538701680,2020-08-15
1294682342003478528,844296273645780992,181719736,2020-08-15
1294682145215193090,807812802761158656,2973278758,2020-08-15
1294682820602769410,1294470569333678082,1294470569333678082,2020-08-15
1294722631648903169,844296273645780992,1224705979633348614,2020-08-15
1294683752715685895,2973278758,1294427386092703749,2020-08-15
1294714783795560453,1242114361696505858,67434309,2020-08-15
1294686606549561346,1260622147896119296,1260622147896119296,2020-08-15
1294715308284944385,822913722897178624,1281559836363231232,2020-08-15
1294692664013664257,821033772799954945,1124340472976171008,2020-08-15
1294688184803221504,4002348743,4002348743,2020-08-15
1294706211091292161,1294702508829544449,1294686378488262656,2020-08-15
1294696040302403584,796953934132838400,1287810629135409156,2020-08-15
1294769134979428352,1283465293344518144,1256597085618679808,2020-08-15
1294706740567711746,21327035,2253606535,2020-08-15
1294705103920934915,829466221145911297,571317314,2020-08-15
1294838630339543040,1043340761268477952,84008317,2020-08-16
1294719579717906432,267522807,148495856,2020-08-15
1294706454931419140,894073584,894073584,2020-08-15
1294720507523272705,1609125409,3293661355,2020-08-15
1294720482311372800,4579015152,312946987,2020-08-15
1294765499063185408,460246990,460246990,2020-08-15
1294709076165885958,896828255373848576,896828255373848576,2020-08-15
1294709673015353345,727933551526748161,727933551526748161,2020-08-15
1297375096835694592,16136152,134449730,2020-08-23
1294715539441557504,844296273645780992,4846951329,2020-08-15
1294715545422639104,1096305609325113344,1096305609325113344,2020-08-15
1294717954622287872,1294686378488262656,1294702508829544449,2020-08-15
1294718052769071105,190028514,190028514,2020-08-15
1294718528151597064,1234913290100334595,747171816850993152,2020-08-15
1294720675211440130,18316360,5447242,2020-08-15
1294725152878596099,1266579244169211905,573637753,2020-08-15
1294746717896794126,1011677469160722433,1011677469160722433,2020-08-15
1294753969596661761,902694098607493120,282656648,2020-08-15
1294723046398398465,3452796137,3452796137,2020-08-15
1294778760919744513,844296273645780992,1220086293524373507,2020-08-15
1294745566300327937,840066050,3255952285,2020-08-15
1294726122366816258,275381319,41150609,2020-08-15
1298654036334383104,1163629375,1163629375,2020-08-26
1294802184719052802,141776827,82209814,2020-08-16
1294729775492235264,400585782,1174355032109649920,2020-08-15
1294733437153300480,63591116,1248206545730580481,2020-08-15
1295858124293902337,797893609718747140,1058436727000449026,2020-08-18
1294732975741911041,179453498,179453498,2020-08-15
1294736169352089600,896481520021647360,1318711884,2020-08-15
1294738091408855041,809504329723940864,3377350281,2020-08-15
1294740994987102209,211235269,1261720923557842945,2020-08-15
1294738087528919040,27688800,27688800,2020-08-15
1294739447934865409,702371545168142336,702371545168142336,2020-08-15
1294742295208755202,4883533047,4883533047,2020-08-15
1294743149907066881,490916004,490916004,2020-08-15
1294811490223042565,1033797289,129252987,2020-08-16
1294753670463094785,819461811275698176,298498537,2020-08-15
1294841114164371456,3382362215,278289543,2020-08-16
1294749154745483264,1140675256522354688,747159120046923776,2020-08-15
1294749616915779584,1140675256522354688,3241418992,2020-08-15
1294752202628591616,902117934,1247474190229241856,2020-08-15
1294757435853373441,255137097,501221555,2020-08-15
1294752273243938816,18281132,18281132,2020-08-15
1294755528191741958,324163222,1285287638535155714,2020-08-15
1294755438810914816,992843835225997312,992843835225997312,2020-08-15
1294754821061451778,17919393,17919393,2020-08-15
1294762190575218688,4175463178,233846028,2020-08-15
1294853802261188608,64253558,715823517204348929,2020-08-16
1294858312895299584,64253558,715823517204348929,2020-08-16
1294756334693482498,747159120046923776,22205104,2020-08-15
1294756892573667333,822567453519728640,36767444,2020-08-15
1294757200997560320,386780765,386780765,2020-08-15
1294758587995168769,811660085101400064,3014278743,2020-08-15
1294758286827368450,1140675256522354688,747159120046923776,2020-08-15
1294768671840243713,1268708537204707328,2990112332,2020-08-15
1294758881382498310,1235562214960046080,1235562214960046080,2020-08-15
1294800505986854917,34724768,27993137,2020-08-16
1294833115123183619,1221878335929643008,1272684701149364224,2020-08-16
1294764784743862274,1199013516377767936,27375507,2020-08-15
1294776255523573763,2962955644,807741894,2020-08-15
1294767986062966786,882693129953869824,882693129953869824,2020-08-15
1294772696740503554,14128086,3239536342,2020-08-15
1294773591201001472,1268143084468142082,800172057371680768,2020-08-15
1294770367211479042,27328777,27328777,2020-08-15
1295099271969230849,255804172,255804172,2020-08-16
1294772265733828615,1140675256522354688,987358254249529344,2020-08-15
1294773980511928320,492359999,492359999,2020-08-15
1294775004052115457,1271212564874223617,825551895796264962,2020-08-15
1294778382681481216,796953934132838400,1287810629135409156,2020-08-15
1294777182976344076,1259663114221621248,1259663114221621248,2020-08-15
1294781207662727175,2935489123,2935489123,2020-08-15
1294783554673680384,1026044424,4797583155,2020-08-15
1294787630513688583,2228878592,185257231,2020-08-16
1294782934277214208,814259546545799168,814259546545799168,2020-08-15
1294783345029652480,273308671,273308671,2020-08-15
1294784759827111936,11239092,11239092,2020-08-15
1294795020105584642,2569111134,2569111134,2020-08-16
1294990580561448960,206180546,1287550015590850560,2020-08-16
1294789949099659264,31898136,31898136,2020-08-16
1294790091152355329,101689793,101689793,2020-08-16
1294801829788815360,3241418992,3263113257,2020-08-16
1294792894084034560,15218699,1212291159004860416,2020-08-16
1294803577492459527,980751483837861894,1265737209610670088,2020-08-16
1294820896843210752,63591116,313682742,2020-08-16
1294827741230112770,1014249685,532931730,2020-08-16
1294793650669596673,16661097,16661097,2020-08-16
1294796290488967177,1215543379,1215543379,2020-08-16
1294794648897036289,1537312639,1537312639,2020-08-16
1294798984708415489,134876979,134876979,2020-08-16
1294835933066301440,740713342264705025,146856729,2020-08-16
1294808888810835969,1245551843209592834,35047209,2020-08-16
1294799016257937408,883399345101459457,883399345101459457,2020-08-16
1294800807041196032,1601988421,137729941,2020-08-16
1294800346242572288,59674605,4038961403,2020-08-16
1294801491669049344,348138733,348138733,2020-08-16
1294801283614998528,15604825,15604825,2020-08-16
1294801747156676608,1006695033783775232,1006695033783775232,2020-08-16
1294868244482813958,1372710282,1372710282,2020-08-16
1294803709747224576,87612386,766483825,2020-08-16
1294805439272558592,3226855927,377051958,2020-08-16
1294805540930027521,93122313,1244449302761496576,2020-08-16
1295041383233814529,824267960,904878312471875585,2020-08-16
1294811809820499968,3035461622,3035461622,2020-08-16
1294857890147241984,565873727,565873727,2020-08-16
1294854172701949953,43643958,1111803390458126336,2020-08-16
1294921382246019077,160083138,160083138,2020-08-16
1294918619441307650,1261978725006086145,2455120802,2020-08-16
1294817276739366915,17790667,319152325,2020-08-16
1295004015764344833,840066050,3255952285,2020-08-16
1294819912444084224,319152325,17790667,2020-08-16
1294820320231272449,960304283337052160,1236118710101970944,2020-08-16
1294823749070381056,47506214,47506214,2020-08-16
1294824309307748352,501583288,387760036,2020-08-16
1294825704001957888,971631607994986496,971631607994986496,2020-08-16
1294828407235149824,635032312,284219323,2020-08-16
1294868803801812992,1260747703488851977,1172327938571653121,2020-08-16
1294828907800264704,1291313099430154241,1291313099430154241,2020-08-16
1294986693511184384,1272147606429368320,1034520104111927298,2020-08-16
1294836231864541186,326460801,1274777462413709313,2020-08-16
1294832618853281792,56903308,56903308,2020-08-16
1294835970274021376,112297589,112297589,2020-08-16
1294847269867528193,1248512852492779520,4065022577,2020-08-16
1294847732985856000,1242581424525447168,1127034647857074176,2020-08-16
1294837383922200576,51779817,188421267,2020-08-16
1294837207111524353,64097093,4856346455,2020-08-16
1294845275459051525,704439746345324544,255650850,2020-08-16
1294850888453050368,1190361679999197184,1243182137294991360,2020-08-16
1294982184688852992,1520953578,46782042,2020-08-16
1294846182242627585,820577460886458368,1287785640466305025,2020-08-16
1294838909042675714,2526741,1196219382118191109,2020-08-16
1294840592690806786,20297092,20297092,2020-08-16
1294842328205664258,268892855,712486927849508864,2020-08-16
1294841550518747139,2868652104,14061097,2020-08-16
1294841817259802626,1052665856,1052665856,2020-08-16
1294849644552433665,1290347248249909248,953062338151702528,2020-08-16
1294991894418685958,204202468,528072190,2020-08-16
1294944808486699014,1242511,1191589745626959872,2020-08-16
1294844633588084736,214254848,1268237888283705345,2020-08-16
1294845084941185025,60379292,1162517527802499073,2020-08-16
1294845003181756417,3508417816,3508417816,2020-08-16
1294849884550561792,258176399,549864251,2020-08-16
1294894275046629376,255650850,704439746345324544,2020-08-16
1294850088175452163,3743134213,1240784100769665024,2020-08-16
1294848447917568000,30779596,1252393496889171968,2020-08-16
1294850387158036480,1178501200125157376,1104378110714236928,2020-08-16
1294910106535170055,25004298,248014091,2020-08-16
1294850157394178050,1230587465326571526,1230587465326571526,2020-08-16
1294852475061702662,217194463,276711781,2020-08-16
1294872334713724928,1022041506104926208,786749334138281985,2020-08-16
1294851506114646016,2526741,16846679,2020-08-16
1294969651370303488,987166183676940288,16032453,2020-08-16
1294851938689769474,3743134213,1240784100769665024,2020-08-16
1294853512757641218,64097093,26672220,2020-08-16
1294854174551625729,3743134213,1240784100769665024,2020-08-16
1294981005678444545,956738114516606976,714655239790530561,2020-08-16
1294858910327693313,3743134213,1240784100769665024,2020-08-16
1294860261128462338,3743134213,1240784100769665024,2020-08-16
1294861039419273216,42859515,784482456275521536,2020-08-16
1294860708988047360,213328267,2762411758,2020-08-16
1294887798277697536,1973402070,405988782,2020-08-16
1294864662077435906,762522504,3618883338,2020-08-16
1294874790876987392,1248456818457604097,2760278687,2020-08-16
1294869198745874434,2526741,1178862535560355841,2020-08-16
1294868619784884224,874197526404005889,1092748036529254400,2020-08-16
1295006359860260864,4498897287,800114219592990720,2020-08-16
1294890349278695429,1281470222340366336,2516160012,2020-08-16
1294926463846633474,66649601,66649601,2020-08-16
1294874398978187264,1172327938571653121,1260747703488851977,2020-08-16
1294900635243094016,1177700090108141568,23274444,2020-08-16
1294887526298263555,732902160158035969,732902160158035969,2020-08-16
1294887555226390528,66204061,66204061,2020-08-16
1294889440796717057,1035575631306735616,1035575631306735616,2020-08-16
1294904947163705345,2516160012,1281470222340366336,2020-08-16
1294896861258579968,938464541788209152,952266878831022080,2020-08-16
1294896815616204800,747159120046923776,889538408237944833,2020-08-16
1294896644656443392,1228063557662760989,1094305807049678849,2020-08-16
1294896819252731904,1094305807049678849,1228063557662760989,2020-08-16
1294896886881624064,1228063557662760989,1094305807049678849,2020-08-16
1294901128748965889,88357443,88357443,2020-08-16
1294902332841504770,747159120046923776,1028644003124862978,2020-08-16
1294902028586463234,18441838,298655865,2020-08-16
1294906556836970497,1249791698177265669,1249791698177265669,2020-08-16
1294907848799989763,1140675256522354688,747159120046923776,2020-08-16
1294909824938004480,809597420,105819313,2020-08-16
1294964826670653440,802378181130874880,955970244,2020-08-16
1295009782911381504,820577460886458368,969474271746473985,2020-08-16
1294912408205635585,1140675256522354688,747159120046923776,2020-08-16
1294913710536916993,1140675256522354688,747159120046923776,2020-08-16
1294914599452659714,1140675256522354688,747159120046923776,2020-08-16
1294917060200411136,1140675256522354688,747159120046923776,2020-08-16
1294923308098560000,1242873730495320066,724215730896556032,2020-08-16
1294921644046196736,1408942872,1086978038716342272,2020-08-16
1294921824032239616,747159120046923776,22205104,2020-08-16
1294934266107899904,285089873,180781572,2020-08-16
1294976813735780352,910595198186438656,3278949571,2020-08-16
1294925177038311425,1242683466631839746,146374545,2020-08-16
1294932441237524481,939172847280447488,939172847280447488,2020-08-16
1294934833802682368,1251477123811946496,959377713604767744,2020-08-16
1295336978947477504,1284572586471501832,1239212724,2020-08-17
1294935845368193024,910826952826802177,910826952826802177,2020-08-16
1294942064535154688,17243913,4157939543,2020-08-16
1294943839413776384,4541141723,4541141723,2020-08-16
1294951386787045376,4541141723,4541141723,2020-08-16
1294955921697837057,779516434305191936,779516434305191936,2020-08-16
1294959285340983301,179487856,179487856,2020-08-16
1295200668731482112,1218390157944131584,1012160374098055168,2020-08-17
1295032718678515712,246165172,308394043,2020-08-16
1294971465897517056,822567453519728640,260301379,2020-08-16
1295006364008415234,2477205531,2895278448,2020-08-16
1294968764790968322,251895418,251895418,2020-08-16
1294973511979732997,22074698,1222104955961540608,2020-08-16
1294979182645125120,2619572922,956461939344990208,2020-08-16
1294973258962317314,1285287638535155714,324163222,2020-08-16
1294973000350142464,331571319,331571319,2020-08-16
1294994799594962944,324163222,1285287638535155714,2020-08-16
1294991202631049220,148655479,112366796,2020-08-16
1294998969303662594,339840888,1636326139,2020-08-16
1294978331138564096,744738129702072321,744738129702072321,2020-08-16
1294989195799396352,583923033,888110508,2020-08-16
1294982722830688256,56903308,1053291998,2020-08-16
1294982360329592832,46782042,1520953578,2020-08-16
1294985452018110464,1422039536,2893133624,2020-08-16
1294984142556475395,1242599661275353088,819811400,2020-08-16
1294985182165041154,1003072759042314240,1003072759042314240,2020-08-16
1294990951589580809,421431606,16736586,2020-08-16
1294987754720374784,56903308,56903308,2020-08-16
1294990333718204416,2238151791,2238151791,2020-08-16
1295007531916550147,21042518,21042518,2020-08-16
1295057560047890432,927637426721390593,405001399,2020-08-16
1294991397800607746,2238151791,2238151791,2020-08-16
1294991106787115009,16736586,421431606,2020-08-16
1294994259708264450,932365571638706178,466855516,2020-08-16
1294995677324414982,64253558,715823517204348929,2020-08-16
1294996099497971714,29844907,370229523,2020-08-16
1294998288010182656,302887026,1241750619876179968,2020-08-16
1295011463321485317,490276190,229574308,2020-08-16
1295061024668708864,3975435886,17550579,2020-08-16
1294997292374724608,586038433,586038433,2020-08-16
1294999993045135362,806304970429657088,75739978,2020-08-16
1294998398165188614,370229523,29844907,2020-08-16
1295003539283103745,87612386,766483825,2020-08-16
1295155998282452992,1274777462413709313,326460801,2020-08-17
1295040837886324737,821033772799954945,543828963,2020-08-16
1295006391023927298,806936129270222848,1099631923494834176,2020-08-16
1295087391997407233,58273574,870920476205301760,2020-08-16
1295024210918674434,3378306652,2991104351,2020-08-16
1295008174718713856,2477205531,2895278448,2020-08-16
1295008429111640069,2477205531,2895278448,2020-08-16
1295127005516582914,76221829,192538987,2020-08-16
1295009736912510976,1359858536,746533737509195776,2020-08-16
1295011137247944705,917461450117079050,917461450117079050,2020-08-16
1295011790661853185,1359858536,1149983096,2020-08-16
1295013653763117056,829536330275188737,4771543440,2020-08-16
1295178692310839298,15736424,26127066,2020-08-17
1295018995289133062,199295073,896080601509498882,2020-08-16
1295017432193601536,1158015663002308609,480727660,2020-08-16
1295016876481839104,194879900,626199651,2020-08-16
1295020235007959046,4833135104,900008955900043264,2020-08-16
1295018830171983875,1516801658,1516801658,2020-08-16
1295099803987255297,820577460886458368,981193004953190400,2020-08-16
1295018675997519872,171191577,932241800751751169,2020-08-16
1295020301332381697,330393416,1261533411115556867,2020-08-16
1295021955406532608,24484939,24484939,2020-08-16
1295036992816910341,1149893167153647617,1166064037911834626,2020-08-16
1295023799134556162,770017066883616768,770017066883616768,2020-08-16
1295038598597816323,1224912776243634177,3294577540,2020-08-16
1295035903501570049,972260882586787842,893114779547709440,2020-08-16
1295030359533539328,2738347889,64619903,2020-08-16
1295026512144543744,1290717765066788865,1248019077794271234,2020-08-16
1295028744915054592,829536330275188737,1150534939496067074,2020-08-16
1295050621658075136,926627535625977856,874000786279333890,2020-08-16
1295027538482192390,446822996,446822996,2020-08-16
1295188116177920000,61591041,2982386446,2020-08-17
1295027634980626433,1249203522953867264,1249203522953867264,2020-08-16
1295054645258268672,1189682095532183552,31255195,2020-08-16
1295029927058616324,22596600,1236103862177501184,2020-08-16
1295041496333324293,3230198245,3230198245,2020-08-16
1295032381112381440,13606542,13606542,2020-08-16
1295034314304958465,963153382335827968,1069422303816138752,2020-08-16
1295047198342877191,800570658929262592,1247221267,2020-08-16
1295037839491698689,3263113257,2619572922,2020-08-16
1295035914754887680,870749903252635648,318843297,2020-08-16
1295063779055742982,893114779547709440,972260882586787842,2020-08-16
1295036262751956992,3317271798,3317271798,2020-08-16
1295037251404136450,988588219376832512,988588219376832512,2020-08-16
1295198172428394496,1240838396752195584,1264285748292915200,2020-08-17
1295038921798111232,2729061,88974227,2020-08-16
1295043330837897221,2882491766,1166413809747185664,2020-08-16
1295041638935355393,946959968049160192,1243386249127190531,2020-08-16
1295045749965762560,487699810,720261961,2020-08-16
1295040811902607360,3040072501,3040072501,2020-08-16
1295048999469285376,1014229720169316352,1035687764531011584,2020-08-16
1295042728653459456,829393917816688640,1189613966319767554,2020-08-16
1295105806233415687,1253091184207159305,1257790813867847681,2020-08-16
1295049491309981696,15797346,15797346,2020-08-16
1295055394906284033,1267566255181004803,347547067,2020-08-16
1295051397751349248,728747154,1133487847455875072,2020-08-16
1295051568186826754,821033772799954945,1163305413363798016,2020-08-16
1295053034385321984,829536330275188737,1343052415,2020-08-16
1295052962641911809,811660085101400064,1462919173,2020-08-16
1295055352342470656,1240010382464430082,1240010382464430082,2020-08-16
1295054096743964672,1239599332770398214,2894262712,2020-08-16
1295061896282832896,466145570,1118617845246644230,2020-08-16
1295068684226932736,187413029,864572938007322625,2020-08-16
1295057535804809217,47155799,369870261,2020-08-16
1295084639225356290,3610845743,452739360,2020-08-16
1295080796798087168,1155301379595833344,51849318,2020-08-16
1295140738313977856,426028646,1305506941,2020-08-16
1295063075888873472,848591867092410368,848591867092410368,2020-08-16
1295070030837710849,1245901213255811074,1268433865397473281,2020-08-16
1295066203153510401,829536330275188737,848069830548668416,2020-08-16
1295065784369262593,36623,36623,2020-08-16
1295070831119343616,91623824,192388940,2020-08-16
1295071150117027841,829536330275188737,1231275520148549632,2020-08-16
1295072551228641280,1141459330807545857,3585488054,2020-08-16
1295069154479869953,806304970429657088,4891981774,2020-08-16
1295097343080116224,423195810,26545118,2020-08-16
1295071991892910081,829536330275188737,1072116309679316992,2020-08-16
1295071066193367041,43641554,43641554,2020-08-16
1295083041203851265,986619506842882048,1170005871474032642,2020-08-16
1295077569910407168,203725188,203725188,2020-08-16
1295076455794331649,557559865,557559865,2020-08-16
1295077347968917506,373269007,373269007,2020-08-16
1295079925091840000,1572159853,881598753634779136,2020-08-16
1295079388153708544,911645346421342208,911645346421342208,2020-08-16
1295124491996205056,460233029,1172292222764503040,2020-08-16
1295181291768492032,2818295215,2818295215,2020-08-17
1295081325255434240,809539160147107840,1876927196,2020-08-16
1295082850555842560,984605262999732225,219201178,2020-08-16
1295083621322170368,728398479605661696,1192093231342858240,2020-08-16
1295084681826885632,1142149607385915393,902543892,2020-08-16
1295105956800421888,856778773810659328,1136355226888286208,2020-08-16
1295085278248316928,454606104,19303469,2020-08-16
1295087851705688065,45379272,846360560455335936,2020-08-16
1295089579326930944,19303469,454606104,2020-08-16
1295086929466347525,3393186119,494411032,2020-08-16
1295087553863995405,74777399,74777399,2020-08-16
1295105930380685312,30106647,1921265666,2020-08-16
1295092019195305984,2865907814,877266639653294080,2020-08-16
1295094786467205120,1142149607385915393,902543892,2020-08-16
1295091438766755842,3112701491,995319406325616640,2020-08-16
1295095230253928449,937523095392440320,730256470051192837,2020-08-16
1295093678059532291,70544000,840647696562155520,2020-08-16
1295095365339951104,840647696562155520,70544000,2020-08-16
1295094713079521281,479568408,479568408,2020-08-16
1295096010793000964,479568408,479568408,2020-08-16
1295097717430136836,479568408,479568408,2020-08-16
1295097719439134721,479568408,479568408,2020-08-16
1295149738451296258,621569373,157257134,2020-08-17
1295099293477609479,18184205,100588178,2020-08-16
1295106658020896768,310620955,1263864569363148800,2020-08-16
1295107112872431616,88934626,302950985,2020-08-16
1295106444245839872,17226335,17226335,2020-08-16
1295106500038406146,1195564964641230848,1195564964641230848,2020-08-16
1295499729040596992,2747341140,2747341140,2020-08-17
1295120911750909952,284631754,439521134,2020-08-16
1295110259267244034,779306848021250048,276966717,2020-08-16
1295112670304231427,898946995,862680659852238848,2020-08-16
1295131705137864708,1077633642367721473,1229776813091676160,2020-08-16
1295117551404552195,811660085101400064,3014278743,2020-08-16
1295110772205395968,829536330275188737,20404806,2020-08-16
1295117843512664064,358904706,103892662,2020-08-16
1295111106373902338,1272918670323224577,41044194,2020-08-16
1295115644795527168,811660085101400064,1462919173,2020-08-16
1295112288454795269,34983607,1263619043854028802,2020-08-16
1295117748725587969,2581791612,1206307930020040704,2020-08-16
1295232618317799424,974801657358819328,974801657358819328,2020-08-17
1295113321725796353,814373143,814373143,2020-08-16
1295116709750165506,19483125,19483125,2020-08-16
1295133297341870083,53156029,745668816412221440,2020-08-16
1295117368977489927,373727950,2987502709,2020-08-16
1295117741339410432,42236763,42236763,2020-08-16
1295119078865199104,2581791612,3028284825,2020-08-16
1295119570039123968,2581791612,1260246344901541890,2020-08-16
1295121461515091973,28417631,143914401,2020-08-16
1295123816427991040,1732832239,2717834801,2020-08-16
1295387011348668421,21327043,823593453112229889,2020-08-17
1295126711793627136,348138733,348138733,2020-08-16
1295133250067804162,32964416,1157344482356015108,2020-08-16
1295145155100581889,192538987,76221829,2020-08-16
1295127933913309190,3322710906,3322710906,2020-08-16
1295129686037729289,213766032,213766032,2020-08-16
1295131557980770306,2581791612,49137779,2020-08-16
1295850369826914309,330062125,779520929265176577,2020-08-18
1295155010419003394,888240081865232384,888240081865232384,2020-08-17
1295175588404006912,725111657446305792,303541598,2020-08-17
1295257607670824960,1267566255181004803,347547067,2020-08-17
1295133670483927048,236487888,198357693,2020-08-16
1295139076299988994,1242613765679591424,2852887700,2020-08-16
1295138254614859777,2581791612,1205654030527143936,2020-08-16
1295150981324275712,740713342264705025,1217905821616680960,2020-08-17
1295139400196722690,1279832675323449350,806390224955867136,2020-08-16
1295141218951733248,995448283555233793,995448283555233793,2020-08-16
1295142300973019136,786277162265354240,786277162265354240,2020-08-16
1295150054886510592,1249654706667995137,1295028981511663617,2020-08-17
1295145420839149568,877495409740050432,560014133,2020-08-16
1295147956262166528,786277162265354240,786277162265354240,2020-08-16
1295149773847244800,1083563858403438594,19131018,2020-08-17
1295147418858786817,2581791612,32251516,2020-08-16
1295152233772773376,157257134,621569373,2020-08-17
1295211724765831170,40740469,1243876693955080192,2020-08-17
1295152671607857152,1228415516110245889,212092445,2020-08-17
1295153900614492165,775884789089918976,775884789089918976,2020-08-17
1295157834666201095,1236089975894138880,766909639,2020-08-17
1295172747493089286,1215036445850832896,2981776113,2020-08-17
1295159275891949568,906701868319039488,853019849957793792,2020-08-17
1295178594356953088,417230948,488560615,2020-08-17
1295157693028732928,271089294,844586742988652545,2020-08-17
1295159155569893376,3310943306,1046170556893155328,2020-08-17
1295852369276788736,330062125,1606384586,2020-08-18
1295160803155419137,1086976130819809280,818582157341769729,2020-08-17
1295160878048960513,840711722,840711722,2020-08-17
1299276265040613376,3434121513,3434121513,2020-08-28
1295165076622782465,4315705875,4315705875,2020-08-17
1295166700493647872,388871363,388871363,2020-08-17
1295184664647401473,825468354819289088,1220985323532050433,2020-08-17
1295171355726487557,1531372454,1531372454,2020-08-17
1295174841277059076,41448115,2716105723,2020-08-17
1295173792327663616,181274720,912524255656636416,2020-08-17
1295172736696741888,1014590611540676609,779879391606087680,2020-08-17
1295362405229305860,222367884,18108116,2020-08-17
1295173959630102528,186961616,742821961601056768,2020-08-17
1295178452245643265,1126160624151662592,2362050348,2020-08-17
1295177482396676106,1199013516377767936,465158443,2020-08-17
1295181014214553600,969943029112025089,85712269,2020-08-17
1296108080870985728,2474749586,2474749586,2020-08-19
1295179120956014592,2513669860,2513669860,2020-08-17
1295181513772892163,2228878592,171653078,2020-08-17
1295199090939252739,1186659239005167621,1281433041894871046,2020-08-17
1295182653411323911,615543962,1008724626581618689,2020-08-17
1295213334770278401,13132342,1051622330512928773,2020-08-17
1295185348381691904,346948294,928578721,2020-08-17
1295184322568298496,16297707,16297707,2020-08-17
1295184756267786240,16297707,16297707,2020-08-17
1295189868734283777,16297707,16297707,2020-08-17
1295240586451210240,864572938007322625,35775038,2020-08-17
1295190904588963840,8446712,420426926,2020-08-17
1295191248337137665,1077790895783653377,1219273569491918848,2020-08-17
1295191368747192320,1077790895783653377,891643310,2020-08-17
1295196046721785856,222554961,222554961,2020-08-17
1295194515297521664,16297707,16297707,2020-08-17
1295198407603232769,16297707,16297707,2020-08-17
1295199471173697537,1450536576,1450536576,2020-08-17
1295199738904469504,1267981669195079680,1267981669195079680,2020-08-17
1295228139254288385,115290030,146546844,2020-08-17
1295202161723416581,21522338,1162865342219243520,2020-08-17
1295206448578859008,273469398,2428160305,2020-08-17
1295240027933478913,115290030,146546844,2020-08-17
1295212518005039104,839985545287720965,839985545287720965,2020-08-17
1295204287652532224,1121530727517044736,186882613,2020-08-17
1295204262369275906,2581791612,910922806438834176,2020-08-17
1295205730690248709,1242613765679591424,876648977692856322,2020-08-17
1295374538855854081,2581791612,935982765266358274,2020-08-17
1295208791378497536,213078185,1901583451,2020-08-17
1295208398464589824,147961626,147961626,2020-08-17
1295211942135595008,1186490337633673219,1295060639635984384,2020-08-17
1295211946837454849,837475440931397632,1870013934,2020-08-17
1295212778731561001,2835609500,32638159,2020-08-17
1295249787910893568,109064246,34221201,2020-08-17
1295376158364663810,2581791612,1155612897864769542,2020-08-17
1295358190033534976,34643610,34643610,2020-08-17
1295239484800299008,984605262999732225,2358303461,2020-08-17
1295225668846968832,595905556,595905556,2020-08-17
1295226194800107520,905216064983793664,905216064983793664,2020-08-17
1295316105360285700,3308046974,618649555,2020-08-17
1295427053840248832,15716568,526667237,2020-08-17
1295234594095038464,124585685,2910561478,2020-08-17
1295229089985384448,23370109,253249321,2020-08-17
1295228813950029829,949168023868493824,949168023868493824,2020-08-17
1295230146153025536,1262681012120752129,1195760414375596035,2020-08-17
1295234065247936513,624075829,624075829,2020-08-17
1295231742547128320,1195760414375596035,1262681012120752129,2020-08-17
1295235124615839744,1279798278910103553,1279798278910103553,2020-08-17
1295263179388248064,1262681012120752129,1215946415681105923,2020-08-17
1295244979091038214,25235151,1240672426624798721,2020-08-17
1295244971629514752,21522338,1108518645175447552,2020-08-17
1295253957523243008,21522338,3279955086,2020-08-17
1295360293258711040,3820326674,1096834787715805184,2020-08-17
1295246168541167618,933157680033579008,1107454087610728448,2020-08-17
1295250134255562752,38717590,38717590,2020-08-17
1295253106859671555,1190267587780841472,900029453094580225,2020-08-17
1295269914601615360,14548167,14548167,2020-08-17
1295255997431177216,1592434279,1592434279,2020-08-17
1295357080891805697,1121263292071260161,1294082477552672770,2020-08-17
1295270960703168512,1281433041894871046,1186659239005167621,2020-08-17
1295277187264847874,1281433041894871046,1239326417944485889,2020-08-17
1295276762474086401,72058741,1006589734548799489,2020-08-17
1295277084542214144,1051545854924996609,1051545854924996609,2020-08-17
1295802807337926657,123868727,4838075657,2020-08-18
1295287949102387200,1266138493933293569,1266138493933293569,2020-08-17
1295287528086360064,1092703286912737280,1092703286912737280,2020-08-17
1295301938712416257,919121358407241728,1094694582078586881,2020-08-17
1295306263614504960,919121358407241728,1094694582078586881,2020-08-17
1295314217868955648,32251437,2381303322,2020-08-17
1295308538344964096,919121358407241728,1094694582078586881,2020-08-17
1295310015847309312,1134306024,1134306024,2020-08-17
1295312112416206848,919121358407241728,1094694582078586881,2020-08-17
1295312248936620032,920933590833213440,919121358407241728,2020-08-17
1295315124266426369,920933590833213440,1251228877004955648,2020-08-17
1295318367482580992,3195419603,1079441404353495041,2020-08-17
1295478176550998016,84622160,161689838,2020-08-17
1295323637030031362,876867028929445888,1039779494708432896,2020-08-17
1295325383651450881,397423049,384657056,2020-08-17
1295327620121399296,1285465911504392192,1285465911504392192,2020-08-17
1295328277691850752,47506068,845252162183729152,2020-08-17
1295328079397548032,1286989518948544512,1246425706285780998,2020-08-17
1295330141422391296,1055673638,331656337,2020-08-17
1295329809078210560,366498596,783701993067991040,2020-08-17
1295332615113900033,38751027,38751027,2020-08-17
1295333288467410944,219862792,219862792,2020-08-17
1295351252830871552,150999483,150999483,2020-08-17
1295335097705660416,803801513583722496,1134848690538012673,2020-08-17
1295357214345977868,1198390503932219393,65117136,2020-08-17
1295350762193793025,65510734,1240712182263930880,2020-08-17
1295337763701690370,2249531,2249531,2020-08-17
1295338652336304129,17919393,17919393,2020-08-17
1295341050391912449,115308684,76185029,2020-08-17
1295342671020666880,1277989705829830662,1277989705829830662,2020-08-17
1295338795294851073,17164263,17164263,2020-08-17
1295350641267802114,156325048,1195009697683791873,2020-08-17
1295365474318987265,45424010,97187811,2020-08-17
1295524848823918592,305420344,369599908,2020-08-18
1295363817266872322,1228764896726261765,794325020260470784,2020-08-17
1295350952346759169,115308684,116315018,2020-08-17
1295356521853976576,76682484,257332880,2020-08-17
1295448516358221824,4869713890,1035890966794829824,2020-08-17
1295353012697931783,27638362,27638362,2020-08-17
1295363483354226689,1250161155395502088,51779655,2020-08-17
1295353698516905985,115308684,116315018,2020-08-17
1295381180838281216,2581791612,1047854297101291520,2020-08-17
1295356491805884417,28635386,28635386,2020-08-17
1295363733628256256,1702046966,1702046966,2020-08-17
1295359215578603522,728747154,1123521930240434176,2020-08-17
1295865562451578880,1287788548825980935,21122579,2020-08-18
1295371313327026179,16160352,16160352,2020-08-17
1295367807014547456,1714581456,1714581456,2020-08-17
1295366045369339904,2377337666,11862072,2020-08-17
1295366424907649024,11862072,2377337666,2020-08-17
1295366591903936512,1263214681398939651,1263214681398939651,2020-08-17
1295366991486885888,343019754,343019754,2020-08-17
1295367130632904711,18227438,18227438,2020-08-17
1295448375802957825,827813052804378625,827813052804378625,2020-08-17
1295370525267509248,1272918670323224577,1268397047511564288,2020-08-17
1295373468964466690,813229782947209216,4898760924,2020-08-17
1295372625712222212,2752362687,2752362687,2020-08-17
1295382134052593665,2581791612,43477564,2020-08-17
1295391150174547968,1275737919215603717,796491458018738177,2020-08-17
1295374085325836292,4898760924,813229782947209216,2020-08-17
1295374316503281665,1167921094688464896,1167921094688464896,2020-08-17
1295377223189372928,2740426550,63993923,2020-08-17
1295376725271027712,230855347,230855347,2020-08-17
1295382359416725504,2724400534,253668804,2020-08-17
1295379184198574080,1015497445340516352,1015497445340516352,2020-08-17
1295379705349181440,570448842,239649135,2020-08-17
1295381269216468994,16523905,1271616115689418752,2020-08-17
1295382041677135873,3195419603,122593067,2020-08-17
1295383055767666688,986378527577604098,986378527577604098,2020-08-17
1295383246277140480,1240668212884377600,1240668212884377600,2020-08-17
1295383831311192067,993368199755218949,993368199755218949,2020-08-17
1295383629976293377,155624905,155624905,2020-08-17
1295427722664173573,4072249648,1014294844624252928,2020-08-17
1295385898612330496,942540739,572706703,2020-08-17
1295389196287463426,133819524,133819524,2020-08-17
1295392271257436160,1030001237608083457,282679044,2020-08-17
1295393236824064000,1158317666706370562,1259658833808502784,2020-08-17
1295392321022783490,10438002,10438002,2020-08-17
1295391988171366401,1429425091,1429425091,2020-08-17
1295394317662642178,811660085101400064,1462919173,2020-08-17
1295393759354642433,37904694,1893040825,2020-08-17
1295395965529198601,2459724638,1857564372,2020-08-17
1295403223881310208,374788786,374788786,2020-08-17
1295394832693821441,2581791612,2468470636,2020-08-17
1295598499283820549,192388940,91623824,2020-08-18
1295402185191313409,13951732,13951732,2020-08-17
1295417303258075137,1125440554316259328,468181483,2020-08-17
1295397839988838409,2459724638,719975030633816064,2020-08-17
1295397784565276675,2581791612,2468470636,2020-08-17
1295399780928163840,569872967,127223775,2020-08-17
1295400699174453249,127223775,569872967,2020-08-17
1295402160235126788,214489972,214489972,2020-08-17
1295401042532802560,931286316,1293686344590462976,2020-08-17
1295416516561838081,520665722,520665722,2020-08-17
1295408650090090497,583923033,888110508,2020-08-17
1295404297803517952,610349817,610349817,2020-08-17
1295404616759287808,764476890,764476890,2020-08-17
1295411124582711305,19870490,486362572,2020-08-17
1295405779781124097,2581791612,2468470636,2020-08-17
1295407460799467520,2626655253,2626655253,2020-08-17
1295408607333191680,1146662502933127168,54737497,2020-08-17
1295440274957561861,1156854296882884608,1221870527079272449,2020-08-17
1295409737878708224,56458698,45372296,2020-08-17
1295420476777476096,1172242189,81798712,2020-08-17
1295412519922786304,1287985217869840384,1287985217869840384,2020-08-17
1295412915881816065,1022788259120906241,1022788259120906241,2020-08-17
1295415497136242689,108931553,108931553,2020-08-17
1295416278358716416,1238554268035997696,2970143157,2020-08-17
1295419963025612801,16533459,16533459,2020-08-17
1295417137708883969,41194235,21892247,2020-08-17
1295815743267840000,114633938,114633938,2020-08-18
1295422290268741633,385204922,57229559,2020-08-17
1295421348400050178,19000808,76164865,2020-08-17
1295424591981092869,1295019123613798400,1295019123613798400,2020-08-17
1295533780661239808,33143291,95885709,2020-08-18
1295519057190543361,1687076912,2821838769,2020-08-18
1295422959646105600,19000808,92823452,2020-08-17
1295439154860482562,2383991174,1163648925338759168,2020-08-17
1295423398517125126,449032295,449032295,2020-08-17
1295423840361811970,18695134,18695134,2020-08-17
1295426399726182401,1046170556893155328,3310943306,2020-08-17
1295424356194168832,19000808,27272814,2020-08-17
1295618210964705281,1263046626408566784,1263046626408566784,2020-08-18
1295428515047837698,1295019123613798400,1295019123613798400,2020-08-17
1295425518641262597,804432955980464129,804432955980464129,2020-08-17
1295426721244733440,2844446171,146846995,2020-08-17
1295426429232979968,2336171532,2336171532,2020-08-17
1295508115396362247,413773321,38620918,2020-08-17
1295428517858029568,1022118808797032450,1022118808797032450,2020-08-17
1295429929979523073,859087548,329970565,2020-08-17
1295431058079518721,864595401818689536,864595401818689536,2020-08-17
1295468439285334016,160642637,4143424276,2020-08-17
1295441705651417088,967465623507759105,3325921306,2020-08-17
1295453196740169733,1268838050798452742,1119226683192692736,2020-08-17
1295954925080330240,1221870527079272449,1156854296882884608,2020-08-19
1295440634178871303,100390281,100390281,2020-08-17
1295769453922312198,950544858233606150,1024756216013185031,2020-08-18
1295444364684980224,285704458,90681475,2020-08-17
1295442652658388994,16228337,16228337,2020-08-17
1295446900729053184,806304970429657088,1060969783787540480,2020-08-17
1295656587978108928,327825918,3133774975,2020-08-18
1295468872636805121,255679559,375824505,2020-08-17
1295450565632303105,728751455730073602,1263466274304245760,2020-08-17
1295505600655302656,4485449067,1236129570723635200,2020-08-17
1295450506320519168,382499641,824343957647884289,2020-08-17
1295451515252092928,10335822,10335822,2020-08-17
1295455271737647104,764000448,137548555,2020-08-17
1295452046968131585,137752344,137752344,2020-08-17
1295460905409486848,982377732230254599,982377732230254599,2020-08-17
1295453295893520392,1265815797731135488,1265815797731135488,2020-08-17
1295477677432934402,867217880,867217880,2020-08-17
1296194941127995392,706474578,706474578,2020-08-19
1295460754418626560,1100841476966146048,753306672672628736,2020-08-17
1295463982065684493,824787330493972480,824787330493972480,2020-08-17
1295463733481832449,2172163683,2172163683,2020-08-17
1295609477790662656,424516390,244149052,2020-08-18
1295503543537819648,1246870023802482688,2808650785,2020-08-17
1295467788820189184,492702318,492702318,2020-08-17
1295468645112455169,62065766,158960716,2020-08-17
1295680404465299456,4541141723,26426586,2020-08-18
1295485415915307008,1141090089373536256,1141090089373536256,2020-08-17
1295470385757028355,158857454,158857454,2020-08-17
1295473570890612738,1007665297682296832,1007665297682296832,2020-08-17
1295476403236999168,135344339,135344339,2020-08-17
1295489545799172097,1106927792099418112,310139396,2020-08-17
1295832445405757445,165869956,776043518498377728,2020-08-18
1295480519912693760,256386293,1609154186,2020-08-17
1295501882161532931,2910719740,2910719740,2020-08-17
1295482287341989888,42859515,1270848020985380865,2020-08-17
1295481865135161344,1286311663671496707,1286311663671496707,2020-08-17
1295482690213302272,84198582,84198582,2020-08-17
1295503374134149120,1241143393562091520,550288757,2020-08-17
1295485178811310080,255073628,255073628,2020-08-17
1295485573403033601,1070083706822438912,1070083706822438912,2020-08-17
1295486902359883776,254814034,1204097225774817283,2020-08-17
1295488295523291137,21903459,21903459,2020-08-17
1295496866558222337,116042984,1295472675163385858,2020-08-17
1295488893471657985,589914443,1533794443,2020-08-17
1295535467933433856,2433233743,2433233743,2020-08-18
1295493796541726721,784899771647594496,802891619649339392,2020-08-17
1295491947344179200,571219507,571219507,2020-08-17
1295705595593592835,825468354819289088,1220985323532050433,2020-08-18
1295495152241463297,21522338,3287770974,2020-08-17
1295492916971020288,42084373,42084373,2020-08-17
1295493875734384640,1074347987852320768,773948964,2020-08-17
1295496374339993600,792521479,792521479,2020-08-17
1295505236031938561,268409903,2914478018,2020-08-17
1295498968928002048,116835497,116835497,2020-08-17
1295499231277481985,195335296,22651526,2020-08-17
1295498623711510528,3350923527,3350923527,2020-08-17
1295498244676517888,781235054919946240,781235054919946240,2020-08-17
1295676900027830277,4013935647,4013935647,2020-08-18
1295498998682284033,870119863,29526509,2020-08-17
1295503094185263104,43846520,703061637482225664,2020-08-17
1295506970917691393,4427254040,40986998,2020-08-17
1295518131348287488,108103504,2161521325,2020-08-18
1295501464345800704,762522504,902476398576721924,2020-08-17
1295509361452777479,1280262239631663104,186661902,2020-08-17
1295516086360846336,1708304768,1708304768,2020-08-18
1295506692348747776,1118309603849191424,1266056640207486977,2020-08-17
1295511350890893312,17667706,17667706,2020-08-18
1295511306926059520,954511552136146944,954511552136146944,2020-08-18
1295511948633743361,254147536,254147536,2020-08-18
1295515166684205062,160726477,160726477,2020-08-18
1295515560256528384,1267322006665457669,1267322006665457669,2020-08-18
1295515861936222215,17642409,926226611741052928,2020-08-18
1295517688870051840,1228415516110245889,49040346,2020-08-18
1295524714757017601,16794538,1045464293599145985,2020-08-18
1295518645125341186,926226611741052928,17642409,2020-08-18
1295525952517074944,1283167889416056832,2683585764,2020-08-18
1295523657058594817,16872076,43728481,2020-08-18
1295525059902287874,1196595414755106816,1196595414755106816,2020-08-18
1295612642707546114,21522338,241748669,2020-08-18
1295525592884887552,1030947907065659393,8317872,2020-08-18
1295863307598024705,778902517,778902517,2020-08-18
1295604806036475905,838379981910724612,77455180,2020-08-18
1295527244375326720,15867018,1134095572556640256,2020-08-18
1296085348183953408,3081983657,516267794,2020-08-19
1295530873991962628,1118309603849191424,1266056640207486977,2020-08-18
1296921155404693506,2344400456,2344400456,2020-08-21
1295649157005242371,1285818362484776961,1285818362484776961,2020-08-18
1295530532218925057,16794538,1045464293599145985,2020-08-18
1295625700976648193,976839101260423176,1063583917,2020-08-18
1295534193015808001,1294253441649262592,27516458,2020-08-18
1296019873496281088,805430712878788609,1243741700285177856,2020-08-19
1295534479268872192,461652793,2182478876,2020-08-18
1295533507050196993,14313203,3301686212,2020-08-18
1295536731631030278,23721130,1279183436,2020-08-18
1295535738235359232,41448115,466148253,2020-08-18
1295537068081373185,21387044,21387044,2020-08-18
1295548309151584256,375364258,1294457197833998338,2020-08-18
1295538249235083264,33965716,33965716,2020-08-18
1295543566291345408,1659152678,464216405,2020-08-18
1295548866037653505,65717105,65717105,2020-08-18
1295539567580372997,205392468,205392468,2020-08-18
1295539618113368075,627643516,627643516,2020-08-18
1295539613386252288,1280876290120151042,1280876290120151042,2020-08-18
1295539924633096195,1955967595,17532113,2020-08-18
1295540730786717698,1239599332770398214,1260028052664233985,2020-08-18
1295541003638788096,3675085705,3675085705,2020-08-18
1295541960804048897,745866841,745866841,2020-08-18
1295541523115778048,1072912068,1072912068,2020-08-18
1295541925840326661,37904694,1061630048,2020-08-18
1295542287024480259,20713247,20713247,2020-08-18
1295544461439700992,1312560673,1312560673,2020-08-18
1295545253362049025,27512619,27512619,2020-08-18
1295542178723356675,1239599332770398214,1213256277549187072,2020-08-18
1295542318846681091,17779335,17779335,2020-08-18
1295542324005687298,17779335,17779335,2020-08-18
1295543710789271552,892980289617760256,892980289617760256,2020-08-18
1295545370618015744,746468684156198912,3318095221,2020-08-18
1295545471746932737,48391014,740988637555359744,2020-08-18
1295547127972745217,129275251,1280167534025637889,2020-08-18
1295551220522921985,853229442,853229442,2020-08-18
1295562374691389440,21522338,1332630685,2020-08-18
1295548670939668480,41448115,303970010,2020-08-18
1295558683057782784,20064323,20064323,2020-08-18
1295727268145303553,410423225,72575850,2020-08-18
1295554782757900288,497454641,260422985,2020-08-18
1295552755755622400,15650636,381725263,2020-08-18
1295688641457590272,1291650635092418560,1022651188372627458,2020-08-18
1295675233433718784,81280437,1292981700037873666,2020-08-18
1295555654342541312,45573874,45573874,2020-08-18
1295575840286179329,21522338,294746731,2020-08-18
1295555755970457601,2905628988,2905628988,2020-08-18
1295556909454561285,159583068,878025997,2020-08-18
1295557386371989506,288277167,288277167,2020-08-18
1295560109595254784,828037655489228800,1723517101,2020-08-18
1295567359672025088,832414616,832414616,2020-08-18
1295559412388700163,1045152173166919680,1160215753724956672,2020-08-18
1295691181859405824,748992510232391681,748992510232391681,2020-08-18
1295640659060236289,937422446323314688,794175271,2020-08-18
1295570484994555904,93559769,710811064687042560,2020-08-18
1295569904561721344,1074487791747301376,1074487791747301376,2020-08-18
1295566479874764807,1106927792099418112,17798146,2020-08-18
1295569411772997638,1272196034769412100,398285000,2020-08-18
1295567209633386497,209605257,209605257,2020-08-18
1295569957992849408,785042904234549248,785042904234549248,2020-08-18
1295576878598754304,1191862600411336704,1191862600411336704,2020-08-18
1295576061036695554,1280643450875121665,1213842352072060928,2020-08-18
1295576622339223553,35769315,35769315,2020-08-18
1295696003753021447,3081983657,936699831363473409,2020-08-18
1295579413770391554,4516557441,423523485,2020-08-18
1295581980654891008,1164280563487801344,39193037,2020-08-18
1295592400656760832,1233574092734894081,308622462,2020-08-18
1295586472242950144,822800071033032708,354682944,2020-08-18
1295649181684518912,873870952941203456,1157806649622618123,2020-08-18
1295707653964992514,807838866,1287077155730595848,2020-08-18
1295585401424482304,108433481,283848496,2020-08-18
1295770221920137217,854520708415672321,248078134,2020-08-18
1295587051153190912,42859515,872288123744657409,2020-08-18
1295589626204139520,1083804334419103745,1145918349072748544,2020-08-18
1295616226052333568,2273676134,990901412409229317,2020-08-18
1295599072582275072,14774228,14774228,2020-08-18
1295597765423058945,23786281,283890017,2020-08-18
1295596015039516672,1659152678,464216405,2020-08-18
1295762300524273665,20319057,15128652,2020-08-18
1295600380252786688,98496752,98496752,2020-08-18
1295767434612428812,124528960,1219080637375811585,2020-08-18
1295612555306643457,1274328944540635136,2827867689,2020-08-18
1295609116505919489,371223749,4656849994,2020-08-18
1295697136500252672,3081983657,387450219,2020-08-18
1295680636313915392,1242561770423713794,474822811,2020-08-18
1295608846283677696,713075251320631296,713075251320631296,2020-08-18
1295617464638808065,569928506,243586130,2020-08-18
1295614426901487617,3060075937,405561109,2020-08-18
1295622405855957003,2813826504,1242295207581736962,2020-08-18
1295620568914550784,8378532,8378532,2020-08-18
1295622580037210113,230554921,1528972226,2020-08-18
1295626980193447936,920933590833213440,1242711526789844992,2020-08-18
1295625487172206592,221470412,221470412,2020-08-18
1295710305251659776,289878366,554495365,2020-08-18
1295630929277472768,3589106594,1310207084,2020-08-18
1295630974814838784,37847195,37847195,2020-08-18
1295731094977949697,906573669417275392,2566064281,2020-08-18
1295646890793476098,1206298156364754944,987143513073733632,2020-08-18
1295699949724872704,1265323343609282561,342553803,2020-08-18
1295717077270122497,1279832675323449350,3183308569,2020-08-18
1295679594314575873,108951721,108951721,2020-08-18
1295662013482377216,1282275874025304065,530829398,2020-08-18
1295659163377426433,117644657,1100386497838993408,2020-08-18
1295673913859604481,4365847755,14793072,2020-08-18
1295668755289092096,1206298156364754944,987143513073733632,2020-08-18
1295667327195844608,1183131308635148288,1414900302,2020-08-18
1295667594863816705,3881863108,3881863108,2020-08-18
1295677912473980928,1295661418855841793,1295661418855841793,2020-08-18
1295683005986541568,400194064,400194064,2020-08-18
1295683772998922241,18803299,18803299,2020-08-18
1295674984929558529,518469622,7530762,2020-08-18
1295681002241695745,49046312,949978384045608961,2020-08-18
1295676734663208966,51891679,1032298832992845824,2020-08-18
1295680931286704129,732768811,864487727105847297,2020-08-18
1295699935510376448,1413482756,1266176728004730886,2020-08-18
1295681056717393920,217801164,217801164,2020-08-18
1296046951964839937,247975042,247975042,2020-08-19
1295688269510914048,198910545,1246360831832571904,2020-08-18
1295686657564381184,22639515,24707450,2020-08-18
1295685758792204295,250690720,250690720,2020-08-18
1295691430757793792,806304970429657088,1243714533648224256,2020-08-18
1295766382781460485,426028646,829332791221428224,2020-08-18
1295728459155738624,2504426557,1160674750789816320,2020-08-18
1295691592221761540,764478075400654848,855110291297841152,2020-08-18
1295693328030277632,186961616,1237914437086072834,2020-08-18
1295722088255430663,71860801,33481336,2020-08-18
1295696845855842305,964236964554686464,964236964554686464,2020-08-18
1295704710423478272,3305821185,1208431516641947648,2020-08-18
1296795016908726272,969786374,969786374,2020-08-21
1295702730078654464,806304970429657088,774629438608637955,2020-08-18
1295701729569312768,732768811,864487727105847297,2020-08-18
1295729609598816257,1266176728004730886,1413482756,2020-08-18
1295702374519115777,35467771,24548652,2020-08-18
1295702838396571648,1106927792099418112,281263381,2020-08-18
1295702907074093065,73153145,34368219,2020-08-18
1295715026955907072,22382135,46934049,2020-08-18
1295706595947683840,2393562482,1022135232949104640,2020-08-18
1295707619844403201,1250730036078018560,993071697241759749,2020-08-18
1295810625348739073,51199642,51199642,2020-08-18
1295774235093340167,43236742,27324583,2020-08-18
1295711497855758342,20319057,113538172,2020-08-18
1296513114805080069,806304970429657088,154512083,2020-08-20
1295879741740929027,1252136327581229062,40945491,2020-08-19
1295712371592310786,1703676193,18151778,2020-08-18
1295779882933329925,733415288113238016,1276894883085717513,2020-08-18
1295715696089763840,493627970,493627970,2020-08-18
1295858949338537984,3434121513,3434121513,2020-08-18
1296077894851141632,881965056329646084,766801418,2020-08-19
1295715970099499008,34983607,1666000508,2020-08-18
1295734442602795008,1498828848,787848726,2020-08-18
1295718445326180353,2214652482,2214652482,2020-08-18
1295718748175966210,14947030,1249560290573733889,2020-08-18
1295719410309697537,714921092985528321,714921092985528321,2020-08-18
1295720184196534277,17919393,17919393,2020-08-18
1295722082010103817,1002209749327400960,1002209749327400960,2020-08-18
1295723307824799744,281572253,281572253,2020-08-18
1295949592001777665,3238394196,826882279398060032,2020-08-19
1295728641750392833,836350213,6691762,2020-08-18
1295724380543225856,977223672564940800,977223672564940800,2020-08-18
1295752351031144448,1280699765777477633,857415830803542017,2020-08-18
1295726835762855937,66829366,66829366,2020-08-18
1295728514881081344,858323610422853633,858323610422853633,2020-08-18
1295729051244650501,1000121898,37657284,2020-08-18
1295728787104182272,1208840866854559745,1208840866854559745,2020-08-18
1295728975541604352,18782005,18782005,2020-08-18
1295729461887983617,18782005,18782005,2020-08-18
1295730163733483525,971443619650469890,971443619650469890,2020-08-18
1295734273723387905,18956073,18956073,2020-08-18
1295733353380028416,1178580480171614209,183861868,2020-08-18
1295758785341009922,1248762078170669057,539566673,2020-08-18
1295736119468777472,21446951,785139332814344192,2020-08-18
1295736145192591360,3057759609,3057759609,2020-08-18
1296147188649779203,763892778069741568,763892778069741568,2020-08-19
1295739419979403265,14246644,14246644,2020-08-18
1295739911736303621,1112381349611081733,1112381349611081733,2020-08-18
1295739546894831618,13678962,13678962,2020-08-18
1295739461830094851,1230576844388388865,1230576844388388865,2020-08-18
1298619511013289984,62829818,1189941378228224000,2020-08-26
1295740885007826949,15604572,15604572,2020-08-18
1295754674658779160,115308684,122650014,2020-08-18
1296325044696752128,40972252,17723517,2020-08-20
1295869497786675204,1232436885160710147,426835681,2020-08-18
1295753694038949888,2875685303,942409478787534849,2020-08-18
1295758069683630082,1132685199056277505,1280695893772038145,2020-08-18
1295754121480474630,1013241804773318656,1013241804773318656,2020-08-18
1295824929007566848,886239052936163330,950099860262473728,2020-08-18
1295752737016229888,496376698,496376698,2020-08-18
1295753627253051393,31583882,31583882,2020-08-18
1295756099098796032,796953934132838400,20568677,2020-08-18
1295755300218208256,75311987,498676286,2020-08-18
1295754397650231297,758951470653771776,758951470653771776,2020-08-18
1295755064406085632,1249822761041768448,1249822761041768448,2020-08-18
1295755916059574273,404951858,404951858,2020-08-18
1295755713365581825,295987623,853565917,2020-08-18
1295755430463975431,115308684,122650014,2020-08-18
1295759490856427521,216067608,216067608,2020-08-18
1295757641612963842,1464921007,1464921007,2020-08-18
1295760171961061377,1148235738535911425,3444121822,2020-08-18
1295758416003072000,130409268,999507000,2020-08-18
1295759207556247554,18340526,18340526,2020-08-18
1295763673076531200,539566673,1248762078170669057,2020-08-18
1295852092117209090,505362782,505362782,2020-08-18
1295762241590108161,779306848021250048,325816088,2020-08-18
1295770941041938432,1267209173944557569,879414539460202496,2020-08-18
1295763243659649024,779306848021250048,303056916,2020-08-18
1295810166458322952,1204480029855551489,877951148618940417,2020-08-18
1295764052745113600,779306848021250048,334131548,2020-08-18
1295766287965200384,14925817,573956797,2020-08-18
1295767550614048768,3008391016,3008391016,2020-08-18
1296317824227393537,4502891354,837827174799409153,2020-08-20
1295772651307315201,1344539976,1295477927547678720,2020-08-18
1295776771770667008,281464648,281464648,2020-08-18
1296084109047955458,1018096851851997184,909600473073688577,2020-08-19
1295774083687292940,1286837304229863424,1485716220,2020-08-18
1295801603539308544,2326364802,2326364802,2020-08-18
1295777554109018116,3051551999,279669376,2020-08-18
1295895901727330305,27324583,43236742,2020-08-19
1295774506712170500,4797361833,4797361833,2020-08-18
1296054116972670978,1186621486074925058,1186621486074925058,2020-08-19
1295776582234181632,950097884,950097884,2020-08-18
1295776593873375232,950097884,950097884,2020-08-18
1295777927133638665,313545488,313545488,2020-08-18
1295779240336658437,94218938,94218938,2020-08-18
1295780897749270528,164407518,164407518,2020-08-18
1295804230998134787,2804431698,293033625,2020-08-18
1295792926484815872,625593151,389123762,2020-08-18
1295787692916187136,1286837304229863424,827646974979604480,2020-08-18
1295789268397367296,1158736674744086529,1158736674744086529,2020-08-18
1295787324362563584,167885119,167885119,2020-08-18
1295792097346424834,303904703,840647239,2020-08-18
1295850616577839106,549799144,919837719827812352,2020-08-18
1295791047726043138,1009397060091678720,1009397060091678720,2020-08-18
1295793547090841605,408915161,250503931,2020-08-18
1295793087508291584,727150541260906498,727150541260906498,2020-08-18
1296074735726366729,1093367053526822916,1189916268943593472,2020-08-19
1295796180358770688,490276190,1260519302282784769,2020-08-18
1295803718743597057,1270423516060549123,781279281993383940,2020-08-18
1295801535218290691,75311987,498676286,2020-08-18
1296135240809885701,15952856,15952856,2020-08-19
1295803996129701894,1270423516060549123,781279281993383940,2020-08-18
1295821020574621696,2294954497,1292474360578572288,2020-08-18
1295818432815017986,137740967,277917478,2020-08-18
1295806570538758144,28837984,1059111840700137476,2020-08-18
1295809005005275140,707728513697079297,1278899597243539457,2020-08-18
1295807244764839938,932821980952383488,932821980952383488,2020-08-18
1295811272789942272,1196595414755106816,1196595414755106816,2020-08-18
1295811540969500676,1285742758985162752,1056693928492068865,2020-08-18
1295815172532113411,1294308131812642817,2284156782,2020-08-18
1295821935130161152,1187075774219718657,494997906,2020-08-18
1295813233928962051,1196595414755106816,1196595414755106816,2020-08-18
1295816487228383232,31583882,31583882,2020-08-18
1295816941605728256,1017071376707055618,1017071376707055618,2020-08-18
1295816705281646593,1892442162,1892442162,2020-08-18
1295817209894309891,34855661,34855661,2020-08-18
1295818578944565249,378279588,378279588,2020-08-18
1295821869334102016,4541141723,4541141723,2020-08-18
1295818924941082625,15973721,15973721,2020-08-18
1295833000916131840,3226855927,22688458,2020-08-18
1295856134507487232,713587285,23494080,2020-08-18
1295851346713817090,206180546,1050105588682805248,2020-08-18
1295841874352078848,4871961853,173247432,2020-08-18
1295820963364442112,802029931827961856,465389132,2020-08-18
1295820771831484417,2853548058,2591958392,2020-08-18
1295835787762774018,153151272,153151272,2020-08-18
1295828868574728199,725549906,154558859,2020-08-18
1295823796889362436,25245378,25245378,2020-08-18
1295843774644604929,1408541419,14904569,2020-08-18
1295825189167599617,4541141723,1015029427284127745,2020-08-18
1295854217308053504,707728513697079297,331894844,2020-08-18
1295840033539325952,275104144,4093134554,2020-08-18
1295826224103776260,21421710,21421710,2020-08-18
1296079786037501954,1093367053526822916,1189916268943593472,2020-08-19
1296073131115909122,1251203159911010305,1251203159911010305,2020-08-19
1295870584241430537,277476561,2563840456,2020-08-18
1295927692718673920,27476961,1293304234860052483,2020-08-19
1295835243820261377,2469696024,936366742049382400,2020-08-18
1295832729595060227,18921903,2361232213,2020-08-18
1295834943046610944,1272353890055237632,1294340385569792000,2020-08-18
1295835019311710210,1062377377311977474,140582265,2020-08-18
1295840469038104576,936366742049382400,2469696024,2020-08-18
1296802824584605696,21731632,3201282898,2020-08-21
1296058765008162817,102008349,264666949,2020-08-19
1295838735066714112,132175226,1205201600,2020-08-18
1295837122457288704,1280585659699224576,1280585659699224576,2020-08-18
1295840580791132160,2728574147,1266483726105575427,2020-08-18
1295850596503699456,845008742,364070365,2020-08-18
1295849016601669632,1272353890055237632,1294340385569792000,2020-08-18
1296061842658402304,342822229,381302464,2020-08-19
1295848513759150080,1228415516110245889,1295833429297082368,2020-08-18
1295845726979850242,14737588,14737588,2020-08-18
1296148431271079936,1204480029855551489,57982595,2020-08-19
1295850938142343168,109756637,54454272,2020-08-18
1295850800766361602,759251,759251,2020-08-18
1296454675835781126,990042669937242112,990042669937242112,2020-08-20
1295909663196807170,21522338,188133381,2020-08-19
1295862606427807744,21522338,1956240763,2020-08-18
1295868428712939520,1141090089373536256,1141090089373536256,2020-08-18
1295855349279465472,21522338,110926946,2020-08-18
1296257038616596480,1294442600586387456,18338058,2020-08-20
1295891339268235264,1098167936,1056756281061662720,2020-08-19
1295863043310661632,18782005,936680779085578240,2020-08-18
1295894989541711872,1233574092734894081,1240306522011230208,2020-08-19
1295881659401805828,21522338,1956240763,2020-08-19
1295877949564960768,247977494,2410068528,2020-08-19
1295884507283886080,40728175,361734346,2020-08-19
1295873848555036677,1283515200356982786,22451602,2020-08-19
1296135038623518728,1899311851,759110604456095746,2020-08-19
1295877836813762561,17929151,1012372681960906752,2020-08-19
1295888965510275072,3425325802,3425325802,2020-08-19
1295884682504990720,1147178896963452928,1164948686,2020-08-19
1295886987866583041,955210828453761024,1228131211861725184,2020-08-19
1295884041204318209,836651137,56131808,2020-08-19
1295929666046496770,874828182,757098344254627840,2020-08-19
1296332678812205056,1213027567227113472,1213027567227113472,2020-08-20
1295888234938064900,1466174058,247567140,2020-08-19
1295888057820950528,746488971732127744,746488971732127744,2020-08-19
1295890114741186560,3032393326,3032393326,2020-08-19
1295891110485561345,288971290,288971290,2020-08-19
1295892889931784193,1056756281061662720,1098167936,2020-08-19
1295891884980797442,1278521063006183424,1257109889975009282,2020-08-19
1296087039448932352,16595981,16595981,2020-08-19
1295893568628957184,1257109889975009282,1278521063006183424,2020-08-19
1295892036193783809,2422343682,2422343682,2020-08-19
1295893460575289345,23509204,23509204,2020-08-19
1295893369613410304,1098167936,1056756281061662720,2020-08-19
1295893744219312128,1278521063006183424,1257109889975009282,2020-08-19
1295894103616520195,78377098,57488955,2020-08-19
1295897351115214848,34377792,34377792,2020-08-19
1295895946149191682,45573874,45573874,2020-08-19
1295896579363176451,589914443,29647680,2020-08-19
1295897278704693253,21168541,21168541,2020-08-19
1295899411357278209,275104144,476197885,2020-08-19
1295902289450934277,210870124,2422263974,2020-08-19
1295909511727849475,324727144,324727144,2020-08-19
1295904267996286976,1243316692278628353,822647145249574912,2020-08-19
1295940904059052032,926909484,619619343,2020-08-19
1295901542143291392,344140145,344140145,2020-08-19
1295923867966246912,15798010,39212821,2020-08-19
1296064044126871552,358196511,3372819652,2020-08-19
1295902050291785728,168532460,27277770,2020-08-19
1295916310413471746,3885598279,3885598279,2020-08-19
1295903852823076865,90988994,90988994,2020-08-19
1295910396717608961,73280895,73280895,2020-08-19
1295937915856523264,2422263974,210870124,2020-08-19
1295903151627763712,15729207,15729207,2020-08-19
1295904737728978944,1228929207394127872,879380882754338816,2020-08-19
1295907211734966272,258176399,37737536,2020-08-19
1295923587333984258,709207687918059520,1295757960531017728,2020-08-19
1295914567927828481,227406960,227406960,2020-08-19
1295909759120486400,1135550140511596545,1135550140511596545,2020-08-19
1295911197477351425,3734916796,1188978320756658178,2020-08-19
1295911441363374082,172895855,172895855,2020-08-19
1295911685308506119,41448115,1468663206,2020-08-19
1295916946525888512,1268518310855008256,73389251,2020-08-19
1295916154721046528,1003692505316118528,1567009506,2020-08-19
1295957812028170240,68333413,843656121743216640,2020-08-19
1295990427171069955,6459442,2688294342,2020-08-19
1295915656982953984,1425928752,1425928752,2020-08-19
1295917549406822401,871425976957149184,191032483,2020-08-19
1295921551712428032,761111202541948928,761111202541948928,2020-08-19
1295920306314522631,381515624,381515624,2020-08-19
1295926725142917120,701120214155468800,2612139595,2020-08-19
1295922605820727296,15650636,55134312,2020-08-19
1295923389383626753,762449955185266689,1952353728,2020-08-19
1295926024937635841,526567024,526567024,2020-08-19
1296034018467753985,804081048,769345952725536768,2020-08-19
1295933135713005569,809299145760509954,809299145760509954,2020-08-19
1295935488650432512,2855576624,2855576624,2020-08-19
1296036302887047168,22782434,2937121267,2020-08-19
1295937512880451584,802029931827961856,465389132,2020-08-19
1295937539061284865,39671678,39671678,2020-08-19
1295940168524980225,2340921186,2340921186,2020-08-19
1295938372515639296,722904163227607040,722904163227607040,2020-08-19
1295940740111982593,589781962,37477713,2020-08-19
1295940684399161345,628988629,628988629,2020-08-19
1295997221943443456,1473654680,3019759383,2020-08-19
1295946169131110400,4847979194,29385162,2020-08-19
1295947121552572416,319276747,319276747,2020-08-19
1295980843236618240,290705093,44539018,2020-08-19
1296071433676873728,926909484,619619343,2020-08-19
1295961227844300800,17136847,1203388535727906816,2020-08-19
1295967359061172224,1283515200356982786,19768292,2020-08-19
1295962606893543424,12893142,100827317,2020-08-19
1296037339177852929,56470622,15280197,2020-08-19
1296139967647948801,20319057,195466645,2020-08-19
1296713769964277760,934621782501359616,934621782501359616,2020-08-21
1297201557595807744,12893142,100827317,2020-08-22
1295967727090368517,1057479569832325121,1156825330780463106,2020-08-19
1295972406432010240,1012354673448235009,704566396127154176,2020-08-19
1296138136502833153,1582165440,2701586553,2020-08-19
1296085898254311424,3081983657,387450219,2020-08-19
1296009492442648576,305928252,996525770,2020-08-19
1295980667491295232,198910545,3471032837,2020-08-19
1295982629137690628,1242306883492311040,1242306883492311040,2020-08-19
1296067532185632768,818695087144079360,1081224425431801857,2020-08-19
1295997508376657920,2931030924,883954146394734592,2020-08-19
1298032290073780224,2944233488,1201376133867917312,2020-08-24
1296065174282088449,1181078900,740555964374487040,2020-08-19
1296032416012935169,4849898158,1020614280759201792,2020-08-19
1296470633652592641,1176674394564788224,2206124689,2020-08-20
1296002671917309957,1204675751578091520,75775942,2020-08-19
1296147593454596098,22700670,1180523650463813632,2020-08-19
1296010524447178752,307483852,307483852,2020-08-19
1296059114305527808,23243723,1187175297721831424,2020-08-19
1296013215659208705,744808724,300635401,2020-08-19
1296014141358891009,809299145760509954,809299145760509954,2020-08-19
1296019969092788224,899676418044563458,899676418044563458,2020-08-19
1296021872665010176,508589291,112349084,2020-08-19
1296029761844764672,27795145,27795145,2020-08-19
1296031329201598466,1295377671837429760,1295377671837429760,2020-08-19
1296220679193468928,169318063,2830609866,2020-08-19
1296033703899156481,4849898158,25223772,2020-08-19
1296046193911508992,3709172656,3709172656,2020-08-19
1296037301437509632,280000329,1068702606,2020-08-19
1296038276197883904,873307117,59371284,2020-08-19
1296103301830901760,2740258198,1193271298677510149,2020-08-19
1296258289852809217,1097647746,18003678,2020-08-20
1296050085982281728,471962496,471962496,2020-08-19
1296041791838355456,842612424,842612424,2020-08-19
1296041146444128256,1295377671837429760,1295377671837429760,2020-08-19
1296042024253247489,1295377671837429760,1295377671837429760,2020-08-19
1296042600491896834,400194064,965176701432029185,2020-08-19
1296399933529116672,289530033,289530033,2020-08-20
1296049385722322946,734771575384346625,734771575384346625,2020-08-19
1296060766127132672,1228415516110245889,846588649,2020-08-19
1296063180318429185,3310943306,1046170556893155328,2020-08-19
1296097029895069696,1027362710130843648,709032213694644224,2020-08-19
1296058943391793152,1413482756,1266176728004730886,2020-08-19
1296059835008659463,589914443,268569851,2020-08-19
1296060380205264898,971443619650469890,971443619650469890,2020-08-19
1296064888410902529,579620232,773164576523165696,2020-08-19
1296062786376622081,856969871023890433,856969871023890433,2020-08-19
1296728494236250112,949947816624865280,949947816624865280,2020-08-21
1296068342797807617,3299091211,1257380725243944960,2020-08-19
1296070898194108422,776994955,773973954,2020-08-19
1296065812437008386,56470622,548708737,2020-08-19
1297964311579508736,2944233488,1215357848625901568,2020-08-24
1296111010852614146,1177710723499266048,1268300944942432259,2020-08-19
1296075506752905217,810169595139125248,810169595139125248,2020-08-19
1296093791435317248,1188281749446545408,4530780739,2020-08-19
1296077314086903808,113468433,113468433,2020-08-19
1296081602678669315,1291626433878482947,1291626433878482947,2020-08-19
1296082266754490368,17382983,17382983,2020-08-19
1296081385749266433,1017883562450849794,1017883562450849794,2020-08-19
1296082238573027329,116579971,3656836876,2020-08-19
1296083164025298944,28635386,28635386,2020-08-19
1296133127153352711,35501142,1292209872671514630,2020-08-19
1296086155906162688,28635386,28635386,2020-08-19
1296084444072349701,1181463296991547394,1181463296991547394,2020-08-19
1296084994570555392,82915738,181976255,2020-08-19
1296084554361589761,14165481,1294622213535145984,2020-08-19
1296093866752434177,806304970429657088,252023455,2020-08-19
1296092552131743744,1892506526,235210728,2020-08-19
1296089757181771776,41448115,303970010,2020-08-19
1296089072566493189,1242536856014721024,1242536856014721024,2020-08-19
1296088943004459009,11194802,13026,2020-08-19
1296095429214576640,859087548,7412062,2020-08-19
1296089163406639105,4760041273,4760041273,2020-08-19
1296102285970472960,1277383891905589250,65345320,2020-08-19
1296090194278375424,155470237,155470237,2020-08-19
1296100857071706112,919465362999119872,919465362999119872,2020-08-19
1296098216694484998,198910545,801474300532367360,2020-08-19
1296118701155065856,1056011291603673088,1079845712257601536,2020-08-19
1296810863131729920,1261681366871076864,2815796853,2020-08-21
1296106068561494016,3310943306,1046170556893155328,2020-08-19
1296101438913822721,57198679,16014761,2020-08-19
1296101982474838016,41448115,1134683828822433792,2020-08-19
1296102362386497536,71701378,71701378,2020-08-19
1296185163013971968,1246870023802482688,1292607537720647685,2020-08-19
1296175310648619009,487724195,180190472,2020-08-19
1296129153918435332,2255100512,820100567347314688,2020-08-19
1296110161833201667,44196464,1248241025165869060,2020-08-19
1296107885269848064,1281709220442800129,781328799845720064,2020-08-19
1296107965326462976,4247542528,1252291770433572870,2020-08-19
1296107844106944512,45617221,60166913,2020-08-19
1296108912656240640,1267037382,1267037382,2020-08-19
1296110498589663234,707979091,801038304,2020-08-19
1296109324088094726,720233296534355968,720233296534355968,2020-08-19
1296109521333436427,1182868406678126592,1168693205761691654,2020-08-19
1296110294108966912,2361510153,2361510153,2020-08-19
1296126452153212928,1219577722034278403,1194247644270473218,2020-08-19
1296112185907843073,750386497,750386497,2020-08-19
1296113469192896521,2153442012,2153442012,2020-08-19
1296114001219264513,1182868406678126592,1168693205761691654,2020-08-19
1296163379330129921,838569665060290562,134670752,2020-08-19
1296127155513044993,806304970429657088,1224961666393214976,2020-08-19
1296116145263697920,97214512,261875432,2020-08-19
1296123057484881920,24433200,40118524,2020-08-19
1296119530687737857,67378554,67378554,2020-08-19
1296130045849870337,1005649894604967937,3224530866,2020-08-19
1296120268746702848,1190323329317535744,4443482241,2020-08-19
1296128289275355140,92379402,1898392754,2020-08-19
1296121175635103745,877495409740050432,560014133,2020-08-19
1296121163295358977,779306848021250048,1126270024224858112,2020-08-19
1296122641208815616,1074858906726350849,1293851540785160193,2020-08-19
1296121750628048898,164685716,777545060447498240,2020-08-19
1296125786362011648,1279832675323449350,759764535372812288,2020-08-19
1296122762000584705,275104144,4444090637,2020-08-19
1296135144353542144,37025150,148717840,2020-08-19
1296124851715846144,23554832,1228496602660134912,2020-08-19
1296126786263228416,154363154,1634031786,2020-08-19
1296127593335476224,578868186,578868186,2020-08-19
1296129159358488576,59351766,70279712,2020-08-19
1296128665085005824,111884684,325184488,2020-08-19
1296129759915773952,26275704,26275704,2020-08-19
1296151455011950598,1199316753551106048,1685855250,2020-08-19
1296132174413008896,1045781052155940864,351821359,2020-08-19
1296130992302780418,1292668543280902144,841712078737960960,2020-08-19
1296131030622052358,948946378939609089,948946378939609089,2020-08-19
1296147529399185410,2171261060,52324807,2020-08-19
1296144275529506816,97108419,160790679,2020-08-19
1296132346903531520,1292668543280902144,273583052,2020-08-19
1296132864879329286,399156540,1215701736482054149,2020-08-19
1296142076229201920,780973175815278592,1111094413667848192,2020-08-19
1296142564441985026,1186516851439931392,58950221,2020-08-19
1296230483882323971,2748240700,108262650,2020-08-19
1296142971142725632,780973175815278592,1111094413667848192,2020-08-19
1296142730880356353,706474578,706474578,2020-08-19
1296144292231036928,2247523105,1029360172551098368,2020-08-19
1296294874178654208,829905913767006208,2649411908,2020-08-20
1296144149612290048,369315927,194982172,2020-08-19
1296144662407925760,257180565,257180565,2020-08-19
1296146262295797761,312382472,312382472,2020-08-19
1296165371842564096,29756321,29756321,2020-08-19
1296146849628401664,147375992,148859972,2020-08-19
1296509200089124868,32658528,32658528,2020-08-20
1296147185395015680,39788659,42122827,2020-08-19
1296148269941358593,1134247569352200193,313699132,2020-08-19
1296148696069836800,1099809954431549440,725417676932284416,2020-08-19
1296149844285952007,1045781052155940864,327516526,2020-08-19
1296152167510876160,1283515200356982786,14873711,2020-08-19
1296197060509736962,1283515200356982786,14873711,2020-08-19
1296152663269097472,1225997649431543808,1225997649431543808,2020-08-19
1296156009564712960,138728457,244037636,2020-08-19
1296185235902615552,1246870023802482688,1292607537720647685,2020-08-19
1296157179196723200,21568468,21568468,2020-08-19
1296627555928346625,1247795994147696645,1456951992,2020-08-21
1296159168018231298,17410779,17410779,2020-08-19
1296159977917362177,25308629,2602578528,2020-08-19
1296160214434091008,2842600490,2842600490,2020-08-19
1296161610915024897,1286837304229863424,3182110567,2020-08-19
1296162100717420546,1087031114684866560,2509022576,2020-08-19
1296162151636389888,1087031114684866560,3265478732,2020-08-19
1296161693278535681,995401129205776384,995401129205776384,2020-08-19
1296162230262693888,1087031114684866560,1098271248688340992,2020-08-19
1296164453994631176,4315705875,4315705875,2020-08-19
1296182146453970947,1012948460050550784,2918934395,2020-08-19
1296167256846729219,701059801976086528,172960872,2020-08-19
1296201696125870080,835542998926622721,19993673,2020-08-19
1296206178444247042,2909845271,1091496895015313409,2020-08-19
1296173253195517953,402091536,2398969500,2020-08-19
1296172756623482880,2365268912,2365268912,2020-08-19
1296172718333796353,152498788,877448748191764481,2020-08-19
1296174790676566017,946640653,1282226024,2020-08-19
1296174017607536640,152498788,877448748191764481,2020-08-19
1296181296784449536,1211059187121180677,1056675282,2020-08-19
1296174838277701634,285671694,285671694,2020-08-19
1296183011889819648,2202236365,1347853345,2020-08-19
1296179072700223489,1957187125,1957187125,2020-08-19
1296175980009197575,152498788,25182129,2020-08-19
1296184728064843776,883269265721262080,1295934298269327360,2020-08-19
1296177501513940992,610542212,610542212,2020-08-19
1298046189095383042,2944233488,1244030517143429127,2020-08-24
1296179931911786498,3772311803,3772311803,2020-08-19
1296211676493049859,859575756518703104,320482822,2020-08-19
1296181866245095426,1277383891905589250,65345320,2020-08-19
1296182236253949957,801038304,998599412,2020-08-19
1296183404518506496,1213458497267847173,1287379907505459202,2020-08-19
1296187645140369409,845317795,25118696,2020-08-19
1296187611971588097,191938035,1294860307723104256,2020-08-19
1296186364413857793,1016882632896937984,1016882632896937984,2020-08-19
1296242110069387265,20319057,195466645,2020-08-20
1296187844247957505,1071252725952860162,1071252725952860162,2020-08-19
1296191824449753090,37712997,37712997,2020-08-19
1296191260999299072,1293306671909883904,876200255917785089,2020-08-19
1296191404876718081,1263046777,3951196097,2020-08-19
1296191355010473984,2868353169,2868353169,2020-08-19
1296199788409618432,295412130,15623357,2020-08-19
1296194570594680833,1045781052155940864,42069027,2020-08-19
1296195333060427777,316090462,2958544757,2020-08-19
1296196699703189507,19502995,19502995,2020-08-19
1296197369432879105,1189281498295345158,1206571163528450051,2020-08-19
1296199295557947392,1230555837715951616,1193229802896908293,2020-08-19
1296199133666000896,21704373,21704373,2020-08-19
1296205713488982017,796907311,51754033,2020-08-19
1296202215888007168,1287421579521974273,1287421579521974273,2020-08-19
1296204449355051008,2321197453,2321197453,2020-08-19
1296216535158194179,845317795,25118696,2020-08-19
1296208555675131904,582255307,2775640705,2020-08-19
1296207487901655042,15368940,15368940,2020-08-19
1296212186021474310,784899771647594496,805883120,2020-08-19
1296209679572439040,2249531,2249531,2020-08-19
1296209766633607169,792783356,792783356,2020-08-19
1296208963738824704,1240784057316696065,1240784057316696065,2020-08-19
1296210901448630274,15228276,15228276,2020-08-19
1296212086155075584,474326132,2318393834,2020-08-19
1296212932724957187,822667288214142977,816107772,2020-08-19
1296211222334001153,917680644,917680644,2020-08-19
1296241758045712385,554694745,210602936,2020-08-20
1296216711780167680,3480694337,14691333,2020-08-19
1296214883332169728,1157296218,23870670,2020-08-19
1296614803318935554,1024044290123735041,765522632120737792,2020-08-21
1296237640426061824,1269039316921208834,739895754,2020-08-20
1296216053203247108,116238896,116238896,2020-08-19
1296216488337121282,116238896,116238896,2020-08-19
1296218469202042882,1045781052155940864,367200259,2020-08-19
1299160522227556353,978719743786991616,979785950564794368,2020-08-28
1296224208549081088,1289396750650810369,366292393,2020-08-19
1296224755230617603,397599104,397599104,2020-08-19
1296225442240897025,1222780829665021952,1222780829665021952,2020-08-19
1296235414458527744,9063952,3257893428,2020-08-19
1296226119260057600,4921912946,4921912946,2020-08-19
1296228172665466880,105681147,354131581,2020-08-19
1296229179978022918,732981985854038016,3193073724,2020-08-19
1296228585703788544,354131581,105681147,2020-08-19
1296260687661076480,1108014713856774144,1246984497687601153,2020-08-20
1296475184799547393,1175432790919303172,1175432790919303172,2020-08-20
1296235862343245825,52094248,1181989498223300609,2020-08-20
1296236848554156032,1257756927532113921,277437611,2020-08-20
1296233105682989057,1036690108123172865,264388483,2020-08-19
1296243539932839938,16973333,16973333,2020-08-20
1296236049455181824,1538864564,35148049,2020-08-20
1296241929978404864,200251961,200251961,2020-08-20
1296259317771825152,233830625,1039239496636747779,2020-08-20
1296237681622634496,1086976130819809280,20354037,2020-08-20
1296237775512109056,1086976130819809280,20354037,2020-08-20
1296239070356676611,1036690108123172865,264388483,2020-08-20
1296242809251536896,306187678,2155230680,2020-08-20
1296241213494837249,368703778,368703778,2020-08-20
1296242364076437504,1045781052155940864,538570707,2020-08-20
1296242948846354433,1222780829665021952,1222780829665021952,2020-08-20
1296244032247562240,1153840037093621760,1153840037093621760,2020-08-20
1296246812161060864,109912907,1498609195,2020-08-20
1296244773863514113,4854910361,4854910361,2020-08-20
1296252366975578113,877495409740050432,560014133,2020-08-20
1296252749416402945,26871459,26871459,2020-08-20
1296251385999060992,18939358,18939358,2020-08-20
1296257945013907456,18076440,18076440,2020-08-20
1296257100704882688,2397984153,3980034233,2020-08-20
1296253382886395905,978684389340123136,978684389340123136,2020-08-20
1296256260841648128,192619926,192619926,2020-08-20
1296255826080993283,1014006989486198784,1014006989486198784,2020-08-20
1296257700846690306,87910012,21641788,2020-08-20
1296263117379260417,10252962,10252962,2020-08-20
1296259113521799168,741768131232694272,741768131232694272,2020-08-20
1296263072672370688,770759270,770759270,2020-08-20
1296262887003037697,1224876115031928832,1224876115031928832,2020-08-20
1296262986932387841,1257756927532113921,277437611,2020-08-20
1296432291745587202,1048297204530778113,2845968132,2020-08-20
1296263333985820673,32421337,20121674,2020-08-20
1296264489550086147,2940798980,2940798980,2020-08-20
1296298801246896128,1282009279562756097,469604096,2020-08-20
1296280965896175616,45573874,45573874,2020-08-20
1296284288703279104,765934823399624706,24042574,2020-08-20
1296286238081609728,15729207,15729207,2020-08-20
1296291635878334464,85867265,85867265,2020-08-20
1296286493959364608,14167331,14297336,2020-08-20
1296299844655603714,1002392672647237632,40740469,2020-08-20
1296297533812215810,1129936532683579392,1129936532683579392,2020-08-20
1296289217086205952,44532533,44532533,2020-08-20
1296304867552747520,1045781052155940864,29274805,2020-08-20
1296291696259428352,1226325787063635969,1274035155368361985,2020-08-20
1296294379737550849,202411127,202411127,2020-08-20
1296407465039405056,564111558,564111558,2020-08-20
1296311020957446144,1272196034769412100,1595627054,2020-08-20
1296295175849947137,2225214364,1275899827910565888,2020-08-20
1296396180474257408,230313502,10058602,2020-08-20
1296408103165059074,346682382,785999961301344256,2020-08-20
1296297194929168386,603262337,603262337,2020-08-20
1296444244677328897,1290978466192662528,2687105648,2020-08-20
1296300181764182017,14167331,14297336,2020-08-20
1296458876359979008,109392255,2194816652,2020-08-20
1296300047655632896,1105862880979750912,1105862880979750912,2020-08-20
1296299261907226624,1292668543280902144,1295772198091857920,2020-08-20
1296297749600784386,1137171177280016384,1213688621561044992,2020-08-20
1296302751773626374,1160332114052521986,1160332114052521986,2020-08-20
1296302459183341568,584992354,786592319109816320,2020-08-20
1296305486107750401,39115570,1272219678,2020-08-20
1296307892832935936,1038177795694841860,1038177795694841860,2020-08-20
1296308535479787520,877360567022792704,746565464495525888,2020-08-20
1296309601223278592,818693356868014080,2912654307,2020-08-20
1296467963185434624,220471898,1020359957907234817,2020-08-20
1296312260864991232,400194064,400194064,2020-08-20
1296313224564862977,12231932,10696102,2020-08-20
1296316383773458432,62168114,836783556424781827,2020-08-20
1296314013370867719,926524340203433984,850211957583958016,2020-08-20
1296316337615179776,848433180,1251906050271436800,2020-08-20
1296315303501000704,141584822,141584822,2020-08-20
1296320311911161856,51794441,716498065411149824,2020-08-20
1296316192945254400,3035980588,26452697,2020-08-20
1296317637270495236,1279245010869686274,170369342,2020-08-20
1296318806839693314,62168114,836783556424781827,2020-08-20
1296319116832366593,62168114,836783556424781827,2020-08-20
1296319718484144130,260291526,2664694905,2020-08-20
1296320187784978434,2829103602,1186159609020436480,2020-08-20
1296348067847966720,75483117,934979276,2020-08-20
1296319632085618688,171191577,93777871,2020-08-20
1296323521308745728,62168114,836783556424781827,2020-08-20
1296321937547776000,1191801063705210880,1120042936551395328,2020-08-20
1296323167942778880,4247542528,1130162667711324161,2020-08-20
1296324664617181184,21059255,158128765,2020-08-20
1296350419946549249,1045781052155940864,1181022574173515776,2020-08-20
1296330275777966080,1191801063705210880,1120042936551395328,2020-08-20
1296723704446148609,3066542791,20108321,2020-08-21
1296326891524304898,62168114,926524340203433984,2020-08-20
1296329447264661505,955957890799538176,1265658054873354241,2020-08-20
1296330725806022658,47219360,47219360,2020-08-20
1296450554365976579,813643373961572353,155036671,2020-08-20
1296341926006779904,182094372,1074083185141547009,2020-08-20
1296348099082883074,434084488,434084488,2020-08-20
1296414152953667586,1292682196793294848,1292682196793294848,2020-08-20
1296348020699590656,1294607740178968583,1295331563178254336,2020-08-20
1296468231088152578,837789136899579904,117795507,2020-08-20
1296348462741684224,806304970429657088,252023455,2020-08-20
1296378668940394496,1251682928775647232,1275195264647737349,2020-08-20
1296358643324063745,622996777,3028039900,2020-08-20
1296363882349355009,839985545287720965,839985545287720965,2020-08-20
1296359869671305217,2299996561,2299996561,2020-08-20
1296360865772367875,3243855896,96706870,2020-08-20
1296377988142051329,3163896839,3163896839,2020-08-20
1296381962978914307,25049056,25049056,2020-08-20
1296387766872354816,1045781052155940864,1917042805,2020-08-20
1296388265298341888,84220971,84220971,2020-08-20
1296389307826143232,84220971,84220971,2020-08-20
1296390800226627588,53402092,1538344350,2020-08-20
1296393531603509248,240709712,341577536,2020-08-20
1296395211514548224,341577536,240709712,2020-08-20
1296535593489399809,1125466842821218305,768010928428318720,2020-08-20
1296399989158170625,233241801,2257737920,2020-08-20
1296757467272159233,22551896,27322611,2020-08-21
1296411553198153728,322508749,322508749,2020-08-20
1296404630591676417,2201413656,2201413656,2020-08-20
1296408169313456131,899541944057159681,32144273,2020-08-20
1296407043990073344,1598386543,1598386543,2020-08-20
1296411069561352192,1142371275811250176,1215834974919766016,2020-08-20
1296411620495761410,821033772799954945,821033772799954945,2020-08-20
1297270096369508360,767096280594120704,1238051417497186304,2020-08-22
1296416080563449857,1140979524869529601,729263404549058560,2020-08-20
1297597240668762112,1220116678475943943,1296403840858820610,2020-08-23
1296416608928358401,821033772799954945,926076315597389825,2020-08-20
1296415804418920449,391274973,2870813823,2020-08-20
1296416880912142349,37782239,3266377448,2020-08-20
1296423681976078336,1038592065851064320,988217754829381632,2020-08-20
1296559272621473794,391274973,955200977346465792,2020-08-20
1296421057553936384,1233817907731107840,819030228249022464,2020-08-20
1296420791865745410,1098271248688340992,875526202118852609,2020-08-20
1296433487021514752,391274973,1171510996914982915,2020-08-20
1296422176980180992,897275352388644865,1171558260412952577,2020-08-20
1296438700142927872,727277754,740131021442682884,2020-08-20
1296425701487370241,1171558260412952577,897275352388644865,2020-08-20
1296472457948397568,4514322802,37721047,2020-08-20
1296430710732001281,918830061834391552,829368565174239234,2020-08-20
1296424382294876164,1271897503278006273,1044260385023504384,2020-08-20
1296434904457240576,821033772799954945,926076315597389825,2020-08-20
1296453777457807360,803742900,2453014725,2020-08-20
1296440106564358150,729263404549058560,1140979524869529601,2020-08-20
1296430771998208000,2228878592,1077503712,2020-08-20
1296433531955052545,975116927386431494,1287178471614152720,2020-08-20
1296434402013184001,1171510996914982915,391274973,2020-08-20
1296505625384542208,707717654245728257,2620123260,2020-08-20
1296473771981836288,1130623492217401346,3530757132,2020-08-20
1296435738129707012,27397450,798034514,2020-08-20
1296434818989928459,1134522652687773696,1134522652687773696,2020-08-20
1296436915567243264,894923298374651904,894923298374651904,2020-08-20
1296560043844726784,1025991491204739072,3043459837,2020-08-20
1296438300039942144,4159388057,4159388057,2020-08-20
1296474753205665793,1138312074738765824,2443015953,2020-08-20
1296463335865626625,2549112632,155988802,2020-08-20
1296453301945458693,21925564,3764689043,2020-08-20
1296441714455064576,1196121130584563712,1196121130584563712,2020-08-20
1299685811210915842,1616200598,301287089,2020-08-29
1296500324664975361,4374454882,504744279,2020-08-20
1296446557294866433,172109720,1278437109943209984,2020-08-20
1296446297252257794,896331516845768704,63722380,2020-08-20
1296478631032762370,1265206466543321088,25773156,2020-08-20
1296446915811450882,893209143888269312,893209143888269312,2020-08-20
1296500438234271745,4374454882,15485914,2020-08-20
1296471268515024897,762449955185266689,1007366903139061761,2020-08-20
1296509012322779142,235306534,218636946,2020-08-20
1296451105912750081,78817562,78817562,2020-08-20
1296450871988035586,62305136,62305136,2020-08-20
1296457767083966464,4709494393,734522933800902656,2020-08-20
1296452979437064194,993943513371947008,993943513371947008,2020-08-20
1296500603120758789,4374454882,348878766,2020-08-20
1296454350508830726,779306848021250048,1084512488819957760,2020-08-20
1296465338033410049,11975622,1272884844859719686,2020-08-20
1296457096532238336,884455440293269505,1240458678735699968,2020-08-20
1296455665125412864,36823,17942280,2020-08-20
1296454766751604738,893209143888269312,893209143888269312,2020-08-20
1296469230729207816,32972137,40678173,2020-08-20
1296463339741216771,4247542528,1130162667711324161,2020-08-20
1296488262987657216,1045781052155940864,1174586166303055872,2020-08-20
1296456978370265092,116579971,116579971,2020-08-20
1296460627771363328,1246870023802482688,2808650785,2020-08-20
1296460186937430016,1063259842448642048,1063259842448642048,2020-08-20
1296461133663162379,29330891,29330891,2020-08-20
1296461179460755457,602932764,251235171,2020-08-20
1296474015922618373,602932764,251235171,2020-08-20
1296487255717089280,1045781052155940864,1174586166303055872,2020-08-20
1296499238684233729,2902110405,1128443444270108672,2020-08-20
1296472912065699840,1293306671909883904,1272750883164438528,2020-08-20
1296465853689536513,41448115,1252049311627530240,2020-08-20
1296473560198905858,470523802,1884620384,2020-08-20
1296476261817122816,818695087144079360,1035968623293001728,2020-08-20
1296468304496922625,109728907,782901720636612608,2020-08-20
1296471935371665413,2152647488,289446800,2020-08-20
1296469057806442496,808108063,808108063,2020-08-20
1296471754030940162,802456716,802456716,2020-08-20
1296471511142928385,2865907814,345605160,2020-08-20
1296494118319861762,174672235,882220629860253696,2020-08-20
1296523865628139525,1258766749559918593,1208087264334622726,2020-08-20
1296475052217597954,779306848021250048,979632119415754753,2020-08-20
1296495022230167553,84788121,20812427,2020-08-20
1296495633768030216,2887061783,4087253302,2020-08-20
1296475706248048642,816979609916993536,826103151455514624,2020-08-20
1296481500075118599,2345482132,983980325989646337,2020-08-20
1296500932210032642,4374454882,86107524,2020-08-20
1296492336835366914,1252049311627530240,1383202286,2020-08-20
1296477142688182272,1488713251,1488713251,2020-08-20
1296488888215773186,3328832277,2610791188,2020-08-20
1296481021349765121,779782057723584512,1274851110617047049,2020-08-20
1296574671211700227,399072161,381239292,2020-08-20
1296480705032134657,808108063,808108063,2020-08-20
1296566413889396737,998769709620150273,2345942821,2020-08-20
1296487540745220107,870749903252635648,197315465,2020-08-20
1296486261818036226,112333217,369334421,2020-08-20
1296489042104799234,1239599332770398214,791307339399884805,2020-08-20
1296488466419679232,2607995856,24247327,2020-08-20
1296490192417828864,50300854,1486636874,2020-08-20
1296498170973782016,2464376390,344386631,2020-08-20
1296489996933828613,800707492346925056,800707492346925056,2020-08-20
1296488935787552772,199404341,199404341,2020-08-20
1296490236462141442,1083848601397284864,1681279160,2020-08-20
1296490887061676035,26284001,26284001,2020-08-20
1296502086754951169,63779712,630225968,2020-08-20
1296497024926457862,960920794288218112,360980183,2020-08-20
1296495063258877952,4786056794,4786056794,2020-08-20
1296496407315189762,402978872,402978872,2020-08-20
1296498822038708225,865494108,865494108,2020-08-20
1296501407588261888,1045781052155940864,4031986273,2020-08-20
1296503072269709312,52122900,869723537711484928,2020-08-20
1296509412874637313,25912403,25912403,2020-08-20
1296508016699887617,1274851110617047049,1295543371780554752,2020-08-20
1296501889715056641,2229390769,2229390769,2020-08-20
1296504387217457152,588597181,67354753,2020-08-20
1296505498083241984,37002373,21282207,2020-08-20
1296505304025374720,1280983112139374595,1280983112139374595,2020-08-20
1296505259519549444,1105067006,1105067006,2020-08-20
1296505220382560256,2244101835,2244101835,2020-08-20
1296515114779238405,3219723100,1264976002964508672,2020-08-20
1296514098998521859,3219723100,1264976002964508672,2020-08-20
1296505770188500995,501943587,501943587,2020-08-20
1296513943955963904,218325695,218325695,2020-08-20
1296563090801164288,771328767193124865,108981872,2020-08-20
1296795737867472896,84823872,84823872,2020-08-21
1296540108791980033,966778556733886469,77454805,2020-08-20
1296548873964527619,1911520267,4384481129,2020-08-20
1296537401796505600,54607044,2840054254,2020-08-20
1296681884257325056,763493631810347008,1271945873233231879,2020-08-21
1296528154723590148,928113390,27385111,2020-08-20
1296522646348275713,952191947426402304,952191947426402304,2020-08-20
1296544490350505984,1279245010869686274,170369342,2020-08-20
1296524440449277955,1411689122,145940259,2020-08-20
1296525009511280640,762522504,398555379,2020-08-20
1296525716255899648,4464010673,730550314642726913,2020-08-20
1296530745452826624,797893609718747140,1058436727000449026,2020-08-20
1296528956598784000,1228415516110245889,32881612,2020-08-20
1296606766835421185,1167105256435699712,774737407497281536,2020-08-21
1296533615560601604,2375892582,1169205942103101441,2020-08-20
1296530072107487232,893129145034592258,1111284567728484353,2020-08-20
1296530688045273088,317366517,317366517,2020-08-20
1296537080735178752,732768811,1628279124,2020-08-20
1296532545794789376,1246870023802482688,946344888,2020-08-20
1296537631338057728,1016483906,2574607341,2020-08-20
1296534408908898305,1017294810393337857,1017294810393337857,2020-08-20
1296536796512366592,1040626579121025025,1263286910182731782,2020-08-20
1296534673313550336,357120701,357120701,2020-08-20
1296534743484452864,1238316070605410304,1238316070605410304,2020-08-20
1296538134814089217,261392722,1191797652,2020-08-20
1296536545210621954,11435642,1051269306,2020-08-20
1296539388302823431,394154071,394154071,2020-08-20
1296541198765764611,388541172,847105263362609152,2020-08-20
1296540086755000321,17984862,142470578,2020-08-20
1296542358796894209,49631876,830917628277440514,2020-08-20
1296545062885756928,797893609718747140,1058436727000449026,2020-08-20
1296538505292677121,1417139066,1417139066,2020-08-20
1296539043560394753,732768811,1628279124,2020-08-20
1296543634540486656,958924386429386752,1239338484235673600,2020-08-20
1296542608991440898,4439063122,4439063122,2020-08-20
1296543920772591616,175373798,175373798,2020-08-20
1296545825397583875,1128734332028428289,1128734332028428289,2020-08-20
1296546921864204289,2596016185,1291874331858001921,2020-08-20
1296547440871473152,1291874331858001921,2596016185,2020-08-20
1296580857415766021,797893609718747140,1058436727000449026,2020-08-20
1296550497935998976,889894830721056768,1018111597,2020-08-20
1296560891949772800,761111202541948928,761111202541948928,2020-08-20
1296557044183556096,4384481129,1911520267,2020-08-20
1296551187832016898,1219035497688969218,1219035497688969218,2020-08-20
1296566843314864128,1274438272614232065,1858284224,2020-08-20
1296567124782014465,1274438272614232065,1858284224,2020-08-20
1296556243151200257,2318541862,4847158667,2020-08-20
1296551501868019712,1154952166815281157,1154952166815281157,2020-08-20
1296558946203779072,21988609,78394114,2020-08-20
1296554980623540225,4562128935,897425565778669568,2020-08-20
1296554112029523968,933345751,1101968499537145856,2020-08-20
1296554706958000128,403682688,403682688,2020-08-20
1296652308978302976,1229787355,1266465186954842125,2020-08-21
1296559906699513861,154774769,1217932368092200960,2020-08-20
1296575522470801417,498092598,279086831,2020-08-20
1296557777507225601,589914443,35792082,2020-08-20
1296561181218439170,15026000,3245479583,2020-08-20
1296557715385442313,1452417348,1239674636511711235,2020-08-20
1296558035905675265,1229869943027634176,1229869943027634176,2020-08-20
1296562488792711172,302368554,2442332271,2020-08-20
1296569301739229185,387836852,817891478932361216,2020-08-20
1296563283932123138,470540654,470540654,2020-08-20
1296560987579887616,979828857342713858,979828857342713858,2020-08-20
1296563742109511683,58517151,840388681416470528,2020-08-20
1296564225146597383,58517151,2707200558,2020-08-20
1296565168781090816,364481118,364481118,2020-08-20
1296568390723805187,799680967073927168,2192681335,2020-08-20
1296618041258590209,4374454882,1168344893716086784,2020-08-21
1296568907441082371,1056701054648270850,1056701054648270850,2020-08-20
1296568466099580931,728146165800148992,3234166441,2020-08-20
1296568335279128577,1254807987576684544,1254807987576684544,2020-08-20
1296575340857434112,1047343399106433024,2815104236,2020-08-20
1296575536974704640,1204930164389556224,210703421,2020-08-20
1296578117625053184,25307983,15096895,2020-08-20
1296590210713530368,762522504,731982955543846914,2020-08-20
1296615536441397249,1208387105111658497,1208387105111658497,2020-08-21
1296592456352489474,806304970429657088,797893609718747140,2020-08-20
1296582475515416578,1204523122008956928,1204523122008956928,2020-08-20
1296585710892396549,44513878,44513878,2020-08-20
1296587500488712192,346682382,785999961301344256,2020-08-20
1296588134168363010,1384030603,238671514,2020-08-20
1296586242080071681,810590628727914496,810590628727914496,2020-08-20
1296589315280166916,346682382,785999961301344256,2020-08-20
1296951559159525377,2691326173,1240436091217477632,2020-08-21
1296590503102709761,762522504,731982955543846914,2020-08-20
1296600981589733376,762522504,731982955543846914,2020-08-21
1296603873549975557,1226040799886036992,1226040799886036992,2020-08-21
1296594911530278916,2928965314,191938982,2020-08-20
1296597473096544266,1172901939295719424,1172901939295719424,2020-08-20
1296614824189792256,154774769,17839903,2020-08-21
1296615470758596613,25843801,1526734214,2020-08-21
1296693483684732928,881965056329646084,65218152,2020-08-21
1296608147428323331,45573874,45573874,2020-08-21
1296643916918382598,2397984153,855110806995906561,2020-08-21
1296614593700167684,17204067,981362279760515072,2020-08-21
1296634251501350912,9336672,9336672,2020-08-21
1296626908042584065,2838667575,369613362,2020-08-21
1296618596731412481,933345751,1460087053,2020-08-21
1296618793163083777,1228415516110245889,3743134213,2020-08-21
1296618989930635265,933345751,1460087053,2020-08-21
1296627885009039361,19790393,19790393,2020-08-21
1296637221806551040,231364919,94893851,2020-08-21
1296623390590214145,1441971834,240072627,2020-08-21
1296624094906068993,1245176587655528449,2782497124,2020-08-21
1296625046895632388,1189761425063006208,1291315051706474497,2020-08-21
1296907600378892288,154774769,30225496,2020-08-21
1296625265062359040,1053650557,1053650557,2020-08-21
1296627995579502594,593813785,593813785,2020-08-21
1296630382838910976,593813785,593813785,2020-08-21
1296628922050904066,994159554,994159554,2020-08-21
1296629819006783489,19790393,19790393,2020-08-21
1296806348710129665,2855615704,56933453,2020-08-21
1296634245687934978,1239599332770398214,1489338390,2020-08-21
1296634765332881416,593813785,593813785,2020-08-21
1296640027854884866,51831114,3167706557,2020-08-21
1296635779649806339,6878412,471362430,2020-08-21
1296637696731824129,20642255,20642255,2020-08-21
1296641290319335424,20013113,20013113,2020-08-21
1296642164160638976,1136343516,1136343516,2020-08-21
1296664963600326662,2418458313,1258507748,2020-08-21
1296643945531834368,45573874,45573874,2020-08-21
1296644956417740801,1366028426,203684859,2020-08-21
1297009789025816576,434417850,935840869,2020-08-22
1296655967124426758,1173281195834167297,214362385,2020-08-21
1296645766409224193,794274900,794274900,2020-08-21
1296646462789435398,1366028426,203684859,2020-08-21
1296927547817701376,2910719740,3418384394,2020-08-21
1296656092039196673,1114232180887162880,939371069558812673,2020-08-21
1296654775983931397,1063475666,120240941,2020-08-21
1296656639232155648,3107408184,3107408184,2020-08-21
1296663573524090881,1201811515223019521,705464513,2020-08-21
1296661041846214658,28674183,416506824,2020-08-21
1296804237188374533,1011771193,1234347203164090369,2020-08-21
1296664733970395136,3366580017,1180268860450234369,2020-08-21
1296670641903501314,846726195857309697,1266643502349389830,2020-08-21
1296668018672578561,3116185903,304659197,2020-08-21
1296668046745120769,21926722,21926722,2020-08-21
1296681577674661892,764347014,764347014,2020-08-21
1296670307818889221,3116185903,304659197,2020-08-21
1296690292943286273,392441727,111450198,2020-08-21
1296674701054484485,60386464,3774843974,2020-08-21
1296675992052752386,28674183,964730856,2020-08-21
1296677066688155648,1204930164389556224,20927235,2020-08-21
1296678980565610496,932365571638706178,1097611526087811073,2020-08-21
1296678839637049345,28674183,964730856,2020-08-21
1296679528220127233,154744106,154744106,2020-08-21
1296680365453479937,762522504,2555980864,2020-08-21
1296680921718853633,28674183,24030952,2020-08-21
1296681025129426945,28674183,964730856,2020-08-21
1296681881690226689,762522504,2555980864,2020-08-21
1296867933952577536,1271945873233231879,763493631810347008,2020-08-21
1296683856473370624,40793553,3395564000,2020-08-21
1296684762485018625,28674183,275515488,2020-08-21
1296684821775708161,28674183,486780750,2020-08-21
1296716609424224258,558196983,191720839,2020-08-21
1296703030184701952,705485597717041152,995882022521323520,2020-08-21
1296687078525173760,20642255,20642255,2020-08-21
1296687765979951104,1110475417,1059923394328756224,2020-08-21
1296688595609108480,16483747,16483747,2020-08-21
1296694682676862976,846726195857309697,1266643502349389830,2020-08-21
1296694805884436480,1695954714,1695954714,2020-08-21
1296689497858506754,933946792986767360,1041310363,2020-08-21
1296689545539235840,1263469716896694273,1263469716896694273,2020-08-21
1296690161460350976,17794818,17794818,2020-08-21
1296701531081920513,1042275098747707392,386472813,2020-08-21
1296698438759981058,48487587,58004011,2020-08-21
1296698479906099200,832426915646562306,3282799303,2020-08-21
1296702117965631488,1162793355253878784,28509337,2020-08-21
1296707209498435584,1219010265280282624,17326701,2020-08-21
1296707068921929728,760259571332022273,785339250371813377,2020-08-21
1296709193735446528,932365571638706178,344441659,2020-08-21
1296712250535948289,163492256,163492256,2020-08-21
1296713134053392384,1020359957907234817,223999414,2020-08-21
1296714320009744384,470319318,470319318,2020-08-21
1296716959774638082,403682688,403682688,2020-08-21
1296865829280243713,1045781052155940864,16148504,2020-08-21
1296718670970990598,403682688,403682688,2020-08-21
1296723754828038146,112259266,355999521,2020-08-21
1296844456604372994,3328675947,1066892243796144128,2020-08-21
1296725710623703040,1063347020931440640,1063347020931440640,2020-08-21
1296727733138067456,1695293173,1695293173,2020-08-21
1296729197335982080,1063347020931440640,1063347020931440640,2020-08-21
1296735722360184833,21197193,885511824,2020-08-21
1296736510151208960,3156674265,1265231474493739009,2020-08-21
1296739327234510848,885511824,56727251,2020-08-21
1296740003125628928,245331115,245331115,2020-08-21
1296740896118120448,1257352472932298755,3119583858,2020-08-21
1296741110929403905,3119583858,1257352472932298755,2020-08-21
1296744199631429632,1000907481978060800,4573166893,2020-08-21
1296751388383498241,1039863256490364928,1039863256490364928,2020-08-21
1296756306154385409,1213828587037458432,30615314,2020-08-21
1296804979840299011,21313053,235235930,2020-08-21
1296866927294521345,1271945873233231879,840546867096256512,2020-08-21
1296904890682400770,1046170556893155328,797189490,2020-08-21
1296837523382194176,283272640,1262168598493245448,2020-08-21
1296832884758773760,844988202842836994,95118648,2020-08-21
1296794430066831360,22228428,2567074467,2020-08-21
1296796982804197376,778345356,444140632,2020-08-21
1296798820970516482,328849192,328849192,2020-08-21
1296799556416479232,1330575260,1330575260,2020-08-21
1296826115252682754,1257756927532113921,1273776371878281219,2020-08-21
1296803122442989568,241820850,241820850,2020-08-21
1296817244320735233,19770938,303367151,2020-08-21
1296806954304765952,22086316,22086316,2020-08-21
1296807567688118274,933345751,84926600,2020-08-21
1296809789859790848,135731648,259386379,2020-08-21
1296808749990961153,93116887,93116887,2020-08-21
1296811179235512321,3116185903,1190343941805297665,2020-08-21
1296833139239718912,1168480392267124741,2965124656,2020-08-21
1296906942540124161,301234715,301234715,2020-08-21
1296812112711491591,1235004376999227393,1235004376999227393,2020-08-21
1296812313509601280,14345759,14345759,2020-08-21
1296813067829944322,14345759,14345759,2020-08-21
1296813284478390272,597541684,597541684,2020-08-21
1296823630085619712,2157796948,988380540,2020-08-21
1296816104757555201,1246870023802482688,715331089334599681,2020-08-21
1296819326398365699,2909845271,743627779229388801,2020-08-21
1297550399486992384,915428753622421504,172593145,2020-08-23
1296842320579567616,824483045340241921,83096156,2020-08-21
1296827196280119304,24562012,2941749556,2020-08-21
1296825895101988865,840220477553426432,751940577248288768,2020-08-21
1296824201941323776,341196634,341196634,2020-08-21
1296825951029006337,758266808,1052249076954267648,2020-08-21
1296841250549702656,117920172,791090564435443712,2020-08-21
1296832796363755520,40986998,3547993995,2020-08-21
1296838537795342337,1246870023802482688,1292607537720647685,2020-08-21
1296843535908560896,1239969860941217792,1159217261762285573,2020-08-21
1296940458682339328,113547946,506189242,2020-08-21
1296839451713441792,490276190,2573032351,2020-08-21
1296834699097190400,908157691129982978,908157691129982978,2020-08-21
1296837336848834560,1288215995962871809,760902319148044288,2020-08-21
1296875341114310656,539617171,539617171,2020-08-21
1296839291851755523,56741362,20425832,2020-08-21
1296868764504424448,2225460714,917972406198775808,2020-08-21
1298101214324850688,1294268101689843712,1288272397288853504,2020-08-25
1296840322467725313,4439752995,4439752995,2020-08-21
1296840780397633537,1886336239,133368638,2020-08-21
1296841162389696513,34085254,33936011,2020-08-21
1296841209718222848,16285830,16285830,2020-08-21
1296849405363052544,807194024062939136,1119225999588306944,2020-08-21
1296844186080043010,51581206,51581206,2020-08-21
1296844166518001664,180611010,3019892949,2020-08-21
1296844535465684993,3219723100,3219723100,2020-08-21
1296846183374020610,1278568154260623360,1278568154260623360,2020-08-21
1296849398547116037,917972406198775808,421380991,2020-08-21
1296847578903060481,1199305119764013056,1199305119764013056,2020-08-21
1296847878669742081,1025241775361814528,1025241775361814528,2020-08-21
1296848317910003718,1131011302346887173,1131011302346887173,2020-08-21
1297352595112185856,793048116,49647865,2020-08-23
1296849595738337282,180611010,2412939595,2020-08-21
1296851288723017729,1278341189029298176,1278341189029298176,2020-08-21
1296851909979054081,14677919,14677919,2020-08-21
1296875359540064258,488747096,2723142519,2020-08-21
1296854815167909889,2732637112,34171538,2020-08-21
1296859708180107266,21260090,1340882636,2020-08-21
1296908563823157249,48366401,4515650200,2020-08-21
1296869137843654658,273524713,563720164,2020-08-21
1296857715160035328,290114374,290114374,2020-08-21
1296859193152962560,1169448791449034752,1169448791449034752,2020-08-21
1296859537937506305,30755419,30755419,2020-08-21
1296867921210167297,16641041,40532762,2020-08-21
1296861506739433472,1110475417,2923856901,2020-08-21
1296880611395854337,1273438393,3350302389,2020-08-21
1296861585827409920,409005839,409005839,2020-08-21
1296863561092931587,25075158,2292758174,2020-08-21
1296869009212743681,403089741,2214668338,2020-08-21
1296863941029777409,115308684,945073104,2020-08-21
1296868270306459648,1175226135426322432,254110693,2020-08-21
1296870027161993217,29339063,47151483,2020-08-21
1296871715738329089,997675739632816129,804770112179994624,2020-08-21
1296988020726542338,763493631810347008,1271945873233231879,2020-08-22
1296895101227225088,1285554604856479744,372481116,2020-08-21
1296870804421070848,296064957,296064957,2020-08-21
1296871263617585152,587205438,587205438,2020-08-21
1296884072783007744,871862174733312000,1185562522222387200,2020-08-21
1296896793054191617,908788141,2313314246,2020-08-21
1296874331922935810,1172901939295719424,1172901939295719424,2020-08-21
1296875823018934276,910826952826802177,910826952826802177,2020-08-21
1296882818514116608,17451441,2304361257,2020-08-21
1296879165031854080,2884614285,2884614285,2020-08-21
1297164258103513089,1175856646205034496,2864153524,2020-08-22
1296891697293647872,378812766,1217088616742125569,2020-08-21
1297203572111745024,3222792411,4848030406,2020-08-22
1296894383032356866,1207718034707795968,2914227876,2020-08-21
1296878200794963974,3437474410,1259138125604909058,2020-08-21
1296942380835381249,14701144,409189774,2020-08-21
1296880047924621312,1175226135426322432,254110693,2020-08-21
1296880672968183812,19087651,760594619641933824,2020-08-21
1296904877931556866,917972406198775808,2225460714,2020-08-21
1296883999860645889,1270875406187376641,2440377338,2020-08-21
1296886941078769666,29339063,47151483,2020-08-21
1296886663214505985,798611841815642112,798611841815642112,2020-08-21
1296889485792354308,1113103716561969152,1113103716561969152,2020-08-21
1296889603467751424,119980865,119980865,2020-08-21
1296890356869615620,178306125,178306125,2020-08-21
1296895417343336448,1125076653107970048,1319000089,2020-08-21
1297175579989610506,13951732,13951732,2020-08-22
1296898862120984576,1110475417,1223449199754145792,2020-08-21
1296893998909530118,1296674827634446338,1296674827634446338,2020-08-21
1296896610165817349,1296674827634446338,1296674827634446338,2020-08-21
1296902378461868032,910331750001160192,285500234,2020-08-21
1296901158620061697,2502895924,2502895924,2020-08-21
1296912314172678147,127059183,264321775,2020-08-21
1296906725585543170,17929151,1293884385037619201,2020-08-21
1296906454700625925,51160638,796370958499999745,2020-08-21
1297016960325160961,53540050,962100116432785408,2020-08-22
1296924496071467008,2225460714,917972406198775808,2020-08-21
1296905471530541057,205392468,20776497,2020-08-21
1296910541194240000,51312476,51312476,2020-08-21
1296911295724347392,1733076096,1733076096,2020-08-21
1296917424252628993,24427844,1433584531,2020-08-21
1296944724864114693,233001368,233001368,2020-08-21
1296913157810610177,824720523904978944,824720523904978944,2020-08-21
1296914782486966277,54883778,34744900,2020-08-21
1296918087862689792,762522504,15449444,2020-08-21
1296917734517809158,1200364102352351238,1200364102352351238,2020-08-21
1297210802504699904,497300437,722586193033064448,2020-08-22
1297159440471293953,58517151,1154928598031065088,2020-08-22
1296918307363270657,618578301,17345232,2020-08-21
1296978154288865280,1238189425667915776,1181164780259807232,2020-08-22
1296938968060223490,2317599126,133091846,2020-08-21
1296920778194083841,121259042,1315762598,2020-08-21
1296923488989609986,960920794288218112,526214201,2020-08-21
1296938745644621824,2317599126,133091846,2020-08-21
1296921421201862656,762522504,15449444,2020-08-21
1296926311177310209,121259042,1315762598,2020-08-21
1296926058487283713,119239372,24965481,2020-08-21
1297006054904156160,324727144,324727144,2020-08-22
1296932268167094272,2942835707,1186507592081838081,2020-08-21
1296999436753616897,140390268,1176577815635881984,2020-08-22
1296934151875174403,1723977450,3222774775,2020-08-21
1297017552485249024,4502891354,837827174799409153,2020-08-22
1296934149861801999,1288452657745661952,1166720819029934080,2020-08-21
1296947210639118338,1033451952871374848,3696270027,2020-08-21
1296948358171389953,140390268,1176577815635881984,2020-08-21
1296935889491329025,37657489,771825106146459648,2020-08-21
1296942809216245760,1110475417,1217770968,2020-08-21
1296942554261278720,723943596898947072,325154473,2020-08-21
1296937337356800000,184106848,184106848,2020-08-21
1296937746091708421,945807222071848961,945807222071848961,2020-08-21
1296942034268258305,1293527760942448641,1293527760942448641,2020-08-21
1296944870020362240,15445129,3004149099,2020-08-21
1296945093149065216,2367688310,3482647214,2020-08-21
1296946684031885313,1177232992416215040,767008669875576832,2020-08-21
1296948772321153024,889859154764058624,202501315,2020-08-21
1296946275267612678,3482647214,887719190798319617,2020-08-21
1296947041948569600,734021551121661953,734021551121661953,2020-08-21
1296947647375319041,1015655994490343426,1075633020340719616,2020-08-21
1296950378622312450,20826292,903583883811278848,2020-08-21
1296952691701297152,90507295,154285848,2020-08-21
1296954223293272065,947860201,1277765710123429888,2020-08-21
1296954143752499208,1184242423,1184242423,2020-08-21
1296997023028334594,26602128,956105470657417217,2020-08-22
1296954693843918851,2868652104,73408262,2020-08-21
1296956174986870784,227033714,804506292492664833,2020-08-21
1296979528082788352,792957240827187200,731880554338078720,2020-08-22
1296958036821577729,41448115,191958301,2020-08-21
1298811538820784128,335043995,1094775150304735232,2020-08-27
1297123154981085184,720230959124090881,45023441,2020-08-22
1296999653137776640,140390268,56462105,2020-08-22
1296977849757335552,1135592340951883776,559669682,2020-08-22
1296981679781732352,1281277675181498368,221114529,2020-08-22
1296979251019874305,633976047,28414765,2020-08-22
1296977556575604736,1140270428927250434,1203047771743424520,2020-08-22
1296978673078136834,70183342,833578969660170240,2020-08-22
1296977858599026691,1203047771743424520,1140270428927250434,2020-08-22
1297102126485823488,1141444934832185345,1277861698871816193,2020-08-22
1296980729738518528,1285742758985162752,74980073,2020-08-22
1296981058030895105,102246460,102246460,2020-08-22
1296983026996404224,2195920766,1296971433084559361,2020-08-22
1296998652376997889,1271945873233231879,763493631810347008,2020-08-22
1296988731992236032,1259714472924426241,1259714472924426241,2020-08-22
1297021378936410112,1468919071,1468919071,2020-08-22
1297596360993243137,2319131321,756591750,2020-08-23
1296990733576966146,279811405,279811405,2020-08-22
1296992673073692673,4806349227,112634955,2020-08-22
1296992842875695104,279811405,279811405,2020-08-22
1296998249555886080,1281277675181498368,260337555,2020-08-22
1296998507279028224,805259562106245120,805259562106245120,2020-08-22
1297008102751911936,763493631810347008,1271945873233231879,2020-08-22
1297137366902231040,3351210604,2413443007,2020-08-22
1297015182477135872,228220050,1120959673,2020-08-22
1297002574466502658,1296604490444017664,1296604490444017664,2020-08-22
1297004409507856385,140390268,56462105,2020-08-22
1297004479091322880,631540093,631540093,2020-08-22
1297159990428524544,806304970429657088,1007674331466362880,2020-08-22
1297009624424620033,979135311799255040,979135311799255040,2020-08-22
1297010743510884353,40793553,40793553,2020-08-22
1297019355247587329,1614123668,1542155826,2020-08-22
1297015168421883906,932365571638706178,1906881781,2020-08-22
1297039021722357760,731880554338078720,792957240827187200,2020-08-22
1297148386609700865,2162602972,572159347,2020-08-22
1297015215377338373,1216214431757164544,231018263,2020-08-22
1297017878210908162,346893477,47113961,2020-08-22
1297039362115293184,23675062,2518877796,2020-08-22
1297026202834571265,1110475417,708423373,2020-08-22
1297140407537733632,2273084771,874036050343075840,2020-08-22
1297020237599199234,115308684,122650014,2020-08-22
1297023565754249221,985937940097454083,985937940097454083,2020-08-22
1297023549958262784,166272487,166272487,2020-08-22
1299355918333870080,1935754873,717240516,2020-08-28
1297027667158540294,115308684,311197190,2020-08-22
1297034710246469632,295920376,295920376,2020-08-22
1297035940850933761,15253785,15253785,2020-08-22
1297721100361707520,770815583201980416,1027823876,2020-08-24
1297124361753763840,108951721,108951721,2020-08-22
1297290524248936448,983014282055958529,271707034,2020-08-22
1297230698529554432,2571082455,458677533,2020-08-22
1297071044168159232,4838344539,4838344539,2020-08-22
1297075782624382976,1129880854950551554,1129880854950551554,2020-08-22
1297124588674064384,7268922,448123589,2020-08-22
1297086080471060480,1649527676,1649527676,2020-08-22
1297186800625213440,100812369,100812369,2020-08-22
1297204200401784833,37904694,5997952,2020-08-22
1297326804970221570,37904694,5997952,2020-08-23
1297105012334632962,2522581557,1275095329088704514,2020-08-22
1297115556919877632,1171510996914982915,1277712772890050560,2020-08-22
1297111626248675328,262052694,3093574304,2020-08-22
1297119835600502784,786350701,758042588,2020-08-22
1297253396542640131,348533825,2872197171,2020-08-22
1297185346631938053,795443894037123072,1266946327679811585,2020-08-22
1297122811228631040,1240983104258560003,939803668089622529,2020-08-22
1297134714717863937,45023441,720230959124090881,2020-08-22
1297126279267917824,520600371,520600371,2020-08-22
1297154280265220097,861230576946352129,780856370086027264,2020-08-22
1297133547485044737,3081983657,577078991,2020-08-22
1297152822329442309,729676110,729676110,2020-08-22
1297298267445669888,932365571638706178,536734126,2020-08-22
1297141376178585600,1150666380162871296,34461406,2020-08-22
1297274750268518401,829187922683318272,43706462,2020-08-22
1300573468174569473,4018528332,1213586179443970049,2020-08-31
1297147801659420672,1382601055,3919370661,2020-08-22
1297149935553478662,24121662,174389477,2020-08-22
1297157756923908105,164685716,289744679,2020-08-22
1297721613425811456,1723977450,1268332063096217601,2020-08-24
1297152121771630593,45119339,154118426,2020-08-22
1299391968779223041,1265643754242797569,1175344947345666049,2020-08-28
1297175032553066497,101990695,66316044,2020-08-22
1297154114376409090,2225214364,1210316408455933952,2020-08-22
1297153100256628738,939235765,1167800326281469952,2020-08-22
1297152620113457153,109064246,17907090,2020-08-22
1297153603485020162,31751326,1083040618270547968,2020-08-22
1297163400959664129,1009516562406141955,48651196,2020-08-22
1297154655923970048,118720412,118720412,2020-08-22
1297171621103509504,2276147186,1017624424198103040,2020-08-22
1297156560460943361,25297764,25297764,2020-08-22
1297173512071925761,98409381,1634414485,2020-08-22
1297170492944797696,511780469,224160131,2020-08-22
1297295475230429184,932365571638706178,77094749,2020-08-22
1297240400181129217,1294845061126066176,362417571,2020-08-22
1297168641339928577,3195419603,3384291022,2020-08-22
1297187574377861128,223022239,1055197789473390592,2020-08-22
1297173392190328833,1723977450,1135683713193451522,2020-08-22
1297172218472853507,839985545287720965,839985545287720965,2020-08-22
1297171669728006145,1293368666025799680,1293368666025799680,2020-08-22
1297171140218060802,743848285270642688,743848285270642688,2020-08-22
1297171472062926848,890123113270321152,1711663602,2020-08-22
1297173789218807808,1711663602,890123113270321152,2020-08-22
1297347806055657472,839985545287720965,839985545287720965,2020-08-23
1297192482782945287,1277082423487053826,977682734,2020-08-22
1297244024634593286,983014282055958529,299949977,2020-08-22
1297181558961369090,1266797935116738561,939142647565910016,2020-08-22
1297245458583244802,983014282055958529,65883722,2020-08-22
1297183811428483074,21010417,754551066209816576,2020-08-22
1297189016341798912,49039371,17889250,2020-08-22
1297190834056683520,25843801,3894175343,2020-08-22
1297185107762016256,463499584,707842246,2020-08-22
1297197238481977345,1352367002,1084577957660774400,2020-08-22
1297316827891023873,748262536483577856,283655374,2020-08-22
1297186540695691265,108114974,108114974,2020-08-22
1297187350792077313,198910545,454070304,2020-08-22
1297188992966893569,4774369766,4774369766,2020-08-22
1297188844316454912,1031732698333634560,1031732698333634560,2020-08-22
1297190668620701697,302857218,109156884,2020-08-22
1297207757465165824,408941058,2190987764,2020-08-22
1297192453557104642,885761066,885761066,2020-08-22
1297743810483585024,1137014383920525312,392481617,2020-08-24
1297197464525643783,950423466817224709,1047900240899002368,2020-08-22
1297256478722719744,937961195599953921,35578020,2020-08-22
1297225676496535552,15468458,30387340,2020-08-22
1297195922443644935,115308684,114833786,2020-08-22
1297202168978497536,620227353,16083062,2020-08-22
1297196856167010305,1239599332770398214,2944033058,2020-08-22
1297246416113369088,21522338,1272960935267876866,2020-08-22
1297199759942463493,1147270653231403010,16181546,2020-08-22
1297198530734575617,424323759,424323759,2020-08-22
1297231519552077824,917390576542113792,825784907142152193,2020-08-22
1297203412434591745,811514954159443968,48368510,2020-08-22
1297202221742993408,73280895,1226564865067757568,2020-08-22
1297204512772501504,598844965,5637462,2020-08-22
1297246577191526406,21522338,36199547,2020-08-22
1297205195202592773,1227023311554646016,1260152202,2020-08-22
1297875269898760199,786704913447395328,596095318,2020-08-24
1297206357553184770,1140362928,2838393762,2020-08-22
1297382711275991041,1289433877149290496,1244860401818284034,2020-08-23
1297662987420008448,1053309451,38192140,2020-08-23
1297207867406262273,1213862422588489734,1264036751833694209,2020-08-22
1297208041310429184,1264036751833694209,1213862422588489734,2020-08-22
1297209314323488770,89532344,1293614870286434314,2020-08-22
1297212715254140935,42765853,1561288958,2020-08-22
1297212920137281536,2861658449,2861658449,2020-08-22
1297213467116466176,1021103464590454784,1295023773574402050,2020-08-22
1297214612161490944,815575346992943104,416316055,2020-08-22
1297255157424623617,24641308,395630587,2020-08-22
1297230939962171395,917390576542113792,961965240043950080,2020-08-22
1297215101087428608,247268658,385560105,2020-08-22
1297216737264508929,245047135,981326653535244288,2020-08-22
1297216076401586177,1479082987,1479082987,2020-08-22
1297387539389530117,1234396603265552384,2496759462,2020-08-23
1297227533771870208,838071437235642368,1259394356844261377,2020-08-22
1297218839227371523,1479082987,1479082987,2020-08-22
1297220094565777409,1283086926409617417,1297105901564780546,2020-08-22
1297227086961180674,2824598695,117424407,2020-08-22
1297221791476322304,808108063,808108063,2020-08-22
1297232070507364352,2855615704,1115002193428590593,2020-08-22
1297232096285532160,838071437235642368,1259394356844261377,2020-08-22
1297358733396324352,15468458,30387340,2020-08-23
1297234952103305222,369777525,1556273586,2020-08-22
1297232548498755586,1291021164677038080,250656073,2020-08-22
1297232021199007748,86810384,733934101133037568,2020-08-22
1297233269130506241,1224397950207582208,1224397950207582208,2020-08-22
1297235657413156869,1188294864,2571082455,2020-08-22
1297256571295215622,2870192452,961041448945758208,2020-08-22
1297263587077963777,903001849,1159646022865477632,2020-08-22
1297237371495186432,1188294864,2571082455,2020-08-22
1297237512226832384,1042405564540768256,46106360,2020-08-22
1297239891063918592,2240361812,2240361812,2020-08-22
1297240967389548544,54810096,726542254731448320,2020-08-22
1297239607965229056,1296168868486901761,1296168868486901761,2020-08-22
1297265410631520256,1268977341071491078,4541125577,2020-08-22
1297244405242507264,1280275608493338626,2260870241,2020-08-22
1297240709716750336,1023144625987575810,985618618468663296,2020-08-22
1297248112122253314,33420515,33420515,2020-08-22
1297243442527866881,937422446323314688,364571941,2020-08-22
1297247941820702720,1294845061126066176,362417571,2020-08-22
1297246836143661058,115308684,142841876,2020-08-22
1297600392558260224,22217443,934838202510307328,2020-08-23
1297245846342336518,1202219827206770688,3177823241,2020-08-22
1297246795127328768,1202219827206770688,3177823241,2020-08-22
1297247026003038209,879768064857972736,1731567380,2020-08-22
1297253800533729280,1220753812773900293,1133797906895560704,2020-08-22
1297251061166743555,3303070788,3303070788,2020-08-22
1297258409851584512,1032011947,220555482,2020-08-22
1297254497392050176,811514954159443968,950710129,2020-08-22
1297267951960293377,1248762078170669057,959213379851137025,2020-08-22
1297262444281307136,1241143393562091520,3108793843,2020-08-22
1297262175791259649,1195392556047249408,2511523698,2020-08-22
1297259817984241666,979409904,979409904,2020-08-22
1297263329686282240,61637834,2798747557,2020-08-22
1297271401095798785,716796416,941537052,2020-08-22
1297267393719197696,2500055300,1140659626444070912,2020-08-22
1297266798564343808,2823365080,1175225935383158786,2020-08-22
1297296389513281537,23899482,318642543,2020-08-22
1297267999276240902,1260251840664436742,1260251840664436742,2020-08-22
1297269597670985731,1017294810393337857,1017294810393337857,2020-08-22
1297271683565465600,21522338,1699038312,2020-08-22
1297274169370050562,322134017,322134017,2020-08-22
1297278780738662400,912724813969481728,1267896875899932672,2020-08-22
1297277944059105280,18294521,18294521,2020-08-22
1297491686986260484,22290536,15251884,2020-08-23
1297278925442297862,18294521,18294521,2020-08-22
1297280526529830913,1549093266,2892859091,2020-08-22
1297279208511565824,59376872,59376872,2020-08-22
1297375194579980288,1289433877149290496,249760568,2020-08-23
1297279916409589761,219862792,219862792,2020-08-22
1297280939857338368,28674183,325994885,2020-08-22
1297282086408200194,17921569,2255898620,2020-08-22
1297319194652839936,41738451,2907340746,2020-08-22
1297286022217314305,154774769,156827612,2020-08-22
1297306169917276160,983014282055958529,1108739754764333057,2020-08-22
1297286624246726656,253147434,253147434,2020-08-22
1297287168977776640,253147434,253147434,2020-08-22
1297287554149031938,253147434,253147434,2020-08-22
1297303558795038720,1141090089373536256,1141090089373536256,2020-08-22
1297288109160304642,253147434,253147434,2020-08-22
1297288676972670976,253147434,253147434,2020-08-22
1297288619732893698,1266859397344628736,1037141231510474754,2020-08-22
1297289077004304395,253147434,253147434,2020-08-22
1297291913092124682,2823365080,1175225935383158786,2020-08-22
1297290784811737090,2254565539,2254565539,2020-08-22
1297295808208023553,164685716,289744679,2020-08-22
1297300375741980673,762522504,1027282364861440001,2020-08-22
1297296413945208833,186223123,186223123,2020-08-22
1297297468489596928,1297292924963688449,1297292924963688449,2020-08-22
1297299587129114624,1293704981812477953,1170043240692797440,2020-08-22
1297318682750619648,1061081135315222528,34138920,2020-08-22
1297300790667862016,118720412,19930211,2020-08-22
1297744181650022400,578315945,2768272126,2020-08-24
1297311497601912834,31187228,2959400344,2020-08-22
1297305590964813824,2823365080,1175225935383158786,2020-08-22
1297388667938447360,377556175,377556175,2020-08-23
1297305628130471936,932365571638706178,2425964491,2020-08-22
1297304938549305344,437780503,971223073,2020-08-22
1297306218952884230,2823365080,1175225935383158786,2020-08-22
1297305754106392576,28665916,49149989,2020-08-22
1297306491016359938,1703676193,1189313479787892737,2020-08-22
1297312853796327424,932365571638706178,77094749,2020-08-22
1297306831585521665,2823365080,1175225935383158786,2020-08-22
1297307780596957184,7192292,297525686,2020-08-22
1297307752956649473,2225214364,887876131759603712,2020-08-22
1297308425920151552,620136960,620136960,2020-08-22
1297309494968373249,712757789567758336,1230653192901464064,2020-08-22
1297310716060405762,1703676193,1189313479787892737,2020-08-22
1297315557503639555,1293704981812477953,1138635804572508160,2020-08-22
1297314313628262401,1143490066095976448,1143490066095976448,2020-08-22
1297332317711740928,4060784235,766384991261626372,2020-08-23
1297495290140930049,2865493781,1494568999,2020-08-23
1297354097868386307,142462847,15888261,2020-08-23
1297322244432158721,64097093,3031450706,2020-08-22
1297330221696327680,748708851873095680,2362712023,2020-08-23
1297324890379309057,25250613,25250613,2020-08-23
1297896892597186563,721107509872889856,2512192688,2020-08-24
1297327243295731712,3097061712,146724111,2020-08-23
1297328318245724160,56649139,2918089872,2020-08-23
1297328520792870912,1017294810393337857,1017294810393337857,2020-08-23
1297329920293535744,2918089872,56649139,2020-08-23
1297334116950695938,779207187365236736,2374735736,2020-08-23
1297337679231811586,911853587009024000,249410508,2020-08-23
1297359482801053698,1163355523019878401,1040592434,2020-08-23
1297339924719575042,64097093,3031450706,2020-08-23
1297343965461483520,1110475417,2531015644,2020-08-23
1297343117696233472,28674183,850414350,2020-08-23
1297343560551809024,28674183,850414350,2020-08-23
1297354429591621633,1144392827956355073,3043903840,2020-08-23
1297345237321482240,798500424194134016,798500424194134016,2020-08-23
1297349216365232128,20968681,263355677,2020-08-23
1297348657914744839,100827317,260818906,2020-08-23
1297355266225102848,770126460,157218414,2020-08-23
1297388906795511814,263355677,20968681,2020-08-23
1297351926665883648,1723977450,3222774775,2020-08-23
1297350892912619520,1723977450,3222774775,2020-08-23
1297351869174558720,926848969539497990,926848969539497990,2020-08-23
1297466144270495745,1031839285933219840,3385000241,2020-08-23
1297383602179780608,1900765154,1135687857815732224,2020-08-23
1297356994710560768,989704556048199680,989704556048199680,2020-08-23
1297360546564419584,4885624032,1228727718017142784,2020-08-23
1297360627728617473,155048058,1403105180,2020-08-23
1297361306404651009,1228727718017142784,88978366,2020-08-23
1297366018302582792,196019025,196019025,2020-08-23
1297369304178888705,21402057,1077253848320794625,2020-08-23
1297367815599656960,2251127928,2277801440,2020-08-23
1297459688641093632,1171510996914982915,1033243216559185920,2020-08-23
1297366871256248320,96149284,96149284,2020-08-23
1297371487704199168,23554832,2275848403,2020-08-23
1297458935570608128,34747487,178760129,2020-08-23
1297374185652510720,980071615986716672,850338641171841024,2020-08-23
1297395929390014464,808879093391368192,1250484098,2020-08-23
1297372016828440577,329136750,329136750,2020-08-23
1297376808799817729,36207238,1458695514,2020-08-23
1297532319893463040,1458695514,36207238,2020-08-23
1297377790430523395,212840455,904387451984248832,2020-08-23
1297394200460161025,171191577,762319862878187520,2020-08-23
1297378898594979840,21522338,2286022980,2020-08-23
1297379498988417024,70183342,3290223170,2020-08-23
1297381517174419463,1045781052155940864,3014442664,2020-08-23
1297385625944035328,21522338,137395584,2020-08-23
1297391838488190976,839985545287720965,839985545287720965,2020-08-23
1297387647124611073,317980134,317980134,2020-08-23
1297542375334543362,1266962533849591808,2901906341,2020-08-23
1297393136747110401,1285916076933619713,15714128,2020-08-23
1297401515192340480,179529875,578234529,2020-08-23
1297414973090459648,1279245010869686274,170369342,2020-08-23
1297396277643284481,1018506859106496512,1018506859106496512,2020-08-23
1297398147627356160,300408759,386079719,2020-08-23
1297403529464819713,3979623923,3979623923,2020-08-23
1297415386305101825,2251127928,57373739,2020-08-23
1297404470075170816,78822403,1348041709,2020-08-23
1297406690200096768,176059849,1197971222711148545,2020-08-23
1297410463895097345,1038177795694841860,1038177795694841860,2020-08-23
1297410712692822021,1254976016143060992,725089865809952768,2020-08-23
1297422090149203968,1852669202,3866126173,2020-08-23
1297415581621198848,2276147186,1017624424198103040,2020-08-23
1297416739857334272,103371622,103371622,2020-08-23
1297422325093023744,18954213,1296291684570079233,2020-08-23
1297545929193594880,1196105925905571840,1203549413433626625,2020-08-23
1297427268797685761,302887026,1117593619714670592,2020-08-23
1297427810160705536,302887026,1117593619714670592,2020-08-23
1297430283155910656,302887026,1117593619714670592,2020-08-23
1297439860794384387,762522504,2747063468,2020-08-23
1297442147478704135,398046826,398046826,2020-08-23
1297449786606592005,873590369509937153,873590369509937153,2020-08-23
1297457291353088000,525595860,1176624759208955905,2020-08-23
1297460098995019776,302999107,1483912172,2020-08-23
1297478504125267968,37904694,1296933103253020674,2020-08-23
1297638997762531328,783192504,3916929736,2020-08-23
1297460542831919105,1483912172,302999107,2020-08-23
1297460874094010368,1483912172,302999107,2020-08-23
1297467464310304769,103371622,103371622,2020-08-23
1297646299022598145,970029860885278720,791314342033649665,2020-08-23
1297505750911254528,755846181641748481,893080604,2020-08-23
1297524859405131776,2549505211,2549505211,2020-08-23
1297471364589182978,1483912172,263028152,2020-08-23
1297567757131812864,1051146793,14057402,2020-08-23
1297480279628578816,573921084,1256302190320386049,2020-08-23
1297528484231819267,789355024597909504,1262084301224542209,2020-08-23
1297485732450377729,897271522544439296,897271522544439296,2020-08-23
1297487346028425216,897271522544439296,897271522544439296,2020-08-23
1297496676085764098,1309079066,1713237840,2020-08-23
1297496788472037376,2865493781,1494568999,2020-08-23
1297533518738649088,5411042,20799692,2020-08-23
1297508005018296325,2711780581,1037205428546035712,2020-08-23
1297516451801243650,71436906,845617082448302080,2020-08-23
1297503092506853376,2784992492,2784992492,2020-08-23
1297506404933214208,30844417,303339927,2020-08-23
1297507022267658240,30844417,303339927,2020-08-23
1297506851337232384,30844417,30844417,2020-08-23
1297509475272794112,1285613770069467136,953374112453406727,2020-08-23
1297510061800148992,30844417,30844417,2020-08-23
1297509633154850818,755846181641748481,893080604,2020-08-23
1297509925955018753,1226864764955045888,1226864764955045888,2020-08-23
1297511443760324609,736168568488927232,736168568488927232,2020-08-23
1297512488511176704,25248934,4825047051,2020-08-23
1297535824473600001,2870986967,163766968,2020-08-23
1297523640079196160,156602374,18098009,2020-08-23
1297533262148116480,176059849,554021284,2020-08-23
1297522332156796930,1086976130819809280,1249209723586560001,2020-08-23
1297543924685271040,163882771,249361274,2020-08-23
1297523373938036736,115308684,461430839,2020-08-23
1297527962737074176,1226077113666551809,1215291635870752768,2020-08-23
1297528253977108482,979293529490018304,979293529490018304,2020-08-23
1297549045423058945,84294254,35148693,2020-08-23
1297533194246459392,486111271,486111271,2020-08-23
1297538595956244482,1018882930007949312,1018882930007949312,2020-08-23
1297551355666669568,2449674942,225056879,2020-08-23
1297539133397708801,2314349042,65335866,2020-08-23
1297538782045130752,1723977450,3222774775,2020-08-23
1298010947349549057,4153854796,1106252593276309504,2020-08-24
1297542078340173826,39697259,139458531,2020-08-23
1297556570302222338,1015659370124840960,1296808140386820099,2020-08-23
1297597428497965056,485282911,19462479,2020-08-23
1297563049776353288,22061830,1132723018361462784,2020-08-23
1297585622773792776,1073216193534853120,3168759061,2020-08-23
1297698948015038464,3254505727,1100866552356921350,2020-08-24
1297551869481562118,113721008,113721008,2020-08-23
1297559782182645760,28665916,20606844,2020-08-23
1297756192417157123,13951732,13951732,2020-08-24
1297563662031425536,1151842300944928768,2235256447,2020-08-23
1297561147630145537,593813785,593813785,2020-08-23
1297583955382697984,1003241066986786816,822785151822217216,2020-08-23
1297562366234828801,971443619650469890,971443619650469890,2020-08-23
1297564391529996289,64097093,166248414,2020-08-23
1297565253144727552,786350701,758042588,2020-08-23
1297628071370006528,740713342264705025,404198241,2020-08-23
1297567338212945920,138340071,138340071,2020-08-23
1297571348865265665,14057402,1051146793,2020-08-23
1297773098549178368,1293895047436410881,719335864501817344,2020-08-24
1297568892043362305,861371647,861371647,2020-08-23
1297571940148944899,1189824906,819036562318991360,2020-08-23
1297572275802255365,1294507181019201536,1294507181019201536,2020-08-23
1297572539070177283,320571217,320571217,2020-08-23
1297573217842987008,22731100,1087825937549455361,2020-08-23
1297591577456582656,1247360255790583808,1059939675077513216,2020-08-23
1297579857292021761,1249822878851371013,1249822878851371013,2020-08-23
1297585378266943488,748239688792682498,1166579881007820805,2020-08-23
1297584080717000704,983014282055958529,73740072,2020-08-23
1297581803859898373,1271212564874223617,767828086192795648,2020-08-23
1297587776192483328,1284843711508119553,281320629,2020-08-23
1297578355345305606,1188903683909660672,1188903683909660672,2020-08-23
1297591785850576896,1244311993,1243026564230545408,2020-08-23
1297580925430235138,1189747611265380352,1189747611265380352,2020-08-23
1297588791465705474,92825421,66885899,2020-08-23
1297585155406802944,11266352,11266352,2020-08-23
1297656605635424256,3168759061,1073216193534853120,2020-08-23
1297587745112678400,183861868,717357417160253440,2020-08-23
1297592376979062785,1267322072,22026616,2020-08-23
1297610034961154050,1390643754,61240246,2020-08-23
1297592945634410498,41572283,766101004639170560,2020-08-23
1297612622351794177,41572283,766101004639170560,2020-08-23
1297598324090867712,932365571638706178,1414634802,2020-08-23
1297597371984027650,1293686197236228096,1180745726248312833,2020-08-23
1297597673319682048,882779017857912832,882779017857912832,2020-08-23
1297600678462808064,786350701,758042588,2020-08-23
1298281699105574913,334189709,334189709,2020-08-25
1297613320892055554,176059849,1197971222711148545,2020-08-23
1297632239568785413,860713921,860713921,2020-08-23
1297612044586426368,115308684,102099503,2020-08-23
1297611712301015050,544455548,544455548,2020-08-23
1297623020589264897,1266859397344628736,1153921189087240192,2020-08-23
1297616310629576705,2838117555,2838117555,2020-08-23
1297618921747603458,1162757233987522562,2228878592,2020-08-23
1297659126944657408,1483912172,64202650,2020-08-23
1297621812914737158,797477526234771456,797477526234771456,2020-08-23
1297629701444313088,829802804734734336,1160724679306416128,2020-08-23
1297626734054060034,1242149984708984837,3177383879,2020-08-23
1297628812570746881,3050494977,3050494977,2020-08-23
1297633610720321536,1285267615548690435,933770109167869952,2020-08-23
1297649084845744136,174710713,126420663,2020-08-23
1297629949755559945,830656006388588545,830656006388588545,2020-08-23
1297632104872845312,1079885853827186688,1006728698173616129,2020-08-23
1297631531972923393,1708391016,1238853234246275079,2020-08-23
1297631165789151232,1262863641352851458,3274547677,2020-08-23
1297633411297882113,830656006388588545,1270755002101923847,2020-08-23
1297752712357056512,1239969860941217792,909481509802905606,2020-08-24
1297635303876890624,59824714,59824714,2020-08-23
1297637213119930369,571521997,1222532264615002113,2020-08-23
1297636137415016448,723965951511646208,723965951511646208,2020-08-23
1297637298306244609,830656006388588545,830656006388588545,2020-08-23
1297637680751116288,1222532264615002113,571521997,2020-08-23
1297642187761410049,1077790895783653377,45418948,2020-08-23
1297642880069058561,1222532264615002113,61626134,2020-08-23
1297642187933376512,56878214,56878214,2020-08-23
1297671734095761410,41572283,1295791062,2020-08-23
1297644002683113483,824322787640745984,246078574,2020-08-23
1297644846526603265,1222532264615002113,764878285,2020-08-23
1297645643222134784,18294521,18294521,2020-08-23
1297698406446632967,176059849,1197971222711148545,2020-08-24
1297874604283891713,25163231,25163231,2020-08-24
1297654906195791872,4903419047,4903419047,2020-08-23
1297930381606490112,421967381,421967381,2020-08-24
1297655472720404480,21522338,848601957979885573,2020-08-23
1297655919183110150,1091520810207141889,1091520810207141889,2020-08-23
1297854183853436928,1013084447518986242,1013084447518986242,2020-08-24
1297660017089404935,807383923839893504,1172319353938698241,2020-08-23
1297678566629339137,1279245010869686274,170369342,2020-08-23
1297701710106951680,20859969,741069342478077952,2020-08-24
1297661086284603392,1218358275135221761,1187806519951269888,2020-08-23
1297686812530368517,2352565165,2497711687,2020-08-24
1297661168677462017,1187806519951269888,1218358275135221761,2020-08-23
1297693763620540417,20859969,1248351344827613186,2020-08-24
1297668660694151168,2321698520,966720841642778626,2020-08-23
1297664987289313282,169735800,1243967092635963392,2020-08-23
1297687142592913410,1179107221080330240,2905288750,2020-08-24
1297682354056511488,137530414,1056840295,2020-08-23
1297679079940874240,1116105642068987905,1116105642068987905,2020-08-23
1297772659585974272,1394827801,4828854406,2020-08-24
1297669464524234752,573866808,1090524396,2020-08-23
1297669598490185730,944397197411414016,388386169,2020-08-23
1297669192020381697,2439069144,2439069144,2020-08-23
1297670993633214464,1172729166212587520,1106172950,2020-08-23
1297670159201525761,944397197411414016,388386169,2020-08-23
1297722378240303105,115308684,1275504012,2020-08-24
1297670913534484480,1157458506615672832,1232506699451371521,2020-08-23
1297671392305926145,944397197411414016,388386169,2020-08-23
1297849723559313408,4261171756,121226400,2020-08-24
1297675038720774144,2315586823,2315586823,2020-08-23
1298214037906432000,41572283,1167115306063540225,2020-08-25
1297677084932878341,18294521,18294521,2020-08-23
1297677255896895490,18294521,18294521,2020-08-23
1297679071003004934,818733968,818733968,2020-08-23
1298395585985351682,1257864624004829184,1257864624004829184,2020-08-25
1297679540244815873,1272918670323224577,820103426,2020-08-23
1297681646083362819,66209943,1017008344350027777,2020-08-23
1297682096765501441,66209943,220231420,2020-08-23
1297682152847482881,236541422,2792928860,2020-08-23
1297685215242903553,98486683,98486683,2020-08-24
1297689490773901312,458971684,34825509,2020-08-24
1297690130803757062,64274721,254193995,2020-08-24
1297690465152593920,16533888,16533888,2020-08-24
1297691292944797696,1511018348,1511018348,2020-08-24
1297692478506663936,751510293746839552,21711444,2020-08-24
1297692669355778049,1116105642068987905,1116105642068987905,2020-08-24
1297753781220909058,2905288750,46401540,2020-08-24
1297697231257165825,1442079912,19520342,2020-08-24
1297696143812567040,66209943,450392702,2020-08-24
1297697422827753474,19520342,1442079912,2020-08-24
1297700381800071168,17971455,53725673,2020-08-24
1297848577801166849,1232548762335137795,1232548762335137795,2020-08-24
1297704828110610438,1153403707758993410,944047639871582218,2020-08-24
1297702595704889344,1258469242845921281,1258469242845921281,2020-08-24
1297746725537558530,259725229,99841555,2020-08-24
1297704209983377408,375835655,375835655,2020-08-24
1297704314958417920,23522932,23522932,2020-08-24
1297965266509406209,375929895,516118504,2020-08-24
1297727612379369477,1235076927586586624,3142411708,2020-08-24
1297707072310714368,297009930,297009930,2020-08-24
1297707140958707712,16383118,16383118,2020-08-24
1297713963942252545,1332791461,1676126712,2020-08-24
1298054572179705856,1156359559901900800,1247977620932878337,2020-08-25
1297714084281036801,934049237628841984,934049237628841984,2020-08-24
1297710873151016961,2185190036,2185190036,2020-08-24
1297711789598298112,1196595414755106816,1196595414755106816,2020-08-24
1297712021610336256,806304970429657088,44808133,2020-08-24
1297712343372247042,286699384,97863902,2020-08-24
1297716394516197376,17919393,17919393,2020-08-24
1297714906578522113,242359655,242359655,2020-08-24
1297717429196423169,116579971,78496052,2020-08-24
1297722163206787072,1294335506495475713,1294335506495475713,2020-08-24
1297726156918185984,231164042,879095592,2020-08-24
1297810159234764801,826332877457481728,927388044,2020-08-24
1297746816923049986,22639515,24707450,2020-08-24
1297742355173216256,1025991491204739072,102194283,2020-08-24
1297735524199944194,817772132549750786,112092367,2020-08-24
1297735406725861376,45788259,827769733281837056,2020-08-24
1297735283761324033,360611439,360611439,2020-08-24
1297738736881418240,1144555773063618561,1144555773063618561,2020-08-24
1297742094287560705,932365571638706178,1121734666698887168,2020-08-24
1297903905511288834,1226184694234075136,872240436,2020-08-24
1297746068172615680,931672035398438917,931672035398438917,2020-08-24
1297744989066342409,1137014383920525312,392481617,2020-08-24
1297845552244305925,475180174,1079536523526238208,2020-08-24
1297888160811307008,1167819735825883137,2318175079,2020-08-24
1297809547244048384,821496654566223874,821496654566223874,2020-08-24
1298043242823462919,1232046216541868040,1232046216541868040,2020-08-24
1297751212561817601,257641845,3177005245,2020-08-24
1298995479326334977,1244699648,128419321,2020-08-27
1297754854790766592,123466968,123466968,2020-08-24
1297763376731500544,21522338,54784497,2020-08-24
1297757128334114816,1176870582421471233,1176870582421471233,2020-08-24
1297762167161323522,746499078,196571499,2020-08-24
1297762392521277445,67442251,67442251,2020-08-24
1297763265938886656,1009546724,1009546724,2020-08-24
1297768262378426370,808289413818105856,2331287820,2020-08-24
1297780860238868485,838502658084331522,1036066076008873984,2020-08-24
1297770400865288194,21522338,591009702,2020-08-24
1300302260518363136,803173306216001538,803173306216001538,2020-08-31
1297915576661225474,4828854406,1394827801,2020-08-24
1297772916528930817,15445129,15445129,2020-08-24
1297773183555104768,620710122,620710122,2020-08-24
1297783841931829249,1204770198773018625,3458433321,2020-08-24
1297781350313758720,98486683,98486683,2020-08-24
1297791674479828993,1219419324361789440,1179047014136311814,2020-08-24
1297795835053445121,1365301831,1365301831,2020-08-24
1297797668584869888,1939879202,1939879202,2020-08-24
1297940014316376066,45441194,45441194,2020-08-24
1297803934766108674,2815155763,2815155763,2020-08-24
1297805779790168064,387231469,387231469,2020-08-24
1297808327259369472,2300282864,2300282864,2020-08-24
1297809009144193024,336650278,336650278,2020-08-24
1297818268162555905,2582682120,2582682120,2020-08-24
1297818941293830146,786681441971232770,786681441971232770,2020-08-24
1297822545387884545,1222812324299509760,1222812324299509760,2020-08-24
1297884503554179073,257641845,215601191,2020-08-24
1297864571844255746,344375185,702521033870458880,2020-08-24
1297825220687024130,2883945809,2883945809,2020-08-24
1297828260500377600,1056449791247466496,1168890714341724161,2020-08-24
1297827346796380161,1093938146419580929,1093938146419580929,2020-08-24
1297833945648836611,21522338,4673242603,2020-08-24
1297830639438372872,792465891040587777,57772859,2020-08-24
1297831101491220480,1296811299721142283,1296811299721142283,2020-08-24
1297846706122436612,69950319,69950319,2020-08-24
1297847449134878720,221799722,221799722,2020-08-24
1297874110555369472,1119516540880080898,1281434238827429889,2020-08-24
1297856756228513792,3135101087,3135101087,2020-08-24
1297861899841703942,1294845061126066176,826963550719598596,2020-08-24
1297872250406756354,1294845061126066176,826963550719598596,2020-08-24
1298165868526960641,1242746270684516352,1242746270684516352,2020-08-25
1297866204456116226,1086976130819809280,1232313148939669504,2020-08-24
1297863454653644803,1106632781914927104,1106632781914927104,2020-08-24
1297864444802891776,1135650153468182529,1220494641864302592,2020-08-24
1297885531980922880,1297187292797448192,8220042,2020-08-24
1297866257908236288,277369961,277369961,2020-08-24
1297868036544880641,728747154,833978025876258816,2020-08-24
1298159496582365184,388991750,1401733428,2020-08-25
1297921929605550080,1294845061126066176,2268042296,2020-08-24
1297897102580895747,90830064,43655697,2020-08-24
1297882334352613383,70544000,126416700,2020-08-24
1297945080221896704,194982172,1225106824795435010,2020-08-24
1297916483457212421,811619815274254336,1189317042857316354,2020-08-24
1297893139768905728,2228644813,2228644813,2020-08-24
1297895271343562753,302438373,365037078,2020-08-24
1297887054471155712,169005494,169005494,2020-08-24
1297887563412385797,1112077858422296582,1112077858422296582,2020-08-24
1297905811524481027,45757903,557199671,2020-08-24
1297890701452115968,262953068,1014407526203428864,2020-08-24
1297956572279246850,1153403707758993410,944047639871582218,2020-08-24
1297895475421511682,766039340724158465,2562804806,2020-08-24
1297899721357512705,43345731,43345731,2020-08-24
1297918308205891590,2229041119,1003105392774262784,2020-08-24
1297901121739137025,78445977,78445977,2020-08-24
1297903429940125698,143798379,143798379,2020-08-24
1297903328987197443,1295848547103805440,1295848547103805440,2020-08-24
1297903580033224705,1243169647911985154,1243169647911985154,2020-08-24
1297904386400833538,427043715,427043715,2020-08-24
1297904926169935872,1145995020,1145995020,2020-08-24
1297907218768113665,20560294,20560294,2020-08-24
1297908121566756866,1295848547103805440,1295848547103805440,2020-08-24
1297911522069553152,274144542,1283150203919441922,2020-08-24
1297911247350820864,870105766794993665,870105766794993665,2020-08-24
1297918905659396097,66209943,928028118677368832,2020-08-24
1297915151325245440,4534193952,4534193952,2020-08-24
1297919447689244676,353250041,114018526,2020-08-24
1297917224796258310,4534193952,4534193952,2020-08-24
1297920832660963328,21522338,241640955,2020-08-24
1297928151557984257,115308684,492675070,2020-08-24
1298235460293025794,47163481,47163481,2020-08-25
1297921220319629314,1279525154046050311,12804432,2020-08-24
1297924330261708800,1262008183498969094,1262008183498969094,2020-08-24
1297926481260183552,1262008183498969094,1262008183498969094,2020-08-24
1297924454425571330,776685916026867712,776685916026867712,2020-08-24
1297925060041342977,1293276459923120129,1293276459923120129,2020-08-24
1298181680113606657,2597865152,2597865152,2020-08-25
1297927237799485441,1283062006937985026,1283062006937985026,2020-08-24
1297927749768798209,2538317437,2538317437,2020-08-24
1297930076768608256,18225400,1203045162022309888,2020-08-24
1297929177207840769,64944576,235121743,2020-08-24
1297960131372539906,784454880576495616,784454880576495616,2020-08-24
1297930705796763649,1097037050128318464,1097037050128318464,2020-08-24
1297934072770166791,735132714798551042,735132714798551042,2020-08-24
1298133354307559424,41401553,3296219929,2020-08-25
1297933630589861896,53380112,53380112,2020-08-24
1297934621917749249,249564983,249564983,2020-08-24
1298139252694421504,1266280025063485440,1034601211406831617,2020-08-25
1298128246475599872,48109973,1270315787295887360,2020-08-25
1297938999378575361,17919393,17919393,2020-08-24
1297940415514017793,807812802761158656,3409081054,2020-08-24
1297942700931428352,1267294274736893953,979403903149203458,2020-08-24
1298558362116857858,866801099264729088,261790050,2020-08-26
1297947583814471682,636693268,636693268,2020-08-24
1297950626458955777,914729936249774080,914729936249774080,2020-08-24
1298011486543949824,13951732,13951732,2020-08-24
1297950138120331264,917972406198775808,41058376,2020-08-24
1297969575892586496,1436919157,70771738,2020-08-24
1297951677132288002,1344539976,1204945320079175681,2020-08-24
1298956593258692610,1552448954,441623904,2020-08-27
1297951665904115713,709905230,709905230,2020-08-24
1297954394118348805,23370109,842795476990812160,2020-08-24
1297956122545061889,2441055814,1205998019239383040,2020-08-24
1297973007663665152,1195099071293382662,2558953269,2020-08-24
1297954801515339777,18954213,1294003535714168832,2020-08-24
1298425791630516225,493499520,1261883750788395008,2020-08-26
1297957366508421120,3379740699,3379740699,2020-08-24
1297961766689873920,2842795666,1297734025138917381,2020-08-24
1297958569309081602,1035181525,1035181525,2020-08-24
1297964021686116352,1233574092734894081,1500110022,2020-08-24
1297961943118954496,2500055300,550738636,2020-08-24
1297960990240206848,1201565288879116288,1201565288879116288,2020-08-24
1297961211204472833,124309063,5266951,2020-08-24
1297966468655722501,3195419603,696482342282645505,2020-08-24
1297961851985301505,46398654,46398654,2020-08-24
1297962700329422851,921965882,921965882,2020-08-24
1297969995989819393,46398654,46398654,2020-08-24
1297968199707824128,574129370,574129370,2020-08-24
1297970381228212224,85984411,167932876,2020-08-24
1297971386569445376,1233574092734894081,884144649216110596,2020-08-24
1297974220773703680,18954213,4865234855,2020-08-24
1298027988592676864,1243019886533545985,810371064522047488,2020-08-24
1298190032193216513,1633560414,23670398,2020-08-25
1298024798661087234,22639515,24707450,2020-08-24
1297989273719836677,1279832675323449350,759764535372812288,2020-08-24
1297989870615494656,4247542528,2361242006,2020-08-24
1297993141891604480,751542960131411968,338657565,2020-08-24
1297994489173344257,1248365263617171462,4871691736,2020-08-24
1297996848733421568,1151345828,2868544624,2020-08-24
1298022587969265664,244730641,244730641,2020-08-24
1297994666474762240,98486683,98486683,2020-08-24
1297998656809967617,4548089901,1258458665037762560,2020-08-24
1298178852666081283,205671613,2250534022,2020-08-25
1298001289033506816,301170383,301170383,2020-08-24
1298034166785859584,728747154,825117706865119234,2020-08-24
1298015790902308865,1141090089373536256,1141090089373536256,2020-08-24
1298007208907747331,259300516,259300516,2020-08-24
1298011434820018176,314257139,3619352295,2020-08-24
1298010043212849155,1629152486,56197959,2020-08-24
1298015502984413184,895347487233462272,961817767,2020-08-24
1298034371920908288,728747154,1214590439824797696,2020-08-24
1298016151230771200,18954213,1018580323884560384,2020-08-24
1298012105124315141,295557152,760574375892574209,2020-08-24
1298015342891945985,1890686964,807293276,2020-08-24
1298011798554189824,1200429972688642048,3257654416,2020-08-24
1298015233047330817,13951732,13951732,2020-08-24
1298015586803482624,755846181641748481,2432397453,2020-08-24
1298027459854696450,50563940,44733050,2020-08-24
1298015635927162880,810590628727914496,810590628727914496,2020-08-24
1298021992910794758,948484658,1074932954638548992,2020-08-24
1298020238466912262,1280906053023080448,1280906053023080448,2020-08-24
1298020993668177920,3830061,3830061,2020-08-24
1298024473115779072,898001866881216515,703997514,2020-08-24
1298031906555072512,3049995394,3049995394,2020-08-24
1298141571523674113,1275347134615863296,1275347134615863296,2020-08-25
1298025936802242560,703997514,898001866881216515,2020-08-24
1298028842322452486,811514954159443968,264206153,2020-08-24
1299419773068075019,247047968,804988735,2020-08-28
1298027902982860802,1174354665695264768,1174354665695264768,2020-08-24
1298624361977597953,70797085,70797085,2020-08-26
1298032884209549315,1224321439538565120,999673612532617218,2020-08-24
1298034713571909633,3289530364,1592100684,2020-08-24
1298035492106182656,1273754649716195328,1010992412330782721,2020-08-24
1298038931527737344,1276732723340759041,1276732723340759041,2020-08-24
1298042508681895937,823015510006755330,128387510,2020-08-24
1298046274881675267,228183609,342910848,2020-08-24
1298047304616816640,14947030,1116169240195862528,2020-08-24
1298047262216663047,3422384260,3422384260,2020-08-24
1298047704472399873,1294412813688025099,1294412813688025099,2020-08-25
1298049608543764482,728747154,802774000942415872,2020-08-25
1298217913816682496,726779486,266273858,2020-08-25
1298055616095825922,16523905,281800967,2020-08-25
1298050780562427905,1689686322,1689686322,2020-08-25
1298077154043977728,1055405245449322496,1296326464003084291,2020-08-25
1298055715303510016,64320068,64320068,2020-08-25
1298061245216587776,115308684,109047243,2020-08-25
1298064549917204482,27971357,27971357,2020-08-25
1298067331713847296,999796014918778880,505796751,2020-08-25
1298064630460362752,115308684,114005207,2020-08-25
1298088516060995584,583517629,1232049043662147584,2020-08-25
1298095443780481025,15554809,162501671,2020-08-25
1298069936938659840,1200465785627586561,740623646574710784,2020-08-25
1298393767813304322,2818295215,2818295215,2020-08-25
1298078176929697795,583517629,3224463214,2020-08-25
1298068233333874688,1228415516110245889,32881612,2020-08-25
1298069745426718720,64218261,1213147363444834304,2020-08-25
1298071043215699968,599743275,599743275,2020-08-25
1298071453070512130,17631666,118708493,2020-08-25
1298397319570882560,25365699,37685082,2020-08-25
1298071792641351680,1257400718283112453,1257400718283112453,2020-08-25
1298348934797168646,1268592237945868290,36715753,2020-08-25
1298085697967054849,1147518921307774976,1114775145183367169,2020-08-25
1298079346092056581,102796180,102796180,2020-08-25
1298094029930987521,202371049,908710118216179712,2020-08-25
1298194922709946369,19202915,1184479760413577217,2020-08-25
1298082321749495813,466143879,891466498434379776,2020-08-25
1298085726828089344,227406960,227406960,2020-08-25
1298083733459918853,777233447416832000,850083436408717312,2020-08-25
1298083557030723584,41448115,52069182,2020-08-25
1298086577575309313,583517629,86805687,2020-08-25
1298155166420488194,875331036468527104,2859651616,2020-08-25
1298087718216507392,1239599332770398214,999832346797850624,2020-08-25
1298141063270604805,973322893890392064,856042501483909120,2020-08-25
1298089228169969664,762449955185266689,1294624902474063872,2020-08-25
1298376361329848321,27202261,27202261,2020-08-25
1298094535592087557,1004053092109832192,2263224073,2020-08-25
1298093700271280128,761111202541948928,761111202541948928,2020-08-25
1298226803035774981,1210271335378833410,810335113795932160,2020-08-25
1298100352131010560,770561500951916544,770561500951916544,2020-08-25
1298101318419193858,1263537169647505410,1263537169647505410,2020-08-25
1298103882103455744,19426419,19426419,2020-08-25
1298104113729638401,2389476140,22519151,2020-08-25
1298103804286644224,41448115,78174048,2020-08-25
1298105861089370113,1246094495143231489,1246094495143231489,2020-08-25
1298111630442520578,747932406049443840,1278176577243631616,2020-08-25
1298111857954131969,565925650,53548789,2020-08-25
1298147842456875008,710355652418252800,854073144767860737,2020-08-25
1298141314811215872,394046792,1214697743374880768,2020-08-25
1298239520207446016,1235697765554049025,1248022357886636032,2020-08-25
1298132546757296128,1248232073263022080,1008743836871544832,2020-08-25
1298362720732020737,747066889,1001982547000258567,2020-08-25
1298258442306502656,2773435505,64578817,2020-08-25
1298277721185845248,490276190,834645716228272129,2020-08-25
1298149684414803970,876782309302714369,876782309302714369,2020-08-25
1298152673066319872,181877490,35034459,2020-08-25
1298154393968226305,14226860,14226860,2020-08-25
1298159969804713984,1401733428,388991750,2020-08-25
1298162727739953154,2335560009,742835179,2020-08-25
1298162446037786624,61709756,61709756,2020-08-25
1298263517762424833,296978647,1273380497104740354,2020-08-25
1298166369003937792,4072786517,4072786517,2020-08-25
1298166326909755392,898934738,898934738,2020-08-25
1298230079684784133,2597865152,2597865152,2020-08-25
1298169078050324480,1155287095,1213169016098844672,2020-08-25
1298207549603414018,396861422,1196210463438098432,2020-08-25
1298269740335394825,68804052,2605771165,2020-08-25
1298180761137360896,454423746,225168723,2020-08-25
1298178868818345985,996239400773259267,996239400773259267,2020-08-25
1298194476398071811,3182217265,21209583,2020-08-25
1298180972161257472,21522338,2865840367,2020-08-25
1298183796450185216,211277534,211277534,2020-08-25
1298218090249912320,756029780,42979284,2020-08-25
1298586659315830784,2844870645,2844870645,2020-08-26
1298196559855845382,224063770,1193301427118125056,2020-08-25
1298898545244688384,1263046626408566784,1263046626408566784,2020-08-27
1298190385865469953,121259222,121259222,2020-08-25
1298193464027500544,181877490,770601214866227200,2020-08-25
1298215976798949376,115308684,139241586,2020-08-25
1298216663146356736,1196210463438098432,396861422,2020-08-25
1298246339470360576,34656478,2344223106,2020-08-25
1298231361774460928,37738073,37738073,2020-08-25
1298232412477034497,2597865152,2597865152,2020-08-25
1298234020438966272,2597865152,2597865152,2020-08-25
1298234633834897409,3081983657,2421431117,2020-08-25
1298237749338742796,3031740566,903697224,2020-08-25
1298234551655976969,748826932817457152,748826932817457152,2020-08-25
1298236599491207168,922692204547604481,922692204547604481,2020-08-25
1298257209684455426,499840041,874755750,2020-08-25
1298242220303110144,24998491,169949875,2020-08-25
1298270882448605184,1228415516110245889,741089054066921474,2020-08-25
1298238192991248387,1086976130819809280,1283835271528800260,2020-08-25
1298315343413350402,933069975677472773,1090039695160021002,2020-08-25
1298307011319345152,1204770198773018625,34242776,2020-08-25
1298251604748099584,21522338,3222624182,2020-08-25
1298243279042097159,142790607,2774297030,2020-08-25
1298245483803160578,64502932,2384051004,2020-08-25
1298271218580074498,1244018935361568769,823590875498512385,2020-08-25
1298319564032417793,1719873062,195441305,2020-08-25
1298252897554030593,40011174,1034851919301423105,2020-08-25
1298438516414742529,283363779,23393318,2020-08-26
1298255292036153344,110326494,110326494,2020-08-25
1298254765579743232,1267846254463201281,1267846254463201281,2020-08-25
1298326551893807104,1257660442027196418,568195343,2020-08-25
1298257827157307395,779207187365236736,1274791269462675460,2020-08-25
1298263065603923974,1125119661945884672,1537401469,2020-08-25
1298261275076489217,281464648,281464648,2020-08-25
1298263218456936448,2768119705,250955897,2020-08-25
1298262586018783242,1298260597704781824,1298260597704781824,2020-08-25
1298263603980558337,281464648,281464648,2020-08-25
1298267331504742407,115308684,1273161516,2020-08-25
1298280236627312641,8536952,25673882,2020-08-25
1298266780733812740,115308684,1273161516,2020-08-25
1298266821829595144,445832459,445832459,2020-08-25
1298278377888133120,1154891637874671616,1154891637874671616,2020-08-25
1298271140796698626,115308684,992291401,2020-08-25
1298273600135286786,2172796004,1255557917064884225,2020-08-25
1298272500384583681,367125853,367125853,2020-08-25
1298278823293792259,834624054099337216,797502729103011845,2020-08-25
1298274694584569856,1086976130819809280,862419118921846784,2020-08-25
1298376174238752768,1273754649716195328,1239532575015809025,2020-08-25
1298337054154280962,4541141723,707007215475957760,2020-08-25
1298864052110626817,126846117,899058169,2020-08-27
1298284553799335938,806304970429657088,947679282,2020-08-25
1298285622063505410,182049540,182049540,2020-08-25
1298289892083073026,2225214364,1212251275015774211,2020-08-25
1298288950168227846,1250819837309456384,1250819837309456384,2020-08-25
1298291023475605505,325543945,1071605291324723200,2020-08-25
1298292117257814016,1275367670582476800,1275367670582476800,2020-08-25
1298411547140603904,18956073,18956073,2020-08-26
1298291644454887424,115308684,60155737,2020-08-25
1298292851093184512,17918065,17918065,2020-08-25
1298296654299312133,806304970429657088,947679282,2020-08-25
1298299254952189952,3293661355,1228414303801401346,2020-08-25
1298309984179150850,3308046974,3323080380,2020-08-25
1298308785979580416,583517629,1199403411525046272,2020-08-25
1298298256611573761,827528323899207681,827528323899207681,2020-08-25
1298300902869262337,1100158705151209472,821482001370849281,2020-08-25
1298428942009929729,715190944006586368,715190944006586368,2020-08-26
1298302598173413381,1566650000,1566650000,2020-08-25
1298302388378447874,16042891,16042891,2020-08-25
1298328565029539840,3293661355,1228414303801401346,2020-08-25
1298304751445127168,1042405564540768256,1202611515897131008,2020-08-25
1298335367289020417,748652227712024578,748652227712024578,2020-08-25
1298306088698249223,56107900,56107900,2020-08-25
1298310836986028032,973322893890392064,856042501483909120,2020-08-25
1298314565923401728,1279837942509236224,1116827666974486529,2020-08-25
1298313122533367809,1217747408081211392,1217747408081211392,2020-08-25
1298313654681636874,755309715287138304,755309715287138304,2020-08-25
1298329041318150144,3116665937,999226155394879488,2020-08-25
1298338436110331904,2428776326,313050573,2020-08-25
1298315272777019394,1282961943293235207,3394597769,2020-08-25
1298318373193838593,3087610824,906531026192748546,2020-08-25
1298318041462255618,1188932094694739968,52523463,2020-08-25
1298345016771969025,1470411882,2521570944,2020-08-25
1298331456503263232,1280125550393274368,1467838428,2020-08-25
1299091341432049664,1292131618027692034,1292131618027692034,2020-08-27
1298408493410594816,2329483728,2329483728,2020-08-25
1298334938442342400,583517629,138138032,2020-08-25
1298334901914210306,1247151866129133570,1036628029,2020-08-25
1298337094025261059,63917162,61073352,2020-08-25
1298337844579250177,870387683864055808,870387683864055808,2020-08-25
1298337233192263682,188335086,188335086,2020-08-25
1298342599024148487,1279832675323449350,759764535372812288,2020-08-25
1298338460449857537,61056562,61056562,2020-08-25
1298344101604200450,1267925527605755905,1267925527605755905,2020-08-25
1298345105556987909,1063216476776267776,1063216476776267776,2020-08-25
1298347127618392065,808289413818105856,808289413818105856,2020-08-25
1298360479199432704,45176933,408275407,2020-08-25
1298347875441803264,1470411882,2521570944,2020-08-25
1298347715596890112,154566620,154566620,2020-08-25
1298348422974644230,2376154909,2376154909,2020-08-25
1298492775915282432,14149346,77542606,2020-08-26
1298353012579041280,1242306883492311040,1242306883492311040,2020-08-25
1298440890638381056,826882279398060032,3342098895,2020-08-26
1298352099663773697,19346439,236487888,2020-08-25
1298351459495485444,2904152099,2904152099,2020-08-25
1298378180240314373,392645836,3289699401,2020-08-25
1298352582331699202,579460337,579460337,2020-08-25
1298353422580633600,1157388784301793280,1157388784301793280,2020-08-25
1298357491995152384,1293704860026777606,1293704860026777606,2020-08-25
1298356361722388480,4839872717,4839872717,2020-08-25
1298359726439268354,1110972656025776128,1110972656025776128,2020-08-25
1298361100812070917,3081983657,1250090557227098113,2020-08-25
1298360215616790529,87584526,118899840,2020-08-25
1298362009138987008,1086976130819809280,1209903980001865729,2020-08-25
1298361689994194946,98486683,98486683,2020-08-25
1298363374040952832,1227518581467951104,911158794520027137,2020-08-25
1298381160746278917,1155425718546968577,1247151866129133570,2020-08-25
1298362576884170759,2942308314,2942308314,2020-08-25
1298364174280556544,2348915510,1219623594,2020-08-25
1298366775139106816,911158794520027137,1265699201956171778,2020-08-25
1298367517463924736,1086976130819809280,475006030,2020-08-25
1298373085595402242,1248232073263022080,1225315996086476800,2020-08-25
1298377136147857408,576896763,707639136799350784,2020-08-25
1298381008631291905,1855797450,135971839,2020-08-25
1298373079865925632,193055295,193055295,2020-08-25
1298374157932146689,1126140240543002625,1126140240543002625,2020-08-25
1298376166001332226,1239969860941217792,909481509802905606,2020-08-25
1298375865278042117,911158794520027137,1227518581467951104,2020-08-25
1298378504019546112,1043423847708590081,1043423847708590081,2020-08-25
1298383895487021061,707639136799350784,576896763,2020-08-25
1298419863334064128,1511018348,1511018348,2020-08-26
1298418535006445574,420411751,4002666257,2020-08-26
1298381439881412612,4642966709,4642966709,2020-08-25
1298388157772247041,1163355523019878401,3406360306,2020-08-25
1298389249457303552,16685301,14416109,2020-08-25
1298393513483091969,3025160151,1493059178,2020-08-25
1298408472313311232,1163355523019878401,3406360306,2020-08-25
1298995958034739200,49007014,821028936977174532,2020-08-27
1298704346461294592,904618781187514368,897473511572119553,2020-08-26
1298397291133448196,4463594867,435540777,2020-08-25
1298408977689190401,105810396,41594003,2020-08-25
1298412431354531843,236487888,15445158,2020-08-26
1298407092777136129,302368554,1190031607215853568,2020-08-25
1298409752263897088,779032864750985217,1291913958056697861,2020-08-25
1298420137792614405,1147518921307774976,1147518921307774976,2020-08-26
1298412086620573700,222481411,222481411,2020-08-26
1298415007688994827,303424850,1084864406775885824,2020-08-26
1298414475138277382,17621578,17621578,2020-08-26
1298414597926293505,181605606,181605606,2020-08-26
1298415290351591424,1193336452433747969,3320005752,2020-08-26
1298415575534841863,1102597288835325953,1102597288835325953,2020-08-26
1298504393382338562,824378326571696137,351920394,2020-08-26
1298421729191243776,3044602665,2614255879,2020-08-26
1298421752415031298,1259265348597092352,1259265348597092352,2020-08-26
1298423041819639809,1244782610565541889,14864641,2020-08-26
1299041370741633024,2614255879,3044602665,2020-08-27
1298427050135441408,1186781236120846336,1516728403,2020-08-26
1298426448068456449,1244782610565541889,14864641,2020-08-26
1298433457463451650,1648244402,75183933,2020-08-26
1298433144828420097,348733976,200989181,2020-08-26
1298451280965361671,1141509654855520256,1141509654855520256,2020-08-26
1298439393334759426,2963425413,2795335441,2020-08-26
1298439642275098624,142066500,142066500,2020-08-26
1298443382411403266,403170646,403170646,2020-08-26
1298445489306828800,1081957779403878401,1081957779403878401,2020-08-26
1298452644147728386,66383631,717793218897649664,2020-08-26
1298448814714560513,94419492,47153475,2020-08-26
1298450437948014592,21104432,21104432,2020-08-26
1298453071694049280,115308684,154314087,2020-08-26
1298454691605618688,19870490,404116801,2020-08-26
1298454789324406785,870387683864055808,870387683864055808,2020-08-26
1298455752080646145,1390491979,194294321,2020-08-26
1298455319664832512,19870490,404116801,2020-08-26
1298457711168888834,296939494,2720800274,2020-08-26
1298466811281903616,1298453319279673346,1298411097444110337,2020-08-26
1298470360585822214,833141501232345088,1236353479473389568,2020-08-26
1298471190982426628,840325065669541888,354369266,2020-08-26
1298525969079324672,87825618,338806195,2020-08-26
1298593172835180546,986057749367795717,813018057744547840,2020-08-26
1298588134838611969,933345751,15704265,2020-08-26
1298562289667203072,1252576835084226562,2657994214,2020-08-26
1299072727991558144,14827344,3256931,2020-08-27
1298513790640717824,797908112246185990,119869528,2020-08-26
1298622305510100992,911988865673474048,146322201,2020-08-26
1298503901281320960,333847448,333847448,2020-08-26
1298505358512664576,1280668620998279170,1280668620998279170,2020-08-26
1298506530984263681,1948039580,120570076,2020-08-26
1298583147915902984,3950434095,714954364146683904,2020-08-26
1298603925113839616,3111809865,701879259,2020-08-26
1298519980233957376,1286770339037487105,982411506921848837,2020-08-26
1298647960679415808,360611439,467863537,2020-08-26
1298525868470554624,89652207,113679783,2020-08-26
1298531068149104641,1022879632998055936,1022879632998055936,2020-08-26
1298531584912416768,18582653,18582653,2020-08-26
1298554965116559361,1169381747236245504,1169381747236245504,2020-08-26
1298561428291489792,1186061624999854081,750247836868939777,2020-08-26
1298580733599129600,1167874845994037248,948029150052237312,2020-08-26
1298568527318855680,18584266,3309273343,2020-08-26
1298593869278392323,399210952,399210952,2020-08-26
1298581440096083968,933726695051481093,884782095893188608,2020-08-26
1298580432519405568,1167222192452624389,1167222192452624389,2020-08-26
1298591219212328960,1076056544389881859,1253746949150445576,2020-08-26
1298642097029943296,3045072338,922602613534789632,2020-08-26
1298590993424490498,15076064,15076064,2020-08-26
1298591772076134400,970373395136303105,970373395136303105,2020-08-26
1298625659959414789,1276631269003182082,1242185486766047234,2020-08-26
1298605861665935361,876146616255860737,269692317,2020-08-26
1298600565925126144,2963623381,1042946810279473152,2020-08-26
1299134045406687235,1220083797422559232,1296562745547149312,2020-08-27
1298607662347833350,254151768,254151768,2020-08-26
1298647546751926273,997848174806032390,4209686774,2020-08-26
1298650179818725377,1287497483099213831,823441010,2020-08-26
1298616954278891528,806304970429657088,1227840498057920512,2020-08-26
1298617199834390528,1185232614023729154,1185232614023729154,2020-08-26
1298656151593091072,468151337,738179193247170560,2020-08-26
1298657633189138436,2870986967,2550483787,2020-08-26
1298621873245302788,2583095011,963869922840395776,2020-08-26
1298630005044502529,1178723839313887233,1734407850,2020-08-26
1298682981100457988,436753331,951902513216700416,2020-08-26
1298998189777809415,1890686964,1890686964,2020-08-27
1298627355481706498,874672779907526658,1024842312516546560,2020-08-26
1298880688372973574,108951721,108951721,2020-08-27
1298630505017950209,79269066,79269066,2020-08-26
1298631680723427329,1964475200,35875869,2020-08-26
1298633723341045761,67403575,141847755,2020-08-26
1298638006107029504,141847755,67403575,2020-08-26
1298639885335584769,963869922840395776,2583095011,2020-08-26
1298638755667103745,1248048975820787713,1281622251842961412,2020-08-26
1298739582788407297,1266280025063485440,958368465160691712,2020-08-26
1298642447409569793,1566650000,1566650000,2020-08-26
1299738202023120896,1264667584932216833,707779595773353984,2020-08-29
1298642819796684802,896226625,896226625,2020-08-26
1298948298133340160,1266280025063485440,1034601211406831617,2020-08-27
1298650400116092929,1560545406,927560460462907393,2020-08-26
1298650339273592832,948292146,292580300,2020-08-26
1298676591191453697,1045500096299773952,1298503942943342593,2020-08-26
1298661527310999555,526481002,1270942851229089792,2020-08-26
1298651479360917505,714951722,109618376,2020-08-26
1298655141126496263,1159553444371402753,876794657669353472,2020-08-26
1298653512314880001,424323759,424323759,2020-08-26
1298654786024353797,281464648,281464648,2020-08-26
1298657624448282626,99193891,2148322622,2020-08-26
1298665587942592513,296468932,296468932,2020-08-26
1298663502324916229,859346907180617728,2489097798,2020-08-26
1298656707766300673,1098333066781696001,1098333066781696001,2020-08-26
1298658070843858946,14712692,21271209,2020-08-26
1298657620438290432,1128147829606600706,1128147829606600706,2020-08-26
1298767238640603137,955957890799538176,2288975990,2020-08-26
1298658598109827073,1015985263212888064,1015985263212888064,2020-08-26
1298662752865718272,779306848021250048,2425954952,2020-08-26
1298664580701237248,26920684,1120360329685368832,2020-08-26
1298665550856327169,26920684,1120360329685368832,2020-08-26
1298669357271310341,295586633,295586633,2020-08-26
1298676357564715008,2230488524,2230488524,2020-08-26
1298673322457260032,885968793406763009,444484989,2020-08-26
1298779611476697088,1297108931999866882,514251056,2020-08-27
1298676704374923264,1278378361564344320,1393758882,2020-08-26
1298674085459718145,26920684,3968979867,2020-08-26
1298676669780299777,50563940,44733050,2020-08-26
1298721906065997827,35512572,1242501007038222337,2020-08-26
1298682925429465095,1266091927348359175,3314507488,2020-08-26
1298680175933001728,775800032159117312,775800032159117312,2020-08-26
1298682584352907266,96042413,96042413,2020-08-26
1298683075740815361,790447626,87364233,2020-08-26
1298683500875276288,1246870023802482688,894588814177521664,2020-08-26
1298685468385644546,575798248,2810181372,2020-08-26
1298685460592590851,3408528436,1294696781067018242,2020-08-26
1298689819187523584,1270602733,965642270887342084,2020-08-26
1298686901986172933,3314507488,218833534,2020-08-26
1298686958374465536,1279863835613188098,1279863835613188098,2020-08-26
1298686921368113154,186575135,186575135,2020-08-26
1298687763508801536,1086976130819809280,1289931955300192262,2020-08-26
1298689189173657604,82167518,82167518,2020-08-26
1298704497129058305,254110693,221548041,2020-08-26
1298699799273799681,1147518921307774976,1147518921307774976,2020-08-26
1298692218887254018,1191912171632054272,776858779954675713,2020-08-26
1298720635640659977,1312395158,2990516949,2020-08-26
1298695194624360451,833141501232345088,1236353479473389568,2020-08-26
1298696057761804289,1251267843838160898,2887143262,2020-08-26
1298695980607578115,2843685004,1007336863957385218,2020-08-26
1298698660079972355,2375892582,223578116,2020-08-26
1298698959821643777,713377689743335424,1626407845,2020-08-26
1298704371652452359,708019110,708019110,2020-08-26
1298729370643619840,34656478,2344223106,2020-08-26
1298703339421667329,3133769516,3220645590,2020-08-26
1298714467341987847,1178015691200434176,1256497275863474176,2020-08-26
1298847463424458752,425172790,425172790,2020-08-27
1298705935226089473,1275195264647737349,938077700295725057,2020-08-26
1298708975613915138,1251514143615614978,1251514143615614978,2020-08-26
1298716263795945473,3314507488,544945691,2020-08-26
1298819664525570049,66099788,71252602,2020-08-27
1298707201234788352,34622379,34622379,2020-08-26
1298708274468909056,1196595414755106816,1196595414755106816,2020-08-26
1298775689567629337,1185334463317921792,1185334463317921792,2020-08-27
1298712448136966144,3314507488,901837427916058624,2020-08-26
1298712342218170368,374984622,3070954493,2020-08-26
1298716529148588034,1197275734823391234,1055194830698102785,2020-08-26
1298712361503567874,3413618374,3413618374,2020-08-26
1298712869777752064,974165564762423296,1001858625214799872,2020-08-26
1298714122578612224,437304470,437304470,2020-08-26
1298782553361571845,3764689043,21925564,2020-08-27
1298717559168983043,2843685004,1007336863957385218,2020-08-26
1298718570524811271,1030519688248229888,1281570026563108864,2020-08-26
1298719242942963715,16358225,1378204124,2020-08-26
1298775683557072897,2500055300,1275120185071075332,2020-08-27
1298723071319093248,3314507488,218833534,2020-08-26
1298722908936650757,3284820050,3284820050,2020-08-26
1298724348979605510,833141501232345088,1056876331,2020-08-26
1298724392680034305,532528594,1231230347330949121,2020-08-26
1298728283513556992,928799491087466497,4113496332,2020-08-26
1298725268211683328,63996778,741785108,2020-08-26
1298726028039172096,1071252725952860162,1071252725952860162,2020-08-26
1298725446532689921,63996778,741785108,2020-08-26
1298725779090444288,800487528994258944,944909653,2020-08-26
1298732464592941057,27202261,27202261,2020-08-26
1298730313053429760,1071252725952860162,1071252725952860162,2020-08-26
1298730454087020544,532528594,338673394,2020-08-26
1298730210293096448,115308684,356425566,2020-08-26
1298740132053430277,24752952,24752952,2020-08-26
1298731918456958978,760234705618870273,216800309,2020-08-26
1298732197617303565,829187922683318272,1101481727434858496,2020-08-26
1298732444275937282,3098238547,3098238547,2020-08-26
1298735884699938817,1122146650519109638,967563883421601794,2020-08-26
1298735688536514560,277169512,1208074380804149249,2020-08-26
1298737678582771712,715346429988843520,539969895,2020-08-26
1298738463605493760,532528594,1231230347330949121,2020-08-26
1298787913388433408,1293623087007752192,3415807744,2020-08-27
1298740809974476800,2957644256,2957644256,2020-08-26
1298739750380003329,3060917158,26606267,2020-08-26
1298802821467435010,919695567109926912,32043471,2020-08-27
1298742707293044737,254110693,4062295937,2020-08-26
1299956840957186050,413787155,2759210903,2020-08-30
1298744017824428033,13951732,13951732,2020-08-26
1298744011407134726,439616973,439616973,2020-08-26
1298744840352493568,144531738,910268239,2020-08-26
1298768964571590670,11135352,1093576915997392897,2020-08-26
1299366054448320513,2449674942,32315927,2020-08-28
1298766107654983680,1613222576,1613222576,2020-08-26
1298768048602509314,1141090089373536256,1141090089373536256,2020-08-26
1299040783022960640,1217117673277947906,3228579159,2020-08-27
1298759166337712129,1700462526,1191158484118704130,2020-08-26
1298803061465350145,15594996,759852845244047360,2020-08-27
1298763854755880960,532528594,1268541813738045449,2020-08-26
1298833538435952640,1278378361564344320,757868978714898432,2020-08-27
1298834967493976065,1278378361564344320,757868978714898432,2020-08-27
1298765854558085121,1222303459879391233,19410877,2020-08-26
1298764251956379654,17893690,906193308208300033,2020-08-26
1298765088019689472,972480927279534083,972480927279534083,2020-08-26
1298767948509634561,1285802369813368833,1284440567154462721,2020-08-26
1298857577032245248,822813237473226753,980991878207164417,2020-08-27
1298771852303556608,302368554,41690206,2020-08-26
1298774438822006786,1204770198773018625,1195589085714366464,2020-08-27
1298774184252698628,539566673,1256304492254986241,2020-08-27
1298773213015498752,341107145,226305830,2020-08-27
1298774235406462976,1157388784301793280,1157388784301793280,2020-08-27
1298775308263477248,249643085,249643085,2020-08-27
1298776835279511554,3418385619,3418385619,2020-08-27
1298779204390137858,1284440567154462721,1285802369813368833,2020-08-27
1298779507562819585,1266280188116996097,1266280188116996097,2020-08-27
1298936629336342528,40490973,726232929769115648,2020-08-27
1298780356162842626,1086976130819809280,350065144,2020-08-27
1298788069374451712,2914321414,843867077597417472,2020-08-27
1298782559434731520,320571217,1239663268978929667,2020-08-27
1298782509061361667,1095381918911217664,875016914342465536,2020-08-27
1298784762887319552,3261658009,634240214,2020-08-27
1298785838772285440,19790393,19790393,2020-08-27
1298786127504171008,2817344965,2817344965,2020-08-27
1298803339585564673,2493602402,910872656756592646,2020-08-27
1298787341092483072,785305726013014017,1276071372335153152,2020-08-27
1298933516382674944,2921185275,37904694,2020-08-27
1298800480751980545,14194527,744258937,2020-08-27
1298822768369250304,242155297,1181950308861321217,2020-08-27
1298794557820338176,115308684,111342974,2020-08-27
1298794361874976770,1090688222823415811,1090688222823415811,2020-08-27
1299009349520629761,2335642412,2335642412,2020-08-27
1298802493904678912,1660651466,972692132766117888,2020-08-27
1298799566335160322,871147961941712898,1255673312220532737,2020-08-27
1298800538880892932,588466643,588466643,2020-08-27
1298807146700836866,1581151478,1057762342883155968,2020-08-27
1299171255392763906,1014526149051932672,1014526149051932672,2020-08-28
1298833191927779328,3442699455,1648022887,2020-08-27
1298808929170919431,21441287,54424240,2020-08-27
1298833778668974081,1252618055026442248,1095427325183717377,2020-08-27
1298809949783560197,394642242,1100462352749772800,2020-08-27
1298808340076736512,17919393,17919393,2020-08-27
1298809955982536704,205146039,493666444,2020-08-27
1298811784439136257,3885853092,963562417732177921,2020-08-27
1298810562105626624,72717049,72717049,2020-08-27
1298830131998257152,1467228402,1269293281399189504,2020-08-27
1298813821415391233,762522504,583067197,2020-08-27
1298819227982364672,2206283731,2206283731,2020-08-27
1298825874490322944,206151619,206151619,2020-08-27
1298822369964748800,218286256,1052233628221169665,2020-08-27
1298851449623830528,2500055300,20416297,2020-08-27
1298825538493124608,1196184062983122944,1189326775639252994,2020-08-27
1298830753866842113,145344704,145344704,2020-08-27
1298829190267957249,320571217,320571217,2020-08-27
1298855590429626369,324727144,324727144,2020-08-27
1298835892249849856,320571217,129822601,2020-08-27
1298835897727807493,129822601,1176617966,2020-08-27
1298838499945263105,155048058,466452600,2020-08-27
1298840951658512384,3008797333,2975965028,2020-08-27
1298841791865602048,2975965028,3008797333,2020-08-27
1298842675790061568,1260319124401479680,143666294,2020-08-27
1298843071530954752,1148819186845536256,1148819186845536256,2020-08-27
1298843574822346753,1283185987258966018,1283185987258966018,2020-08-27
1298958346700062721,1042405564540768256,1298843418869735424,2020-08-27
1298849474006134784,56308041,56308041,2020-08-27
1298850244722122752,281464648,281464648,2020-08-27
1298850648365117443,1193301427118125056,1297756694232141825,2020-08-27
1298852447969042432,1024736022,1024736022,2020-08-27
1298851123885826049,320571217,320571217,2020-08-27
1298852329374937089,320571217,320571217,2020-08-27
1298859251478061056,360611439,4837058652,2020-08-27
1298854963792277505,1172901939295719424,1172901939295719424,2020-08-27
1298856250340528128,147483902,222979797,2020-08-27
1298856600703299584,281464648,281464648,2020-08-27
1298858028310003712,1186781236120846336,838409763440361472,2020-08-27
1298861736762781696,110022999,826253640033775617,2020-08-27
1298861905361145856,110022999,826253640033775617,2020-08-27
1299000111100579841,774813210155167744,1613797440,2020-08-27
1298864420421074950,900379938,1195381648893923337,2020-08-27
1298989676678615044,2493602402,304732906,2020-08-27
1298866397368418304,21522338,1229552088956293120,2020-08-27
1298867398372515840,110022999,826253640033775617,2020-08-27
1298867580023824384,110022999,826253640033775617,2020-08-27
1298873814957330433,375835655,375835655,2020-08-27
1298881081068920833,3282981146,3282981146,2020-08-27
1298883467996991488,1499297004,1228334468,2020-08-27
1298881394240712704,1270006523427602434,1270006523427602434,2020-08-27
1299015163157213184,1186781236120846336,798716970778722304,2020-08-27
1298888745681330176,908193824475938816,908193824475938816,2020-08-27
1298942812394790913,1379643769,409996450,2020-08-27
1298991371454279689,930754078044491776,930754078044491776,2020-08-27
1298892055368863744,1201515361612554240,1191233988,2020-08-27
1298938761020149761,2400319578,1694956722,2020-08-27
1298905858760466432,1199695813729030145,231528039,2020-08-27
1298988533764337665,820577460886458368,1184779676520198145,2020-08-27
1298907196441481216,866783786826174464,1245994267,2020-08-27
1298910995125907456,39548416,39548416,2020-08-27
1298910766133805056,375835655,375835655,2020-08-27
1298913096107425792,1170989545153794048,1170989545153794048,2020-08-27
1298924511597916161,866783786826174464,1245994267,2020-08-27
1298946235936706562,115308684,83685334,2020-08-27
1298928030665109504,3180719313,3180719313,2020-08-27
1298938045312331781,27202261,27202261,2020-08-27
1298937184624484352,697833790257893376,1012397056017739778,2020-08-27
1298983122982195201,163856131,1270380840439160833,2020-08-27
1299080678924058624,529331509,529331509,2020-08-27
1298937636011126784,3011847324,3011847324,2020-08-27
1298989801463455748,795256890699694080,827633935458979840,2020-08-27
1299074514374983681,172060501,3420190719,2020-08-27
1298944766344867841,2777102431,217841972,2020-08-27
1300152946458583040,910862420553420801,1280873191821529089,2020-08-30
1298956180442800129,809065116448616448,36941005,2020-08-27
1298956986785169408,80150407,80150407,2020-08-27
1298964267966713856,98882952,1083534104648433669,2020-08-27
1299048389422780417,832753135496077312,874672779907526658,2020-08-27
1298965447841177607,320571217,306939535,2020-08-27
1298969218109648896,888462978571526144,888462978571526144,2020-08-27
1299042089875804160,30316687,30316687,2020-08-27
1298973934629474309,822913722897178624,1281559836363231232,2020-08-27
1298973908293410817,822913722897178624,1281559836363231232,2020-08-27
1298974988821815298,1172901939295719424,1172901939295719424,2020-08-27
1298976037779406849,1187843213882732545,1231358323863232514,2020-08-27
1298980755809263617,1102253772800172032,1064314368,2020-08-27
1298981035749720067,1057479569832325121,248978473,2020-08-27
1299026788149080064,247975042,247975042,2020-08-27
1299018137547898880,140390268,751935236854968320,2020-08-27
1299144147694219264,1008185450,1008185450,2020-08-28
1299029404274786305,25365699,25365699,2020-08-27
1299014559303254017,360611439,4837058652,2020-08-27
1298993293494108160,373727950,1293659381976797186,2020-08-27
1298994135693586437,1006211272399048706,1006211272399048706,2020-08-27
1298994278719320070,13951732,13951732,2020-08-27
1298995550998507525,24878730,42589787,2020-08-27
1298996165074067458,1000388532819685381,1058255840967241728,2020-08-27
1298998037692313615,1082737749432643586,1069974069657907201,2020-08-27
1299014192763150336,1033732648911478786,737360290094796800,2020-08-27
1299318840510181380,1890686964,1890686964,2020-08-28
1299020597192781825,950724096765120512,950724096765120512,2020-08-27
1299001637298753542,532528594,1268541813738045449,2020-08-27
1299003434218160128,1059420115094200320,320208846,2020-08-27
1299003504061747200,820577460886458368,1184779676520198145,2020-08-27
1299130016383545344,1831623289,27938605,2020-08-27
1299007048655437825,1235223909798162432,1182131962745643008,2020-08-27
1299006281932509190,532528594,1268541813738045449,2020-08-27
1299005514182000641,1082737749432643586,1069974069657907201,2020-08-27
1299010090448515075,20246682,1236369178841550849,2020-08-27
1299024066683129856,778246271811227648,778246271811227648,2020-08-27
1299008237489061890,1082737749432643586,1387037220,2020-08-27
1299008084656955397,995043234995933184,451000250,2020-08-27
1299146313523658753,344922225,1270088881136963584,2020-08-28
1299008378832814081,225921757,225921757,2020-08-27
1299033440549892097,776279308041990144,1288325771313000449,2020-08-27
1299070729217085440,1112776622996930560,1064642821053919233,2020-08-27
1299012217514242049,320571217,129822601,2020-08-27
1299012639104872453,1198731590152728578,1152385957125079040,2020-08-27
1299016744305070080,8362832,8362832,2020-08-27
1299017624756654081,1220515934126866432,1220515934126866432,2020-08-27
1299018407342297089,1471672549,2821620123,2020-08-27
1299833383963557895,950338032,950338032,2020-08-29
1299021967698391040,101422070,4520698393,2020-08-27
1299024985588224001,101422070,4520698393,2020-08-27
1299024967091097601,4520698393,245793778,2020-08-27
1299083582921678860,1239599332770398214,88537186,2020-08-27
1299027712808542210,390894163,390894163,2020-08-27
1299026667105669122,13951732,13951732,2020-08-27
1299029855342931973,598621559,330851713,2020-08-27
1299030205130924032,598621559,330851713,2020-08-27
1299061498690629634,3415807744,1162171469704466432,2020-08-27
1299039318166646792,1079885853827186688,4836118133,2020-08-27
1299046862201278466,1268332976636661760,1251315776348475392,2020-08-27
1299320218787942403,1268541429242048518,1211306715494223872,2020-08-28
1299046564246089728,800487528994258944,944909653,2020-08-27
1299090958961635328,172773534,151534667,2020-08-27
1299048899508871168,1268332976636661760,1251315776348475392,2020-08-27
1299049480403247104,874672779907526658,832753135496077312,2020-08-27
1299052421788733441,14773632,16428322,2020-08-27
1299051681917865985,1242494896738615303,1242494896738615303,2020-08-27
1299060927262863360,929028496315346944,541020317,2020-08-27
1299053497833455618,2863996955,2863996955,2020-08-27
1299055591617425409,2944407882,841855258817093632,2020-08-27
1299057251953659905,865010687231307776,35782706,2020-08-27
1299114986745344001,1082737749432643586,1394082926,2020-08-27
1299055397286932481,52226304,52226304,2020-08-27
1299066892573986816,45573874,45573874,2020-08-27
1299061472379777026,1561900206,1561900206,2020-08-27
1299062988213805060,17919393,17919393,2020-08-27
1299078232420036608,3081983657,4063355952,2020-08-27
1299068305005838342,1978660855,159953262,2020-08-27
1299320767117701126,2277285773,91681504,2020-08-28
1299070059487178752,1086,67187145,2020-08-27
1299070080987418627,110499717,264970588,2020-08-27
1299071716182888453,2242345062,975426600740294657,2020-08-27
1299154658162692096,1032388244,14531032,2020-08-28
1299075571410894851,552305234,552305234,2020-08-27
1299076461358469121,286202651,286202651,2020-08-27
1299092010348019713,18634205,383712967,2020-08-27
1299087024364773376,1965508532,49483988,2020-08-27
1299113102424842240,1292644175247179783,1019124482,2020-08-27
1299078629788442624,1265815797731135488,1265815797731135488,2020-08-27
1299303187543924736,871495245074006017,14848075,2020-08-28
1299082782539382784,76904458,776081114,2020-08-27
1299082446999293954,553159128,553159128,2020-08-27
1299084729879330819,2944407882,841855258817093632,2020-08-27
1299302736228483072,871495245074006017,3942704052,2020-08-28
1299087494647087104,386685841,76904458,2020-08-27
1299122941607571456,1295131288345522176,2179042014,2020-08-27
1299087133723037698,860520162939850752,860520162939850752,2020-08-27
1299087220750585863,1246925840304259072,1246925840304259072,2020-08-27
1299087775732387845,916328718838071296,2987771191,2020-08-27
1299088053198352387,1102426475716886529,1102426475716886529,2020-08-27
1299104399160152065,46439501,46439501,2020-08-27
1299105048467660801,20246682,1236369178841550849,2020-08-27
1299104902686404614,934893264406065152,2792770435,2020-08-27
1299180102736121856,14267534,87940922,2020-08-28
1299112072332980224,375845214,789992294,2020-08-27
1299518915039629313,16017596,16017596,2020-08-29
1299108645259612160,3297800601,3297800601,2020-08-27
1299109549455151104,1116005076382953474,2326086568,2020-08-27
1299109996102389760,1287527838137094146,1287527838137094146,2020-08-27
1299121206852022272,28518805,285073479,2020-08-27
1299112017643544578,879871140663087105,4880848939,2020-08-27
1299112297378582529,805966790912262145,1100659902127767552,2020-08-27
1299114510926704642,394154071,871434601,2020-08-27
1299123770884530176,2436949293,1228277906,2020-08-27
1299364871650160640,291962644,291962644,2020-08-28
1299123746993614848,320571217,466654313,2020-08-27
1299124263803211776,320571217,466654313,2020-08-27
1299152843132284929,161548866,92595437,2020-08-28
1299127938877714439,4880848939,879871140663087105,2020-08-27
1299127677610266624,63996778,741785108,2020-08-27
1299135141361713158,198369980,1265861396056555524,2020-08-28
1299142272693481473,719932634982289408,1439411496,2020-08-28
1299138582951723013,1035085366766854145,20556056,2020-08-28
1299134334872371202,879871140663087105,4880848939,2020-08-27
1299134642738651138,63996778,3035694758,2020-08-28
1299136083305914368,463486531,1449733398,2020-08-28
1299370100831600641,33579408,929492539928915968,2020-08-28
1299138216692527105,2148561369,49887925,2020-08-28
1299137908939436032,1391451,1391451,2020-08-28
1299185989420630017,752042976,1266205714051141638,2020-08-28
1299163569993453568,1120523294,820205214779265024,2020-08-28
1299142594283343872,1297335672492240896,1297335672492240896,2020-08-28
1299140876682264576,373727950,1229835400287358976,2020-08-28
1299146671474044930,1068854690203557888,159939460,2020-08-28
1299145449962483713,809299145760509954,809299145760509954,2020-08-28
1299148380677963777,713445992444473344,1078187281163390976,2020-08-28
1299191894270971904,800075430959071233,473431649,2020-08-28
1299466673167056896,2589468010,841445554097917952,2020-08-28
1299152912824692736,1246870023802482688,1298665675616145413,2020-08-28
1299154833778208768,741977462028926976,921500994281918467,2020-08-28
1299156557293330433,25927122,794739160166891520,2020-08-28
1299157236162465792,32578044,18742296,2020-08-28
1299159628526297088,1006546410064498693,1006546410064498693,2020-08-28
1299161438460588032,1298787768877817857,2512720322,2020-08-28
1299180904489742336,15113653,15113653,2020-08-28
1299162499967848454,832599380,836299646792237056,2020-08-28
1299165915813208064,101017453,1187764291245658112,2020-08-28
1299915294228570113,1243569441725693955,1243569441725693955,2020-08-30
1299400674090729472,2527517514,1117511667363930113,2020-08-28
1299166218327388167,1239599332770398214,2174799122,2020-08-28
1299171277480112128,990990576542765056,276277604,2020-08-28
1299167084069482497,1511018348,1511018348,2020-08-28
1299170841058447360,1082111616856932352,166414119,2020-08-28
1299170888177287173,38914113,38914113,2020-08-28
1299173091311058944,972666234,59151161,2020-08-28
1299336852219088903,499840041,865041168542736384,2020-08-28
1299361781303914500,546165962,1275541749893607428,2020-08-28
1299176722538139650,115308684,111342974,2020-08-28
1299182301683695617,190908983,1543865803,2020-08-28
1299338204512829442,3343098585,8771162,2020-08-28
1299186155858976770,4681111682,1107287178223050753,2020-08-28
1299180203957268486,719713066485686274,335687686,2020-08-28
1299184381232250881,1449733398,463486531,2020-08-28
1299181663411412994,1239599332770398214,2883612108,2020-08-28
1299182019721785345,18185913,2331502194,2020-08-28
1299181131250589697,1286322416315011073,1286322416315011073,2020-08-28
1299187728337137664,17013258,17013258,2020-08-28
1299183568032333832,798258929465692164,24343227,2020-08-28
1299392323067899904,1248686860492255234,1159378003,2020-08-28
1299188495349547009,559723625,559723625,2020-08-28
1299185391409541120,20013113,20013113,2020-08-28
1299304746612916225,350676366,2979567575,2020-08-28
1299186487792201730,350676366,1266910668927545344,2020-08-28
1299187702722686977,870387683864055808,870387683864055808,2020-08-28
1299435419776331776,18358771,1244719015722876929,2020-08-28
1299311806838640642,393413396,289382597,2020-08-28
1299190788010717184,823224473738506245,823224473738506245,2020-08-28
1299227049123602432,898946995,1151384158503100416,2020-08-28
1299189872587014144,762522504,39057521,2020-08-28
1299189726176567296,115308684,75662683,2020-08-28
1299190321956483072,2763749451,2763749451,2020-08-28
1299311810705850369,59151161,243811174,2020-08-28
1299196198755217408,49758779,1002779576110583808,2020-08-28
1299191989100052482,761111202541948928,761111202541948928,2020-08-28
1299204048055422979,234747894,240637624,2020-08-28
1299194544857194498,369287871,462610596,2020-08-28
1299205212603908096,1081242660,136464574,2020-08-28
1299195006578618370,41538183,212025177,2020-08-28
1299196229692383233,3116185903,806592341184303104,2020-08-28
1299194546203627520,39656458,39656458,2020-08-28
1299197399991070720,41448115,787893086,2020-08-28
1299196612288233472,41538183,212025177,2020-08-28
1299196432855912448,46375639,46375639,2020-08-28
1299196784162594822,52972745,15294585,2020-08-28
1299227691745308672,1298957616257761281,1205433240271519744,2020-08-28
1299200652694913025,82664640,203249572,2020-08-28
1299212253196025858,298008474,424690506,2020-08-28
1299200594016526336,1253489489508306945,601100978,2020-08-28
1299588464170741760,969880908869390336,969880908869390336,2020-08-29
1299333671602868224,23926300,57566042,2020-08-28
1299201938400202757,1088164361561169920,904587538559590400,2020-08-28
1299293968426037250,871495245074006017,830822471842533376,2020-08-28
1299307857997901824,21094793,2907368548,2020-08-28
1299205785663279104,352103699,1049736833393864704,2020-08-28
1299236774045274113,496404509,773766773892145152,2020-08-28
1299206888761053185,161943215,614882076,2020-08-28
1299305919399034882,350676366,2980808726,2020-08-28
1299360839745572865,2561798899,857107730544439297,2020-08-28
1299208721634123777,5639832,253237492,2020-08-28
1299214647405342723,796514019721023488,241630878,2020-08-28
1299237333426987008,324727144,962699330888060929,2020-08-28
1299350954114908161,52959549,624843215,2020-08-28
1299218302418386945,1220140259263971328,1073779424451907584,2020-08-28
1299222134112354304,21522338,393208965,2020-08-28
1299219893355716610,1290108664758640640,839086309,2020-08-28
1299220708703309825,3181269157,3181269157,2020-08-28
1299225508173901824,972637334775582720,356873094,2020-08-28
1299227173866397696,1003163818325958656,1003163818325958656,2020-08-28
1299227061257515009,1221175369178525696,1221175369178525696,2020-08-28
1299228265186390016,1227085009644736512,1262004980384444417,2020-08-28
1299232335959736320,330647152,822158330,2020-08-28
1299231493722714112,1267290429537517572,1046275552716500993,2020-08-28
1299392694372818944,1416903757,1416903757,2020-08-28
1299235659954163713,1261890719041703937,178470232,2020-08-28
1299304310006788098,19588323,968198691550126081,2020-08-28
1299242920038600705,745654987,745654987,2020-08-28
1299285908680781826,871495245074006017,87459065,2020-08-28
1299291163443310592,871495245074006017,87459065,2020-08-28
1299268873804378113,915906135764246528,915906135764246528,2020-08-28
1299294317387878400,806304970429657088,394641971,2020-08-28
1299270207412682752,3312550860,351737181,2020-08-28
1299273389626945537,140917063,1298853348083240963,2020-08-28
1299275853839425539,46609172,343376328,2020-08-28
1299276460134469634,46609172,388613642,2020-08-28
1299284051111665665,287567490,737328626417475588,2020-08-28
1300242231094398979,1247795994147696645,1632813324,2020-08-31
1299284724850937856,2853095113,141644160,2020-08-28
1299284878475886592,402231469,402231469,2020-08-28
1299289980544704512,895201270713249792,895201270713249792,2020-08-28
1299305164302700546,1185250333360033792,617134815,2020-08-28
1299356344319905792,1238827666410700807,1267668708693962753,2020-08-28
1299309753772933120,346212495,1096208888,2020-08-28
1299308530147758082,285073479,28518805,2020-08-28
1299308613840887808,1266798635511173122,1266798635511173122,2020-08-28
1299314424747089921,3116185903,957064396571725824,2020-08-28
1299313092250263553,861371647,861371647,2020-08-28
1299323189370159105,288146922,46609172,2020-08-28
1299323460452220928,288146922,46609172,2020-08-28
1299327737996414976,770794113277038592,257116417,2020-08-28
1299455322155753473,950516771852763136,1080619026898960384,2020-08-28
1299323169095004161,20989982,20989982,2020-08-28
1299368775435907074,2493602402,1130678296243363840,2020-08-28
1299325748600135680,1025991491204739072,1192354986795114502,2020-08-28
1299331873861140480,59621062,728662592504233984,2020-08-28
1299333484889157634,59621062,202269436,2020-08-28
1299327171157164035,49631876,49631876,2020-08-28
1299328648454066182,2209098386,3003870533,2020-08-28
1299333991560933379,845086007078797312,309110843,2020-08-28
1299331763702059009,13951732,13951732,2020-08-28
1299332306541387783,100792474,52495092,2020-08-28
1299332741369131008,13951732,13951732,2020-08-28
1299334637228089344,115308684,98915004,2020-08-28
1299339466407120903,110022999,1284984684624191489,2020-08-28
1299386436978978818,1294441547396780032,2377563118,2020-08-28
1299344230448537604,81280437,900583405,2020-08-28
1299341582164951040,971443619650469890,971443619650469890,2020-08-28
1299346910734503936,443234862,332577215,2020-08-28
1299347623820898304,75311987,1264546785936068608,2020-08-28
1299383496578920449,1105882652509462528,239361710,2020-08-28
1299351529544208386,297301667,297301667,2020-08-28
1299355103091187713,949472644449128448,949472644449128448,2020-08-28
1299357107066679298,719521453725638656,826848643135123456,2020-08-28
1299356123712159746,1244782610565541889,63807415,2020-08-28
1299368500046303232,1029096091,1029096091,2020-08-28
1299360500552093697,14721187,14721187,2020-08-28
1299408803180490755,15253100,1394507982,2020-08-28
1299428735398092800,1111429252958904320,4917094570,2020-08-28
1299358716093845505,815257363892473857,815257363892473857,2020-08-28
1299359988813422592,1070083706822438912,1070083706822438912,2020-08-28
1299367837191077889,14817133,853514173111836674,2020-08-28
1299370234625757187,310506758,2213337061,2020-08-28
1299369874804715522,331180215,331180215,2020-08-28
1299370459570614274,296468932,296468932,2020-08-28
1299370734670753795,1115960051989196800,221836999,2020-08-28
1299373045434511360,115308684,585979805,2020-08-28
1299372552159191042,306337543,944325141756030977,2020-08-28
1299375087985086471,1267179613287059458,233696457,2020-08-28
1299384759257358336,3004225276,3004225276,2020-08-28
1299375366696579074,2493602402,79585679,2020-08-28
1299375985507225600,2493602402,79585679,2020-08-28
1299380836136087553,62977683,380046925,2020-08-28
1299375616811315200,357606935,357606935,2020-08-28
1299380948388192258,20957644,40186246,2020-08-28
1299392039105236994,1299338062619500544,862205281916379136,2020-08-28
1299379687362301953,115308684,585979805,2020-08-28
1299379470206369792,14794913,14794913,2020-08-28
1299379648489455619,1014962123087204353,1014962123087204353,2020-08-28
1299380041747488768,75311987,1730302538,2020-08-28
1299444173804908544,34387610,62386950,2020-08-28
1299381263678222337,115308684,585979805,2020-08-28
1299382046939283456,1443908539,1443908539,2020-08-28
1299389375411675141,35258301,29159766,2020-08-28
1299503911414493184,895926637853855744,1299066034784264192,2020-08-29
1299387710705106948,887719190798319617,187965183,2020-08-28
1299396583931420677,266730229,480569809,2020-08-28
1299388159168454661,784454880576495616,784454880576495616,2020-08-28
1299439951382183941,44201352,44201352,2020-08-28
1299388671351828480,156179111,1220461388927246337,2020-08-28
1299388593023131648,62977683,380046925,2020-08-28
1299389652093206528,857465379156762624,857465379156762624,2020-08-28
1299398576511082499,438843965,438843965,2020-08-28
1299392728938303489,1115776502346452992,337506753,2020-08-28
1299413183929692162,933038773398622208,24229904,2020-08-28
1299407595741024256,56263360,56263360,2020-08-28
1299414157918437386,2615390872,23565245,2020-08-28
1299397050484903936,31864955,31864955,2020-08-28
1299400511473422336,409704712,1287704367303458816,2020-08-28
1299402626992349189,820536494813302784,1277663596378456065,2020-08-28
1299402779102834689,727676640,727676640,2020-08-28
1299405825648205824,1201565288879116288,1201565288879116288,2020-08-28
1299405110280323073,1443908539,1002419335455965184,2020-08-28
1299411583366504449,811514954159443968,3887284153,2020-08-28
1299426973333311488,1030186828127760385,796411284141068288,2020-08-28
1299406542370992129,2381060269,733037282236731395,2020-08-28
1299409068939972609,38586582,38586582,2020-08-28
1299407696559366144,709588108111536128,709588108111536128,2020-08-28
1299421799164325893,368738003,375449320,2020-08-28
1299408918171529220,947095321,1034668124572921856,2020-08-28
1299409415657922562,1046744428956790785,1046744428956790785,2020-08-28
1299410039107715075,1199013516377767936,1127492023475290112,2020-08-28
1299411320756985857,1199013516377767936,1127492023475290112,2020-08-28
1299411103873667075,1156930918306779140,1156930918306779140,2020-08-28
1299424385741225984,762449955185266689,736740063434788864,2020-08-28
1299413436590424066,1199013516377767936,1127492023475290112,2020-08-28
1299413593595744262,2414718644,2414718644,2020-08-28
1299414465000214536,1196397850034229249,1196397850034229249,2020-08-28
1299416472821923841,74964516,74964516,2020-08-28
1299415565929504769,2615390872,23565245,2020-08-28
1299418245670285319,103125965,2463617785,2020-08-28
1299426307034447874,1045898918591115264,1260219909692370948,2020-08-28
1299420211637088256,3058894086,53959182,2020-08-28
1299426281151295489,762449955185266689,1054961045838667776,2020-08-28
1299423286149947400,1034668124572921856,1149238183,2020-08-28
1299424557653282816,201766091,201766091,2020-08-28
1299425371507625986,26846627,26846627,2020-08-28
1299425982517055489,2225214364,887876131759603712,2020-08-28
1299425822000984064,115308684,290042678,2020-08-28
1299427488817274880,182094372,621986148,2020-08-28
1299443657515425792,91417306,47101204,2020-08-28
1299431405240430593,1017294810393337857,1017294810393337857,2020-08-28
1299431675907145729,20859969,1050729956798619648,2020-08-28
1299505612657758209,741377049605066753,1526105311,2020-08-29
1299698678417022976,19366348,1293865153566519296,2020-08-29
1299439223687307271,17407036,2715808479,2020-08-28
1299707261766365185,179232718,179232718,2020-08-29
1299435234128277507,1050729956798619648,4759002495,2020-08-28
1299434901117243394,25772752,320594912,2020-08-28
1299433521262596099,1179464402791219206,1179464402791219206,2020-08-28
1299434992217460736,1155248520770666496,211664486,2020-08-28
1299440120525971464,991942711413526528,2791828691,2020-08-28
1299436323632160768,67501250,67501250,2020-08-28
1299439643000266755,1086976130819809280,1144334288537739264,2020-08-28
1299439592874094592,25772752,320594912,2020-08-28
1299437796067696641,1201565288879116288,1201565288879116288,2020-08-28
1299438360004620288,1293260780553502721,1293260780553502721,2020-08-28
1299516330366898176,2493602402,1269421741262032896,2020-08-29
1299445049223081984,157078263,157078263,2020-08-28
1299448244804747265,59621062,730521928843268096,2020-08-28
1299446716970799109,2645822300,2645822300,2020-08-28
1299448842849521664,276688330,276688330,2020-08-28
1299500632005652480,14346159,2793583396,2020-08-29
1299451046226526208,2373106670,217611030,2020-08-28
1299450652158914561,1254807987576684544,1254807987576684544,2020-08-28
1299454488001024000,1180078771472343041,333122239,2020-08-28
1299456288175411200,3216696335,965680534730035202,2020-08-28
1299495940840013826,1273754649716195328,1010992412330782721,2020-08-28
1299460687022886912,1377882752,1377882752,2020-08-28
1299460861107597318,58637635,1199290302416203778,2020-08-28
1299460875183632385,136118119,42711801,2020-08-28
1299462125056819200,1151623664854429697,1151623664854429697,2020-08-28
1299467241155710983,89115910,552173140,2020-08-28
1299468618745307136,63186317,63186317,2020-08-28
1299473712165478400,15445129,23509932,2020-08-28
1299501543587110913,1159778158897352704,713975197,2020-08-29
1299482696297611265,2188261671,972301512142671873,2020-08-28
1299477568039596033,101016021,101016021,2020-08-28
1299477625904205824,2269353927,1016489058233651200,2020-08-28
1299488622861791235,769922822,1038516028911878144,2020-08-28
1299515451932721153,121490412,1009331606,2020-08-29
1299478981679501318,2269353927,1016489058233651200,2020-08-28
1299480331783823360,19426419,19426419,2020-08-28
1299482844385902593,2353121494,227091033,2020-08-28
1299481403533537280,1121759958608093185,51315542,2020-08-28
1299482413236654082,1086976130819809280,251455459,2020-08-28
1299482922987196418,847105263362609152,1213521106507710469,2020-08-28
1299530763004649472,60381078,363499493,2020-08-29
1299484500506955777,817397136576937984,939600814858960896,2020-08-28
1299489166011572231,369287871,1183987349803425793,2020-08-28
1299492784009863170,2504202560,501499058,2020-08-28
1299494264368439304,221627242,66271308,2020-08-28
1299495225094598656,1205369732968239104,1078894253659410433,2020-08-28
1299509164373311488,1017294810393337857,1017294810393337857,2020-08-29
1299500890714374146,762449955185266689,1211331382405783552,2020-08-29
1299502533082148864,22080646,1213118606646468608,2020-08-29
1299505316560875520,4805892744,4805892744,2020-08-29
1299508367732375552,3021958339,839684628944388096,2020-08-29
1299525494157856768,2614255879,3044602665,2020-08-29
1299515894863781888,762449955185266689,286357596,2020-08-29
1299506788488880128,80924518,1012096999,2020-08-29
1299524386286981127,1017294810393337857,1017294810393337857,2020-08-29
1299509482548899840,1137537819729989637,1137537819729989637,2020-08-29
1299741328989974532,389611747,712079953337126912,2020-08-29
1299551733526405120,1230894857285197824,1230894857285197824,2020-08-29
1299513944093134850,1443908539,894231774800359424,2020-08-29
1299514273706790912,35268182,2920658572,2020-08-29
1299534228535881740,769332782183120896,2951931772,2020-08-29
1299516554850250752,353124814,198768902,2020-08-29
1300196316933431296,1261647984745463808,10664212,2020-08-30
1299520451773739010,366399813,858510049,2020-08-29
1299518877567602688,3183660548,3183660548,2020-08-29
1299520756569833472,42305839,42305839,2020-08-29
1299524415412035584,1183219891916038145,1288794632315449344,2020-08-29
1299525971519967233,848185211749904384,1169281638,2020-08-29
1299525553662373889,1008185450,1008185450,2020-08-29
1299525454072774656,833981684,755570702695137284,2020-08-29
1299534475408236544,3270306985,1120821884613009413,2020-08-29
1299560862462611457,890330945156296704,1233668128044912641,2020-08-29
1299535798019207171,896076716510203904,396882607,2020-08-29
1299535797956288512,1120821884613009413,971414806933770241,2020-08-29
1299899754244124672,134921337,134921337,2020-08-30
1299550220884291584,1202731481828864001,282433517,2020-08-29
1299542887986688002,797913677164752896,173261293,2020-08-29
1299545867515572224,224825685,41352031,2020-08-29
1300490177735950337,1884505254,965219844793741316,2020-08-31
1299571971227815936,480832571,292782527,2020-08-29
1299564912411316230,931286316,2942621660,2020-08-29
1299587630162563072,1160332114052521986,1160332114052521986,2020-08-29
1299793609798168576,1267990404487688194,34793128,2020-08-29
1299557961883201537,888078932,888078932,2020-08-29
1299557303830671368,1120821884613009413,988646319504814081,2020-08-29
1299559369810391040,1105984717185212416,1105984717185212416,2020-08-29
1299564302190346240,1193018717296185346,1060578754903396353,2020-08-29
1299565310928990209,1131548766581002240,1131548766581002240,2020-08-29
1299565686239432704,499649886,499649886,2020-08-29
1299569602448498688,1154952166815281157,1154952166815281157,2020-08-29
1299719131109953536,806304970429657088,279223672,2020-08-29
1299579643960471552,983946062032490496,2225214364,2020-08-29
1299664720232931333,806304970429657088,181473211,2020-08-29
1299757504830877696,1344539976,65116850,2020-08-29
1299769717406736386,217611030,2373106670,2020-08-29
1299590596982640641,184271181,288458102,2020-08-29
1299590860028473346,81280437,285209290,2020-08-29
1299591810428227584,4691189473,49662990,2020-08-29
1299593332163829760,2777102431,217841972,2020-08-29
1299719004622381057,1176684409635909632,884469749127819265,2020-08-29
1299616178911014913,1242797770827800578,937347418496040961,2020-08-29
1299826314938118144,16377628,70098909,2020-08-29
1299600190933000194,2258888137,2258888137,2020-08-29
1299600850587987970,1182388361379618816,1182388361379618816,2020-08-29
1299622411869081601,138108708,138108708,2020-08-29
1299608931069816832,95543136,95543136,2020-08-29
1299719134981353476,1120821884613009413,22346163,2020-08-29
1300025420960669696,89652207,243648321,2020-08-30
1299743299754954752,3060121484,1141361101772169216,2020-08-29
1299666023839404033,917390576542113792,933021990,2020-08-29
1299635720475222016,825018386048499712,825018386048499712,2020-08-29
1299636846687907840,18302779,32704682,2020-08-29
1299642379641729026,4473881079,4473881079,2020-08-29
1299650408823037952,1190300606218543106,745922735243689984,2020-08-29
1299652843939528704,1188419365735223297,3727257012,2020-08-29
1299654049738952704,1281830368295952384,1281830368295952384,2020-08-29
1299657925116530689,4855632850,4855632850,2020-08-29
1299731763724464131,110022999,48199048,2020-08-29
1299662783462682624,1021828922571276290,1021828922571276290,2020-08-29
1299664455022804992,2174664644,900421574377033729,2020-08-29
1299742632785059840,1205369732968239104,1100967378626768897,2020-08-29
1299723897693241347,1262596164354019328,983070151498223616,2020-08-29
1299715412993675265,806304970429657088,3304214598,2020-08-29
1299686022951952385,115308684,257250197,2020-08-29
1299688620547342336,36958478,537808823,2020-08-29
1299698402545016832,740695166713892864,142413722,2020-08-29
1299693946742992896,64097093,241634521,2020-08-29
1299695248269021190,1086976130819809280,831334845288570881,2020-08-29
1299695870749876224,1151623664854429697,1151623664854429697,2020-08-29
1299696546800447495,1158367271611502595,1158367271611502595,2020-08-29
1299696101780529160,1261066546459312128,1261066546459312128,2020-08-29
1299697073319825409,4594755038,2884941831,2020-08-29
1299916299880017920,1149492964873441280,50507033,2020-08-30
1299699754826256387,3878046030,1240433399032053760,2020-08-29
1299700827104436227,709854203968155648,709854203968155648,2020-08-29
1299709615853142016,2174664644,4032859115,2020-08-29
1299702368964161539,64274721,759537523,2020-08-29
1299702279491158016,64035849,64035849,2020-08-29
1299705455309131777,1151623664854429697,1151623664854429697,2020-08-29
1299707775853895681,1246870023802482688,1287498883,2020-08-29
1299707805696430085,76340584,28162246,2020-08-29
1299707198726053889,1246870023802482688,36520903,2020-08-29
1299711186871623680,1246870023802482688,1106210690623131648,2020-08-29
1299713499808104448,917390576542113792,319706498,2020-08-29
1299735694332624896,1227318571040223234,1064319662,2020-08-29
1299718577788841985,1068536424561963011,1078073532129705984,2020-08-29
1299719638742425600,992740624385404928,992740624385404928,2020-08-29
1299735203875876864,82828746,1100410033550983169,2020-08-29
1299805631684190208,1115901416,494819808,2020-08-29
1299726660426760193,2225214364,218203916,2020-08-29
1300064070402543617,1174712837127716864,91133258,2020-08-30
1299829749712392194,1182317601105551360,2162996372,2020-08-29
1299740960671379458,19821049,1375312752,2020-08-29
1299730081628270592,2209098386,3003870533,2020-08-29
1299732000161624066,2225214364,218203916,2020-08-29
1299732182454464513,2209098386,3003870533,2020-08-29
1299732234312847366,3003870533,2174664644,2020-08-29
1299734059413889024,2209098386,3003870533,2020-08-29
1299734471256801280,861371647,861371647,2020-08-29
1299916832913215489,2910719740,2910719740,2020-08-30
1299853203186397185,114788879,1360561069,2020-08-29
1299748094955851776,1246870023802482688,2235436110,2020-08-29
1299743776055885827,848454590106390530,1001911117034205185,2020-08-29
1299745955407892482,966664203770703873,1219696680494346240,2020-08-29
1299743401773092864,2209098386,3003870533,2020-08-29
1299744048467632129,3003870533,2174664644,2020-08-29
1299747994884100098,807812802761158656,958167004753534976,2020-08-29
1299752452472930304,1271593687500365824,2185347648,2020-08-29
1299746868528807939,1268175397398724610,1895436799,2020-08-29
1299746613292867584,784899771647594496,802891619649339392,2020-08-29
1299836971863470080,2209098386,3003870533,2020-08-29
1299769018337820673,17242660,23572083,2020-08-29
1299749866109915137,1240556947394514944,1240556947394514944,2020-08-29
1299748790685937664,879834908243369984,833857845107888128,2020-08-29
1299753038362664960,17929151,1206932004157186049,2020-08-29
1299776417157337094,908893976350089216,1690000568,2020-08-29
1299752148746600451,767812554,1269416085175980034,2020-08-29
1299802571771699201,794294331138015232,822914035343572992,2020-08-29
1299766563726397440,2209151465,791808097803173892,2020-08-29
1299756370556669952,1662891,31050008,2020-08-29
1299754789429866498,65215093,65215093,2020-08-29
1299759037345652736,331202888,553036368,2020-08-29
1299759891989622785,64097093,1240335265346072577,2020-08-29
1299770439703695363,331202888,553036368,2020-08-29
1299763274779688967,1002706303968477184,2713313506,2020-08-29
1299764145991094272,1253589054932881408,952632876817965057,2020-08-29
1299764595360444416,1082650726617239552,902853449246793728,2020-08-29
1299766406163107841,18942193,18942193,2020-08-29
1299779781454635011,798876594198683648,607954701,2020-08-29
1299766875375706112,3996350415,3996350415,2020-08-29
1299765862795292684,1299720007010656256,1299720007010656256,2020-08-29
1299767875352363009,1088110026,16124020,2020-08-29
1299769711098462208,63591116,100227912,2020-08-29
1299769453907861504,806568868525309952,806568868525309952,2020-08-29
1300311842502463490,25776022,313650661,2020-08-31
1299774054958805002,2209151465,791808097803173892,2020-08-29
1299771726574899202,3482647214,1198157497,2020-08-29
1299773805561225216,2813826504,1298408275365560320,2020-08-29
1299772402818338820,1082650726617239552,1173178097492987905,2020-08-29
1299773202772758529,53229077,53229077,2020-08-29
1299777698500313088,1274047314726916097,1288888274195484678,2020-08-29
1299844198078783488,123724990,260710775,2020-08-29
1299795592957362178,746499078,1101911624607244288,2020-08-29
1299784110123163648,1088110026,16124020,2020-08-29
1299793281207787520,60381078,363499493,2020-08-29
1299786720213430272,1082650726617239552,1112411268122587136,2020-08-29
1299788145664425988,1274047314726916097,1157300887087247361,2020-08-29
1299823472948936705,882775940069195777,967231827248168961,2020-08-29
1299817269003005953,1100182418496081920,3233174600,2020-08-29
1299844029350375425,447061276,447061276,2020-08-29
1299792048606900232,1040626579121025025,145278930,2020-08-29
1300385865575870464,719945158,1238429558837313536,2020-08-31
1299791042749911042,757943114,823033906156871681,2020-08-29
1299791733350260736,28597397,28597397,2020-08-29
1299810296715005958,37904694,14798989,2020-08-29
1299795269937135620,3950434095,1298836675913822208,2020-08-29
1299795689694810112,3950434095,1298836675913822208,2020-08-29
1299794473447288835,1018266461641551873,1018266461641551873,2020-08-29
1299795462455799815,41448115,1231077744978661376,2020-08-29
1299795506948968452,827713107854245889,827713107854245889,2020-08-29
1299798264036970497,4384481129,16320152,2020-08-29
1299844223592783872,23027198,430281989,2020-08-29
1299859532009664512,212140011,81648499,2020-08-30
1299808469500002304,901063185305882624,901063185305882624,2020-08-29
1299799406833737728,1086976130819809280,828616419772420098,2020-08-29
1299801620180594690,1293578102027804676,1293578102027804676,2020-08-29
1299807715179606017,20866038,20866038,2020-08-29
1299814170548936704,3482647214,3019539502,2020-08-29
1299805112882221056,1042910258040111104,1042910258040111104,2020-08-29
1299807550649569281,93122313,2157350492,2020-08-29
1299807786772189190,320903052,2186704664,2020-08-29
1299811313774862336,1077790895783653377,1219273569491918848,2020-08-29
1299813139152691201,16870567,19625891,2020-08-29
1299925584231960579,466183294,384198299,2020-08-30
1299817046042124290,40547877,41479697,2020-08-29
1299819251340017665,734590850450214912,402039422,2020-08-29
1299833568571658241,110022999,4639473829,2020-08-29
1299834367456489472,110022999,48199048,2020-08-29
1299832909272997889,800145680794648576,20421603,2020-08-29
1299831473600634881,759473283498708992,1112421552438591489,2020-08-29
1299845087699107841,1077633642367721473,1266410745920708611,2020-08-29
1299838865423970306,4919673348,76950285,2020-08-29
1299838462896603137,1186512686,1723290332,2020-08-29
1299829467901317121,1082650726617239552,940281482228174848,2020-08-29
1299966100835389440,49915676,1299074045405585408,2020-08-30
1300115359488503808,848185211749904384,232732334,2020-08-30
1299831510103740417,1082650726617239552,1122183858244419584,2020-08-29
1299863215493599238,3482647214,3400460717,2020-08-30
1299836258898903040,61356163,1249058960340062208,2020-08-29
1299846356111110146,49642420,620893984,2020-08-29
1299843605654310913,1083933768803602432,1299815136442462208,2020-08-29
1299879441359876097,847589946,2954856884,2020-08-30
1299845567393206273,257722471,381081579,2020-08-29
1299847127607029760,416111671,2300326674,2020-08-29
1299847184859516928,1279763101613727745,1279763101613727745,2020-08-29
1299899737584226304,389611747,102258127,2020-08-30
1299856019753971712,68741593,68741593,2020-08-29
1299856504506515456,1008185450,1008185450,2020-08-29
1299859028412043264,1062567325793050626,1062567325793050626,2020-08-29
1299859195353640961,4786056794,4786056794,2020-08-29
1299867095929294849,88303644,28701355,2020-08-30
1300437183170445318,990961800416931841,990961800416931841,2020-08-31
1299914598863249417,110006946,517412111,2020-08-30
1299861983521513472,282401701,282401701,2020-08-30
1299865650362494976,17929151,1206932004157186049,2020-08-30
1299867162904006658,147369902,1253777755419877376,2020-08-30
1299867806041808896,1077633642367721473,1266410745920708611,2020-08-30
1299868564355072000,701965746,701965746,2020-08-30
1299878542940033026,121490412,850473701397078016,2020-08-30
1299879007379480576,922388821,922388821,2020-08-30
1299879010089005057,922388821,922388821,2020-08-30
1299887365469736960,1059504359841652736,926306555213041664,2020-08-30
1300099856682438656,2355457719,930897704208748544,2020-08-30
1300082619766407168,57672544,2469558745,2020-08-30
1300029937806708736,1289015723633844224,1208161508334563328,2020-08-30
1299908621631971328,258081766,258081766,2020-08-30
1299890458794098693,989002507312685056,997348141,2020-08-30
1299898103592562688,1064476441,1249080143043272705,2020-08-30
1299911539235991559,393045607,393045607,2020-08-30
1299909053418622977,1090785745,24415426,2020-08-30
1299898703818485760,2975823401,2975823401,2020-08-30
1300226590278811652,134921337,134921337,2020-08-31
1299903509203124225,194984676,2779263262,2020-08-30
1299903517814124545,842818670,1299806442711666688,2020-08-30
1300103825534128128,933475356232835072,1213329635393490944,2020-08-30
1299967664874500097,806304970429657088,90949460,2020-08-30
1299905494677508096,762449955185266689,991909735422033920,2020-08-30
1299906206610284544,15754900,15754900,2020-08-30
1299909082619416577,762449955185266689,991909735422033920,2020-08-30
1299918617589551104,1978660855,1298682610974175236,2020-08-30
1299909298412228609,2369995013,733528400573300736,2020-08-30
1299917151504007168,933232156645584896,933232156645584896,2020-08-30
1300186968953741313,1213027567227113472,1213027567227113472,2020-08-30
1299922593797959680,13423382,13423382,2020-08-30
1299931699481059330,1147518921307774976,1114775145183367169,2020-08-30
1300076494363021314,795220785677946880,1299160358914056197,2020-08-30
1299930679971635200,75311987,1207108200358653953,2020-08-30
1299936524847382529,466179387,466179387,2020-08-30
1299938558199975938,1263239762808320006,1025940267764011009,2020-08-30
1299940868833644544,2783478295,2783478295,2020-08-30
1299944893695967234,2943003606,17735075,2020-08-30
1299943768091774976,1172901939295719424,1172901939295719424,2020-08-30
1299944300378087424,908162616941359105,908162616941359105,2020-08-30
1300099317118705664,119515287,4749570962,2020-08-30
1299959359292796929,2759210903,413787155,2020-08-30
1299963398961025024,1279114128477519872,2274500544,2020-08-30
1299983810902265856,1082737749432643586,16871229,2020-08-30
1299977474797785088,1235462444824199168,1235462444824199168,2020-08-30
1299984169725026305,1082650726617239552,414949511,2020-08-30
1299985317294944258,1291382658052784128,1269477049921609730,2020-08-30
1299985776827015171,144531738,2380806134,2020-08-30
1299993466823471104,1054292248249200641,1251263567917125633,2020-08-30
1300103539453120514,449325245,915082891356491777,2020-08-30
1299998674785832961,18842793,62597577,2020-08-30
1300054705444466690,320482822,1969902686,2020-08-30
1300016590428217345,632808228,632808228,2020-08-30
1300046077983223808,4639656854,33079273,2020-08-30
1300015615311327232,2168751354,99172332,2020-08-30
1300020221651169280,632808228,632808228,2020-08-30
1300058112716611584,1153464636,133244252,2020-08-30
1300020552493682688,310771131,69423291,2020-08-30
1300022409953767424,530795961,530795961,2020-08-30
1300027079405309952,1295017854044078081,275275437,2020-08-30
1300029889664487424,455230284,455230284,2020-08-30
1300072708441505792,536515621,46305708,2020-08-30
1300036398200819714,35467771,1296535115636436992,2020-08-30
1300041522029699072,1478172901,1478172901,2020-08-30
1300059274844884992,881774617819365377,1296943884736569344,2020-08-30
1300044684115554304,35051304,36253702,2020-08-30
1300044772854431745,1043076373,75413160,2020-08-30
1300045340712763392,2722605959,1298266215723356160,2020-08-30
1300072762766168064,1246267063447977991,1048370973341143040,2020-08-30
1300109411130564608,541529471,792848845415804928,2020-08-30
1300052598129659905,115308684,497891803,2020-08-30
1300084951849762816,1357268574,1281076859111796736,2020-08-30
1300053538312196096,35051304,18733287,2020-08-30
1300057712420679680,317169321,317169321,2020-08-30
1300061594530058240,45645232,45645232,2020-08-30
1300063484906930178,1079935370,1079935370,2020-08-30
1300116458614079488,1246870023802482688,1232473087976890374,2020-08-30
1300069909192478727,1267890080997412865,1079523007842926599,2020-08-30
1300104684032659458,1262596164354019328,1162128037829390337,2020-08-30
1300073337700388865,1172322130437931008,1856047723,2020-08-30
1300116534249963520,1246870023802482688,1106210690623131648,2020-08-30
1300074758680260609,9336672,9336672,2020-08-30
1300271062794477568,1246870023802482688,1106210690623131648,2020-08-31
1300107122596696064,1299338062619500544,14843479,2020-08-30
1300073941046878208,2330409604,22178432,2020-08-30
1300078298790350849,308639864,308639864,2020-08-30
1300079832722800643,931286316,43454621,2020-08-30
1300082808434679809,35051304,772962703576961024,2020-08-30
1300089293210152960,197332232,197332232,2020-08-30
1300091650820263944,931286316,1259714432,2020-08-30
1300091471245332480,610919499,610919499,2020-08-30
1300093807178940416,707584797808402432,707584797808402432,2020-08-30
1300095053206114305,2525179719,3158077691,2020-08-30
1300131919833845760,1161082230778802186,2988388383,2020-08-30
1300095802522689537,23177299,23177299,2020-08-30
1300154614545870854,1164148199214505984,97593942,2020-08-30
1300120017791520771,35671627,506683287,2020-08-30
1300099423029035009,1086976130819809280,734247562350190592,2020-08-30
1300106790584168449,917390576542113792,209389668,2020-08-30
1300119887076110337,1151530143179071488,1256961969254535168,2020-08-30
1300156611105705984,585968484,374362912,2020-08-30
1300101476489064448,224698363,224698363,2020-08-30
1300103555534249987,18188979,18188979,2020-08-30
1300163543925501953,1115342545,46224180,2020-08-30
1300102957682380805,1167381477866258434,1167381477866258434,2020-08-30
1300104836759912448,441113596,48459241,2020-08-30
1300104612977008640,43561270,282888198,2020-08-30
1300130434437787648,1017294810393337857,3172854336,2020-08-30
1300114103013445632,1259257977686626307,1259257977686626307,2020-08-30
1300111089745539074,1103804368602591232,417393801,2020-08-30
1300111361951674369,2521872698,991472006406303744,2020-08-30
1300113296146575365,182524533,182524533,2020-08-30
1300113744077492224,1269986713855840258,1269986713855840258,2020-08-30
1300279980908253189,1237250028479156224,718930349,2020-08-31
1300116012835188737,3291739758,1223707787504574465,2020-08-30
1300116142154022914,1214988687089516544,1214988687089516544,2020-08-30
1300117340206448640,16358225,1268194572183748609,2020-08-30
1300118181839765506,549776944,867978736611676160,2020-08-30
1300120144161669120,84706687,1102274342,2020-08-30
1300118616591994880,2358672325,56159824,2020-08-30
1300122346615758850,1102274342,142060212,2020-08-30
1300122110279462914,952359075643355136,948336480082153473,2020-08-30
1300128072054837250,48003100,1214023639,2020-08-30
1300142560640487424,1095642690363015168,369606653,2020-08-30
1300126112698245120,3401937021,21678792,2020-08-30
1300158342833344513,361050129,43273113,2020-08-30
1300125695658602497,1269986713855840258,1269986713855840258,2020-08-30
1300127254014496770,21522338,384929431,2020-08-30
1300131993116700674,35051304,3785592372,2020-08-30
1300128439140261890,1269986713855840258,1269986713855840258,2020-08-30
1300131919787708418,2918667400,213339184,2020-08-30
1300130490209447937,1269986713855840258,1269986713855840258,2020-08-30
1300131984979632129,1102274342,84706687,2020-08-30
1300143262380879874,1190393433644339200,1299023934034067456,2020-08-30
1300144719708565504,1190393433644339200,1299023934034067456,2020-08-30
1300144822057984000,1190393433644339200,1299023934034067456,2020-08-30
1300133367858552837,43014978,797105636941135872,2020-08-30
1300133154817216512,1018916780918665217,1243598228190302208,2020-08-30
1300134816856174592,1258227571654717441,1177315593004953600,2020-08-30
1300383617298857987,3044602665,2614255879,2020-08-31
1300142196096729089,1051276076,891803972,2020-08-30
1300143088833355778,1978660855,1003055753224073217,2020-08-30
1300148371806658561,976489851485900807,1233348272426803200,2020-08-30
1300147287000317953,23745608,12708032,2020-08-30
1300146436818890753,615804545,615804545,2020-08-30
1300148775420407811,1229869943027634176,1229869943027634176,2020-08-30
1300152237700780032,1593896905,935488838,2020-08-30
1300169961999142913,1078531367007326209,29729514,2020-08-30
1300153827409063936,1593896905,935488838,2020-08-30
1300154706313064448,870387683864055808,870387683864055808,2020-08-30
1300159720561336320,937548914,24012917,2020-08-30
1300159087536222208,412390560,1119429036911026176,2020-08-30
1300159213411463168,630610738,2908771263,2020-08-30
1300159843316228098,441113596,1002005398726037505,2020-08-30
1300165915745624067,1253540671706804225,20271215,2020-08-30
1300169950485676034,847281372,847281372,2020-08-30
1300168430717460481,838694936,838694936,2020-08-30
1300169498608242688,1033664889947086848,191193002,2020-08-30
1300169379603243010,110905570,110905570,2020-08-30
1300177521166688258,3373858493,822186813343182848,2020-08-30
1300178160932122624,1034868411354861568,792934938,2020-08-30
1300176776241590272,214765161,1241155073788395520,2020-08-30
1300180125921681408,1241155073788395520,214765161,2020-08-30
1300189743347576834,214765161,1241155073788395520,2020-08-30
1300182342418468865,1127715383098650625,1063619420579352576,2020-08-30
1300183080578228227,25248934,9097142,2020-08-30
1300185211624448000,996543251027972098,1158438459704532993,2020-08-30
1300202151570935809,281061240,1007654402847473664,2020-08-30
1300341520210579457,1109118849738252288,913569765662355457,2020-08-31
1300187357090664448,1431211646,1431211646,2020-08-30
1300189548622884864,2369995013,2732017510,2020-08-30
1300189715640004608,1116337234821681154,1116337234821681154,2020-08-30
1300193443206107137,214765161,1241155073788395520,2020-08-30
1300196598329176065,17542901,20952823,2020-08-30
1300215939460284416,926782951,1186843634915627008,2020-08-30
1300200136442863618,958381221578444802,1274290693406679040,2020-08-30
1300207720398815235,1093679098910724097,1299843185716256768,2020-08-30
1300379879733592065,3044602665,2614255879,2020-08-31
1300481155058339840,3044602665,2614255879,2020-08-31
1300244294230474754,808289413818105856,808289413818105856,2020-08-31
1300207017274028035,1274290693406679040,958381221578444802,2020-08-30
1300264844612993025,56050598,1253540671706804225,2020-08-31
1300214794709016576,854155012309700608,854155012309700608,2020-08-30
1300216366360821767,915400999304663040,3369858011,2020-08-30
1300231378651537408,2291452638,151995371,2020-08-31
1300220180828762112,303904703,782966198497456128,2020-08-30
1300223202053021698,1016138526247849984,506955444,2020-08-31
1300227299753644032,1051549915233447936,286186563,2020-08-31
1300228569319141376,1140950581,31573751,2020-08-31
1300257984149250054,66104090,256845469,2020-08-31
1300231252528766977,1086976130819809280,2860667382,2020-08-31
1300232365256716288,947920868809814016,947920868809814016,2020-08-31
1300581730437353472,356959852,356959852,2020-08-31
1300241907482685440,927388044,4705129256,2020-08-31
1300240440793485312,1016138526247849984,506955444,2020-08-31
1300241027240873986,4639017267,4639017267,2020-08-31
1300244769830969346,78622104,2335866816,2020-08-31
1300244036213600256,757069695610654721,508368054,2020-08-31
1300244456478838785,2300348886,925081906470965248,2020-08-31
1300248465956577280,871495245074006017,797128122600562688,2020-08-31
1300252880608223232,1257490920359907328,1257490920359907328,2020-08-31
1300255090356498433,396873814,425455967,2020-08-31
1300259751184433152,486691146,1097554135409455104,2020-08-31
1300261080141361155,4874452677,872954617,2020-08-31
1300262639222894593,1024729364133502976,632592796,2020-08-31
1300268450800074754,914834191212335104,1276624393955766274,2020-08-31
1300303176093007872,1117190150847549440,1010703849332658176,2020-08-31
1300269573434937351,1024729364133502976,632592796,2020-08-31
1300272098602962944,4861611379,14329596,2020-08-31
1300282125309145088,2428776326,356606990,2020-08-31
1300275710301409280,1548684578,1548684578,2020-08-31
1300279869830463489,16662512,124276554,2020-08-31
1300538986407043072,1113141513935097857,1042813272402153473,2020-08-31
1300285444849127424,1164156004222873600,823067989905965056,2020-08-31
1300286501578629120,381340543,1157496754926804997,2020-08-31
1300287055457669121,1870491,1870491,2020-08-31
1300423601703784454,108951721,108951721,2020-08-31
1300295176573923328,1270434980779393026,1270434980779393026,2020-08-31
1300295177387507712,1270434980779393026,1270434980779393026,2020-08-31
1300296870980390912,263960570,234221777,2020-08-31
1300309114287915008,1260731795726688258,1260731795726688258,2020-08-31
1300318717465616384,762522504,1895553703,2020-08-31
1300312682474532864,267032346,837112282920333312,2020-08-31
1300313712998273024,1080886479700836352,2805718530,2020-08-31
1300317186368712706,1017079253333143554,1017079253333143554,2020-08-31
1300320013405036544,1060176852055142400,2366986376,2020-08-31
1300326201177845762,1060176852055142400,2366986376,2020-08-31
1300324959005405184,1279114128477519872,790187836347678720,2020-08-31
1300323829609234432,1293442451940634627,1293442451940634627,2020-08-31
1300325458085519360,1167888913261879296,1238649475968598017,2020-08-31
1300420142959144960,223157885,23327495,2020-08-31
1300346837333929985,1248805439900471296,85813561,2020-08-31
1300331477083860992,830656006388588545,830656006388588545,2020-08-31
1300331959059730434,794003281,794003281,2020-08-31
1300337901323116549,16487442,393704405,2020-08-31
1300339708396961794,1295918936999985152,3324220541,2020-08-31
1300375013707542529,1237479344,1250937037399699457,2020-08-31
1300445052016234498,771020674462801920,2476755646,2020-08-31
1300360784388685824,100021001,100021001,2020-08-31
1300541518806093824,1267337930198024192,4065444734,2020-08-31
1300366465007267840,85582103,85582103,2020-08-31
1300368333330620417,870387683864055808,870387683864055808,2020-08-31
1300375842086940674,370085708,3231304422,2020-08-31
1300371937223258112,977056304882638848,977056304882638848,2020-08-31
1300378430207389697,375835655,375835655,2020-08-31
1300442833732669440,913569765662355457,1267006490969346049,2020-08-31
1300381518569840640,38311332,726644021527982080,2020-08-31
1300385657672445952,1225693801068412928,1055582316519665669,2020-08-31
1300388356988252163,1421216911,1421216911,2020-08-31
1300390323105927168,978162772780359680,978162772780359680,2020-08-31
1300392865076514816,821033772799954945,27237704,2020-08-31
1300395344933433344,1237479344,2188106940,2020-08-31
1300394746280640519,703770590474334208,1069171099571638273,2020-08-31
1300402895402262528,597410860,324028326,2020-08-31
1300403849002246145,1237479344,2188106940,2020-08-31
1300399041876877312,1173151794278461441,1169362639018967041,2020-08-31
1300401260814725123,1069171099571638273,703770590474334208,2020-08-31
1300402383437082624,1105145953361776645,1105145953361776645,2020-08-31
1300399676416552960,56555165,56555165,2020-08-31
1300403907059945472,1279863835613188098,1279863835613188098,2020-08-31
1300409026203836416,286985249,2810984968,2020-08-31
1300407395500331008,3081983657,769718200640544768,2020-08-31
1300411807513927681,1260897503295213573,1214917021521129473,2020-08-31
1300419302311383041,798805325298049025,798805325298049025,2020-08-31
1300420363579322368,1272918670323224577,1164095784012451840,2020-08-31
1300430034872791040,18125425,492353049,2020-08-31
1300429285514125312,16387689,16387689,2020-08-31
1300432644937781248,59336217,995465711312101376,2020-08-31
1300433276624990209,1246870023802482688,1117483893689671682,2020-08-31
1300563547638857729,1666231424,1666231424,2020-08-31
1300437058163539969,1086976130819809280,29310471,2020-08-31
1300437845715357696,35467771,1299868422541578240,2020-08-31
1300440867413528577,1260770356022751232,1260770356022751232,2020-08-31
1300446826773053440,931672035398438917,931672035398438917,2020-08-31
1300445910833401856,457012481,457012481,2020-08-31
1300460417068732422,73280895,73280895,2020-08-31
1300460131034030081,1040626579121025025,3077091825,2020-08-31
1300448443865927683,913569765662355457,926151425582878721,2020-08-31
1300448115045076992,1219739607631384579,1219739607631384579,2020-08-31
1300451814005850114,808244774469677057,808244774469677057,2020-08-31
1300454352742690817,2270452956,308453650,2020-08-31
1300455673529085954,21522338,27864667,2020-08-31
1300455029799874560,308453650,2270452956,2020-08-31
1300456053960855552,418316977,58718080,2020-08-31
1300462109155684352,1246870023802482688,1292607537720647685,2020-08-31
1300460928937279489,861707420476637184,1888893450,2020-08-31
1300462056596844549,109665508,109665508,2020-08-31
1300468580790665223,2957644256,2957644256,2020-08-31
1300477170867986433,835542998926622721,1251423565,2020-08-31
1300466320190840833,861707420476637184,1888893450,2020-08-31
1300465944918196225,1239599332770398214,20307500,2020-08-31
1300474963791679488,861136743961157634,861136743961157634,2020-08-31
1300475678199099397,4195604013,27765531,2020-08-31
1300479793947971590,27190419,1567976768,2020-08-31
1300482457242804225,174654182,43933496,2020-08-31
1300474273262338048,199704352,199704352,2020-08-31
1300475593629274113,1164176203923820544,387688029,2020-08-31
1300477585567162368,931286316,21127543,2020-08-31
1300483194572111872,1695044491,408187171,2020-08-31
1300480065608781825,1239343686602850306,1239343686602850306,2020-08-31
1300484714159955969,1273518846788300805,1273518846788300805,2020-08-31
1300484453979037698,726778516382060544,16174096,2020-08-31
1300487483008974853,1278378361564344320,908536946103930880,2020-08-31
1300480567331479552,14868145,14868145,2020-08-31
1300480175696740352,2249531,2249531,2020-08-31
1300573779752484864,46664583,174552803,2020-08-31
1300483524580069380,1370387833,1370387833,2020-08-31
1300483074908708866,979135311799255040,979135311799255040,2020-08-31
1300489863079309312,17919393,17919393,2020-08-31
1300490756260614151,47517985,732370853250273280,2020-08-31
1300492333570555906,19236074,19236074,2020-08-31
1300551648859758593,201544919,880607654837710854,2020-08-31
1300581410919583744,1017294810393337857,829989092276465664,2020-08-31
1300558566055608323,21705896,1191120641367236608,2020-08-31
1300543433359196160,21545041,3174877090,2020-08-31
1300539344021848065,48161330,48161330,2020-08-31
1300542693685198850,36791852,1227351413631672325,2020-08-31
1300540710152736768,56749735,801599034280525832,2020-08-31
1300540283218788355,60769216,60769216,2020-08-31
1300557156836610049,1267990404487688194,34793128,2020-08-31
1300547036459266048,234431553,234431553,2020-08-31
1300556775024996353,1281709220442800129,880992914729512965,2020-08-31
1300552512622047232,3188871920,3187113624,2020-08-31
1300552255670755329,21104432,21104432,2020-08-31
1300555253784350721,42075943,42075943,2020-08-31
1300559195176161280,418316977,58718080,2020-08-31
1300557157880885248,3188871920,1065487743264817154,2020-08-31
1300578511460208640,34793128,1267990404487688194,2020-08-31
1300560118736654339,1270736277990789121,978912513248153600,2020-08-31
1300564438089687045,41872072,502418385,2020-08-31
1300563607495868418,4670464879,3305533443,2020-08-31
1300575670716837888,1187075774219718657,1046943353777152001,2020-08-31
1300569087169495043,1044080181932158976,834977016977903617,2020-08-31
1300567814282063875,776928549232140288,23810812,2020-08-31
1300572427873906688,1040626579121025025,2370721916,2020-08-31
1300575866532044801,156956327,132743629,2020-08-31
1300582419691520000,3188871920,3525529516,2020-08-31
1300575178095841281,904835240123879425,920106515180109824,2020-08-31
1300577777163341824,361050129,43273113,2020-08-31
1300576016885329926,4181597734,761545606825402368,2020-08-31
1300579557225959426,1086976130819809280,1117472713558433793,2020-08-31
1300580622981828610,22426166,1268562244838789120,2020-08-31
1300583597695328256,1096561916367884288,1212686058,2020-08-31
1299560213704572928,1163629375,1163629375,2020-08-29
