id,src_user_id,dst_user_id,timestamp
1290754480175112198,1931563458,1931563458,2020-08-04
1293938276600963073,1039613432088031232,1039613432088031232,2020-08-13
1291552357801754625,917869996424007680,917869996424007680,2020-08-07
1297539295264346117,32330373,32330373,2020-08-23
1294400634385465345,1878951342,76669840,2020-08-14
1293204619619790852,95845533,95845533,2020-08-11
1291609068658778112,1154204959493115904,2390858749,2020-08-07
1291964808573657091,621998206,621998206,2020-08-08
1297269275628101632,2250890137,2250890137,2020-08-22
1297971310144913410,14123310,14123310,2020-08-24
1290812532974931969,1065402393288994816,864800376184340481,2020-08-05
1299914032565035008,1068536424561963011,1078073532129705984,2020-08-30
1299990022775476224,1068536424561963011,1078073532129705984,2020-08-30
1299990113468907521,1068536424561963011,1078073532129705984,2020-08-30
1299990159375495168,1068536424561963011,1078073532129705984,2020-08-30
1299990200286756865,1068536424561963011,1078073532129705984,2020-08-30
1299990261376770050,1068536424561963011,1078073532129705984,2020-08-30
1299990300765556737,1068536424561963011,1078073532129705984,2020-08-30
1300000103730573314,1068536424561963011,1078073532129705984,2020-08-30
1300415452603129862,444165428,444165428,2020-08-31
1293935929468411909,258500626,229004289,2020-08-13
1293592367820419078,1029422156004950018,1114234058895187969,2020-08-12
1293411869689028608,1046586316807446528,1046586316807446528,2020-08-12
1293178509808918529,726545281,4449123617,2020-08-11
1295482107301683201,848314070675718144,880446976680132608,2020-08-17
1289720815060004865,17243913,193171539,2020-08-02
1299496959951208448,308851637,308851637,2020-08-28
1296466227569790976,1179062354627190784,1179062354627190784,2020-08-20
1293483410325942275,1156292305151823875,1156292305151823875,2020-08-12
1293187492019965954,1213290229693419520,858053158613929984,2020-08-11
1297722428882399232,250657681,1085739534279680000,2020-08-24
1293234330886500352,494465036,494465036,2020-08-11
1293555063890337792,138739908,138739908,2020-08-12
1294936960298102784,4541141723,4541141723,2020-08-16
1291424298197024771,859852850,859852850,2020-08-06
1292021149585436673,15893079,15893079,2020-08-08
1296076153380380675,176306447,176306447,2020-08-19
1293592766015049728,1121771419065565184,1246089530144415746,2020-08-12
1291332441173405696,1231382851259469824,715367461,2020-08-06
1295012001228492800,952807476,952807476,2020-08-16
1300366195246407680,1352829294,1352829294,2020-08-31
1299175233648173056,862759405540003840,862759405540003840,2020-08-28
1296871878284337152,539721796,73525922,2020-08-21
1290526469936959489,1058573606936969217,5522832,2020-08-04
1292885696550539265,1244085858849832962,462560541,2020-08-10
1292679498199183360,993121645127749632,993121645127749632,2020-08-10
1295415933159256065,1255597627229515784,28605749,2020-08-17
1291447214821257216,1163902584022863873,1148303526885335040,2020-08-06
1290289842496999425,13049362,13049362,2020-08-03
1294765136654282753,1240093088963604480,1164236213622104064,2020-08-15
1295699964836929541,4874711278,4874711278,2020-08-18
1291214517553242118,366517094,366517094,2020-08-06
1297703139664113670,366517094,366517094,2020-08-24
1299570926799986688,366517094,366517094,2020-08-29
1300574702105169922,1043423847708590081,1043423847708590081,2020-08-31
1296535999942545408,916146228,916146228,2020-08-20
1295038228794400774,1264285748292915200,1240838396752195584,2020-08-16
1291924964975747073,1230233232546902017,1216534657187172352,2020-08-08
1290544014882676736,1268741537506177031,1268741537506177031,2020-08-04
1291625438947631106,624619918,624619918,2020-08-07
1294625514791923712,609314746,226785529,2020-08-15
1296826355645128707,15650882,15650882,2020-08-21
1298447236335120385,307932287,781187424072437760,2020-08-26
1289716184863010818,1285660142340644870,4020246012,2020-08-02
1290436731418927107,21486900,252483853,2020-08-03
1297324499554185216,1213227267427405825,1141067424,2020-08-23
1290750260382441475,781274243489271808,781274243489271808,2020-08-04
1291162280097460224,957629731,957629731,2020-08-06
1297284405119954944,32994432,897105517117677568,2020-08-22
1297284686788431874,32994432,897105517117677568,2020-08-22
1290694215408574464,1969318284,1969318284,2020-08-04
1289399518295814146,72835250,892118916,2020-08-01
1290678027853193216,41448115,399812606,2020-08-04
1290108241263726592,148068885,439800049,2020-08-03
1294239405784408065,99354802,99354802,2020-08-14
1291430686956695553,1046586316807446528,1046586316807446528,2020-08-06
1294591050875641857,378953302,2442868698,2020-08-15
1290222847109902338,46154573,699707780396146688,2020-08-03
1297703767035584512,1114775145183367169,532536409,2020-08-24
1289371718201438208,1684230956,1684230956,2020-08-01
1299007998682112000,1270088881136963584,344922225,2020-08-27
1293720503883042817,1023349113776168965,1023349113776168965,2020-08-13
1300356175322587136,1268954476754452481,1268954476754452481,2020-08-31
1290049923430244353,808289413818105856,808289413818105856,2020-08-02
1290007571701436417,65892374,65892374,2020-08-02
1291119673975734272,65488437,65488437,2020-08-05
1289818232979939329,38717590,38717590,2020-08-02
1296430421597708289,247975042,247975042,2020-08-20
1290257147264081920,2831154010,2831154010,2020-08-03
1290627538092462081,807764630,807764630,2020-08-04
1289645983349923840,886163559125835776,886163559125835776,2020-08-01
1293217978633392129,215389462,215389462,2020-08-11
1291009437310709760,77126328,77126328,2020-08-05
1291474600069660674,1076677543963574272,1258895204330897408,2020-08-06
1289428978118270976,616846665,1204938064386084868,2020-08-01
1292668095706931200,25769369,25769369,2020-08-10
1290048221507497984,138982793,138982793,2020-08-02
1289411513493553152,1223538313660977152,1223538313660977152,2020-08-01
1298898571161288705,1068536424561963011,1078073532129705984,2020-08-27
1299373845871091712,1068536424561963011,1078073532129705984,2020-08-28
1289796557802414081,737364865896026112,1715899483,2020-08-02
1290009450233786368,62802865,1229413095463936000,2020-08-02
1299067064150302721,1028793140638113792,1028793140638113792,2020-08-27
1300241838570315777,1200798754661531648,1200798754661531648,2020-08-31
1289918027623018497,2843685004,886398296146706432,2020-08-02
1289360839321874432,1027630700810457089,724287708,2020-08-01
1292105775691702275,1285381980360552448,1285381980360552448,2020-08-08
1295766136164950017,792706023312064512,2305282586,2020-08-18
1289992045759610880,19426419,1114232180887162880,2020-08-02
1293351425649438720,38879776,709433056650592256,2020-08-12
1289805164312838146,134253803,522220362,2020-08-02
1291679390217240576,1244213970556399619,1244213970556399619,2020-08-07
1290717805160148993,1128214928677122048,238056819,2020-08-04
1293571878288871424,253928041,253928041,2020-08-12
1290671993591922690,944340449258504193,1267556374847926272,2020-08-04
1291184949354213376,30905985,14791134,2020-08-06
1289409156399554560,3037361504,1250484257828540420,2020-08-01
1296922832031686657,2788209677,90190737,2020-08-21
1290772917085593600,334217088,981410214267228162,2020-08-04
1290803412569853952,3434121513,3434121513,2020-08-05
1289405741288185857,49171346,727840825661661184,2020-08-01
1289546330730307586,1220506149721661440,291817070,2020-08-01
1290838943156580354,966143212632109056,868717760,2020-08-05
1289961619250769920,2906520355,2906520355,2020-08-02
1289425476067311616,803717906,803717906,2020-08-01
1289450456184487936,1288029041220616192,1288029041220616192,2020-08-01
1291429150876741633,784477368144592896,1025285309586534400,2020-08-06
1294625694186639361,1946773118,1946773118,2020-08-15
1291172855116378113,3434121513,3434121513,2020-08-06
1289358017834766340,822992688127639553,43041889,2020-08-01
1289512391449776128,1117229660247482368,28553635,2020-08-01
1289586486694670337,512616227,1132013841641082881,2020-08-01
1289739044973424640,964690673302687744,964690673302687744,2020-08-02
1291139946078539776,360083646,1138287733321998337,2020-08-05
1289683258381225985,2614255879,3044602665,2020-08-01
1290703462620172288,880935564052226048,1285623696313417729,2020-08-04
1289669530084503552,72394880,1147101378201948161,2020-08-01
1291326009820811265,90380313,90380313,2020-08-06
1289421414638874624,20947434,20947434,2020-08-01
1294608994921742336,2715930851,2715930851,2020-08-15
1289401232487047168,548857454,548857454,2020-08-01
1291883042911526913,562253854,562253854,2020-08-07
1289988834105556992,73140845,1219713323836547074,2020-08-02
1289553457762902016,2923604985,21975072,2020-08-01
1289421462097600513,1234023721083514881,883021274821398528,2020-08-01
1295517435014021121,1214736128126988290,896552066600009728,2020-08-18
1289402667790303232,1261710079172149250,82947669,2020-08-01
1289408855349137408,1243532684208422913,4903751917,2020-08-01
1289508888815886336,15164257,28585697,2020-08-01
1289720023674580995,1280617331253809159,896117419,2020-08-02
1289766007074983937,19800066,1247471879499243520,2020-08-02
1289367546592768005,3233697852,758447407688548352,2020-08-01
1289651178708406272,1030554498408882176,569855788,2020-08-01
1289393609683460098,721444576989442048,3409991233,2020-08-01
1291038810785099777,247038875,247038875,2020-08-05
1289388667627122688,946523345964748800,1106206327972528138,2020-08-01
1289615555574616071,1458685891,2835198207,2020-08-01
1289586067763470336,1148390670,1153269455566364672,2020-08-01
1289370707600670720,912669751121465344,912669751121465344,2020-08-01
1289359584155652096,1000758710,1147070939731038209,2020-08-01
1289388530763026432,818695087144079360,870490417753731073,2020-08-01
1289386035873366022,746196319539077121,4842643753,2020-08-01
1289771630894264320,1102726262,214931503,2020-08-02
1289752724368535552,1250600153074917377,1251814075,2020-08-02
1289357105229570049,365099538,1221998313525792771,2020-08-01
1289406700760440833,28000572,830515649935990784,2020-08-01
1293152744048656387,403148973,403148973,2020-08-11
1289553803742568450,72886337,1242599661275353088,2020-08-01
1289380113600020481,16794538,830067390884884480,2020-08-01
1290382659747753984,986142728630267904,986142728630267904,2020-08-03
1290603875247050753,1093522999385485312,1093522999385485312,2020-08-04
1289359892600373254,1173701711472529408,1242293082399203329,2020-08-01
1289364444758396928,32983678,3383370977,2020-08-01
1289376779803586561,947992147000619008,149402723,2020-08-01
1289393696157265920,721444576989442048,3409991233,2020-08-01
1289358206825684993,1233817907731107840,21826927,2020-08-01
1289394187356393472,4459642286,800463336630403072,2020-08-01
1289394274405163009,19115409,1269735752902029312,2020-08-01
1289395370393403392,19115409,1269735752902029312,2020-08-01
1289377664235499521,805197692083138560,1234988141318029312,2020-08-01
1289640666348257280,105719039,98594324,2020-08-01
1289641111498055681,105719039,98594324,2020-08-01
1289376028171948032,1165289750221197312,788852055406444548,2020-08-01
1289536346797703169,814326334751211524,2840398637,2020-08-01
1289384936613376001,225305561,961379839830786048,2020-08-01
1289543819290120194,32106384,32106384,2020-08-01
1289420894960377856,897589543783849985,1253973468,2020-08-01
1289381106752487424,1141348705171398656,62394969,2020-08-01
1289436291789017088,2305282586,474115232,2020-08-01
1289760648679882753,896552066600009728,1214736128126988290,2020-08-02
1289448399125614592,1312395158,1286116923416215552,2020-08-01
1289372199162281984,2811910902,2746542745,2020-08-01
1289372324706136066,2811910902,2746542745,2020-08-01
1289406053562478594,925441867864473602,925441867864473602,2020-08-01
1289546914250121219,822590345309470722,942801286264643584,2020-08-01
1289354875424276481,429846916,912766676273385474,2020-08-01
1289463162551451648,1146083569837715456,234792414,2020-08-01
1289381960788267008,912047541960749056,1212908741089091586,2020-08-01
1289389887414661120,714488865352851458,1152608975009013760,2020-08-01
1289370628097630210,636748466,231870083,2020-08-01
1289374852776787968,24312943,1274467174778843138,2020-08-01
1289354520670040064,451897297,908754732801511424,2020-08-01
1289366388767768576,84341077,212382505,2020-08-01
1289961902961958912,1276290628389728256,2313683107,2020-08-02
1289382839314796544,872964678590377984,1148621960,2020-08-01
1289383981482377216,293994393,887380473776943105,2020-08-01
1289393849517748224,3391408572,170032366,2020-08-01
1289352865866231809,1270081775058980864,1147313819548626944,2020-08-01
1289353751912833024,524754446,930449804,2020-08-01
1289383592825458688,872964678590377984,252763215,2020-08-01
1289370585001164800,4708082121,366498596,2020-08-01
1289625812170207232,872964678590377984,1148621960,2020-08-01
1289381119238995968,1123926549038882816,47824766,2020-08-01
1289602006231871489,2747054728,1210983681533198336,2020-08-01
1289360947878887424,804911498485202944,1154196624501067776,2020-08-01
1289351943609974786,1270081775058980864,524798338,2020-08-01
1289358790064607232,1249008404594659329,1221294634514690049,2020-08-01
1289350538597789699,1030637603576590336,2512600625,2020-08-01
1289567471561773056,547693791,61949136,2020-08-01
1289443149970980865,1039293817231294464,996021767239032832,2020-08-01
1289362169990062080,1220054471604101121,917255336272199680,2020-08-01
1289355359631675392,2780759989,2541720548,2020-08-01
1289350215636418560,1711830770,58562436,2020-08-01
1289532764773965827,962701310826110976,962701310826110976,2020-08-01
1289360563135545344,289806147,22728270,2020-08-01
1289359084374786050,2788952457,2788952457,2020-08-01
1289699372796534784,1243795698723819523,1243795698723819523,2020-08-01
1291035925309341697,816491683651031040,816491683651031040,2020-08-05
1289371395646844929,843144636071927809,903271705724022785,2020-08-01
1289350920392728577,1091040609601609729,1091040609601609729,2020-08-01
1289355192706580480,1018528668,1193674475956518912,2020-08-01
1289444460099600386,2154250763,1452814670,2020-08-01
1289350664112373761,483281375,1175925597748551681,2020-08-01
1289358572535418881,1155144825265631232,914146507946889221,2020-08-01
1289355309761273858,1045248268844847105,1093675867140698113,2020-08-01
1289424183223435265,3090966888,1855896080,2020-08-01
1289441809588875264,2493602402,41112708,2020-08-01
1289352393008635904,1126641109,762674289011224576,2020-08-01
1289648286345752577,29292875,936278318831239168,2020-08-01
1289350192215425026,574166145,1693539990,2020-08-01
1289354240628895744,177842752,1385097044,2020-08-01
1289352254344933378,15062352,956532581591343105,2020-08-01
1289350855733342215,218776132,135820410,2020-08-01
1289352984636211202,15062352,174147134,2020-08-01
1289353238966239233,15062352,363120509,2020-08-01
1289354414323449856,1045248268844847105,1070309425,2020-08-01
1289351776370491392,1711830770,58562436,2020-08-01
1289364906240643072,1224912776243634177,91162962,2020-08-01
1289353635436957697,15062352,363120509,2020-08-01
1289354205078011904,15062352,978452431393583104,2020-08-01
1289360481551921153,18184205,3232871792,2020-08-01
1289378269033160704,1283158482120773637,2605261635,2020-08-01
1289351731889897472,779855403131645954,1428886508,2020-08-01
1289355312265232384,1267621782867116040,1151286185177673728,2020-08-01
1289352866176540672,58562436,1711830770,2020-08-01
1289352050401136640,2671438789,2671438789,2020-08-01
1289366596713156609,1282682118821359619,2954522767,2020-08-01
1289352457143762944,1240565717940011010,1178293661433548800,2020-08-01
1289358624972771328,1179147612731129862,27893396,2020-08-01
1289375946852589568,1256747547412103168,1236694460131467265,2020-08-01
1289353502561406977,1271572997623562240,22596600,2020-08-01
1289355272620654592,1221453233480183808,1042235369427746816,2020-08-01
1289354224862547968,218776132,135820410,2020-08-01
1289353286898745344,1284263059268104193,1284263059268104193,2020-08-01
1289382198332645378,829384823311572993,558594175,2020-08-01
1289356271104081920,22596600,1271572997623562240,2020-08-01
1289355791967956993,41673334,291468614,2020-08-01
1289355682974535680,18050416,2780759989,2020-08-01
1289355024896729089,325742574,325742574,2020-08-01
1289355886226321408,1106771843929788419,724037074110783492,2020-08-01
1289416221004161026,1193674475956518912,1018528668,2020-08-01
1289356176128225281,553828418,473709610,2020-08-01
1289367291608481792,15044235,1187744623185158144,2020-08-01
1289356993950490625,1385097044,177842752,2020-08-01
1289386411079028736,1224031901134073856,834232929865707520,2020-08-01
1289368876375920640,85723812,4849898158,2020-08-01
1289358558773956608,80706659,1070146916254662656,2020-08-01
1289362396197163008,483081908,1212560022623776769,2020-08-01
1289356582128504832,766719206247108608,75603661,2020-08-01
1289363145836752896,1269445671062392833,1036994623292497926,2020-08-01
1289795320675733504,1083179022534754304,1261176227408330753,2020-08-02
1289357306241544192,1439740650,827628384498786304,2020-08-01
1289360383996649473,58562436,20117737,2020-08-01
1289590423078367237,1221998313525792771,365099538,2020-08-01
1289411914343149568,16577987,337780078,2020-08-01
1289400111764656128,1264303461929287680,36752372,2020-08-01
1289357931159330817,766719206247108608,738817222194397184,2020-08-01
1289359435458961415,14994535,757329377227051008,2020-08-01
1290439342251544577,15062352,831310163588038656,2020-08-04
1289359387543265280,1271572997623562240,22596600,2020-08-01
1289360116181917696,758006319983030272,780607639650570240,2020-08-01
1289358210856435713,766719206247108608,30988436,2020-08-01
1289358161544130561,43041889,822992688127639553,2020-08-01
1290011277876551680,1132800040429391873,1922015580,2020-08-02
1289359098404900864,965422256,965422256,2020-08-01
1289362721545302018,1222157494656688129,507647798,2020-08-01
1289376035876638720,1155144825265631232,914146507946889221,2020-08-01
1289361994701656065,1153916836028637185,1185017001816854528,2020-08-01
1289365977046499328,37791764,113774200,2020-08-01
1289361466093494274,473709610,553828418,2020-08-01
1289371831456038912,1270081775058980864,1147313819548626944,2020-08-01
1289374151606595586,1081795525,1206764822194524162,2020-08-01
1289364646613270529,1266572428387459074,4048118139,2020-08-01
1289364306216198145,1276982811056934912,1014646304339832832,2020-08-01
1289360943588155394,177842752,782612965,2020-08-01
1289368123720646656,1711830770,58562436,2020-08-01
1289362435837632512,824659955970113536,824659955970113536,2020-08-01
1289406912858005504,238855350,2406202508,2020-08-01
1289365211376279552,2780759989,2541720548,2020-08-01
1289361627477880832,127520212,127520212,2020-08-01
1289399876611014656,1225239080230957057,46175409,2020-08-01
1289683385065979904,1154196624501067776,804911498485202944,2020-08-01
1289376335777824768,20653946,1266605076266844160,2020-08-01
1289362381072547841,1173701711472529408,1242293082399203329,2020-08-01
1289363246617464832,483081908,1212560022623776769,2020-08-01
1289403477609730048,917255336272199680,1220054471604101121,2020-08-01
1289365177427664897,21833728,1237551719258693633,2020-08-01
1289401925771894784,28000572,3399911387,2020-08-01
1289363573056053248,1248820657242193921,1211963325254254594,2020-08-01
1289363772453208064,1288182288992235520,1288944552049405953,2020-08-01
1289363666127794177,135820410,218776132,2020-08-01
1289364992471363584,1250161155395502088,889442858,2020-08-01
1289724450078773248,53306928,321419592,2020-08-02
1289364490417352706,984169536147554306,153788574,2020-08-01
1289393714876387329,1072732872576970753,1235922754915815424,2020-08-01
1289363864086171649,218776132,135820410,2020-08-01
1289366438961008640,1050532444015878145,1012422697442332672,2020-08-01
1289364451947237378,1269445671062392833,1036994623292497926,2020-08-01
1289364828780290048,775723020811763712,980975996923936768,2020-08-01
1289364727169052673,3112598765,923117164181176320,2020-08-01
1289473032487018497,1251811611318161409,1276417198936846338,2020-08-01
1289365683080327168,18050416,2780759989,2020-08-01
1289366056494960640,1221453233480183808,1225388160596705285,2020-08-01
1289366764405620737,1014646304339832832,1276982811056934912,2020-08-01
1289387566953897984,1266572428387459074,4048118139,2020-08-01
1289387882772234240,1266572428387459074,4048118139,2020-08-01
1289429464502296582,927790585339097088,2726236953,2020-08-01
1289365001589817344,889011736824754177,310642014,2020-08-01
1289367053673967617,762674289011224576,72725223,2020-08-01
1289391922885222400,3002254145,2377699412,2020-08-01
1289364873227321347,923117164181176320,3112598765,2020-08-01
1289365393467822080,1269445671062392833,1036994623292497926,2020-08-01
1289366652241444865,1271108708,1392676152,2020-08-01
1289368592287502336,1081942421963968519,1004244764,2020-08-01
1289366158001545216,2780759989,18050416,2020-08-01
1289365834700210176,2627131664,1078531367007326209,2020-08-01
1289366908794368003,351151761,1639395961,2020-08-01
1289366692892569600,1269445671062392833,1036994623292497926,2020-08-01
1289367496256970754,58562436,1257507484543172608,2020-08-01
1289367109311459329,135820410,218776132,2020-08-01
1289452708806537216,3293661355,1226375975748767749,2020-08-01
1289630958128230401,811514954159443968,1235012304657403905,2020-08-01
1289367092072857601,1027052955726503939,363180823,2020-08-01
1289367570621927425,1036994623292497926,1269445671062392833,2020-08-01
1289370477924737024,1271087190907539456,4837060487,2020-08-01
1289504810064998401,21522338,88864734,2020-08-01
1289367100637589505,775723020811763712,844364318187687936,2020-08-01
1289371166499467265,59873923,384564146,2020-08-01
1289410974143791104,770247208956342272,41319250,2020-08-01
1289418322262466561,23797573,1179723288680886274,2020-08-01
1289368426545213446,1711830770,58562436,2020-08-01
1289369178940547073,1239599332770398214,1114952766,2020-08-01
1289368305778569216,823323762720382976,823323762720382976,2020-08-01
1289368620024254466,574653930,574653930,2020-08-01
1289373348577779713,1229797174650851328,17477864,2020-08-01
1289369175182331911,1242599661275353088,1072909289805766659,2020-08-01
1289369884615270400,762674289011224576,72725223,2020-08-01
1289372752747679745,965452912997683202,993641287,2020-08-01
1289377091079700481,1237496802414338051,1211782461580926977,2020-08-01
1289369987027591171,1711830770,58562436,2020-08-01
1289369408171700225,1262527759894614017,582523783,2020-08-01
1289370174731165697,84341077,38035808,2020-08-01
1289369904332775424,1262527759894614017,57112883,2020-08-01
1289608623694331910,470692075,930835917388091393,2020-08-01
1289373832558473219,1890894685,1274149490950365185,2020-08-01
1289373614605611010,128942118,72451941,2020-08-01
1289372323137466369,154774769,522684892,2020-08-01
1289370642341597184,63996778,1289367335220858881,2020-08-01
1289370900706418688,775723020811763712,1267782230,2020-08-01
1289370152165707777,1711830770,58562436,2020-08-01
1289377533184507906,1063354516257439744,802894350791413760,2020-08-01
1289438967771746304,366498596,4708082121,2020-08-01
1289397778553208832,231870083,636748466,2020-08-01
1289372477815001088,1078531367007326209,2627131664,2020-08-01
1289371724127956992,1221453233480183808,1225388160596705285,2020-08-01
1289371525569683457,218776132,135820410,2020-08-01
1289458977588129792,105269160,929585106,2020-08-01
1289464429982052353,3064599473,1001147838,2020-08-01
1289411211654623232,1157327746172739585,627885998,2020-08-01
1289670311818833920,2746542745,2811910902,2020-08-01
1289534830921695235,3310943306,1046170556893155328,2020-08-01
1289373449324867585,1275535901637046272,36384758,2020-08-01
1289381504259244033,1439740650,760222853425930241,2020-08-01
1289381875908096001,1254501330703409152,398995594,2020-08-01
1289373323797790720,935745886998728705,1151607945127485441,2020-08-01
1289381548551069696,174369590,1213838406565785600,2020-08-01
1289373562608824320,3328675947,1181709891146338306,2020-08-01
1289374384680046593,1143543669972246528,1242561770423713794,2020-08-01
1289374202479251456,17477864,1229797174650851328,2020-08-01
1289376884862660613,48827977,842432472,2020-08-01
1289375023380086784,1036994623292497926,1270180281996189697,2020-08-01
1289374432826253314,766719206247108608,3087713648,2020-08-01
1289376547040878593,2228878592,1077790895783653377,2020-08-01
1289374930891464705,1242561770423713794,1143543669972246528,2020-08-01
1289377707726221313,3112598765,923117164181176320,2020-08-01
1289375186706296832,345110600,378401999,2020-08-01
1289375598910087168,3328675947,1181709891146338306,2020-08-01
1289379902525861890,1189044046976581632,836785822498160641,2020-08-01
1289378925034889218,1217245975544258560,1217245975544258560,2020-08-01
1289376835558490114,1196516182209249280,388057863,2020-08-01
1289543526305300482,1135863998,4194847281,2020-08-01
1289378114884136960,3299120226,852215731320233985,2020-08-01
1289376766688030720,1242561770423713794,1143543669972246528,2020-08-01
1289382971141533697,1078531367007326209,2627131664,2020-08-01
1289377144167006208,1143543669972246528,1242561770423713794,2020-08-01
1289377659361701889,1276982811056934912,993953713399128064,2020-08-01
1289390565776216064,2313683107,1276290628389728256,2020-08-01
1289571364282617857,1211782461580926977,1237496802414338051,2020-08-01
1289392899734425603,1062928577107128320,381915273,2020-08-01
1289378010899058691,1260401999943696394,59239048,2020-08-01
1289380644045217792,931286316,15931176,2020-08-01
1289377964090482688,523984317,27203233,2020-08-01
1289378293230325762,1143543669972246528,1242561770423713794,2020-08-01
1289379432247902208,865672655655112705,865672655655112705,2020-08-01
1289379363306102790,27203233,523984317,2020-08-01
1289402796261773313,21522338,98992586,2020-08-01
1289379131197542400,353438885,164877227,2020-08-01
1289379942950559746,775723020811763712,1109725936960720896,2020-08-01
1289379365222879237,1221453233480183808,21138276,2020-08-01
1289386602096025601,3188871920,1557026575,2020-08-01
1289379250303197185,1143543669972246528,1242561770423713794,2020-08-01
1289379955982262272,76956650,15969100,2020-08-01
1289380012173299713,820257691956375552,1313121223,2020-08-01
1289379732295839746,795516253418835968,42609921,2020-08-01
1289379974655352834,1143543669972246528,1242561770423713794,2020-08-01
1289385761087746048,1273779245962063872,1273779245962063872,2020-08-01
1289381108933464065,1122623265673891840,923177535264952321,2020-08-01
1289386592537198592,1162797554209361921,967279933,2020-08-01
1289580559669190657,830067390884884480,16794538,2020-08-01
1289381099668348928,1242561770423713794,1143543669972246528,2020-08-01
1289384505812439043,811514954159443968,261254360,2020-08-01
1289381493995962369,1143543669972246528,1242561770423713794,2020-08-01
1289382130787561473,775723020811763712,961012200130469889,2020-08-01
1289381837689638912,1286332945524031490,1274441211969970182,2020-08-01
1289382907820126215,859149745012568065,41599062,2020-08-01
1289382437114404864,255079989,593322663,2020-08-01
1289504025973420032,21522338,956767579065823232,2020-08-01
1289385715055226880,935745886998728705,1151607945127485441,2020-08-01
1289384530365751297,1890894685,1274149490950365185,2020-08-01
1289383529873367040,775723020811763712,961012200130469889,2020-08-01
1289385638299447296,762674289011224576,72725223,2020-08-01
1289394141105774592,350676366,1270984245700448256,2020-08-01
1289384763153760256,939699053725708288,809519928126607360,2020-08-01
1289394870508019714,350676366,1270984245700448256,2020-08-01
1289383930680860677,775568013923758080,933843422657568768,2020-08-01
1289395373375549442,27893396,1238979502258126849,2020-08-01
1289384230313586690,775723020811763712,890901702655848448,2020-08-01
1289385731639488514,3286869752,1106005267047743489,2020-08-01
1290001166835875840,4266293139,835485461283905536,2020-08-02
1289385275064377345,809519928126607360,939699053725708288,2020-08-01
1289385326528659462,1219311823574503424,1219311823574503424,2020-08-01
1289399199050510336,3325425133,805087705382195200,2020-08-01
1289388755397144576,618299619,863874384137682944,2020-08-01
1289385456979701760,164877227,353438885,2020-08-01
1289387065746964481,949381150824316928,1105735452294828032,2020-08-01
1289426553479106562,2450066342,175177976,2020-08-01
1289386578121392128,990829880249061376,2649577548,2020-08-01
1289386246335127553,1276038967310204928,1179745291324538880,2020-08-01
1289386811542781952,353438885,164877227,2020-08-01
1289392338754658306,4375391358,275104144,2020-08-01
1289392321973194753,791194588090425344,859595187668103168,2020-08-01
1289387217970843648,353438885,164877227,2020-08-01
1289387366122045440,22596600,20016862,2020-08-01
1289388517177491457,986001565,4854074116,2020-08-01
1289388226927456256,4849898158,287375118,2020-08-01
1289387962518482944,177842752,782612965,2020-08-01
1289388580809277440,762522504,27967217,2020-08-01
1289388200499306496,345110600,18268651,2020-08-01
1289465429237182464,4232239095,3254866206,2020-08-01
1289570491712167942,870490417753731073,818695087144079360,2020-08-01
1289391621734305794,3286869752,1106005267047743489,2020-08-01
1289388755229368321,255079989,74698700,2020-08-01
1289537643479539713,830878150313857024,1222659984,2020-08-01
1296867910170734592,840901878,1076544925574090754,2020-08-21
1289389336585093121,762522504,349284467,2020-08-01
1289392338750472194,775723020811763712,961012200130469889,2020-08-01
1289394383700127745,1254501330703409152,1271524821856391175,2020-08-01
1289391735588626434,1152608975009013760,714488865352851458,2020-08-01
1289392353191501825,1152608975009013760,714488865352851458,2020-08-01
1289391643414519808,345110600,4743638910,2020-08-01
1289393697402941440,99588960,110430428,2020-08-01
1289393253645553664,1180327542999470081,613312812,2020-08-01
1289391022192168962,345110600,2862682151,2020-08-01
1289405772288294917,177842752,36612718,2020-08-01
1289392071023849478,382012096,261320146,2020-08-01
1289392520221229058,382012096,261320146,2020-08-01
1289392921058381824,382012096,261320146,2020-08-01
1289394839864270849,457204738,1259402199676878850,2020-08-01
1289394101683552256,236487888,18491727,2020-08-01
1289398159626493953,2440375920,718242195887796224,2020-08-01
1289397262850772992,829859984628383753,1095355826607407106,2020-08-01
1289394937344098305,762674289011224576,72725223,2020-08-01
1289393221215203329,275104144,4375391358,2020-08-01
1289533372818227200,2430900559,911479586,2020-08-01
1289408841210159106,1277610321616789504,2921988631,2020-08-01
1289411002933456896,121490412,1052708817794940929,2020-08-01
1289394381603004418,110430428,99588960,2020-08-01
1289406470837084160,170032366,3391408572,2020-08-01
1289397446192357377,829844315115503617,829844315115503617,2020-08-01
1289398323518926855,843144636071927809,903271705724022785,2020-08-01
1289397464252874754,56933453,1117504878111264773,2020-08-01
1289399999365693441,2420905970,2420905970,2020-08-01
1289407968652308481,1237917987996393472,3034996934,2020-08-01
1289400398042849281,58562436,971762630795976706,2020-08-01
1289397439707848704,1152295359508602882,2757956443,2020-08-01
1289401740777816065,1133124481680125952,2599611847,2020-08-01
1289398057361125381,1080345071789191169,1080345071789191169,2020-08-01
1289400857214119936,903271705724022785,843144636071927809,2020-08-01
1289401245187203074,775723020811763712,961012200130469889,2020-08-01
1289403558312509440,1266849758670475271,700706982043365377,2020-08-01
1289400737575788549,805087705382195200,1194690054620205056,2020-08-01
1289401451664429057,27893396,885033936757379072,2020-08-01
1289401795479916546,1286132313789624320,17539529,2020-08-01
1289401176593661954,46175409,1225239080230957057,2020-08-01
1289401691142418432,1196929917721698307,1262202172445466625,2020-08-01
1289401441883480066,3453338260,2850222553,2020-08-01
1293036558828937219,1219713323836547074,73140845,2020-08-11
1289406890879750144,279728106,539803589,2020-08-01
1289406916540555264,46175409,907029311022092289,2020-08-01
1289469593497395200,1617069110,2731796831,2020-08-01
1289402621552336899,231938447,111115300,2020-08-01
1289402833414942720,255079989,74698700,2020-08-01
1289402699159490560,1080601775340695557,3249232388,2020-08-01
1289402878399045632,111115300,231938447,2020-08-01
1289403420869185536,82947669,1261710079172149250,2020-08-01
1289403078962114563,255079989,74698700,2020-08-01
1289403511910748160,255079989,737497871985999873,2020-08-01
1289404894072340481,1144846759,1133124481680125952,2020-08-01
1289938930398138368,1289396809757077507,1118606046635933698,2020-08-02
1289971649488461825,1242114361696505858,1009818154065956864,2020-08-02
1289406464029634560,279728106,1055638453604491264,2020-08-01
1289407765945827328,15422594,21059255,2020-08-01
1289405720278917121,1260285039448739840,1004685277464612864,2020-08-01
1289411709854085120,1242114361696505858,1009818154065956864,2020-08-01
1289406487849099264,346041997,582416604,2020-08-01
1289406158579490818,618609484,1149817705,2020-08-01
1289544792783769602,2430900559,1203532504600326144,2020-08-01
1289405935383801858,71860801,888147977679908866,2020-08-01
1289407108476092417,1172412712237727745,891054518133071872,2020-08-01
1289408539039920129,27893396,885033936757379072,2020-08-01
1289408406982402049,859595187668103168,791194588090425344,2020-08-01
1289450680692834304,1269982944795529221,3243530361,2020-08-01
1289414758672658434,31476142,1165664268844511232,2020-08-01
1289762982667280386,1176674394564788224,1262159375109685248,2020-08-02
1289415554919358465,62249825,19005025,2020-08-01
1289408801620336640,1088229756758315008,73825821,2020-08-01
1289410051224948737,28000572,830515649935990784,2020-08-01
1289409379725279234,737702807449575424,15026000,2020-08-01
1289408699484631041,254413165,254413165,2020-08-01
1289408946634018818,255079989,737497871985999873,2020-08-01
1289408755491364866,25843801,3894175343,2020-08-01
1289554667207155713,1151607945127485441,1266525621267677185,2020-08-01
1289534411185115136,135820410,218776132,2020-08-01
1289434004723130368,758660484,818799985,2020-08-01
1289409292773122054,279728106,539803589,2020-08-01
1289409758907121664,15026000,737702807449575424,2020-08-01
1289412300210749440,15422594,21059255,2020-08-01
1289410062813863939,3432376573,3161906540,2020-08-01
1289420596271439872,260864109,1512196634,2020-08-01
1289414785344221187,1115505571908804610,1036749588709957633,2020-08-01
1289412880945647616,1151114868793237504,2360182316,2020-08-01
1289411994634743819,77363852,120434850,2020-08-01
1289419582860451841,1248689875487866880,1223350671329710085,2020-08-01
1289412618021515264,15026000,737702807449575424,2020-08-01
1289410983472115714,255079989,737497871985999873,2020-08-01
1289411368202862594,1088229756758315008,73825821,2020-08-01
1289411915379220481,1088229756758315008,73825821,2020-08-01
1289434334143762432,1133124481680125952,3248691361,2020-08-01
1289413614311337985,938538814250905601,938538814250905601,2020-08-01
1289413665599315969,1222727952313606147,406773913,2020-08-01
1289414252764176385,753931398,1109680837316902913,2020-08-01
1289422346156007431,824715859197259777,117196987,2020-08-01
1289696932701577217,337780078,16577987,2020-08-01
1289417627752833026,483281375,1243964021432373248,2020-08-01
1289416580846071808,304213813,866515390913945601,2020-08-01
1289513932558827525,1278123679914897410,126100660,2020-08-01
1289417162579271682,954233415729074177,954074981587148806,2020-08-01
1289413985045897217,2307368569,2307368569,2020-08-01
1289414538689802241,1916535294,2474810876,2020-08-01
1294621015700643840,714936491,714936491,2020-08-15
1289414645682331653,279728106,618609484,2020-08-01
1289414484998537216,830515649935990784,28000572,2020-08-01
1289559532134256640,368647596,2341341274,2020-08-01
1289418500176412674,938538814250905601,958899800589635584,2020-08-01
1289415770133258241,304213813,866515390913945601,2020-08-01
1289424711491829761,27893396,1238979502258126849,2020-08-01
1289415963708805120,1256837475139346432,1109896590192304129,2020-08-01
1289416640115945472,1151114868793237504,1224696745428430849,2020-08-01
1289416485400506368,257641845,1149484900908748800,2020-08-01
1289576157663211521,17269605,21909240,2020-08-01
1289417764822642688,226713609,60939318,2020-08-01
1289433714259185664,1260023449134624768,419177436,2020-08-01
1289427492525277185,2450066342,1235187437569282048,2020-08-01
1289426168764960768,27893396,1238979502258126849,2020-08-01
1289588826718035974,138563525,9272142,2020-08-01
1289417631875903488,1735179258,36050775,2020-08-01
1289419362667962368,56878214,56878214,2020-08-01
1289417763212017664,366498596,930004404,2020-08-01
1289418904805113856,733791468,1010999574587113472,2020-08-01
1289418425844940801,1883979044,1883979044,2020-08-01
1289434955735474178,1133124481680125952,403556714,2020-08-01
1289420075166965760,382012096,1175224747866673153,2020-08-01
1289536944817356801,33576978,1262172610642624513,2020-08-01
1289424699009556481,16523905,1269142191630409730,2020-08-01
1289419570852311041,775723020811763712,1181406698222866433,2020-08-01
1289550966715342848,1250161155395502088,1265136072905744384,2020-08-01
1289419488522190848,1072667839193001984,1217916247108661261,2020-08-01
1289425869400731648,917255336272199680,1220054471604101121,2020-08-01
1289451964497973249,922685456944386054,42901112,2020-08-01
1289748863801348096,382694183,357317460,2020-08-02
1289421238985560064,226713609,26670473,2020-08-01
1289421770848641024,1285779819356139520,167586182,2020-08-01
1289425380370128896,938538814250905601,43153756,2020-08-01
1289420823149699073,1196318647431524352,1196318647431524352,2020-08-01
1289423347202195456,107924813,1239403610003443714,2020-08-01
1289429694677278724,1151114868793237504,937891615548600325,2020-08-01
1289422775048744960,716631848,2204300712,2020-08-01
1289426094525800449,1287011905924562946,109461931,2020-08-01
1289425618694619136,36050775,1735179258,2020-08-01
1289532083115712513,3527760555,19413589,2020-08-01
1289436307849019393,1171572753847087105,1285377098727723014,2020-08-01
1289423861449195525,1184303824787390464,2558011219,2020-08-01
1289422326728028160,1115505571908804610,45413265,2020-08-01
1289423222266400768,1217245975544258560,1217245975544258560,2020-08-01
1289552861114687488,1250161155395502088,1265136072905744384,2020-08-01
1289551247352008704,1139212120879509506,282645084,2020-08-01
1289535744772468736,1112868142554988544,838291567337144320,2020-08-01
1289432040241152001,872964678590377984,1283538394975481859,2020-08-01
1289432066937872384,872964678590377984,1283538394975481859,2020-08-01
1289427347309903872,107924813,1239403610003443714,2020-08-01
1289432813075222528,872964678590377984,3019424872,2020-08-01
1289429152890675202,457204738,900410036,2020-08-01
1289429227322789889,1256461131675078658,1244341131405668353,2020-08-01
1289432852325638144,826897197279145984,826897197279145984,2020-08-01
1289430778632314881,784098236,807652362256928768,2020-08-01
1289429242518757378,967137271475556354,25740875,2020-08-01
1289430525988372480,25740875,967137271475556354,2020-08-01
1289431333882626048,457204738,1178732416170487808,2020-08-01
1289429978065625088,1263913985256173569,1263903507675000832,2020-08-01
1289430987273728000,733791468,895934639365390336,2020-08-01
1289430857112072200,967137271475556354,25740875,2020-08-01
1289484389101969408,1239528397,1280491674351869955,2020-08-01
1289431312915468288,25740875,967137271475556354,2020-08-01
1289433126138073091,1345573890,42208548,2020-08-01
1289557456226377730,1145992138775244800,332894847,2020-08-01
1289431470629511169,1256765015190720515,1261314897125822465,2020-08-01
1289432311662931968,950090982967644160,898954189593825280,2020-08-01
1289431631015501825,1256765015190720515,1261314897125822465,2020-08-01
1289437213973913601,2943033359,2170102245,2020-08-01
1289433580506984449,808115522151809025,541250040,2020-08-01
1289545920590131200,274193347,4357864515,2020-08-01
1289699551314468864,1269425996966567937,982461783268102144,2020-08-01
1289433613335818240,1115505571908804610,2906390281,2020-08-01
1289434231647531010,1205273127661572096,1274190396021751810,2020-08-01
1289434753901289472,14143601,15226284,2020-08-01
1289433689525383168,2749627732,926155763759775744,2020-08-01
1289436547083722754,818799985,758660484,2020-08-01
1289440702930096128,872964678590377984,3019424872,2020-08-01
1289452728532443136,892406151840759808,861405646192861188,2020-08-01
1289441579925610503,1248689875487866880,1223350671329710085,2020-08-01
1289437577645191169,1268093477058777089,3302231372,2020-08-01
1289436317252644865,1268093477058777089,3302231372,2020-08-01
1289440014795829252,996151242240901120,833671538826211328,2020-08-01
1289532367992836098,1285377098727723014,1171572753847087105,2020-08-01
1289593500510466048,43153756,1336660494,2020-08-01
1289441754379239424,1266388742958231552,902604375326994432,2020-08-01
1289437931074019334,762674289011224576,29589050,2020-08-01
1290113618231599104,842818670,828620418886033409,2020-08-03
1289438395106643969,872964678590377984,1285664142368669704,2020-08-01
1290608509348974592,1581367489,1078592438040739840,2020-08-04
1289438203519410176,255079989,74698700,2020-08-01
1289465195128119297,1230897108070346752,1113302002770030593,2020-08-01
1289439302506536960,255079989,74698700,2020-08-01
1289516189731840000,318994241,83177975,2020-08-01
1289440722060443648,1252596388694765568,755415069555580929,2020-08-01
1289554222321557504,23259015,1523891821,2020-08-01
1289440612492533760,366498596,1068413605232566273,2020-08-01
1289442005626449920,385735722,385735722,2020-08-01
1289442295347941376,3787923253,95154519,2020-08-01
1289445164344205315,1248689875487866880,1223350671329710085,2020-08-01
1289719019168075777,1238456431227162627,3787923253,2020-08-02
1289452073071734784,279775332,34233617,2020-08-01
1289443257655541761,812795991246049281,18254102,2020-08-01
1289540642297716736,339186712,2408187932,2020-08-01
1289447152402362374,1200818228777357312,476629630,2020-08-01
1289479115246981120,41112708,2493602402,2020-08-01
1289444054082576384,953300568918974465,1080870969844133888,2020-08-01
1289446203445321728,1260285039448739840,4687073250,2020-08-01
1289532010218700801,795565717466873858,1174324198069530624,2020-08-01
1289448088919322624,949381150824316928,1266790740547514369,2020-08-01
1289445572097671170,1108551359710797825,703738292290887682,2020-08-01
1289451846805807105,762522504,57452386,2020-08-01
1289448661567434752,476629630,1200818228777357312,2020-08-01
1289597026288594944,2377699412,43194962,2020-08-01
1289448211917111297,754753325665398786,2174083986,2020-08-01
1289449313639137282,56470622,567571450,2020-08-01
1289460245006188544,1200818228777357312,476629630,2020-08-01
1289562241679757312,1286116923416215552,1312395158,2020-08-01
1289454509006045184,1591712214,1222586079062175744,2020-08-01
1289625442631086082,1056977554425499651,36011480,2020-08-01
1289451855299272704,135209585,135209585,2020-08-01
1289451124030767105,1128288487994798081,1128288487994798081,2020-08-01
1289479629225357314,1209830540720922631,2733349775,2020-08-01
1289452284317855745,1257767102968221701,1232239343139467264,2020-08-01
1289452649092386817,1267621782867116040,1037875773334593536,2020-08-01
1289452560928055298,34233617,279775332,2020-08-01
1289456218524721153,476629630,996978686,2020-08-01
1289453266183454720,1267621782867116040,1008806714,2020-08-01
1289455889707982848,824023369578188800,45919731,2020-08-01
1289455677220388865,824023369578188800,45919731,2020-08-01
1289455476845850625,1267621782867116040,1037875773334593536,2020-08-01
1289457002142265344,997507693224095746,997507693224095746,2020-08-01
1289467959497302019,37791764,323608735,2020-08-01
1289511084336877570,783713485465214976,2857691472,2020-08-01
1289565523701673986,435338691,900200654341369858,2020-08-01
1289948567310700549,1257767102968221701,840550753890635777,2020-08-02
1289544370253737984,350676366,381702960,2020-08-01
1289910818247544832,4541141723,26426586,2020-08-02
1289457794735919105,997507693224095746,997507693224095746,2020-08-01
1289462393664237568,1257767102968221701,1278023777713098752,2020-08-01
1289461020826755074,476629630,1248896136770998277,2020-08-01
1289460629984559105,375835655,375835655,2020-08-01
1289461265987809282,1063444111,1063444111,2020-08-01
1289462298285731840,1267621782867116040,1037875773334593536,2020-08-01
1290076884294926337,2191480716,293657261,2020-08-03
1289575407717498881,376206064,1067170356430077952,2020-08-01
1289472779486666752,26780373,941249064921976832,2020-08-01
1289463371268423681,606869062,2874520272,2020-08-01
1289464447468097537,1201585299282788352,1201585299282788352,2020-08-01
1289465035723440129,44309890,918485294319484928,2020-08-01
1289464654977101825,606869062,2874520272,2020-08-01
1289465883513954304,255079989,587911761,2020-08-01
1289466585627758594,1457872862,1457872862,2020-08-01
1289465573659746309,918485294319484928,44309890,2020-08-01
1289466815618285569,1257767102968221701,703980193736691712,2020-08-01
1289468420992376833,44309890,918485294319484928,2020-08-01
1289573055878987776,827380710239461376,1218890111624142849,2020-08-01
1289468802531577856,153865388,153865388,2020-08-01
1289785170107568128,1176674394564788224,1217007722148720641,2020-08-02
1289785251695230977,1176674394564788224,1273329846345744389,2020-08-02
1289470074042998784,3047509021,76380757,2020-08-01
1289479384114462722,23494080,713587285,2020-08-01
1289471433370767361,3047509021,76380757,2020-08-01
1289471599788220422,1264056133628694528,1264056133628694528,2020-08-01
1289474874327539712,941249064921976832,26780373,2020-08-01
1289475856255946754,941249064921976832,26780373,2020-08-01
1289478110694354944,1148008049522728960,28824167,2020-08-01
1289602510194225154,1260285039448739840,881942746549846017,2020-08-01
1289546156985290753,25740875,1186551824225984517,2020-08-01
1289475462041759745,722470692,608432526,2020-08-01
1289640428728225792,519091020,1259470845300191233,2020-08-01
1289479360102068224,608243250,1168597658048630784,2020-08-01
1289476175148937217,26780373,941249064921976832,2020-08-01
1289476318417936386,26780373,941249064921976832,2020-08-01
1289582900741115904,382694183,368316272,2020-08-01
1289583038498840581,382694183,368316272,2020-08-01
1289477955056316416,26780373,941249064921976832,2020-08-01
1289481711877623808,26780373,941249064921976832,2020-08-01
1289512216841129984,1249423936296636416,30043669,2020-08-01
1289479644488462336,608432526,1248013907735859205,2020-08-01
1289480871355932673,23494080,2373601406,2020-08-01
1289554514396184577,1267621782867116040,117850857,2020-08-01
1289480371864657921,1217245975544258560,1217245975544258560,2020-08-01
1289488144136462336,1115505571908804610,1199768132832776193,2020-08-01
1289842390614720512,156464691,156464691,2020-08-02
1289724104979779584,219738014,219738014,2020-08-02
1289529122088132608,941249064921976832,26780373,2020-08-01
1289654243918397440,2814223411,882068801864450051,2020-08-01
1290231233884991488,1617069110,1167081928685584384,2020-08-03
1289488145168228352,576651837,22744768,2020-08-01
1289504201475649536,381702960,1290490788,2020-08-01
1289514492976480262,399344343,3310054645,2020-08-01
1289489819932884993,525462777,2511259878,2020-08-01
1289490372792549381,1052971519654187009,266703523,2020-08-01
1289487594338713602,3047509021,20617846,2020-08-01
1289561314059116545,23372685,28913772,2020-08-01
1289549176963883009,214494357,214494357,2020-08-01
1289490638954799105,1268348969551384578,1268348969551384578,2020-08-01
1289492691336667137,20327504,30690928,2020-08-01
1289490963400884224,41112708,2493602402,2020-08-01
1289491739346997251,4439583375,1289478422129815553,2020-08-01
1289571506561748999,17392948,14443412,2020-08-01
1289498232532287490,1311277489,839089094043009024,2020-08-01
1289494533659451392,56216470,56216470,2020-08-01
1289498113485312000,1289478422129815553,4439583375,2020-08-01
1289517521398165504,770247208956342272,1281986369905029127,2020-08-01
1289500502913363968,917255336272199680,24678075,2020-08-01
1289508483260243969,21522338,701577060024627200,2020-08-01
1289613362012266501,273216718,760635914,2020-08-01
1289501775095971841,963182422048190467,43715073,2020-08-01
1289876475596898305,324163222,1285287638535155714,2020-08-02
1289511035976552450,1288182288992235520,1670762101,2020-08-01
1289642523409788928,1288182288992235520,1670762101,2020-08-01
1289700555841921024,1288182288992235520,1670762101,2020-08-01
1289506527103954944,34225034,1283417091106844673,2020-08-01
1289510593028861953,870804082138787842,1269272333828661248,2020-08-01
1289505694497017858,4898340657,4898340657,2020-08-01
1289513811595018240,1151842300944928768,1720641698,2020-08-01
1289510323289030659,21522338,1419015349,2020-08-01
1289512628293791745,1131991370892283905,1175364774076538881,2020-08-01
1289513507705073664,1175364774076538881,1131991370892283905,2020-08-01
1289516148975792130,768121325223227392,4286702359,2020-08-01
1289602968115744768,947531757800361984,23370109,2020-08-01
1289615935087681537,1072732872576970753,1235922754915815424,2020-08-01
1289517622413778944,17477864,702160219921641473,2020-08-01
1289517990837248000,17477864,702160219921641473,2020-08-01
1289638477194174464,15164257,28585697,2020-08-01
1289595858380439553,968711238984327168,1242839782994194437,2020-08-01
1289519591677292544,21522338,1123717145962192898,2020-08-01
1289520281812230149,21522338,1229503936912121857,2020-08-01
1289538223899803653,43811517,41918389,2020-08-01
1289520026370727938,1189747611265380352,1189747611265380352,2020-08-01
1289522613346213891,866828540221812737,866828540221812737,2020-08-01
1289525408661045248,576651837,1198675702930903041,2020-08-01
1289522152992120832,900168022870155268,900168022870155268,2020-08-01
1290090102673141760,944817312506322944,913530636,2020-08-03
1289526264555098113,745625206446657536,785837620123279361,2020-08-01
1289528580788150274,325742574,173694656,2020-08-01
1289527494819758081,1186061624999854081,1259996005472382977,2020-08-01
1289531645100355584,24121662,174389477,2020-08-01
1289529019323449344,1282334532075692033,1083902205391003650,2020-08-01
1289529413139193857,2316245857,23074316,2020-08-01
1289529873174654976,194543733,835898406,2020-08-01
1289529619482198016,101026948,101026948,2020-08-01
1289548057772687360,20755379,1147896337490464770,2020-08-01
1289532895497879557,1088229756758315008,21590919,2020-08-01
1289532018447900672,23074316,2316245857,2020-08-01
1289536181336551424,1212847695393509377,39380175,2020-08-01
1289532662680494081,1223810073715081216,3824109075,2020-08-01
1289629538331156480,228117523,1252739204,2020-08-01
1289535825345015811,762674289011224576,1465957856,2020-08-01
1289567531938660353,424696854,104081847,2020-08-01
1289535607031517184,394642242,788019030372282368,2020-08-01
1289767013099790337,1267674184911650821,309791785,2020-08-02
1289538165775032321,756689907289038848,756689907289038848,2020-08-01
1289539775246950407,1126160624151662592,1287860344308850689,2020-08-01
1289547727211098113,299868264,1165006575939018759,2020-08-01
1289591379539005440,1158546814485901317,25155029,2020-08-01
1289728437888811008,824023369578188800,409450044,2020-08-02
1289547543706124288,1231695393240633344,100585239,2020-08-01
1289548538355961859,228721232,27265319,2020-08-01
1289540490539368450,394642242,261671543,2020-08-01
1289542752502341637,27385174,394642242,2020-08-01
1289545656688709635,1222242800424706048,372959550,2020-08-01
1289556392198549506,820255908617920512,1231695393240633344,2020-08-01
1289599557832249345,2450066342,1014343917964161024,2020-08-01
1289545976282136577,838632641536503808,1441971834,2020-08-01
1289543657826054151,3453338260,926918646127038469,2020-08-01
1289751311701942277,401748953,492310356,2020-08-02
1289546719982579715,824086013450526720,1149492964873441280,2020-08-01
1289548052114501632,1088229756758315008,173532000,2020-08-01
1289557553970475016,35308349,887895133,2020-08-01
1289595339209465857,32522177,1203818871834193921,2020-08-01
1289548383171084288,299868264,29109167,2020-08-01
1289547750929907712,2479507720,1270889527,2020-08-01
1289633236293791744,1311277489,1068623841449177089,2020-08-01
1289554609137004544,762674289011224576,167816719,2020-08-01
1289555590000177154,334135761,158772318,2020-08-01
1289552496302546946,3368481767,18879947,2020-08-01
1289552941830086663,775723020811763712,1036297830510587904,2020-08-01
1289553471620829184,775723020811763712,1036297830510587904,2020-08-01
1289562228320956418,115273807,31420632,2020-08-01
1289554066033397760,1012429729192820736,49174156,2020-08-01
1289553368512225280,1067180231751020544,1067180231751020544,2020-08-01
1289556702329745408,299868264,1172958638878670848,2020-08-01
1289554514228330498,1261271096650801152,949077522485985280,2020-08-01
1289960831158018048,21975072,2923604985,2020-08-02
1289580388789018624,3346658163,2800499618,2020-08-01
1289644881217032200,1133124481680125952,951594523968258049,2020-08-01
1289556699263594496,931286316,411421858,2020-08-01
1289888094439780354,1127729421845184512,1123033382265532417,2020-08-02
1289556398703951874,299868264,349940097,2020-08-01
1289656361375150081,3271422698,2471246221,2020-08-01
1289559235399831554,761382045863948288,1018354278539329536,2020-08-01
1289558703428042752,1088229756758315008,575994705,2020-08-01
1289559669820678147,1231695393240633344,21842828,2020-08-01
1289568635921473536,21313053,2787087057,2020-08-01
1289560668073390081,1001785488183775237,60378902,2020-08-01
1289558577741406209,370249230,3418703532,2020-08-01
1289563164158251010,1018354278539329536,761382045863948288,2020-08-01
1289562177242718209,609528752,249626611,2020-08-01
1289591871396667394,1248689875487866880,1274832818829496320,2020-08-01
1289561046663847939,609528752,249626611,2020-08-01
1289561917284069378,1145809282526601217,711667461414916098,2020-08-01
1289561898363400194,118906395,988899803953270784,2020-08-01
1289574211082571776,1257767102968221701,1175856646205034496,2020-08-01
1289562117150871553,988899803953270784,118906395,2020-08-01
1289569584651988995,1151842300944928768,779513432655564800,2020-08-01
1289562062004170752,1223342308256571400,1223342308256571400,2020-08-01
1289566461573214209,780564512948703232,365101553,2020-08-01
1289563084109910021,299868264,232698949,2020-08-01
1289681425562660865,1312395158,1286116923416215552,2020-08-01
1289947135522344965,1109900489158733826,711564480992268288,2020-08-02
1289569743104544772,1242597725213995009,27870536,2020-08-01
1289565106934657026,299868264,1172958638878670848,2020-08-01
1289602542842740737,1223713132222140416,18810716,2020-08-01
1289576644198293504,254696933,1160027250651258880,2020-08-01
1289577841873412096,194222253,1055405245449322496,2020-08-01
1289568614379642880,25843801,3894175343,2020-08-01
1289600370491064320,2818295215,2818295215,2020-08-01
1289700018308358144,1288182288992235520,2257195053,2020-08-01
1289568461480329217,25843801,3894175343,2020-08-01
1289566052569870337,299868264,938183360190525440,2020-08-01
1289566348545101825,299868264,938183360190525440,2020-08-01
1289567529988308993,19939369,805307930,2020-08-01
1289597873311498241,546079852,14310060,2020-08-01
1289567510061182978,21313053,523804354,2020-08-01
1289594644372705283,21522338,2289139261,2020-08-01
1289611469974192134,2512600625,1030637603576590336,2020-08-01
1289569611009073153,38751027,38751027,2020-08-01
1289569627798822913,176911070,2608308170,2020-08-01
1289633333752860674,3008609823,1535097378,2020-08-01
1289569511822315520,1283908130817167363,1283908130817167363,2020-08-01
1289648050512596992,206018455,1283022251466596359,2020-08-01
1289911316400885763,1108162827695603712,1225571787410485249,2020-08-02
1289570650315792385,1206764822194524162,1081795525,2020-08-01
1289643290925490176,1288182288992235520,2550600439,2020-08-01
1289571631871008769,299868264,938183360190525440,2020-08-01
1289635094441783297,3008609823,1535097378,2020-08-01
1289571103904419840,991747425223180288,1609651698,2020-08-01
1289571566376742913,2173239739,1161090007,2020-08-01
1289588435955507200,915347593739239424,436454066,2020-08-01
1289572098461937664,1072273617629663232,3029386589,2020-08-01
1289578659351687168,911835347474014208,1269721245043523586,2020-08-01
1289573423518232577,299868264,26998091,2020-08-01
1289574798947840001,299868264,26998091,2020-08-01
1289577932218925058,1649395076,822016562269974528,2020-08-01
1289576121583857669,137369407,828299718040178690,2020-08-01
1289594510888931328,1249178489464467458,1202717196109144065,2020-08-01
1289575722529386496,19319290,43546639,2020-08-01
1289678792160509953,822843189119873024,1556565362,2020-08-01
1289575863147573248,516209413,42068515,2020-08-01
1289580570079571968,1114374334611689472,1114374334611689472,2020-08-01
1289580454757019648,42068515,516209413,2020-08-01
1289580353900904455,1941566305,4343072303,2020-08-01
1289583730269409281,766713830462205954,44260667,2020-08-01
1289581255613284355,16161529,2865907814,2020-08-01
1289588149606178822,1135783856,738423405804978176,2020-08-01
1289576926844084224,19010251,19010251,2020-08-01
1289578795893047297,1178721579582312448,1178721579582312448,2020-08-01
1289588558169137154,3233697852,758447407688548352,2020-08-01
1289578322410606596,322659865,1243343372246384640,2020-08-01
1289580385911939072,257722471,62137340,2020-08-01
1289578806517219336,4244491877,4244491877,2020-08-01
1289579322722811904,27837584,3367805842,2020-08-01
1289894155406045189,829844315115503617,31250128,2020-08-02
1289579346458365952,138070726,19463109,2020-08-01
1289795721957273600,1176674394564788224,43905482,2020-08-02
1289616869188448256,1260285039448739840,1271924382437453824,2020-08-01
1289578988797452288,2173239739,3239114344,2020-08-01
1289580316642824192,138070726,24070286,2020-08-01
1289579979265789952,25740875,4135315745,2020-08-01
1289588062696005632,194222253,1055405245449322496,2020-08-01
1289588912558546945,194222253,1055405245449322496,2020-08-01
1289586294163566593,394160641,82162221,2020-08-01
1289590382322360320,37904694,18600689,2020-08-01
1289581430020792322,52854876,52854876,2020-08-01
1289581750985916416,138070726,631543654,2020-08-01
1289615761326055427,44557860,1171859600,2020-08-01
1289588263062102018,544364906,81155558,2020-08-01
1289581849111478273,2865907814,16161529,2020-08-01
1289581835521941505,84091971,113789774,2020-08-01
1289585032441425920,84422214,1164732821027663874,2020-08-01
1289581785949429760,1053660885808566273,442693628,2020-08-01
1289584068036706307,362756077,37791764,2020-08-01
1289589833656983554,762674289011224576,43079932,2020-08-01
1289585282073817088,4514322802,370400397,2020-08-01
1289585667014627329,4514322802,370400397,2020-08-01
1289583450626949122,713587285,1116740718477946880,2020-08-01
1289583350865203201,4439583375,3771063912,2020-08-01
1289583058337898503,2429092550,2429092550,2020-08-01
1289583331537874946,4343072303,1941566305,2020-08-01
1289588979642204169,1263205203026890754,1693289220,2020-08-01
1289584627259248640,4514322802,781339851144716289,2020-08-01
1289584016564387840,988899803953270784,60953592,2020-08-01
1289601622230720513,44260667,766713830462205954,2020-08-01
1289583738955784192,1061283934946934784,1061283934946934784,2020-08-01
1289584321154621441,84091971,100796358,2020-08-01
1289585443361533952,1240805851662671872,1073388826549239814,2020-08-01
1289584728236941312,988899803953270784,60953592,2020-08-01
1289585167644782594,84091971,519031867,2020-08-01
1289587071284215810,2339773183,1127696165598912513,2020-08-01
1289957074953105409,870490417753731073,818695087144079360,2020-08-02
1289589367766491149,25958053,15760637,2020-08-01
1289691425559334912,15911975,2339763739,2020-08-01
1289612743272669184,1196516182209249280,388057863,2020-08-01
1289592400990490625,305237936,755561917511376896,2020-08-01
1289585717408980992,2450066342,2165599079,2020-08-01
1289587170798256128,1257767102968221701,1175856646205034496,2020-08-01
1289652526879354880,1239233713935773696,220906179,2020-08-01
1289588014339862530,21631041,729432651099193344,2020-08-01
1289626966572769280,1267621782867116040,518211972,2020-08-01
1289617387948355584,1260285039448739840,1211355468729184256,2020-08-01
1289694933226418177,1152608975009013760,1012355348601204738,2020-08-01
1289587202159067136,1233901057736085511,1233901057736085511,2020-08-01
1289587672789340160,19319290,28052309,2020-08-01
1289617877792772097,1260285039448739840,1266280025063485440,2020-08-01
1289588320943538176,219384517,933364623050407936,2020-08-01
1289620334937640962,1269083066565193729,970261849,2020-08-01
1289588761303498753,573921084,4267283921,2020-08-01
1289588514779049986,701208785331875840,701208785331875840,2020-08-01
1289589221204692992,1114374334611689472,1114374334611689472,2020-08-01
1289588663932747776,299868264,26998091,2020-08-01
1289588923694370817,25958053,164200094,2020-08-01
1289629893269942275,471168708,973655463425429504,2020-08-01
1289598794145755136,84422214,1164732821027663874,2020-08-01
1289589442731282432,299868264,26998091,2020-08-01
1289591763636645889,1088229756758315008,173532000,2020-08-01
1289590705455681537,4514322802,370400397,2020-08-01
1289599560252190723,1250412454846377986,739754362373709824,2020-08-01
1289735095281041410,27893396,736989573201301504,2020-08-02
1289591695651135489,25740875,4845965430,2020-08-01
1289602596198469637,1225479746663915520,703297093,2020-08-01
1289592682327584768,1916535294,1542928832,2020-08-01
1289592084308070401,299868264,26998091,2020-08-01
1289592203191476224,25740875,4845965430,2020-08-01
1289593517421912064,843144636071927809,1265497971245940738,2020-08-01
1289592753299496961,84091971,1121144907564027906,2020-08-01
1289595566343610369,1278833948177694720,423876329,2020-08-01
1289621434038280193,465848396,2199844955,2020-08-01
1289780376471089153,19115409,1269735752902029312,2020-08-02
1289703104976310273,88879307,994618128179982336,2020-08-01
1289602299480780801,19115409,1269735752902029312,2020-08-01
1289779296651771905,19115409,1269735752902029312,2020-08-02
1289611641982615552,17865252,1280412768714330112,2020-08-01
1289598122683846656,179470649,1119695210,2020-08-01
1289596773271367680,20307920,45438568,2020-08-01
1289596227189739522,23259015,916048232853262336,2020-08-01
1289595644730994689,621137296,621137296,2020-08-01
1289596663854542854,1204930164389556224,497300307,2020-08-01
1289658799188348933,281628104,32344993,2020-08-01
1289632217577082880,1311277489,322097100,2020-08-01
1289597391348224000,20307920,1222819900948996096,2020-08-01
1289598234529153024,103405472,2187890709,2020-08-01
1289599323030814725,927815191450083328,20307920,2020-08-01
1289609917519732738,17477864,702160219921641473,2020-08-01
1289617787350945792,1164732821027663874,84422214,2020-08-01
1289615534359707648,1164732821027663874,84422214,2020-08-01
1289600128597151744,299868264,2681133872,2020-08-01
1289600781168062464,20307920,45438568,2020-08-01
1289607338559541253,2474139948,1181392854331080705,2020-08-01
1289600224478916608,23259015,713839291210792960,2020-08-01
1289601547085795328,918501080585134082,999421575911784448,2020-08-01
1289601723640631298,217195594,1218931042591105024,2020-08-01
1289642238062915584,1269735752902029312,19115409,2020-08-01
1289607770837196807,53533774,717548968536776704,2020-08-01
1289619384730714112,1208101661048217602,19932310,2020-08-01
1289622857291423744,703297093,1225479746663915520,2020-08-01
1289656503276728320,3271422698,2823277541,2020-08-01
1289618878750810112,1088229756758315008,1244021267092643840,2020-08-01
1289614877200326656,762674289011224576,28362127,2020-08-01
1291473513002553345,24041740,20826970,2020-08-06
1289738045151825923,45744825,3068497678,2020-08-02
1289609555869962240,2377699412,1253525898671738881,2020-08-01
1289606942608863233,1085654735666008064,870804082138787842,2020-08-01
1289613942038265856,1214718536775393281,28037800,2020-08-01
1289617950912077824,2974153206,1049060166,2020-08-01
1289613713549344768,1278833948177694720,179760639,2020-08-01
1289611720978243584,1172242189,1275160992251609088,2020-08-01
1289623952663306240,1228415516110245889,114686837,2020-08-01
1289609209567305728,51241418,826445318535254016,2020-08-01
1289610858088337410,1231695393240633344,1050779741865865217,2020-08-01
1289611684772868096,909984785149214720,829073481266520064,2020-08-01
1289647115132530688,1268093477058777089,1679060964,2020-08-01
1289617807479513089,235984570,17731510,2020-08-01
1289611993834389504,1112583920120446979,1223469869972115463,2020-08-01
1289611616938409985,573921084,154196061,2020-08-01
1289612006392176640,1276982811056934912,2275583316,2020-08-01
1289778235161456642,2905444340,2781343033,2020-08-02
1289614215938863104,762674289011224576,1289539094930956289,2020-08-01
1290012845820620801,829073481266520064,909984785149214720,2020-08-02
1289612389747326976,1075171734,455501785,2020-08-01
1289691767122432001,1035205826502217728,943352037084942337,2020-08-01
1289616106173403138,776903810296020993,1267812174723833865,2020-08-01
1289619201913577472,1251286672349659136,1258517205744062467,2020-08-01
1289621196565123077,1172567251947577344,1200088846303711232,2020-08-01
1289615404537491462,411148851,1251032224927014912,2020-08-01
1289615692082421763,1260401999943696394,3201690507,2020-08-01
1289629735010541570,1235922754915815424,1072732872576970753,2020-08-01
1289619006857519104,218537695,539541627,2020-08-01
1289624289256173568,155904898,18793488,2020-08-01
1289619872998019072,51241418,3364529170,2020-08-01
1289653470052507648,739184414341640192,739184414341640192,2020-08-01
1289620071556366339,176139127,49781669,2020-08-01
1289631782443208704,1049060166,2974153206,2020-08-01
1289619359061536769,766777716708433925,1267485303209672708,2020-08-01
1289620009468059648,366863067,1229176941598662657,2020-08-01
1289620007102496768,1279245010869686274,170369342,2020-08-01
1289620072139329541,829536330275188737,373781209,2020-08-01
1289621225178673152,435456225,53565806,2020-08-01
1289624546933272576,729329119742283776,48851011,2020-08-01
1289702281634447360,229606685,3097598477,2020-08-01
1289625062257995776,20307920,45438568,2020-08-01
1289653782100549637,1463602766,837877864221528065,2020-08-01
1289625512277491717,369136271,700463165176295432,2020-08-01
1289621562065223680,45438568,50956207,2020-08-01
1289623232224534529,36050775,1735179258,2020-08-01
1289622868205035520,2981521646,2981521646,2020-08-01
1289622332479176704,51241418,1184241602572836865,2020-08-01
1289624084167368704,770247208956342272,1114354534283919360,2020-08-01
1289623492929847296,1117504878111264773,369179982,2020-08-01
1289628868924461056,98304406,1225369668254404611,2020-08-01
1289624053054156800,2806558980,2806558980,2020-08-01
1289626095772479494,171827825,1517103828,2020-08-01
1289624586812706818,1117504878111264773,315380580,2020-08-01
1289624149657296898,2654460391,1050966983079018497,2020-08-01
1289626135081320448,1265674315598446593,1093741515430596608,2020-08-01
1289658458220818433,263901276,827099900,2020-08-01
1289626549335937024,739253094,909407605,2020-08-01
1289626841498685441,194820336,348014128,2020-08-01
1289658949608697856,1001785488183775237,60378902,2020-08-01
1289637790762729472,891678362451681280,733301032546013184,2020-08-01
1289627668544135169,739253094,1270735728071397376,2020-08-01
1289635676099506176,25958053,15760637,2020-08-01
1289627494669139968,2996550907,2996550907,2020-08-01
1289628066763796483,1551593126,51106001,2020-08-01
1289628137290993666,1251526122535292929,88219032,2020-08-01
1289693984994934785,1087890936854691845,4185540747,2020-08-01
1290172568943525888,282853653,282853653,2020-08-03
1289629480944840705,21522338,4416345225,2020-08-01
1289628224511647744,739253094,846756668851441665,2020-08-01
1289662819017748481,1249448383716012032,36822328,2020-08-01
1289629376678567938,1117504878111264773,1156245092136628224,2020-08-01
1289632989232545792,1252739204,228117523,2020-08-01
1289709215091699714,1117504878111264773,1015260182,2020-08-01
1289637551804780544,1177581855941566464,549565942,2020-08-01
1289631492050522112,15760637,1277224620500946945,2020-08-01
1289630626115534848,3281095753,714574689528451072,2020-08-01
1289631046963728393,348014128,194820336,2020-08-01
1289641541502267392,280687650,17758997,2020-08-01
1289654213585166336,44260667,766713830462205954,2020-08-01
1289633199233138688,17546894,937422446323314688,2020-08-01
1289636196952313856,1285742758985162752,1220235328578973697,2020-08-01
1289631645847506944,462583838,889268155490590721,2020-08-01
1289649327929847808,1064937668251836416,1185756299629170688,2020-08-01
1289631667523473409,887380473776943105,293994393,2020-08-01
1289761203082760192,808876178,1284038449691979776,2020-08-02
1289632964230356993,889268155490590721,462583838,2020-08-01
1289761758903599104,808876178,1284038449691979776,2020-08-02
1289674005356544000,1396101438,1878901698,2020-08-01
1289639773926113281,900021957424447488,819918591952883712,2020-08-01
1289634708272242688,937422446323314688,17546894,2020-08-01
1289640978085629953,900021957424447488,819918591952883712,2020-08-01
1289634879043403776,116238896,116238896,2020-08-01
1289635569295716354,1036385218003906561,607660565,2020-08-01
1289635229359943681,17546894,937422446323314688,2020-08-01
1289636776345141249,252333797,31294424,2020-08-01
1289635996200468480,3251862454,1254881540779065346,2020-08-01
1289640031351521280,3008609823,48897615,2020-08-01
1289718468208558080,23494080,75435387,2020-08-02
1289636226824171521,214609629,214609629,2020-08-01
1289638975057956865,1164732821027663874,84422214,2020-08-01
1289637048429826050,1105979306898046976,615609332,2020-08-01
1289669188022226944,1163554577142050817,2284514228,2020-08-01
1289638256405962752,1254881540779065346,1030128778708697088,2020-08-01
1289752524623187969,549565942,1177581855941566464,2020-08-02
1289892008622870528,269170752,4281810921,2020-08-02
1289641169488621570,1266572428387459074,4048118139,2020-08-01
1289641076446261249,829754732172423168,1264983255989858305,2020-08-01
1289713958085988352,1916535294,2499846800,2020-08-02
1289642134195195904,15760637,25958053,2020-08-01
1289641217442029570,2481506844,2608476578,2020-08-01
1289641486322151425,1173361724491218944,1179245624266379265,2020-08-01
1289642422914281473,78677181,1272967814052220928,2020-08-01
1289640591031062528,63146119,243809152,2020-08-01
1289640802084216832,243809152,63146119,2020-08-01
1289664466615820289,902268741844692992,1244397375923216384,2020-08-01
1289641578332450816,1264983255989858305,829754732172423168,2020-08-01
1289643097941577728,2491266333,457757871,2020-08-01
1289656837936013313,1207755089584123904,384391011,2020-08-01
1289641851360706560,986773039495991296,1933507291,2020-08-01
1289644577205268480,243809152,4238737594,2020-08-01
1289642378182012933,3047509021,303752831,2020-08-01
1289649376563011589,990059739563347971,89767395,2020-08-01
1289657774595481600,2459988619,353387200,2020-08-01
1289643960722497536,990059739563347971,1237742801443487744,2020-08-01
1289650590402797568,3017554209,1108269016785801216,2020-08-01
1289651588668112896,1029790229127938048,1234746313222156288,2020-08-01
1289644909046059008,1117504878111264773,34809042,2020-08-01
1289645074729631745,14788128,29151289,2020-08-01
1289646559232053249,2962717589,955109400091426816,2020-08-01
1289647293402976257,1144846759,1133124481680125952,2020-08-01
1290735276214628353,1009818154065956864,859908310073585664,2020-08-04
1289646841647308800,1231619599931715584,945661062275391489,2020-08-01
1289660579666210822,98903593,34550492,2020-08-01
1289646094939455490,15683731,15683731,2020-08-01
1289663199327862785,1151842300944928768,1220367025358495744,2020-08-01
1289674086788919297,1149484900908748800,257641845,2020-08-01
1289646667323412480,22843167,22843167,2020-08-01
1289652824121282560,869517179481448448,893121702024159232,2020-08-01
1289648543309934592,49239992,14403710,2020-08-01
1289647287707340801,931286316,272998646,2020-08-01
1289654286909988864,17659488,848253129896448006,2020-08-01
1289748599115362306,926909484,785305726013014017,2020-08-02
1289648607159705600,1239599332770398214,1275823237193019392,2020-08-01
1289653045396029440,990059739563347971,1237742801443487744,2020-08-01
1289653125435936768,450242826,431194108,2020-08-01
1289651039856017408,346682382,1227105959945871361,2020-08-01
1289648523244269569,240492373,240492373,2020-08-01
1289650103439855617,14139772,19149039,2020-08-01
1289650397926154240,1280932848376176641,1149058850802114560,2020-08-01
1289649320174616576,247268658,1289644100698988544,2020-08-01
1289649852499005440,1150666380162871296,565714172,2020-08-01
1289651196152741890,1074880053018791936,1224387766332674051,2020-08-01
1289649390706016256,310976104,321030936,2020-08-01
1289653198462922753,15760637,1277224620500946945,2020-08-01
1289722246693453825,973655463425429504,471168708,2020-08-02
1289650266032275456,1085654735666008064,1339174376,2020-08-01
1289649955796160512,1289644100698988544,247268658,2020-08-01
1289663079106490368,3008609823,1535097378,2020-08-01
1289656905854459904,1155144825265631232,3077923751,2020-08-01
1289659914869182464,3008609823,1535097378,2020-08-01
1289655764420714496,937422446323314688,1705037989,2020-08-01
1289652426203488256,138070726,923660210354270208,2020-08-01
1289667115335614465,1268093477058777089,797408730186911744,2020-08-01
1289651591373418497,243809152,15359512,2020-08-01
1289951471233052672,1257767102968221701,3429472929,2020-08-02
1289652699852496898,243809152,15359512,2020-08-01
1289652452149600257,19149039,37824191,2020-08-01
1289688100763865089,1020359957907234817,127673386,2020-08-01
1289688190173892608,1020359957907234817,127673386,2020-08-01
1289659331948863488,947975107913441280,1144846759,2020-08-01
1289659332464766976,1003825529773010944,929488002610581505,2020-08-01
1289653946638794753,25740875,25930858,2020-08-01
1289654029258297348,369231528,369231528,2020-08-01
1289660042157809665,91458601,3045139471,2020-08-01
1289755871489200129,15044235,1187744623185158144,2020-08-02
1289653567368790016,2493602402,41112708,2020-08-01
1289653550910406664,816978533264322560,816978533264322560,2020-08-01
1289653934248701952,1883979044,1883979044,2020-08-01
1289654792055218176,1883979044,1883979044,2020-08-01
1289655577958928384,41112708,1279756394363785219,2020-08-01
1289658597534646273,1242576378291089409,28483837,2020-08-01
1289657095860523008,739253094,728787819292983296,2020-08-01
1289656194114543616,1242599661275353088,202865931,2020-08-01
1289951731485487105,800676133075202048,2860104230,2020-08-02
1289656709254754305,19149039,37824191,2020-08-01
1289659345240592384,1150666380162871296,1328123774,2020-08-01
1289691219237298177,353387200,2459988619,2020-08-01
1289662818833166336,808176556455710720,847097433758879745,2020-08-01
1289669618194407424,21522338,855738025,2020-08-01
1289660125129498625,1414650259,2331783771,2020-08-01
1289661451980873728,1246691486030155776,519642922,2020-08-01
1289659211849150464,1276982811056934912,2275583316,2020-08-01
1290036932924198912,15164257,28585697,2020-08-02
1289659672471855104,1596981786,1596981786,2020-08-01
1289658294500339712,63146119,899837458308677632,2020-08-01
1289661908845383680,57198714,435584431,2020-08-01
1289672175646052352,3271384368,3192624796,2020-08-01
1289690668403585024,2988686284,1777794372,2020-08-01
1289676504532623361,25434845,342843548,2020-08-01
1289660730204012544,1242576378291089409,1172231453796704257,2020-08-01
1289662129587417091,156179111,1158051196642439168,2020-08-01
1289674043847630854,1281409619508764672,1059146854225580033,2020-08-01
1289660975260418048,811757810841255936,811757810841255936,2020-08-01
1289673829229268998,1116515408226471937,2371440702,2020-08-01
1289660967039561728,947975107913441280,1144846759,2020-08-01
1289723284490076161,1288673611318992896,163148676,2020-08-02
1289663341607018496,1150666380162871296,1328123774,2020-08-01
1289662711547097088,62449725,1012009642321276928,2020-08-01
1289662222373810176,1610237390,196552863,2020-08-01
1289705356176719872,920001986065338368,708201634937987076,2020-08-01
1289662965080141824,196552863,1610237390,2020-08-01
1289847978417508352,760259571332022273,759423073334521856,2020-08-02
1289665302397988864,2387676842,989113817652219905,2020-08-01
1289684640735744000,31250128,746856729405693952,2020-08-01
1289686474628059136,1167114374659616772,921784718877708290,2020-08-01
1289663863865004032,1242576378291089409,1186780972873850881,2020-08-01
1289663991036424193,1251526122535292929,1150430193326141440,2020-08-01
1289667462267408385,58272396,52338305,2020-08-01
1289664152206635008,1251526122535292929,1150430193326141440,2020-08-01
1289669795458121733,36706086,1344080389,2020-08-01
1289665611853967361,1546835503,23867351,2020-08-01
1289665901407526914,57198714,435584431,2020-08-01
1289665041952776192,19149039,324236072,2020-08-01
1289665412234268672,1251526122535292929,1258174869092601859,2020-08-01
1289671358234816513,21522338,489853150,2020-08-01
1289667441379831809,1242576378291089409,37016815,2020-08-01
1289666233864843264,1239599332770398214,792758674783604736,2020-08-01
1289668409613930496,1242576378291089409,97356690,2020-08-01
1289692337665216513,109064246,17907090,2020-08-01
1289667178485055488,13423382,13423382,2020-08-01
1289675760719011841,84091971,21097053,2020-08-01
1289668323647479808,3436564948,25434845,2020-08-01
1289668082806513665,872964678590377984,3855260592,2020-08-01
1289668897868623872,21522338,250476157,2020-08-01
1289688855545655296,7840272,2175054923,2020-08-01
1289669865175842816,1214718536775393281,272573543,2020-08-01
1289669170162888704,1156385316837740544,1156385316837740544,2020-08-01
1289777918483116033,2284514228,1163554577142050817,2020-08-02
1289681137573351427,1094640174670049280,1181324146321608704,2020-08-01
1289675213118922753,1147101378201948161,72394880,2020-08-01
1289669981647626241,913501700488437761,31718463,2020-08-01
1289670847964168193,889219313495937028,889219313495937028,2020-08-01
1289671319534088192,1344080389,36706086,2020-08-01
1289670549984092160,1251526122535292929,1150430193326141440,2020-08-01
1289671427696672768,2808159880,1176697279358484480,2020-08-01
1289673303947268103,902268741844692992,1244397375923216384,2020-08-01
1289674810709012480,1176697279358484480,2808159880,2020-08-01
1289672299927437313,116238896,116238896,2020-08-01
1289673031095263233,300927264,300927264,2020-08-01
1289675358497734656,84091971,38873186,2020-08-01
1289674177633345536,864487498935787520,263967316,2020-08-01
1289677122127032321,1228415516110245889,114686837,2020-08-01
1289678614867320832,1275799899825676288,1151855679088594944,2020-08-01
1289675246346240001,1228415516110245889,999380137601916928,2020-08-01
1289697136532008960,768121325223227392,906878169164247041,2020-08-01
1289675346397167618,76058560,76058560,2020-08-01
1289690623461584896,897491387771482117,386988405,2020-08-01
1289675876917891073,382694183,520979490,2020-08-01
1289677978712981504,1090926571047788544,3154511793,2020-08-01
1289676302048362496,902268741844692992,1244397375923216384,2020-08-01
1289680385236901889,1215128183328202753,499486645,2020-08-01
1289676635638239233,35467771,806567013883772929,2020-08-01
1289683619615670272,864487498935787520,2250215048,2020-08-01
1289679023585411072,1242576378291089409,21304506,2020-08-01
1289699322238578690,1179565841022623744,1030868541237542912,2020-08-01
1289682415561125895,1281409619508764672,1071798514127175681,2020-08-01
1290615189591584768,1264952259651047425,1238277448074006529,2020-08-04
1289677492014350336,35467771,806567013883772929,2020-08-01
1289677866557300736,58562436,42124882,2020-08-01
1289677921120972800,58562436,42124882,2020-08-01
1289679503430578176,1228415516110245889,114686837,2020-08-01
1289678215695331328,1268652469552386049,727228370,2020-08-01
1289691019722633217,1903600231,984147696972894208,2020-08-01
1289679651095289856,128503156,267036993,2020-08-01
1289696145082474497,1074510035089117184,151704265,2020-08-01
1289682326125936641,520754045,1263542256260300806,2020-08-01
1289680665278119937,174369590,110290428,2020-08-01
1289680704997974016,743028810,743028810,2020-08-01
1289680791732027392,471831519,25130225,2020-08-01
1289681946792964096,19319290,767481574551977984,2020-08-01
1289687117367369729,1118303241760952320,1139091268229849088,2020-08-01
1289683754332516352,1108269016785801216,3017554209,2020-08-01
1289684096914882561,549517924,1194380991869181952,2020-08-01
1289687541759856640,159229238,1069313461526634496,2020-08-01
1289683492716998658,1286116923416215552,1312395158,2020-08-01
1289891339228700673,269170752,1578265178,2020-08-02
1289719520597344256,1027564233804918784,1286755594192457734,2020-08-02
1289802091867672577,52423655,898007089464963072,2020-08-02
1289763670239531008,267036993,128503156,2020-08-02
1289684578655850496,914281548,2942657375,2020-08-01
1289693434094247937,1265851454008496130,1184483710898323464,2020-08-01
1289686316695732224,742803862403358721,1561042664,2020-08-01
1289705915138977792,1144846759,60604840,2020-08-01
1289685947962068997,346682382,88577213,2020-08-01
1289684489610829825,879827638822547457,1229837378635935745,2020-08-01
1289698269258330112,51241418,948766715416141824,2020-08-01
1289685129212772353,811514954159443968,17178656,2020-08-01
1289686424690753536,900402576998400000,1105469638991929344,2020-08-01
1289688382407245825,19319290,1222684015062323208,2020-08-01
1289685840839548928,902268741844692992,1244397375923216384,2020-08-01
1289686232197259265,1117504878111264773,222582519,2020-08-01
1289725479851712512,1074114103814189056,3004110026,2020-08-02
1289687995801407488,1224206368653090816,732629261626937344,2020-08-01
1289686986408833025,879827638822547457,1229837378635935745,2020-08-01
1289687085725528065,1105469638991929344,900402576998400000,2020-08-01
1289702823366733825,1250161155395502088,1265136072905744384,2020-08-01
1289687379482034176,247268658,1289644100698988544,2020-08-01
1289688689593872385,742803862403358721,1123239055481872384,2020-08-01
1289926568098201609,743985547488563200,253541729,2020-08-02
1289701273072054272,783461654545600513,1151131066092216320,2020-08-01
1289690565521498112,1106789106246254592,142833422,2020-08-01
1289694231938781185,23554832,1108563509225242624,2020-08-01
1289706730079698945,1159516865003237376,1244384003500789762,2020-08-01
1289690882820542465,15146659,1039004710835867649,2020-08-01
1289693256087814144,879827638822547457,1229837378635935745,2020-08-01
1289713412298039296,16577987,337780078,2020-08-02
1289691405577641985,1039004710835867649,15146659,2020-08-01
1289691997796622336,1077790895783653377,4052840597,2020-08-01
1289804716486963200,2459988619,353387200,2020-08-02
1289694748811264000,1189761425063006208,1056883659603554306,2020-08-01
1289691837347725312,15146659,1039004710835867649,2020-08-01
1289698236719075328,2266250079,22326749,2020-08-01
1289692995009179648,1262775592975577090,1115433878,2020-08-01
1289698292092215297,775723020811763712,1036297830510587904,2020-08-01
1289762791490912257,109064246,17907090,2020-08-02
1289699400328118273,1248268487379898368,3316974428,2020-08-01
1289989414114873345,1251200710622019584,881416376,2020-08-02
1289734603675013123,59548913,891467130197217280,2020-08-02
1289701320413200384,727936490257448961,2804260260,2020-08-01
1289695877427154945,1274867768643317760,15898809,2020-08-01
1289697382876057600,396367213,312856009,2020-08-01
1289699945965072385,164685716,1267929385035759616,2020-08-01
1289697196577714176,17243913,1267166422062563328,2020-08-01
1289703552525275137,1262775592975577090,1115433878,2020-08-01
1289697623608381440,4890492167,74293012,2020-08-01
1289697817569583104,44747929,44747929,2020-08-01
1289698165713584128,21522338,1258400052101484545,2020-08-01
1289697903091449858,797541435197325312,812425804881739781,2020-08-01
1289698164501393411,2878132168,2878132168,2020-08-01
1289722242444795905,1281409619508764672,265512637,2020-08-02
1289699171012718592,2266250079,22326749,2020-08-01
1289701236346777600,1018528668,633236707,2020-08-01
1289742978081153024,126145724,2768199002,2020-08-02
1289761350940389376,1186061624999854081,15073231,2020-08-02
1289699490744553473,22326749,2266250079,2020-08-01
1289700762528780289,879827638822547457,1229837378635935745,2020-08-01
1289700670623215616,1171901545358737408,773434037801250817,2020-08-01
1289700497461403649,811514954159443968,1033771596,2020-08-01
1289702277670825984,915347593739239424,157877331,2020-08-01
1289711367444807680,179760639,16612457,2020-08-01
1289715415015280642,954549348574011392,43836648,2020-08-02
1289708136564064257,1226295485104873473,568336632,2020-08-01
1289702587340447744,19346439,10079422,2020-08-01
1289709718961700864,1260285039448739840,1211355468729184256,2020-08-01
1289706353145962496,1207755089584123904,384391011,2020-08-01
1289707145110228992,1207755089584123904,384391011,2020-08-01
1289703831706537984,19346439,10079422,2020-08-01
1289707032338026496,1170447582272708614,1215671887923163138,2020-08-01
1289705557608153090,214956683,16429067,2020-08-01
1289705291777359872,172016482,172016482,2020-08-01
1289706341351579648,879827638822547457,1229837378635935745,2020-08-01
1289706466459484162,879827638822547457,1229837378635935745,2020-08-01
1289708067878105089,59621062,356306661,2020-08-01
1289735952546451457,1187979253,439857463,2020-08-02
1289706331474202626,3862095082,2363592546,2020-08-01
1289711834480566274,3184345461,882730483976724480,2020-08-01
1289711037499863040,1281409619508764672,892219322390777858,2020-08-01
1289729902543908865,922809340117086209,721089442350366720,2020-08-02
1289710351341064192,1117504878111264773,2855615704,2020-08-01
1289707773802946561,1083908907104387073,23138889,2020-08-01
1289710208881586176,344266095,768118141398364160,2020-08-01
1289708355355676672,794428617019322368,1166066113907740673,2020-08-01
1289709964471070720,19211695,1207006751502913536,2020-08-01
1289710121627475968,21522338,51318250,2020-08-01
1289713237395562497,27893396,1003515871539556354,2020-08-02
1289708706242994177,1166066113907740673,794428617019322368,2020-08-01
1289714293500346369,899012650784485376,1192151002591326208,2020-08-02
1289710576474546176,157099071,803091707361251328,2020-08-01
1289714379529654272,1177599575747489792,1177599575747489792,2020-08-02
1289725360993472512,2186501418,700197769,2020-08-02
1289711366081667072,1144846759,1133124481680125952,2020-08-01
1289710783417339905,1092462165561229312,1092462165561229312,2020-08-01
1289711306749218816,1279860075629248520,1279860075629248520,2020-08-01
1289731177134174208,255079989,593322663,2020-08-02
1289712070099755008,1018528668,633236707,2020-08-01
1289723271026339840,1591112821,949681058806685696,2020-08-02
1289714768492691457,520754045,153022731,2020-08-02
1289711831385178112,635934642,635934642,2020-08-01
1289711550584852480,794428617019322368,1166066113907740673,2020-08-01
1289712276044312579,635934642,635934642,2020-08-01
1289766133155815424,3346658163,1053483896074129408,2020-08-02
1289716727626919936,1018528668,633236707,2020-08-02
1289731139054133249,471069985,3064678043,2020-08-02
1289742791526903808,964052107941859329,390783051,2020-08-02
1289715028346593280,520754045,1081926853307387904,2020-08-02
1290000790661324802,520754045,1081926853307387904,2020-08-02
1290188658801180675,337780078,16577987,2020-08-03
1289716095104892930,157099071,803091707361251328,2020-08-02
1289885722019676161,2892710886,184666903,2020-08-02
1289715375375089665,732629261626937344,877647601990074369,2020-08-02
1289785973618827264,1248486940766134274,1289714188387078144,2020-08-02
1289721165972291585,1248486940766134274,2740298770,2020-08-02
1289719781734539264,58562436,1269064870256955397,2020-08-02
1289720393163448320,193171539,17243913,2020-08-02
1289742285727399937,350676366,1062215733315174400,2020-08-02
1289807625824006144,52338305,1256088578712465408,2020-08-02
1289720157649039361,1281409619508764672,809187838361272320,2020-08-02
1289729347935506438,805087705382195200,1194690054620205056,2020-08-02
1289718339992862720,1203588551830581248,700250047,2020-08-02
1289971425365782528,1288182288992235520,1936197080,2020-08-02
1289720622277251074,1243372070169444354,819017275684450304,2020-08-02
1289719247694786560,32527590,1208062999430225920,2020-08-02
1289720762111164416,22326749,49073130,2020-08-02
1289720341065895937,1242576378291089409,1237150799844777985,2020-08-02
1289743295996760065,1117504878111264773,72744540,2020-08-02
1289725879271206912,732629261626937344,877647601990074369,2020-08-02
1289721395585269760,429846916,825808796828196864,2020-08-02
1289721820585721857,429846916,3290429277,2020-08-02
1289727851189551106,19319290,1170806498634739712,2020-08-02
1289811234548850688,1267527301727768576,1210903230412017665,2020-08-02
1289723915992850433,1186061624999854081,1181730748132253697,2020-08-02
1289723912763273216,1263857382708264962,1249341816060686337,2020-08-02
1289723409962688514,1248486940766134274,139142283,2020-08-02
1289722433096753152,1148601668688330754,1148601668688330754,2020-08-02
1289737552610566144,138070726,1242013379881025536,2020-08-02
1289727331137777665,1192151002591326208,899012650784485376,2020-08-02
1289744810597683205,926909484,785305726013014017,2020-08-02
1289723288424308737,891054518133071872,202038553,2020-08-02
1289732805132337152,489131907,25614085,2020-08-02
1289723226780651520,2437216230,2437216230,2020-08-02
1289723937073410049,870605659129106433,1169529747438809089,2020-08-02
1289734514030383104,1264983255989858305,1163254678387331072,2020-08-02
1289724915847852034,1279456214821240833,30534250,2020-08-02
1289725194701922305,28674183,1473364880,2020-08-02
1289726269836292096,21631041,80724223,2020-08-02
1289725948510650368,1248486940766134274,116874927,2020-08-02
1289727375161270272,255313146,255313146,2020-08-02
1289725799906516992,891054518133071872,202038553,2020-08-02
1289736555733508097,4434966340,74908916,2020-08-02
1289729970785398784,830515649935990784,946876780413095937,2020-08-02
1289727007081652226,1275964808433729547,1167369890,2020-08-02
1289726897148932096,520754045,3752365827,2020-08-02
1289730267595206658,775723020811763712,1036297830510587904,2020-08-02
1289755054220677122,1171901545358737408,2351879525,2020-08-02
1289772383352442880,931011842,17994507,2020-08-02
1290118437994283008,930997396540182528,2255100512,2020-08-03
1289730374994550784,1247899599500496896,1247899599500496896,2020-08-02
1289738803414892544,3725831532,903175063,2020-08-02
1289992121454215168,12667682,27022110,2020-08-02
1289798376846843905,21522338,1282163130823581696,2020-08-02
1289731778463166470,18382944,1005887991410114565,2020-08-02
1289730585770917890,346682382,114690451,2020-08-02
1289731018757308416,15594996,883767894,2020-08-02
1289730877002416129,891054518133071872,1172412712237727745,2020-08-02
1289731635890417664,115308684,262247369,2020-08-02
1289757255152410625,1171901545358737408,1147213740288462848,2020-08-02
1289732485014851584,1231673439775338498,153471197,2020-08-02
1289733227985297408,2233951699,769350711863836674,2020-08-02
1290081959721365508,1280617331253809159,1212588524471341056,2020-08-03
1289740199652556802,520754045,488458460,2020-08-02
1289735004864442368,762522504,1105901189709754368,2020-08-02
1289786192196538370,1248486940766134274,1206632836960268290,2020-08-02
1289734932114202624,310620955,844301125377409025,2020-08-02
1289747024397709317,997303926549557248,59845865,2020-08-02
1289737164276736000,262457190,2695810070,2020-08-02
1289734976339087360,769350711863836674,2233951699,2020-08-02
1289735410566828032,891054518133071872,1172412712237727745,2020-08-02
1289735165464342531,2233951699,769350711863836674,2020-08-02
1289735517836369922,769350711863836674,2233951699,2020-08-02
1289736099590373376,1265723295426654213,1043607270280572929,2020-08-02
1289764933186420738,1232434699924123648,792006214452256768,2020-08-02
1289736036998946817,1230663883414757376,1230663883414757376,2020-08-02
1289742529500340225,27893396,736989573201301504,2020-08-02
1289736900727541762,2502895924,2502895924,2020-08-02
1289742648199090176,1018528668,633236707,2020-08-02
1289738066823794693,25740875,1628682932,2020-08-02
1289740896834146305,19319290,1199017921923571712,2020-08-02
1289819284814704640,28585697,1289730576275197952,2020-08-02
1289745252375560192,1172412712237727745,891054518133071872,2020-08-02
1289740247732027395,1269425996966567937,961484606,2020-08-02
1289755954485985282,1276982811056934912,841275715647496192,2020-08-02
1289759599629754368,172039387,1208101661048217602,2020-08-02
1289882573355675648,2988686284,1777794372,2020-08-02
1289740220561203200,762522504,883342741467533312,2020-08-02
1289740221408452609,930449804,80765134,2020-08-02
1289751332442607616,891054518133071872,1172412712237727745,2020-08-02
1289741095350370304,1077790895783653377,1172307001948246019,2020-08-02
1289740688414789632,1264983255989858305,2940899936,2020-08-02
1289742719686856704,3296381492,1117229660247482368,2020-08-02
1289743901687820288,3296381492,1117229660247482368,2020-08-02
1289755921678249985,982461783268102144,1269425996966567937,2020-08-02
1289927632700624898,1225145164416438272,1046088185716068352,2020-08-02
1289806599863676928,839089094043009024,373015236,2020-08-02
1289743169584680960,1223713132222140416,2414574331,2020-08-02
1289749481186041857,364499622,327091520,2020-08-02
1290012789566709762,774764462620368896,167776569,2020-08-02
1289755155513004032,1171901545358737408,2306044898,2020-08-02
1289760634926559232,1284564486851047425,889281950564982784,2020-08-02
1289743217705902080,84091971,3161987928,2020-08-02
1289742700242063360,1248486940766134274,7738,2020-08-02
1289745921698344960,1248486940766134274,7738,2020-08-02
1289759351293358081,783461654545600513,973356994773045249,2020-08-02
1289748169484464129,411929872,951291427757047808,2020-08-02
1289743659525476352,1102368841198268416,1028193298916278272,2020-08-02
1289743725854220297,1085639036,1085639036,2020-08-02
1289762029075607552,755298468122488832,755298468122488832,2020-08-02
1289748190372048896,167776569,774764462620368896,2020-08-02
1289744150078689280,727936490257448961,43043715,2020-08-02
1289814277528805376,252868586,822534370128986114,2020-08-02
1290013983697756161,774764462620368896,167776569,2020-08-02
1289744870991568896,19319290,1199017921923571712,2020-08-02
1289778487750987781,2885889147,952423122,2020-08-02
1289875161919811584,1117229660247482368,3296381492,2020-08-02
1289744129912532993,745410705239728129,591296375,2020-08-02
1289744594620407809,984539190930149377,1182417832761425920,2020-08-02
1289746211683971072,61913539,509389594,2020-08-02
1289745009617432577,3198853123,1233687552965648384,2020-08-02
1289754400307605505,1659152678,464216405,2020-08-02
1289745221186592768,1204930164389556224,1047481314885165057,2020-08-02
1289745336987054082,1117504878111264773,1231714944665759744,2020-08-02
1289749328060280833,738798585853050880,46170691,2020-08-02
1289747629430067201,52423655,3079290098,2020-08-02
1289746884244971521,911391847,2166460405,2020-08-02
1289746361554857984,727936490257448961,43043715,2020-08-02
1289746559240830977,1172412712237727745,891054518133071872,2020-08-02
1289746866419036165,202735757,4115643732,2020-08-02
1289748983191986176,21522338,1364871716,2020-08-02
1289751915245342722,17597853,2342529750,2020-08-02
1289754758908174336,1171901545358737408,985990251456925698,2020-08-02
1289749884111851521,58562436,1001594843846660096,2020-08-02
1289752406650101762,1289341706379427841,1287196849896656896,2020-08-02
1289971284026118144,46170691,738798585853050880,2020-08-02
1289751385500786689,618609484,184675596,2020-08-02
1289750699475996672,84091971,1029899357577867264,2020-08-02
1289750769202126848,1242599661275353088,2272234434,2020-08-02
1289751275366543360,1969317973,49488097,2020-08-02
1289750372966227969,1003839740049846273,1003839740049846273,2020-08-02
1289752844606808064,68904976,94419492,2020-08-02
1289756783515377664,4564135223,995371118511865856,2020-08-02
1290420397087903745,1191500888671707136,1161556228486631427,2020-08-03
1289881583441256450,811514954159443968,17178656,2020-08-02
1289753049422942208,16315143,1411689122,2020-08-02
1289766666793099267,1653956941,16076910,2020-08-02
1289751766133870597,1969317973,49488097,2020-08-02
1289753650672230401,4434966340,4822849205,2020-08-02
1289803540710322176,1244041814400569344,1167548584344137729,2020-08-02
1289752510295691264,255079989,204977744,2020-08-02
1289754316882886656,786624798554152960,965142103,2020-08-02
1289757867768127490,1287196849896656896,1289341706379427841,2020-08-02
1289758283708825605,1287196849896656896,1289341706379427841,2020-08-02
1289754152432631810,33344075,16204159,2020-08-02
1289752975364120576,94419492,68904976,2020-08-02
1289754666478141440,1224206368653090816,357194763,2020-08-02
1289760129487785985,16204159,33344075,2020-08-02
1289914946155941891,2553790322,222567719,2020-08-02
1290138864149909505,1187744623185158144,15044235,2020-08-03
1289755798034436096,931286316,122835442,2020-08-02
1289761006470565889,235419726,439069615,2020-08-02
1289801840658268161,979094449979609088,86521639,2020-08-02
1289834802149916673,1201069958114856961,1631342887,2020-08-02
1289760743001174016,1199686275990720512,1267208282239877120,2020-08-02
1289760996844691457,1241909908729221122,1143329709633212416,2020-08-02
1290002842397286400,595018786,995022994098606080,2020-08-02
1289761078205804546,1251721051811328000,176931855,2020-08-02
1289926582383992832,797175557209419777,4145179877,2020-08-02
1289765578157129734,284918900,13542522,2020-08-02
1289764277444677632,258176399,1680028410,2020-08-02
1289763879187144704,872238191977410564,990059739563347971,2020-08-02
1289762555297017856,255079989,593322663,2020-08-02
1289766087354191878,872964678590377984,831016161131114496,2020-08-02
1289766332573954048,872964678590377984,831016161131114496,2020-08-02
1289774170507636737,1250161155395502088,2868652104,2020-08-02
1289776340204322816,1250161155395502088,2868652104,2020-08-02
1289765056008183810,1269425996966567937,982461783268102144,2020-08-02
1289786842494074880,1659152678,464216405,2020-08-02
1289769686729543682,278994571,952929633556684800,2020-08-02
1289766968208359425,21522338,775075161804447745,2020-08-02
1289812862601322498,1233817907731107840,21826927,2020-08-02
1289767646297092097,233020788,891350677,2020-08-02
1289776089640906758,1384418016,300370291,2020-08-02
1289770033984540672,309791785,1267674184911650821,2020-08-02
1289775073457446912,872238191977410564,990059739563347971,2020-08-02
1289770426642477056,1277834779795152896,1277834779795152896,2020-08-02
1289769507620184064,786624798554152960,965142103,2020-08-02
1289769249460772864,1078786674656665600,996572867318792192,2020-08-02
1289779216574078976,21631041,2705251470,2020-08-02
1289770795095351296,826209477464555520,1289743220772151298,2020-08-02
1289771447359909893,872238191977410564,990059739563347971,2020-08-02
1290008290655518720,818299179390955520,1084655359703351297,2020-08-02
1289774142846152704,1267674184911650821,309791785,2020-08-02
1289770449686020096,1092462165561229312,1092462165561229312,2020-08-02
1289772941022908416,1243795698723819523,905655890874736642,2020-08-02
1289776527354114048,214931503,1102726262,2020-08-02
1289772552512929792,2278177731,2300398625,2020-08-02
1289773556801257472,2314530576,997529740046151680,2020-08-02
1289775080499744768,21522338,39068405,2020-08-02
1289773399888207872,310620955,844301125377409025,2020-08-02
1289800904040779777,39644856,1206749530974302209,2020-08-02
1289773064801128449,121490412,41779973,2020-08-02
1289886504387375106,986083536,843494853224882176,2020-08-02
1289903908953915392,997529740046151680,2314530576,2020-08-02
1289777807531401217,19319290,925119408267149312,2020-08-02
1289775795825553408,233020788,891350677,2020-08-02
1289778027572785152,1144846759,60604840,2020-08-02
1290420931681308672,952563856710230017,2911091081,2020-08-03
1289950411332304897,568294678,1267285275723603970,2020-08-02
1289913797725974530,1232434699924123648,792006214452256768,2020-08-02
1289849763546959872,863900153878646784,1261355990,2020-08-02
1289777168428326914,520754045,265697536,2020-08-02
1289784159620087808,1246870023802482688,342383454,2020-08-02
1289894034681417731,135820410,231614778,2020-08-02
1289781467996811264,1102726262,214931503,2020-08-02
1289814776013438978,3015715078,1275707387018698753,2020-08-02
1289779137536618496,3233697852,41058961,2020-08-02
1289780534848020483,2314530576,1206756785173852160,2020-08-02
1289780969763819521,21522338,797309507189673984,2020-08-02
1289779989915635714,3346658163,882031428619321344,2020-08-02
1289784311852363777,19115409,1092165960616894464,2020-08-02
1289779191496486912,19319290,864549277,2020-08-02
1289913588333731842,739253094,724794673470951427,2020-08-02
1289784377069559808,1245370672207069184,1007330705049780224,2020-08-02
1289881770133880833,811514954159443968,1182605849824583687,2020-08-02
1289782621816238080,19319290,925119408267149312,2020-08-02
1290093511816040448,18240569,962300144178753536,2020-08-03
1289781923552751618,1284843711508119553,66924891,2020-08-02
1289782155506139136,1284843711508119553,1277276513293893633,2020-08-02
1289784237030174720,233020788,891350677,2020-08-02
1289783036628762628,1284843711508119553,1074844075642232832,2020-08-02
1289785096887656449,952423122,2885889147,2020-08-02
1289807872964956160,1072732872576970753,1235922754915815424,2020-08-02
1289783287762677760,761085873953787906,761085873953787906,2020-08-02
1290003248338710528,3282810548,626785259,2020-08-02
1289794475527733249,21522338,723204022635614209,2020-08-02
1289919897091239937,94809245,757277067331252224,2020-08-02
1289786942998028289,819576941439119360,1266422329770475522,2020-08-02
1289794337476210690,856379277637439488,149171308,2020-08-02
1289790253696335872,1046249197257646085,1069070116564942848,2020-08-02
1289795967688953856,278994571,1190315784897208320,2020-08-02
1289789174778753024,19319290,925119408267149312,2020-08-02
1289790854463238144,124800314,124800314,2020-08-02
1289788864551251968,2352426552,934087661391822849,2020-08-02
1289799211937075201,584790529,1231649205774684161,2020-08-02
1289791029147664387,128503156,267036993,2020-08-02
1289791116464648192,3404208983,1127176606340927490,2020-08-02
1289949411460579328,1276982811056934912,1078717447547600898,2020-08-02
1289801583266369537,898946995,745393058724839424,2020-08-02
1289800302116384774,906940705133748226,1337916584,2020-08-02
1289792461506785280,1089966784113987584,458866697,2020-08-02
1289793359452594177,538370777,1283390810445291520,2020-08-02
1289794315246399488,2291846072,611991482,2020-08-02
1289795506013536256,489131907,304461020,2020-08-02
1289801839706333185,25605198,798022657526464512,2020-08-02
1289849233281966080,2416149882,2416149882,2020-08-02
1289939178935861249,1214746901398085633,797109454080765952,2020-08-02
1290169401191411717,1715899483,737364865896026112,2020-08-03
1290053352148017152,2746542745,713709298422046720,2020-08-02
1289893429602705410,3308046974,959413518184472576,2020-08-02
1290035236261302275,939066592134131712,17450410,2020-08-02
1289947431132512256,1206749530974302209,39644856,2020-08-02
1289812678991437824,1035844609371398144,446107638,2020-08-02
1289806480938475521,1260285039448739840,1211355468729184256,2020-08-02
1290027150213615617,470656805,20480861,2020-08-02
1289808213282447362,1184319704430710785,840221080186978304,2020-08-02
1290738252278726657,832644510,230858078,2020-08-04
1289848328528658432,522220362,134253803,2020-08-02
1289823877866991616,875979575666372609,875979575666372609,2020-08-02
1289947511759634433,1206749530974302209,867388835113598976,2020-08-02
1289962907569025025,2231499534,1091966763267473408,2020-08-02
1289812551216140288,1267621782867116040,2781868138,2020-08-02
1289812986291462144,3422300313,1061139318922571776,2020-08-02
1289819419439325184,1287811073765081088,1123679142837346304,2020-08-02
1289901618192715776,822760570206224386,710355652418252800,2020-08-02
1290463150383472641,19115409,1154963027155980290,2020-08-04
1291060930135175168,50510925,1710232142,2020-08-05
1289816137027338241,2905444340,2781343033,2020-08-02
1289843099250774018,3233697852,1265865669087621125,2020-08-02
1289831091235299328,712757789567758336,963476452829261825,2020-08-02
1289816467316170752,67061982,67061982,2020-08-02
1289816873895202816,67061982,67061982,2020-08-02
1289820659300749312,382012096,1222785241519153152,2020-08-02
1289835745398517761,382012096,1222785241519153152,2020-08-02
1289835244846292992,28963473,999049200087261190,2020-08-02
1289821627786526720,1150666380162871296,1106698076578820097,2020-08-02
1290127634702176257,57838269,22001333,2020-08-03
1289922828519833601,755846181641748481,3266206850,2020-08-02
1289934936166682632,1248689875487866880,1184246696496304128,2020-08-02
1289825054696460288,972700501,965309749473546240,2020-08-02
1289965217665998849,977717941901889537,969038060867538944,2020-08-02
1289826180598829057,936084439,2236788900,2020-08-02
1289824962417577985,417432285,417432285,2020-08-02
1289825248964009984,784098236,481703659,2020-08-02
1289830343189512193,382012096,1222785241519153152,2020-08-02
1289830876759564288,382012096,1222785241519153152,2020-08-02
1289829744863838208,1150900707710636035,1133929324829204480,2020-08-02
1290128396844851205,119869528,797908112246185990,2020-08-03
1289829186320896002,821719770,1072394512566272001,2020-08-02
1290020987208073218,1248762078170669057,539566673,2020-08-02
1289939281197166594,224683801,621767780,2020-08-02
1289990777431420928,1268033960560308225,22126986,2020-08-02
1289831195539193856,1133929324829204480,1150900707710636035,2020-08-02
1289957873611546625,71040481,1028866124623110144,2020-08-02
1289906877728296960,385162111,76905070,2020-08-02
1289846299852865538,1072732872576970753,1033826011647864832,2020-08-02
1289846898359021568,3026176005,1266477847457050625,2020-08-02
1291659256731545600,156464691,156464691,2020-08-07
1289849204517400577,52423655,1133017430282919944,2020-08-02
1289997630982955008,1289649007183015936,1213729295329198081,2020-08-02
1289851960229675009,382012096,212339448,2020-08-02
1289856754495262720,382012096,212339448,2020-08-02
1291815835749756929,1252856307561844737,1252856307561844737,2020-08-07
1289853043043753990,2504846946,2504846946,2020-08-02
1289853915262050304,25490879,871073296934109184,2020-08-02
1289873603714932736,1701162751,2209112745,2020-08-02
1289902118984249345,31476142,1030632308275998720,2020-08-02
1289862963264778243,188665937,1833167173,2020-08-02
1289870551700238337,1159953986176389120,883317188471513090,2020-08-02
1289863661251633152,2389457995,302091303,2020-08-02
1289864828572430339,2504846946,2504846946,2020-08-02
1289909133538283528,1146077010558619650,13133302,2020-08-02
1289881738349436929,127982186,253550603,2020-08-02
1289902654345248775,739253094,16270405,2020-08-02
1289867950086688769,898017522015805443,898017522015805443,2020-08-02
1289872332299747329,108951721,108951721,2020-08-02
1290014668183011329,1090997013695598592,1144374054390063104,2020-08-02
1289872756507516930,2389457995,1269082858087473158,2020-08-02
1289875846421831680,43139042,19491567,2020-08-02
1289895118057508864,1118208557780856833,1274640804712050693,2020-08-02
1289874359889219588,328899288,1289854814885732353,2020-08-02
1289877953246040064,1285287638535155714,324163222,2020-08-02
1289984612966338560,157186320,1102245462499905536,2020-08-02
1289976212211691521,1271348023680020481,1271348023680020481,2020-08-02
1289892870560743425,21522338,1026250771,2020-08-02
1290592626710917120,1581367489,521820647,2020-08-04
1289879223583346688,4541141723,4541141723,2020-08-02
1289877844449873921,360105746,974377427622297600,2020-08-02
1289877812048887810,278994571,842907738472615937,2020-08-02
1289878117419380736,4327127414,774295855,2020-08-02
1289922492451057664,27957966,831144777664098304,2020-08-02
1289883851649478657,838632641536503808,1441971834,2020-08-02
1289882387925487617,20859969,1283063224955482114,2020-08-02
1289886568849653760,1441971834,838632641536503808,2020-08-02
1289884872123617283,51148734,1591904982,2020-08-02
1289886993883643905,51148734,379272000,2020-08-02
1289887554951622656,4898711772,1269730608474963980,2020-08-02
1289887501910306816,838632641536503808,1441971834,2020-08-02
1289888726399635456,278994571,1979650400,2020-08-02
1289889886892220416,1441971834,1080026886,2020-08-02
1289890365571383301,870782181102190592,441308835,2020-08-02
1289890959430279168,811514954159443968,898272197407584257,2020-08-02
1289920371509071872,1152611715797962752,1132366564467068929,2020-08-02
1289963312323547136,977717941901889537,1170802181399863296,2020-08-02
1289907358777266178,1209712148911251456,1189524954,2020-08-02
1289897309933834242,1178293661433548800,478183027,2020-08-02
1289894309366398977,3254135167,1631663060,2020-08-02
1289924986325458945,382012096,212339448,2020-08-02
1290020953364115457,1261890719041703937,804622700,2020-08-02
1289969881647992832,2885889147,549287195,2020-08-02
1289939950721523712,1244680693948571654,959190307,2020-08-02
1290107182176858112,3232427601,154135900,2020-08-03
1289896854847553537,811514954159443968,898272197407584257,2020-08-02
1289934321281691648,783461654545600513,3796529361,2020-08-02
1289898825348288512,1262100041143128064,966476236909350912,2020-08-02
1289955084818817029,1416602466,2168744977,2020-08-02
1290010910040367104,1149415437828075520,1263589218795704320,2020-08-02
1289897460681207815,1096802094777057281,1096802094777057281,2020-08-02
1289906823646986242,1176674394564788224,539171153,2020-08-02
1289899995089399809,811514954159443968,1204804259482624007,2020-08-02
1289900484849889280,811514954159443968,1243260072387584006,2020-08-02
1289935254069735425,2314530576,997529740046151680,2020-08-02
1289921228916965381,1563473563,761381580745113600,2020-08-02
1289930321127968768,1563473563,761381580745113600,2020-08-02
1289929040531423240,1289128295016038401,2273834996,2020-08-02
1298395320527794176,1003080277,387381687,2020-08-25
1289919690630807552,2800961987,1242050443728969729,2020-08-02
1289920129996738561,1189524954,1209712148911251456,2020-08-02
1289923189259169795,755846181641748481,2432397453,2020-08-02
1289909457418256385,1156370576623075328,237381221,2020-08-02
1289908467214561281,811514954159443968,979870450577686528,2020-08-02
1289937854093639686,104216345,1217981398960758784,2020-08-02
1289909228887396352,83983948,922225785934577664,2020-08-02
1289928782837501953,1267621782867116040,976639244,2020-08-02
1289912268805685248,4357864515,1699773145,2020-08-02
1289918728184819712,397157417,3054577271,2020-08-02
1290255104973713408,289530033,289530033,2020-08-03
1289910969393504256,1197581307842306048,2334842175,2020-08-02
1290084480552591362,39300696,484350040,2020-08-03
1289926856074960896,938538814250905601,2306099193,2020-08-02
1289911948511862790,19419592,29076240,2020-08-02
1289914050009210882,3053978610,857691094208966657,2020-08-02
1289915255653466112,1082050415296823296,1082050415296823296,2020-08-02
1289918339481915395,43827155,3982538549,2020-08-02
1291854253212889088,115308684,1269462776,2020-08-07
1289915156978262016,278994571,4633464923,2020-08-02
1289918096313065474,1178293661433548800,780161328,2020-08-02
1289916011592871937,724794673470951427,848331538915893248,2020-08-02
1289918428891852800,1327100088,984936922869936128,2020-08-02
1289917573648142338,24357823,774195006,2020-08-02
1289917488994508802,1280459589033566208,1578768824,2020-08-02
1289918102176661509,186435919,186435919,2020-08-02
1289979504622891010,3351454733,830066014427693056,2020-08-02
1289921106908860416,1187710475196346368,1165689098830368768,2020-08-02
1289921055142879234,1197581307842306048,2334842175,2020-08-02
1290288474017239040,1205869880,1205869880,2020-08-03
1289920904403628032,1340115644,155694814,2020-08-02
1289923353453588481,3308046974,959413518184472576,2020-08-02
1289922871481917440,2859193062,20729264,2020-08-02
1289923302190747649,522220362,134253803,2020-08-02
1289927923424608256,115308684,63634105,2020-08-02
1289922895758495749,23375890,23375890,2020-08-02
1289926433494638600,43827155,3982538549,2020-08-02
1289926509839319040,43827155,3982538549,2020-08-02
1289925891699568647,43827155,3982538549,2020-08-02
1289923094987935749,2231534204,3262945002,2020-08-02
1289923780064600065,1450417315,3774640392,2020-08-02
1289927352630145030,810755496609247232,31539829,2020-08-02
1289926279790096384,4829101971,2587368793,2020-08-02
1289945828941955073,931286316,634656340,2020-08-02
1289957606153498625,1327100088,984936922869936128,2020-08-02
1289952712214233090,1268450440867348481,382277135,2020-08-02
1289925143637024774,35051304,3297184043,2020-08-02
1289928605384847363,938538814250905601,958899800589635584,2020-08-02
1289964158457270273,3233697852,1631520271,2020-08-02
1289927030566293509,3254135167,1631663060,2020-08-02
1289930036909416448,1454290874,61223373,2020-08-02
1289927323840462848,1223810073715081216,1288012660215349249,2020-08-02
1289938236823883778,3308046974,959413518184472576,2020-08-02
1289947793251905536,253541729,743985547488563200,2020-08-02
1289933042702675968,835236025312112640,1040366111265570816,2020-08-02
1289960425975472129,938538814250905601,2306099193,2020-08-02
1289939736543596544,1204361422240649217,50914408,2020-08-02
1290057781785985025,1128685338686152704,1208499536865435648,2020-08-02
1289929831568691203,2187890709,1658674627,2020-08-02
1289933618899349505,1007330705049780224,3472911554,2020-08-02
1289929640803356673,811514954159443968,1237949452780023809,2020-08-02
1289949442234134528,52338305,26083832,2020-08-02
1289934084379045890,1450417315,3774640392,2020-08-02
1289933743071719424,26891704,113364160,2020-08-02
1289957842846351360,859595187668103168,1240446738994999296,2020-08-02
1289941006121492480,1146621944164319232,783484733795672064,2020-08-02
1289934098702700544,1007330705049780224,976632236,2020-08-02
1289934818868830208,1040366111265570816,835236025312112640,2020-08-02
1289940861300613120,1285287638535155714,324163222,2020-08-02
1290462715279020033,19115409,1154963027155980290,2020-08-04
1289941054905450502,113364160,26891704,2020-08-02
1289934664589881344,104025481,46869390,2020-08-02
1290077537310257152,1236137025104904192,79753689,2020-08-03
1289936333603930112,109089475,1950267637,2020-08-02
1290023312580464640,1274612304500293632,1267302939737063424,2020-08-02
1289968939158482945,21522338,2772798101,2020-08-02
1289938773946572800,775723020811763712,303994855,2020-08-02
1290034560713932800,1289128295016038401,2273834996,2020-08-02
1289948417381277696,324163222,1285287638535155714,2020-08-02
1289971691565850630,4434966340,4822849205,2020-08-02
1289959024834670592,1246870023802482688,3100589564,2020-08-02
1289970861122887683,4434966340,4822849205,2020-08-02
1289986710030495746,1240003864063082497,281534155,2020-08-02
1289975849744203777,2892710886,1231227015371595776,2020-08-02
1290009485591769088,900021957424447488,4784,2020-08-02
1289940815742033920,1035181525,1035181525,2020-08-02
1289942531577221126,115308684,4430083997,2020-08-02
1289945785237417985,787852420122550272,470312938,2020-08-02
1289943556337971207,1441971834,705024775811264513,2020-08-02
1289944353000095745,269170752,22275577,2020-08-02
1290044092882153479,900021957424447488,4784,2020-08-02
1289947389495713794,1234509233061675009,543020062,2020-08-02
1289985890266361857,1157748392430309377,1054627621,2020-08-02
1289947663039729664,1182067777823285248,2249940996,2020-08-02
1289951216957452288,1175226135426322432,33518874,2020-08-02
1289947221899673601,1411689122,145940259,2020-08-02
1289963669212676099,1274782717889126402,400696924,2020-08-02
1289972908480016384,2345460559,430204030,2020-08-02
1289951122732400640,58562436,1218667776132308992,2020-08-02
1289949432885067776,1224206368653090816,1089645088395780097,2020-08-02
1289951710769643520,1276680838457982976,1058857497153466368,2020-08-02
1289952191206371328,1246531403292053508,3157520504,2020-08-02
1289948641797402624,967203258,796510681440931840,2020-08-02
1290145583366381568,1288296865956601861,536567883,2020-08-03
1290063857969328128,279702934,1003346656622972928,2020-08-02
1289964948752400386,1151114868793237504,314861257,2020-08-02
1289993549497241602,4829101971,874550869261529088,2020-08-02
1289964956377653248,1250161155395502088,96692407,2020-08-02
1289952773761449984,17189870,928680909351526400,2020-08-02
1289956754004926465,3081983657,889882434287788032,2020-08-02
1289950831119237122,2865907814,16323835,2020-08-02
1289951138041622528,1126160624151662592,62340600,2020-08-02
1289951098971668480,1267621782867116040,2956583408,2020-08-02
1289968941687701505,996572867318792192,55561374,2020-08-02
1289959129709068288,1214746901398085633,797109454080765952,2020-08-02
1289952311364657152,917551703578238976,194627130,2020-08-02
1289958303859118080,1304397978,582196516,2020-08-02
1289954502615814145,1256747547412103168,31243232,2020-08-02
1289953394128371712,2452681014,2452681014,2020-08-02
1289953746219184129,1215427735524298752,1262218808216784897,2020-08-02
1289954792756793344,1281608179579793418,1200626725778067456,2020-08-02
1289954540561653760,363870359,363870359,2020-08-02
1289958209612963841,1089645088395780097,392272675,2020-08-02
1289959013208080384,1020359957907234817,127673386,2020-08-02
1289956831540809730,1289644100698988544,247268658,2020-08-02
1289956723629756416,568519130,1276909081324859393,2020-08-02
1289957498581946375,3394214901,957052377156202501,2020-08-02
1289963462009819142,278994571,1190315784897208320,2020-08-02
1289971595088236545,561502105,384424873,2020-08-02
1289996643299807232,1276909081324859393,568519130,2020-08-02
1290000593977659393,818695087144079360,870490417753731073,2020-08-02
1289958322062282752,278994571,1190315784897208320,2020-08-02
1289961659553861632,2731336252,1190711435594219520,2020-08-02
1289958105367736320,3394214901,1149332421214658562,2020-08-02
1289958450194034689,3394214901,1069697220197449740,2020-08-02
1289959674482171904,1269721245043523586,1283509931786657793,2020-08-02
1289974281904955392,565869650,37025150,2020-08-02
1289960240062947330,2913355732,1275474348350926848,2020-08-02
1289960528501067776,775723020811763712,846332203,2020-08-02
1289971219991638016,3037104375,1171224775747915778,2020-08-02
1290073876882325505,957700086028472320,4329484154,2020-08-02
1289961290094575616,814551893359919105,814551893359919105,2020-08-02
1289969033614303233,3300889242,1175915719868997633,2020-08-02
1290067051302682624,985121526369447937,25324383,2020-08-02
1289962255862255616,64782002,327798908,2020-08-02
1289961956565114881,52870972,52870972,2020-08-02
1289963172196052994,3394214901,146510632,2020-08-02
1289963618046341120,975350390731563008,311864377,2020-08-02
1289981318168682496,225684809,775387375098859520,2020-08-02
1289963194287394817,713218818,15774954,2020-08-02
1290100757786583040,774091694081994752,89737889,2020-08-03
1289963582449258498,3188871920,977717941901889537,2020-08-02
1289964088936632320,1269721245043523586,1283509931786657793,2020-08-02
1290010155598393344,400696924,1274782717889126402,2020-08-02
1289964577115877378,732768811,1279449658901721088,2020-08-02
1289964706359160833,1147101378201948161,619531463,2020-08-02
1289964963033907207,713218818,15774954,2020-08-02
1289964977944530945,22717486,463308634,2020-08-02
1289965197927387136,1240790173870206976,2191298473,2020-08-02
1289965731036053504,1269721245043523586,1283509931786657793,2020-08-02
1289987777141051394,836664279763910656,706290107809034241,2020-08-02
1289973666776719360,1288182288992235520,1020925429971111936,2020-08-02
1290086457919582211,1236137025104904192,979471844779679744,2020-08-03
1289966398442110976,1288162123680485376,1231722318709305344,2020-08-02
1290009168838037515,811514954159443968,314003511,2020-08-02
1289978166300139521,732768811,1279449658901721088,2020-08-02
1289971954531758081,101170106,1147261773940187137,2020-08-02
1290004624057856002,350743183,254968940,2020-08-02
1290022910308933632,1281639796956442634,28628111,2020-08-02
1290024101956825088,1281639796956442634,28628111,2020-08-02
1289979680699768833,564207335,940126518,2020-08-02
1289969842179563520,828061648883707907,1236264285262598144,2020-08-02
1289970716700340224,1089645088395780097,392272675,2020-08-02
1289969940900929537,1121033637934325760,12755692,2020-08-02
1289969993095032832,977717941901889537,880127361768935425,2020-08-02
1289973321287602176,1288182288992235520,1004872062924566528,2020-08-02
1292619103283314698,1025607511,1025607511,2020-08-10
1289970511498424323,1264983255989858305,2906520701,2020-08-02
1289970889572806656,775723020811763712,846332203,2020-08-02
1289971138202763264,32216522,3960943574,2020-08-02
1289972486117834752,1511018348,1511018348,2020-08-02
1290085921316954112,37991124,52455436,2020-08-03
1289973085299335168,382012096,212339448,2020-08-02
1289973554142801921,382012096,212339448,2020-08-02
1289975564577542144,382012096,212339448,2020-08-02
1289976980717203456,64782002,935012616073875457,2020-08-02
1289974422200188929,1223713132222140416,904409761575301120,2020-08-02
1289988846323548160,1267621782867116040,1098286108557770752,2020-08-02
1289981137104773121,1006327253238550528,1380731221,2020-08-02
1289988304180588551,14714040,1031769872793911296,2020-08-02
1290069262271307776,1833241686,31424695,2020-08-02
1290028567024336898,923117164181176320,967618200,2020-08-02
1289992232603234305,2335401236,1206048352619515904,2020-08-02
1290002535575465989,19346439,849125734106808320,2020-08-02
1289977138578423808,496404509,4671374114,2020-08-02
1289982702704156673,176929299,2238250476,2020-08-02
1289977258111713282,739184414341640192,280833073,2020-08-02
1289979222790823936,1089645088395780097,392272675,2020-08-02
1289978382306942976,1245119401793372160,81164801,2020-08-02
1291808345028997122,1243795698723819523,1286088343395024897,2020-08-07
1290008069317918721,2937180207,4197719541,2020-08-02
1289988075888680961,15396693,1190458974962733056,2020-08-02
1290014907468058625,3097598477,105269093,2020-08-02
1289983076660129792,18599424,1188545130279718912,2020-08-02
1289985884981530624,595674589,3319319311,2020-08-02
1289997577790791681,4056779505,164762850,2020-08-02
1290241665366540288,800029269078339584,1267520634021539840,2020-08-03
1289984242475134977,3738482058,4237441813,2020-08-02
1290090451404374016,902647128815792129,90707068,2020-08-03
1289986912413863937,882820282221809664,363955840,2020-08-02
1289983916741464064,21288833,820334288990339072,2020-08-02
1289984110371278848,739253094,1620735902,2020-08-02
1289992735479349249,18240339,2787621773,2020-08-02
1289985358034161664,820334288990339072,21288833,2020-08-02
1289984999823818753,1102245462499905536,157186320,2020-08-02
1289987994091364352,1441673053,115418265,2020-08-02
1289985978095087622,1007599495285235712,1007599495285235712,2020-08-02
1289985622862516225,1220207726,1220207726,2020-08-02
1290003337903972352,1203412595836948480,703337580180459520,2020-08-02
1289987367521009664,896424124897267713,758552767,2020-08-02
1289991235030011904,64782002,14933852,2020-08-02
1289990425265074176,1117977746511151105,1602362719,2020-08-02
1289991497857658880,1132681939956240391,1259356106255749122,2020-08-02
1289996241628041225,64782002,1122591290703663110,2020-08-02
1290021342671040512,1252369660592316418,544289204,2020-08-02
1289998596129959936,1276674375479996416,1188186536,2020-08-02
1289992378468663296,739253094,1156175139727454208,2020-08-02
1289989762661539840,2913355732,4879312347,2020-08-02
1290028001938137088,26851276,2243240390,2020-08-02
1289991988855504896,1235922754915815424,1072732872576970753,2020-08-02
1290038418139824128,1276982811056934912,1078717447547600898,2020-08-02
1290036268080848896,186868870,759232227645464576,2020-08-02
1289991384137527297,2358509347,1261663171657506816,2020-08-02
1289995459566526464,3319319311,595674589,2020-08-02
1289992116026748928,3394214901,757824077423751169,2020-08-02
1289996030298161157,1166064430586707969,1166070345302007813,2020-08-02
1290054200781463553,984605262999732225,1117977746511151105,2020-08-02
1289993209096155136,739253094,1157739584375013376,2020-08-02
1289996440199204865,345110600,261062167,2020-08-02
1289993700471263232,937136401,16740328,2020-08-02
1289994063110840322,759232227645464576,217265169,2020-08-02
1289995209342963717,3047509021,779460759222755328,2020-08-02
1289999438178467840,759232227645464576,217265169,2020-08-02
1289996582310408193,830159625093783552,862324808939339777,2020-08-02
1289995366880776194,1126160624151662592,62340600,2020-08-02
1289996607245582337,27339484,1250190652744314886,2020-08-02
1290003153111224321,917551703578238976,18701688,2020-08-02
1289996479923462145,1257767102968221701,840550753890635777,2020-08-02
1290004895903277056,1245119401793372160,81164801,2020-08-02
1290036743001919488,1267829664766029824,1175611367287447555,2020-08-02
1290018056010227712,21522338,2996253413,2020-08-02
1290003642813095937,115308684,192759922,2020-08-02
1290017251945361408,1204361422240649217,2787718283,2020-08-02
1289998125323546624,116238896,18919119,2020-08-02
1289997956389564417,1288182288992235520,1020925429971111936,2020-08-02
1289999908167024640,1117977746511151105,1250479372391387138,2020-08-02
1290022370799792129,4389168442,936008115300028416,2020-08-02
1290021602264981509,1261890719041703937,228825204,2020-08-02
1289998780608045056,104309271,1002592450228170752,2020-08-02
1290003112514658304,115308684,192759922,2020-08-02
1289999262659432449,1195382439729926144,1234934462426861568,2020-08-02
1289999667690799104,64660467,64660467,2020-08-02
1290074045774352385,1236137025104904192,1207327346316980224,2020-08-02
1290000224241348608,116238896,18919119,2020-08-02
1290036699947397121,773660615298707457,1898700013,2020-08-02
1290727855681413121,1511018348,1511018348,2020-08-04
1290001076762992647,1164176203923820544,1221188830834962435,2020-08-02
1290048219771293697,1281313828643504134,874582929212669953,2020-08-02
1290001614888083456,1086976130819809280,852181870284599296,2020-08-02
1290003626765643781,1117977746511151105,273239803,2020-08-02
1290004022930411521,898946995,953322469917581312,2020-08-02
1290008042981842944,104309271,1002592450228170752,2020-08-02
1290005881283702785,116238896,18919119,2020-08-02
1290003736694145024,3195419603,1241803387517181952,2020-08-02
1290002684158730240,1055405245449322496,955431404,2020-08-02
1290074672675971072,1236137025104904192,466124303,2020-08-02
1290002207966863361,1195551248906244097,1267602684011515904,2020-08-02
1290003235969757184,1164176203923820544,967439499943907329,2020-08-02
1290003461631746048,1164176203923820544,967439499943907329,2020-08-02
1290002585508691968,105617010,1076707500819447809,2020-08-02
1290006754026291200,1117977746511151105,1219740472257630210,2020-08-02
1290004134402371585,288418820,288418820,2020-08-02
1290005957561311232,1235922754915815424,1032006224328486912,2020-08-02
1290006931843629059,82433,559835372,2020-08-02
1290045102115581952,1260285039448739840,601474744,2020-08-02
1290006433958961154,1257767102968221701,840550753890635777,2020-08-02
1290021746129530880,749857962,3049245868,2020-08-02
1290010342152531968,3319319311,595674589,2020-08-02
1290011784968130561,21522338,4414830492,2020-08-02
1290018165716430849,1204361422240649217,1125104800436228098,2020-08-02
1290008212402405376,1254869477746978817,853658041107009536,2020-08-02
1290037287753932800,1085654735666008064,838507031493386240,2020-08-02
1290027276738813952,868297606816026624,1081780284394106881,2020-08-02
1290008218144395264,144168856,1121123792867266560,2020-08-02
1290010849487118336,1257767102968221701,840550753890635777,2020-08-02
1290013104659509248,38311795,1194234159448887297,2020-08-02
1290008647796318209,1121123792867266560,144168856,2020-08-02
1290008668021256192,902682750,920768585093455872,2020-08-02
1290009727552765952,1237118697493446659,87821051,2020-08-02
1290010580347043841,1164176203923820544,991942711413526528,2020-08-02
1290022229711843328,3000390403,917895265507569664,2020-08-02
1290011720505688064,1117977746511151105,140680447,2020-08-02
1290011623038558208,4056779505,797874356038684672,2020-08-02
1290039644550135808,1276982811056934912,2275583316,2020-08-02
1290010665466204160,559835372,82433,2020-08-02
1290011980565303299,4889919687,4889919687,2020-08-02
1290020096174252032,104309271,1002592450228170752,2020-08-02
1290015615583842304,64782002,14933852,2020-08-02
1290012943971520512,1117977746511151105,824920081423540225,2020-08-02
1290013145574944768,35860455,707537199,2020-08-02
1290058977733160963,21522338,9166762,2020-08-02
1290027045154504704,1194234159448887297,38311795,2020-08-02
1290014445201010688,997087345856909312,997087345856909312,2020-08-02
1290168252606214144,984605262999732225,1117977746511151105,2020-08-03
1290029230034575360,1092462165561229312,1110392663671533569,2020-08-02
1290044233659760640,4671374114,496404509,2020-08-02
1290152675246473216,557487453,1232467981021696000,2020-08-03
1290014807358234624,863484520884035584,1238078479079538689,2020-08-02
1295842802119499776,1258227571654717441,2957674128,2020-08-18
1290016633805656064,18220818,2247906445,2020-08-02
1290388591563112449,982377732230254599,982377732230254599,2020-08-03
1290020629320814593,1285742758985162752,1220235328578973697,2020-08-02
1290057414503313409,21522338,18996563,2020-08-02
1290045964128903169,4340793021,3404920522,2020-08-02
1290017019832619008,2800961987,2800961987,2020-08-02
1290042082141249537,179792354,1277787454079209472,2020-08-02
1290018218665418752,1287162964877877248,164577118,2020-08-02
1290017725960527872,1237539662773866497,1275908811262504961,2020-08-02
1290025444574560256,1173041641,929738050229407744,2020-08-02
1290021342150971392,1248486940766134274,1178661179046137858,2020-08-02
1290025270330552320,3394214901,747583685713661952,2020-08-02
1290019843190616064,1189761425063006208,2590422805,2020-08-02
1290024015537594368,2818295215,2818295215,2020-08-02
1290019524394143744,2366035242,2366035242,2020-08-02
1290026089356509184,140680447,2251405903,2020-08-02
1290019969103585280,2366035242,2366035242,2020-08-02
1290027807431471104,4236661,2304288702,2020-08-02
1290088497663979522,4236661,2304288702,2020-08-03
1290029316089159680,301111552,3070261742,2020-08-02
1290021940573245440,997087345856909312,997087345856909312,2020-08-02
1290021152744759296,1164176203923820544,991942711413526528,2020-08-02
1290029268919971841,2913355732,2177158698,2020-08-02
1290027741081870336,795131650929635328,51510736,2020-08-02
1290024036097957888,2340921186,2340921186,2020-08-02
1290023595683454976,1591400760,1591400760,2020-08-02
1290026924341727232,1020359957907234817,127673386,2020-08-02
1290023494508404736,17450410,4389168442,2020-08-02
1290024973122154496,541777125,815345929695825920,2020-08-02
1290025078348853248,1110392663671533569,4815326525,2020-08-02
1290119960799281153,1121123792867266560,1208028579839299591,2020-08-03
1291798987750555648,138140133,138140133,2020-08-07
1290026772809973760,104309271,1002592450228170752,2020-08-02
1290027328039395329,64782002,3389001,2020-08-02
1290026621492015104,1117504878111264773,1132398259547398150,2020-08-02
1290026637673693184,573921084,1104752011013169152,2020-08-02
1290030039937847296,1092462165561229312,1344675571,2020-08-02
1290031949256392705,757915823822430209,697833790257893376,2020-08-02
1290053786761797633,811514954159443968,926963082320072704,2020-08-02
1290026997503205383,541777125,815345929695825920,2020-08-02
1290027891883773952,381498510,2184580790,2020-08-02
1290027819720818688,27893396,1140351313382952961,2020-08-02
1290038540269547520,907622559826325504,1076313345102356480,2020-08-02
1290029558075240448,832447306611912704,1144042667782877184,2020-08-02
1290028261469126656,1092462165561229312,1092462165561229312,2020-08-02
1290032092575719424,152194866,15831927,2020-08-02
1290029652212408320,51510736,795131650929635328,2020-08-02
1290251951662194689,1160730626850512897,1036380134,2020-08-03
1290036308065189889,67995460,1220488149006155777,2020-08-02
1290030315524599808,1197328929167728640,1013840071823413250,2020-08-02
1290046793699401729,18003261,818134159944282116,2020-08-02
1290151663680929797,1155984244780535808,940789714700738560,2020-08-03
1290110383903002626,1710316669,1286966425647816704,2020-08-03
1290038863671377921,757915823822430209,697833790257893376,2020-08-02
1290452315930079232,1281639796956442634,28628111,2020-08-04
1290034065265922048,1178866430151921664,127615251,2020-08-02
1290037958062387200,152194866,15831927,2020-08-02
1290035341013864453,16634471,16634471,2020-08-02
1290058103950434304,1248689875487866880,903068696406626308,2020-08-02
1290037229104947201,160142930,996163188654829572,2020-08-02
1290038028166037505,66302303,724638877,2020-08-02
1290037951074676737,1898700013,773660615298707457,2020-08-02
1290038305904398336,19346439,69921786,2020-08-02
1290044749353631745,1092462165561229312,1344675571,2020-08-02
1290041094995050504,705611718,1007998188,2020-08-02
1290086279930028032,2261745031,1207357186827005953,2020-08-03
1290041937630642177,19346439,69921786,2020-08-02
1290043397130969089,766719206247108608,114965569,2020-08-02
1290047310970273792,81155558,928025894827913216,2020-08-02
1290044567543148544,2249531,801420475817750528,2020-08-02
1290042847022915586,1278055347534602240,1278055347534602240,2020-08-02
1290129657161949184,48170966,1288359384318218242,2020-08-03
1290067596688134144,36501867,397545273,2020-08-02
1290085548972019712,1267982563,726759084939206656,2020-08-03
1290043806847401984,283279357,586921010,2020-08-02
1290048988922540033,937136401,854131189057150976,2020-08-02
1290168197178462209,775723020811763712,1056612959076651010,2020-08-03
1290050974946492416,803712098140389376,4056928481,2020-08-02
1290047161061654528,1117977746511151105,19992131,2020-08-02
1290048864586567680,1957165362,341241270,2020-08-02
1290069177319821312,1266440570874007553,839768832558399491,2020-08-02
1290052684116971520,21522338,344732231,2020-08-02
1290048594829905921,1116747937412001792,1116747937412001792,2020-08-02
1290602955721383936,28230854,28230854,2020-08-04
1290076364024897537,915347593739239424,436454066,2020-08-03
1290049623671767040,895763369495588866,380482361,2020-08-02
1290292642828488708,859597084646944770,2397195295,2020-08-03
1290223958847918081,2727564506,31525995,2020-08-03
1290445928898404360,3112101121,32210438,2020-08-04
1290051981868924930,276055500,1276820143675490305,2020-08-02
1290052980457132032,1031769872793911296,14714040,2020-08-02
1290113442129444866,331202888,389240077,2020-08-03
1290079735381282816,896583352576348161,2844532387,2020-08-03
1290054724629209088,519859974,20902081,2020-08-02
1290055347676184581,519859974,20902081,2020-08-02
1290054635273613312,845164946,32316293,2020-08-02
1290060932597477376,1289128295016038401,2273834996,2020-08-02
1290061007738437632,1289128295016038401,2273834996,2020-08-02
1290146268178608128,448900071,1282447648914657286,2020-08-03
1290055858567569410,3081983657,400334302,2020-08-02
1290058607485018112,766719206247108608,857160272,2020-08-02
1290055609396543490,1267829664766029824,1194059376866340866,2020-08-02
1290056480196947968,14714040,1031769872793911296,2020-08-02
1290060449782759424,1133124481680125952,997886122939199488,2020-08-02
1290059149020024832,1214709725503332355,165151788,2020-08-02
1290058112351657985,1130151179491561472,84864533,2020-08-02
1290057508791267330,732768811,469109941,2020-08-02
1290057604694147075,20902081,519859974,2020-08-02
1290060660999512064,808289413818105856,3121824980,2020-08-02
1290092272994852866,1267829664766029824,1194059376866340866,2020-08-03
1290120151942086660,1274782717889126402,400696924,2020-08-03
1290062249013293056,1033173349885779968,1238526328565125121,2020-08-02
1290069167190626306,4364047217,2330686734,2020-08-02
1290068154194919424,115308684,2788690096,2020-08-02
1290062149281173504,1030270394953949184,1030270394953949184,2020-08-02
1290073724293529603,798711349115310080,25553297,2020-08-02
1290065632612868098,18184205,1934795695,2020-08-02
1290063577768845312,526481002,1270942851229089792,2020-08-02
1290091568498524160,1003346656622972928,279702934,2020-08-03
1290066924114546689,795131650929635328,51510736,2020-08-02
1290065020525543426,2800961987,2800961987,2020-08-02
1290078062181142530,52942321,2350295491,2020-08-03
1290065337933864960,1284843711508119553,829919197,2020-08-02
1290065231146672129,1883550546,1883550546,2020-08-02
1290102756267577344,818134159944282116,18003261,2020-08-03
1290067558658269184,101170106,4658821161,2020-08-02
1290067792729747457,1210048801232347139,1210048801232347139,2020-08-02
1290077279758856193,223157885,66222550,2020-08-03
1290068193260662785,1147518921307774976,793504743113035776,2020-08-02
1290067979577602049,2800961987,2800961987,2020-08-02
1290085927876874241,1265284702769840128,32735808,2020-08-03
1290069251001405446,739084091300122625,1120407249732739073,2020-08-02
1290071625178603522,1120407249732739073,739084091300122625,2020-08-02
1290073473214226439,830070554661101572,830070554661101572,2020-08-02
1290074604715667456,1520997890,983946062032490496,2020-08-02
1290075674233847808,824023369578188800,1169411679261732864,2020-08-03
1290073278283804672,1497339091,4074592458,2020-08-02
1290103356245999616,194222253,1055405245449322496,2020-08-03
1290080055863816194,251866080,1245005983845421059,2020-08-03
1290172340920360961,105719039,232933611,2020-08-03
1290075994406051840,983946062032490496,1520997890,2020-08-03
1290078688147435522,1251647844462690304,926164634570067968,2020-08-03
1290107454450069505,2331287820,1069819256,2020-08-03
1290078162731245568,219862792,219862792,2020-08-03
1290086211323752448,1236137025104904192,4150881927,2020-08-03
1290079217678393344,4056779505,196252810,2020-08-03
1290082678021095424,1245837913369251847,1057369754468540417,2020-08-03
1290242727817297921,2892710886,184666903,2020-08-03
1290121163834679296,2330976006,2602597430,2020-08-03
1290099341441536000,917551703578238976,1015446399662477313,2020-08-03
1290082183525175297,1086976130819809280,1215061046152585217,2020-08-03
1290082909966053376,1086976130819809280,1215061046152585217,2020-08-03
1290106321514246150,772291197624733700,16916445,2020-08-03
1290083987503734784,987923179548033024,1283011398067384321,2020-08-03
1290085154656940033,819875711850807300,50874480,2020-08-03
1290084904160485378,987923179548033024,1283011398067384321,2020-08-03
1290209190078828544,927790585339097088,2726236953,2020-08-03
1290085989105336321,1193374671627882496,1142923612825018370,2020-08-03
1290110129703067650,824004822508728320,116022874,2020-08-03
1290111340627910656,2228878592,818656298,2020-08-03
1290088350368575488,17477864,1202574924432498689,2020-08-03
1290087940740263936,47484333,117157321,2020-08-03
1290100498201100288,788403528507101184,21306324,2020-08-03
1290090643025518593,4056779505,196252810,2020-08-03
1290088435777040385,1196595414755106816,1196595414755106816,2020-08-03
1290088569151713280,882456098,1726667976,2020-08-03
1290088787880497153,23259015,713839291210792960,2020-08-03
1290107589506633728,912504643355381762,508006873,2020-08-03
1290088742816870400,47484333,117157321,2020-08-03
1290093003961335809,1283509931786657793,1289944162612125697,2020-08-03
1290090526822154240,2823365080,1266851721025912833,2020-08-03
1290090156142157827,117157321,47484333,2020-08-03
1290091242827653120,802688617957171200,882456098,2020-08-03
1290091129430372352,44192285,44192285,2020-08-03
1296978558003195905,1277861698871816193,1252336473719795714,2020-08-22
1290093551473369097,2318991212,1244683699129651200,2020-08-03
1290102642136330240,314959040,990009858777903106,2020-08-03
1290098143132921857,279702934,1003346656622972928,2020-08-03
1290097248647254016,1216159565726670849,372833244,2020-08-03
1290246112457011201,1175432790919303172,808905978,2020-08-03
1290098022513127424,633972408,2175150470,2020-08-03
1290097268494708738,937136401,1289854976689283072,2020-08-03
1290102773409673223,1262244857826783233,61505572,2020-08-03
1290097036738441218,186705617,18302779,2020-08-03
1290105519533772800,706576098319060992,897501727,2020-08-03
1290109754044375040,1276542542402727938,32727266,2020-08-03
1290098560180994048,1138210781697257473,1077724667828494336,2020-08-03
1290098849978044416,1003346656622972928,279702934,2020-08-03
1290100204452999169,212064637,409490745,2020-08-03
1290111275528335361,1267829664766029824,1194059376866340866,2020-08-03
1290101365725945857,255079989,593322663,2020-08-03
1290103644939935744,1593258912,1252426964511731712,2020-08-03
1290102930402467840,21306324,788403528507101184,2020-08-03
1290112364788867072,4357864515,423102875,2020-08-03
1290103076674625538,1260028356008935424,1246007845,2020-08-03
1290102476998193152,12219722,12219722,2020-08-03
1290112340805816321,1267829664766029824,1353396769,2020-08-03
1290109910068338689,4236661,1658349258,2020-08-03
1290116352028471296,1260319124401479680,701634870854832128,2020-08-03
1290103586832056320,990009858777903106,314959040,2020-08-03
1290106305898717186,104309271,1236104328739352576,2020-08-03
1290111762541318145,1086664233767583744,1236196119077474305,2020-08-03
1290109015238668289,4236661,1658349258,2020-08-03
1290107093609877504,225012752,225012752,2020-08-03
1290103672488173568,16507988,347941229,2020-08-03
1290104229311414275,1252426964511731712,1593258912,2020-08-03
1290104445112446977,4871544759,1159254575347621888,2020-08-03
1290113295462969345,314959040,3580923617,2020-08-03
1290115772841304066,1283509931786657793,1289944162612125697,2020-08-03
1290107415212339200,1225997649431543808,1260028356008935424,2020-08-03
1290108371496865793,116238896,18919119,2020-08-03
1290132433669517313,1176674394564788224,1289959949305622533,2020-08-03
1290273420987555840,199820153,153184748,2020-08-03
1290109230050168835,1252426964511731712,1593258912,2020-08-03
1290111315629838336,1532087922,14336283,2020-08-03
1290110752531968001,259765165,1097144666347180038,2020-08-03
1290142211300978689,4236661,1092427850060349440,2020-08-03
1290113179079421952,1207357186827005953,846053714813181952,2020-08-03
1290119701981356033,16116288,2411942305,2020-08-03
1290130731474141184,1155918395914608642,1251957272651145217,2020-08-03
1290112826783064064,1150900707710636035,1133929324829204480,2020-08-03
1290112847012233217,1241851124,1241851124,2020-08-03
1290113111010099200,1046191658780561408,407731798,2020-08-03
1290113735844139008,1150900707710636035,1133929324829204480,2020-08-03
1290114705613258752,14336283,1532087922,2020-08-03
1290117780381958145,150952795,1020329468139732992,2020-08-03
1290115295252602887,738967322,17295818,2020-08-03
1290456071664959488,391627315,580931081,2020-08-04
1290115715681398784,15850711,716111048588320769,2020-08-03
1290140183015206913,633972408,2175150470,2020-08-03
1290118420248240129,783461654545600513,575562653,2020-08-03
1290139887954300928,633972408,2175150470,2020-08-03
1290119372007067649,1082050415296823296,1082050415296823296,2020-08-03
1290127857587326977,3061123451,3312933828,2020-08-03
1290121566920028160,754059798145007616,1152415802026594304,2020-08-03
1290132602649604097,1176674394564788224,1289959949305622533,2020-08-03
1290120584261591040,2411942305,16116288,2020-08-03
1290120292317224962,400146254,400146254,2020-08-03
1290128682938335232,496405130,25956210,2020-08-03
1290124386410930178,152016805,186842332,2020-08-03
1290124015298727942,153022731,273090769,2020-08-03
1290142110432157697,3065070227,67164754,2020-08-03
1290265542796828674,917972406198775808,2225460714,2020-08-03
1290288830579224581,1267502896528199684,2578511355,2020-08-03
1290279070819684352,1241143393562091520,2816111238,2020-08-03
1290129080419889152,1046316084897308672,980342951476740096,2020-08-03
1290129430778527746,808289413818105856,2331287820,2020-08-03
1290129337602080768,9166762,17472479,2020-08-03
1290145959893069824,718667613522407425,1204457639196987398,2020-08-03
1290130041423060992,1102220793709297664,53540050,2020-08-03
1290135324807569409,2835609500,909130604087857153,2020-08-03
1290134196363522048,21522338,1166057727396913152,2020-08-03
1290132208603332609,9166762,1223097933421146113,2020-08-03
1290243844357779461,81155558,928025894827913216,2020-08-03
1290133818091827200,21522338,2902302716,2020-08-03
1290132803158302720,9166762,1223097933421146113,2020-08-03
1290140018766307328,160142930,996163188654829572,2020-08-03
1290196401280831488,918081686339911682,801112402188189696,2020-08-03
1290134662220623873,758814432306737152,758814432306737152,2020-08-03
1290137386047795200,3053978610,857691094208966657,2020-08-03
1290227602246909953,975350390731563008,914870246414090242,2020-08-03
1290134763882213376,9166762,1223097933421146113,2020-08-03
1290594788442480643,1176674394564788224,953086340089786368,2020-08-04
1290136312259866625,64782002,22925939,2020-08-03
1290137938378907648,2835609500,909130604087857153,2020-08-03
1290137383925460994,866767426628841472,59847966,2020-08-03
1290138332937113602,53540050,1102220793709297664,2020-08-03
1290138487312719872,21522338,413570094,2020-08-03
1290139353356746752,1119248859727892481,3050564758,2020-08-03
1290255644952469504,499506758,2473629295,2020-08-03
1290142552650211329,64782002,67509330,2020-08-03
1290147025099530241,1117504878111264773,1119739034941698050,2020-08-03
1290470304322670592,116843810,516093297,2020-08-04
1290141090134122497,818399902048878593,38859668,2020-08-03
1290142163242586112,1122591453924839424,77006882,2020-08-03
1290202370639638528,895763369495588866,1139095984233955329,2020-08-03
1290142441178161153,64782002,1267543060742672385,2020-08-03
1290258609675202560,67657759,813131146859081733,2020-08-03
1290144405983318016,3408434500,3540699975,2020-08-03
1295195790487543813,1197338855059443713,16078975,2020-08-17
1290147225364885505,3559972936,3452694926,2020-08-03
1290151158103695361,153022731,1107815275435560960,2020-08-03
1290260079900413955,2835609500,909130604087857153,2020-08-03
1290149376795451392,153022731,2244651308,2020-08-03
1290155951178252289,1112115866513170432,1226977192120287234,2020-08-03
1290149804635385856,718667613522407425,1204457639196987398,2020-08-03
1290151264651640834,4587520214,89388394,2020-08-03
1290152229660323841,1235076927586586624,87804966,2020-08-03
1290150662949367809,1204457639196987398,718667613522407425,2020-08-03
1290154681163907072,762522504,138829105,2020-08-03
1290154809740279810,877237795311439872,847879206230908928,2020-08-03
1290156915343990784,1067237266026827777,4750080627,2020-08-03
1290246364778045440,58773473,936081925743058945,2020-08-03
1290209979555708928,21522338,257068572,2020-08-03
1290159728115425282,762522504,138829105,2020-08-03
1290214134169194496,3394214901,1207744813715640322,2020-08-03
1290424530687729667,448900071,37302510,2020-08-03
1290252125650395136,331638306,264569592,2020-08-03
1290175377491423237,2457647209,983023296152260608,2020-08-03
1290172196711567360,1273840682851987456,755186052,2020-08-03
1290251840005656577,2791277339,1116844691339862016,2020-08-03
1290179262557769730,303134994,1236056880411299842,2020-08-03
1290188483613437954,28585697,1285774565545775104,2020-08-03
1290277551269535746,125404848,1262453512409174023,2020-08-03
1290163918128607232,3090966888,224183420,2020-08-03
1290166965026267137,1268093477058777089,819482905,2020-08-03
1290213079410647040,1046586316807446528,1046586316807446528,2020-08-03
1290169410414551040,1053309451,1271268689149489152,2020-08-03
1290236555638878208,1129574552848224256,760966139258212352,2020-08-03
1290180690709843969,98594324,105719039,2020-08-03
1290181748853153793,236677004,1279092293497008130,2020-08-03
1290173887863336961,3501160458,3501160458,2020-08-03
1290182309178744835,1053309451,1271268689149489152,2020-08-03
1290199456403554305,2903895178,149932313,2020-08-03
1290179462168903680,1117898546055761920,807257294220181504,2020-08-03
1290614993268834304,1082074142818455553,1250240796743176192,2020-08-04
1290199011702345728,762522504,1608412608,2020-08-03
1290267367314874368,379863662,2892660364,2020-08-03
1290224306044063744,1053309451,1271268689149489152,2020-08-03
1290185157937250304,2459988619,353387200,2020-08-03
1290186134648025089,44456936,32694215,2020-08-03
1290185735115436032,1559957430,1559957430,2020-08-03
1290188062681632768,101538889,101538889,2020-08-03
1290213388669214720,3394214901,182062024,2020-08-03
1290191525540847617,1268093477058777089,819482905,2020-08-03
1290200377699311616,2913355732,327692020,2020-08-03
1290279842945142784,1224206368653090816,1089645088395780097,2020-08-03
1290401775703461890,34384708,34384708,2020-08-03
1290192859472310273,1288772544594456577,1288772544594456577,2020-08-03
1290203866055680000,1142921062444929025,3280073263,2020-08-03
1290260892911771651,22026378,797288274008166400,2020-08-03
1290288837118361601,1092882789450567681,782046053763735552,2020-08-03
1290206203985846272,1725398299,3589537703,2020-08-03
1290212598621679616,872065124068188160,377696352,2020-08-03
1290209985931051008,1142921062444929025,3280073263,2020-08-03
1290222462874001408,174369590,143046890,2020-08-03
1290276154641747968,2913355732,15401164,2020-08-03
1290218022360084480,3060176153,3060176153,2020-08-03
1290218060251455489,52423655,1037876504506650629,2020-08-03
1290248394225541120,339219995,339219995,2020-08-03
1290218824935936000,21522338,59422843,2020-08-03
1290237756442947584,835485461283905536,724883213613674496,2020-08-03
1290227141808971776,21522338,3192342100,2020-08-03
1290220098381205505,21522338,1262934701972639744,2020-08-03
1290226231288270850,21522338,2469723355,2020-08-03
1290285154770890753,51241418,15193803,2020-08-03
1290230170205351936,872065124068188160,2967501298,2020-08-03
1290231601301827592,92695250,767994907562651648,2020-08-03
1290228618816151553,876821767565832192,710860063464923136,2020-08-03
1290283278956552192,4056779505,1079789697860333568,2020-08-03
1290289208267956224,820062539233062912,123608597,2020-08-03
1290233356920057857,960398836245114880,960398836245114880,2020-08-03
1290389093277409281,1255479087436566536,34431712,2020-08-03
1290237360349646848,46154573,699707780396146688,2020-08-03
1290236121977217025,21522338,14269475,2020-08-03
1290240256101376002,21522338,2523546552,2020-08-03
1290260145188958208,376871371,773330865682341888,2020-08-03
1290257080562008064,983946062032490496,1520997890,2020-08-03
1290240819681624064,1195382439729926144,851322787,2020-08-03
1290246256883720192,1207500760847704065,516997364,2020-08-03
1290246842769215489,541777125,3397909540,2020-08-03
1290378796810612739,1241851124,1146424776,2020-08-03
1290252613980696577,494657747,1172488512547020800,2020-08-03
1290252596892987393,340351070,1378273418,2020-08-03
1290381614204071936,1617069110,254696933,2020-08-03
1290381837093617665,1617069110,254696933,2020-08-03
1290381907213946880,1617069110,254696933,2020-08-03
1290269449337987072,710355652418252800,869436268689666050,2020-08-03
1290253676561362944,1883550546,1283371443309416449,2020-08-03
1290255115660611584,1195382439729926144,982384422656925697,2020-08-03
1290255271009255424,1883550546,1035904147,2020-08-03
1290257781602172930,1182299360152956931,468936752,2020-08-03
1290258357421449216,726873022603362304,1245114255331991552,2020-08-03
1290261428226539521,153022731,331377950,2020-08-03
1290261050214903809,993741831123877888,433105466,2020-08-03
1290281007069818881,19346439,2795615241,2020-08-03
1290261276090748932,494657747,1172488512547020800,2020-08-03
1290261909799747584,2596303496,1099119379369857025,2020-08-03
1290272623721496577,417088177,871885472531759104,2020-08-03
1290263725774176257,24816997,346150554,2020-08-03
1290263739682430979,544455548,544455548,2020-08-03
1290267621208862720,1045248268844847105,1093675867140698113,2020-08-03
1290264695371309056,2853095113,308220476,2020-08-03
1290264644322549760,788661027936370688,1015703741331312643,2020-08-03
1290266236828360704,993741831123877888,24395197,2020-08-03
1290265805150547973,24816997,346150554,2020-08-03
1290266186840563714,1089299047352070145,1080877672249675781,2020-08-03
1290266166146019329,1277548176904511488,952861189041684480,2020-08-03
1290271098907459585,17636204,437047141,2020-08-03
1290267700241940480,1031986173101699079,339927723,2020-08-03
1290267970522890241,71860801,570798245,2020-08-03
1290270670614491144,864487498935787520,1114103338528858112,2020-08-03
1290685657883594753,1093675867140698113,1045248268844847105,2020-08-04
1290268359498571781,24816997,346150554,2020-08-03
1290270264794550273,198910545,93184167,2020-08-03
1290269724517863425,738018436333199360,738018436333199360,2020-08-03
1290270110121250817,727192031177506818,1267619387458162688,2020-08-03
1290423485592870913,1272722921383792641,460792401,2020-08-03
1290270623877406725,1284827454897631232,29553918,2020-08-03
1290272126046363651,1114103338528858112,1244246842558369792,2020-08-03
1290420872797237251,1272722921383792641,460792401,2020-08-03
1290284057004257281,1214759271952465920,1214759271952465920,2020-08-03
1290426960779177986,1272722921383792641,460792401,2020-08-03
1290301115494305792,713928022236069889,509624001,2020-08-03
1290275842988400647,14458674,2739612855,2020-08-03
1290393974050623489,22978903,22978903,2020-08-03
1291559925538324481,1290259136714874880,1083214058902425606,2020-08-07
1290273023971319808,2865907814,202027824,2020-08-03
1290272857218412550,153022731,1599570288,2020-08-03
1290275297875509249,1883550546,511108832,2020-08-03
1290383926498750464,501370835,910271755842932737,2020-08-03
1290276864167223296,255079989,74698700,2020-08-03
1290275655376965633,1883550546,1559992308,2020-08-03
1290275014961328134,1272730692086988800,1272730692086988800,2020-08-03
1290275364485378048,71860801,570798245,2020-08-03
1290275725216346112,71860801,570798245,2020-08-03
1290282846054047747,929549587,966664203770703873,2020-08-03
1290276081937682432,13951732,13951732,2020-08-03
1290277267927597057,732768811,877207633274576897,2020-08-03
1290281265963216898,31762001,1394717444,2020-08-03
1290292722113425417,3351454733,830066014427693056,2020-08-03
1290277856845557761,875422178308751360,875422178308751360,2020-08-03
1290278833619435521,71860801,570798245,2020-08-03
1290280778354450439,236487888,1242900886504058881,2020-08-03
1290280685513535488,1550790102,2370773004,2020-08-03
1290280213826371585,593322663,23896511,2020-08-03
1290280145136173057,993741831123877888,433105466,2020-08-03
1290280914677719040,255079989,1157567964478001152,2020-08-03
1290280422656495617,331202888,264036902,2020-08-03
1290280539425869827,41621878,2588745144,2020-08-03
1290283012303855616,1394717444,31762001,2020-08-03
1290291083511881728,1118839474253856769,886305675017687042,2020-08-03
1290283267518631936,1520997890,983946062032490496,2020-08-03
1290284705745698816,4829101971,584925786,2020-08-03
1290287615074357249,2867243805,49642420,2020-08-03
1290287108297330693,255079989,74698700,2020-08-03
1290287002286354432,4885091598,602623401,2020-08-03
1290294668391981056,593322663,23896511,2020-08-03
1290285821405171713,711667461414916098,3006368482,2020-08-03
1290521903648722949,237520840,237520840,2020-08-04
1290287867835478017,983946062032490496,1520997890,2020-08-03
1290291244837425155,4829101971,1443049934,2020-08-03
1290396115796234240,1252369660592316418,200466695,2020-08-03
1290293135956824065,174369590,577495268,2020-08-03
1290289261741142017,1239599332770398214,450304632,2020-08-03
1290289673323962368,4792923863,1209446732880326657,2020-08-03
1290293117577355269,2970896086,913800150,2020-08-03
1290293824602779649,255079989,74698700,2020-08-03
1290383493634105346,787852420122550272,1147708541790281729,2020-08-03
1290292756863098880,1171089828005498880,1222192837330010113,2020-08-03
1290295041131294722,501397421,161386171,2020-08-03
1290294260537802752,3081983657,962838318986735617,2020-08-03
1290298635272491008,783461654545600513,385081217,2020-08-03
1290297087398158336,255079989,1157567964478001152,2020-08-03
1290298356070309888,59375990,58723642,2020-08-03
1290297903508942848,1222592732901904385,547753852,2020-08-03
1290298293096980481,1277984880660488192,25135459,2020-08-03
1290297654455308288,520754045,954151330423234562,2020-08-03
1290300670130651143,22978903,65689875,2020-08-03
1290297887893491713,1239599332770398214,1268288456133799936,2020-08-03
1290298826624991235,17048298,787444742078562304,2020-08-03
1290299857198960640,153022731,819586894149324800,2020-08-03
1290298934410088449,711667461414916098,34572484,2020-08-03
1290412638904578049,4236661,2540534274,2020-08-03
1290721410957139970,892458929929760768,1261785706231365640,2020-08-04
1291024027054727168,1210077456,1235208132541837312,2020-08-05
1290417269294673924,800996570,1183549698516410368,2020-08-03
1290494063100063744,56277298,731853595,2020-08-04
1290413723127967745,4236661,1658349258,2020-08-03
1290428870382977026,448900071,1111041491332485120,2020-08-03
1290386270041104389,1138890106960527360,1015457414,2020-08-03
1290743190253780992,333488499,333488499,2020-08-04
1290419382498349056,1076313345102356480,41632623,2020-08-03
1290454569961631751,891235706814603265,1129768341369810945,2020-08-04
1290696837561749510,1236137025104904192,1158876210119753734,2020-08-04
1290380209016000514,247779811,952431808666218496,2020-08-03
1290717180892524546,822233002759639040,822233002759639040,2020-08-04
1290377576976920577,1288109830125707273,1021029782635466752,2020-08-03
1290970207054438400,867217880,867217880,2020-08-05
1290403680039194624,974855213759811586,1148390190995648518,2020-08-03
1290389256339361792,574166145,295457062,2020-08-03
1290390905682198528,1272296800263659520,1209859516671692802,2020-08-03
1290578312406999045,1034791199033499648,801092775395495936,2020-08-04
1291053209394524165,1286685720707555334,175073422,2020-08-05
1290379466745643008,1225997649431543808,1120515293493825536,2020-08-03
1290400981751144449,1663670605,2430972560,2020-08-03
1290500185177505795,243841344,1251721051811328000,2020-08-04
1290393840965292038,58773473,877522066664284161,2020-08-03
1290401896260345856,820014675542806528,1131265925817229314,2020-08-03
1290400203888001026,1168480392267124741,67918173,2020-08-03
1290377594722893825,1049753935995527168,1406637584,2020-08-03
1290381843494125568,1147178896963452928,1240825853090521088,2020-08-03
1290376888540594179,808289413818105856,808289413818105856,2020-08-03
1290429273657016322,1248486940766134274,544576655,2020-08-03
1290391848322600961,49418078,25718297,2020-08-03
1290377489538322439,3179842897,1130724787590844417,2020-08-03
1291706562688380929,144885362,144885362,2020-08-07
1290379368896724992,571219507,557330916,2020-08-03
1290381449535918081,770247208956342272,596574995,2020-08-03
1290381139241103361,1204206030730588160,1204206030730588160,2020-08-03
1290383695992336384,1252369660592316418,2524191136,2020-08-03
1290554654317842435,952431808666218496,247779811,2020-08-04
1290380579221827584,4709494393,34830492,2020-08-03
1290801129941381121,392542060,101945848,2020-08-05
1290390086421422080,2221409354,2202383339,2020-08-03
1290406818867548160,819875711850807300,50874480,2020-08-03
1290801838329966592,392542060,2377247539,2020-08-05
1290803076605992960,392542060,708895200727334912,2020-08-05
1290802199023386625,392542060,26781068,2020-08-05
1290386325955280897,937136401,938598974579240961,2020-08-03
1290456726534225921,1617069110,254696933,2020-08-04
1290425187385724929,4871544759,1169280293422940160,2020-08-03
1290389027053592576,1133124481680125952,1238984323836993536,2020-08-03
1290391304476688384,1285731117228843009,3312791384,2020-08-03
1290388256648028164,954362580,460394496,2020-08-03
1290386855326711809,4709494393,1198712887,2020-08-03
1290388212813139968,1225997649431543808,1260028356008935424,2020-08-03
1290438075890491394,160142930,996163188654829572,2020-08-04
1290637365699117056,1225383148365676544,285184060,2020-08-04
1290393566045323265,4709494393,1171072168509284355,2020-08-03
1290399838778130434,835238377557479425,1003271268,2020-08-03
1290395262201077761,1103384151921778690,1185166451507773441,2020-08-03
1290464865937743884,1242597725213995009,49868599,2020-08-04
1290401274324832257,1288466712820580354,1288466712820580354,2020-08-03
1290435569701486595,1049010404951805952,1273097809340891136,2020-08-03
1290392756838379521,245331115,245331115,2020-08-03
1290393906258030592,1275843884409589761,409681619,2020-08-03
1290447896572309512,843999248127414272,602417375,2020-08-04
1290461020385882112,1133124481680125952,1238984323836993536,2020-08-04
1290403481325465600,850517345109921792,1250805794,2020-08-03
1291032703618486272,32789968,2771928651,2020-08-05
1290399318499717121,1147178896963452928,1240825853090521088,2020-08-03
1290399369842155521,1228415516110245889,863874661,2020-08-03
1290395708768563200,216776631,216776631,2020-08-03
1290419836741394432,25843801,3894175343,2020-08-03
1290400467382439936,1147178896963452928,1240825853090521088,2020-08-03
1290439908084113409,35079059,829461529040973825,2020-08-04
1290396801946787841,1265312818003357706,17713770,2020-08-03
1290398082790760448,3969765436,3137604848,2020-08-03
1290413308806406145,1171083426335809536,3226855927,2020-08-03
1290411040736514049,3969765436,25708785,2020-08-03
1290398041132994560,1288243974491246593,768587482552164353,2020-08-03
1290405282854690816,1304397978,1243953752761122819,2020-08-03
1290400218446540801,55054978,1061208588641820673,2020-08-03
1290398361913262087,3969765436,34030652,2020-08-03
1290432598020243457,1115505571908804610,376190658,2020-08-03
1290403332989882369,37904694,1151387934328786944,2020-08-03
1290403760599162880,37904694,1151387934328786944,2020-08-03
1290399307565334528,3969765436,3137604848,2020-08-03
1290438294916997123,75410734,248653415,2020-08-04
1290399633722638336,572160444,1260201526930309121,2020-08-03
1290748853784903687,388134542,452584891,2020-08-04
1290608650265006080,74009373,153415687,2020-08-04
1290433374058876930,1250805794,850517345109921792,2020-08-03
1290438404543582210,1208101661048217602,373085265,2020-08-04
1290401003427241984,3969765436,1208214134778728450,2020-08-03
1290464744965648391,37904694,1116747379,2020-08-04
1290405658328731648,23815210,1228708482863386624,2020-08-03
1290401839490375680,572160444,1263586613981925381,2020-08-03
1290401743163887617,572160444,1467423498,2020-08-03
1290402661112532992,572160444,1467423498,2020-08-03
1290403664369254400,965975753643851776,720667924294475777,2020-08-03
1290426632717701126,764476259682451456,951990378915356673,2020-08-03
1290403033709457408,864987249431150592,867141439943303168,2020-08-03
1290403279864659969,572160444,18994839,2020-08-03
1290814940622622721,118310951,133127794,2020-08-05
1290404315895562240,1011474350904524800,1011474350904524800,2020-08-03
1290404466152308739,100037676,900319629435908097,2020-08-03
1290417520545894401,1193616910165958657,1282416858059149313,2020-08-03
1290405506687868928,1242561770423713794,1128434016993120256,2020-08-03
1290564068135272448,762738981305978880,724268130,2020-08-04
1290405664636973063,100037676,3078282912,2020-08-03
1290413740597350403,1532482458,705635148,2020-08-03
1290636015745536000,1777794372,1274860424324931584,2020-08-04
1290406769810784256,589617571,15342170,2020-08-03
1290447323781267457,1304397978,1222644063293378562,2020-08-04
1290407164658425856,572160444,825828194712375297,2020-08-03
1290413035182592013,100037676,346155706,2020-08-03
1290602543157071872,1581367489,827434782,2020-08-04
1293384678657982464,1581367489,827434782,2020-08-12
1290408582358413312,23815210,1228708482863386624,2020-08-03
1290408653854576641,100037676,3078282912,2020-08-03
1290415618471137280,24062904,1214927832603856896,2020-08-03
1290421711033294848,3559665077,2360081204,2020-08-03
1290412702339407873,1214927832603856896,309824530,2020-08-03
1290409549850017792,4709494393,20684203,2020-08-03
1290411414457327618,1097637485033738241,150791212,2020-08-03
1290411660310712320,3559665077,18854072,2020-08-03
1290414461887578112,2844820768,1555656283,2020-08-03
1290685188222181379,317389507,909650088905109504,2020-08-04
1290446611630436358,100620514,100620514,2020-08-04
1290440051520868359,1902852432,1160279095072178177,2020-08-04
1290414627986132994,4709494393,15437188,2020-08-03
1290413625820274688,278110166,214049965,2020-08-03
1290474392162459650,1204206030730588160,1029414660947226624,2020-08-04
1290414829123932161,4709494393,844111741,2020-08-03
1290412432146354176,787786400930279424,845865030163742720,2020-08-03
1290413355174449152,497676852,1230207543592574976,2020-08-03
1290415250207121411,50009801,50009801,2020-08-03
1290418090220482560,2228878592,153526615,2020-08-03
1290417101736415233,800996570,1183549698516410368,2020-08-03
1290413731940376580,1184466957594189824,1057611949410791426,2020-08-03
1290413942305705984,1102296823887290393,1102296823887290393,2020-08-03
1290414012484788229,3969765436,810541403923251203,2020-08-03
1290415116584968200,1254532696228929542,3397551912,2020-08-03
1290417843201363970,28887164,1699990038,2020-08-03
1290418669474979840,734791407328759808,1244337629824499720,2020-08-03
1297538941877452801,557487453,1232467981021696000,2020-08-23
1290415256968105984,1228415516110245889,1097997957918527489,2020-08-03
1290415261074456578,100037676,777292431880519680,2020-08-03
1290672750290522112,915347593739239424,436454066,2020-08-04
1290421638618636288,1042405564540768256,1222718425950117888,2020-08-03
1290801107044720640,392542060,498353318,2020-08-05
1290442384799674370,1281277675181498368,982965006949126145,2020-08-04
1290478426135003136,15850297,15850297,2020-08-04
1290420575383560192,1254532696228929542,485316595,2020-08-03
1294589405311664128,378953302,2442868698,2020-08-15
1290417434185400320,1017500185356853248,1017500185356853248,2020-08-03
1290417935929024513,2228878592,1069501796,2020-08-03
1290418266977046529,811514954159443968,2989917011,2020-08-03
1290419360876711936,1155632521,958561256163569664,2020-08-03
1290420013153714176,826442334,826442334,2020-08-03
1290419525964279808,1225997649431543808,175612644,2020-08-03
1290422610719920130,1251013818676887552,744254735960707072,2020-08-03
1290418856469692417,1199279964442546176,120566467,2020-08-03
1290418643163992064,1258227571654717441,965299239117996032,2020-08-03
1290420105126477831,754059798145007616,59593,2020-08-03
1290430029671944194,25020503,1199751663529218051,2020-08-03
1290420507226132480,1199279964442546176,120566467,2020-08-03
1290809311271297024,22845333,1266404219462062082,2020-08-05
1290426268572426247,423522507,1260994598211649537,2020-08-03
1290421328647000065,23199122,2914945894,2020-08-03
1290422690847830016,912373261,70051463,2020-08-03
1290426129543725056,269940084,881500341518389249,2020-08-03
1290445562697920513,541808737,838216361323134976,2020-08-04
1290437237654659073,348782207,1251013818676887552,2020-08-03
1294143499676184577,1263046626408566784,1263046626408566784,2020-08-14
1290476203028209665,32479116,586180854,2020-08-04
1290624948017532929,1278725946971959299,1278725946971959299,2020-08-04
1290425636104933379,2914945894,769032005531082753,2020-08-03
1290628584084779009,1280275608493338626,3287980525,2020-08-04
1290426922074345473,749009389491740672,1125040988345466885,2020-08-03
1290434695851847685,1157748392430309377,1054627621,2020-08-03
1290428089176973317,15062352,770369893,2020-08-03
1290428869313466369,37904694,143203855,2020-08-03
1290434544903036929,878793192644194305,827266807027240960,2020-08-03
1290429172578476036,14714040,1031769872793911296,2020-08-03
1290428368022835200,23199122,362695928,2020-08-03
1290429517094420480,1125040988345466885,749009389491740672,2020-08-03
1290431196888018950,951990378915356673,764476259682451456,2020-08-03
1290800687341645824,392542060,72745524,2020-08-05
1290432325776338944,443234862,17776340,2020-08-03
1290433465226207232,443234862,17776340,2020-08-03
1290433052846350336,1922015580,3403656640,2020-08-03
1290455503110316036,142857155,707911458328330240,2020-08-04
1290716742239555585,1213828152520142848,130627943,2020-08-04
1290434510312570883,376388082,1709450396,2020-08-03
1290510102508838914,964052107941859329,216529161,2020-08-04
1290433642397863938,2914945894,769032005531082753,2020-08-03
1290437875746693122,919261750301679616,752664846768963584,2020-08-04
1290434960151785473,752664846768963584,2773782953,2020-08-03
1290461802145427459,1225997649431543808,1120515293493825536,2020-08-04
1290474473724862465,871262177243430912,2987397310,2020-08-04
1290476829292167171,1148235738535911425,1147905297060716550,2020-08-04
1290451778052526081,596024726,3632589733,2020-08-04
1290437110995062784,61061669,586931252,2020-08-03
1290436022933782528,3252803412,2402181180,2020-08-03
1290445795251163136,2498950076,2743593442,2020-08-04
1290436866941038595,395530968,395530968,2020-08-03
1290437452323225603,3431897752,1924150692,2020-08-04
1290437600852037632,3431897752,1924150692,2020-08-04
1290446226652045315,1262807418171465728,336867357,2020-08-04
1290734608854769665,1250261484,1250261484,2020-08-04
1290450051123359751,1251013818676887552,348782207,2020-08-04
1290439026617520128,3252803412,2402181180,2020-08-04
1290470339978436610,64782002,104091572,2020-08-04
1290439417925177345,1008757286771331072,142532723,2020-08-04
1290438347337474050,2228878592,268870185,2020-08-04
1290439386237214720,1225401623335362560,2544193412,2020-08-04
1290440700467859456,142532723,1008757286771331072,2020-08-04
1290473382941622272,4232239095,1184483451069747205,2020-08-04
1290440083418632202,3252803412,866339222,2020-08-04
1290450491000918023,784454880576495616,784454880576495616,2020-08-04
1290441557267578881,2931901110,2931901110,2020-08-04
1290445580171448327,1261719070665293826,1248688087460466690,2020-08-04
1290450216534056960,1246870023802482688,1232473087976890374,2020-08-04
1290446155063660544,19870490,766061028933263360,2020-08-04
1290450986025340928,994715720234688512,994715720234688512,2020-08-04
1290453786415247360,54057005,1078307038059470848,2020-08-04
1290452709922004997,33907867,153989133,2020-08-04
1291144836351811584,336867357,1262807418171465728,2020-08-05
1290497644633055244,15963861,16008441,2020-08-04
1290446678257012742,2228878592,18543617,2020-08-04
1290447219506716673,1150933322475945984,2927961313,2020-08-04
1290679120519725056,1076160835087667200,31265067,2020-08-04
1290448010464374786,3252803412,869977222320459777,2020-08-04
1290460144090976256,1239369500,1688865996,2020-08-04
1290448314199085062,19870490,766061028933263360,2020-08-04
1290454375006179328,2835609500,958523200631164928,2020-08-04
1290448744350089220,15409017,20566926,2020-08-04
1290448827326115847,15409017,20566926,2020-08-04
1290448547125571586,19870490,766061028933263360,2020-08-04
1290449553016135683,429846916,455869077,2020-08-04
1290556880562135040,46154573,699707780396146688,2020-08-04
1290449879911759873,70764269,70764269,2020-08-04
1290449782150967301,1234252029893148672,1234252029893148672,2020-08-04
1290689496489644040,1118920123551711232,950419153520812032,2020-08-04
1290451914904276994,1187744623185158144,1258900402961035268,2020-08-04
1290481753459527680,633982511,1286027468478980096,2020-08-04
1290454792909848578,24216002,3032094105,2020-08-04
1290451596321660933,14443412,552312685,2020-08-04
1290482214178713606,1168726187268550656,1277418166839320584,2020-08-04
1290452963786477568,705871551401332736,705871551401332736,2020-08-04
1290453036092084226,2740426550,2740426550,2020-08-04
1290480715319013377,1231695393240633344,15765691,2020-08-04
1290468759795380224,1203269325886496768,14505383,2020-08-04
1290452265451638784,1167222192452624389,1167222192452624389,2020-08-04
1290454485630935042,978807435480707072,46044399,2020-08-04
1290454255799861248,2182964552,2182964552,2020-08-04
1290460186054987776,981893011,1229973590541385728,2020-08-04
1290459456741036032,46044399,978807435480707072,2020-08-04
1290457216433246209,1268829685879726082,530056116,2020-08-04
1290479249317457923,160142930,996163188654829572,2020-08-04
1290458817201831937,1246870023802482688,1120879625633030144,2020-08-04
1290456843396026379,1048508346511372289,29291847,2020-08-04
1290463412116434944,21520933,25573465,2020-08-04
1290800656014389249,392542060,153451723,2020-08-05
1290457827090276353,4434966340,809958111624761344,2020-08-04
1290465493917274112,4434966340,809958111624761344,2020-08-04
1290458800105848834,27893396,1217578790282416133,2020-08-04
1290459756767989763,171191577,262391273,2020-08-04
1290463985305817089,3252803412,869977222320459777,2020-08-04
1290474237598339072,54232520,54232520,2020-08-04
1290613793496739840,825369096313270272,1238284491598241794,2020-08-04
1290464370745630720,171191577,3178641222,2020-08-04
1290465963431919618,60700859,1215437091997470720,2020-08-04
1290468877571371009,859597084646944770,468416188,2020-08-04
1290463981241597952,171191577,3178641222,2020-08-04
1290473457696808960,9166762,1050587484675964928,2020-08-04
1291117545097965569,847163958003945480,822688229040107520,2020-08-05
1290465398392008707,528996461,528996461,2020-08-04
1290467198348263425,766719206247108608,3087713648,2020-08-04
1290469066939994112,811514954159443968,794378630054875136,2020-08-04
1290466741223600130,3178641222,171191577,2020-08-04
1290469174259724289,171191577,3178641222,2020-08-04
1290468139847778310,811514954159443968,794378630054875136,2020-08-04
1290467809215107074,42079976,1138636418681638912,2020-08-04
1290467544466325504,14443412,552312685,2020-08-04
1290468939923886081,232028780,1019308927920607234,2020-08-04
1290478026816290816,203063155,3793982352,2020-08-04
1290468589561090049,3252803412,1197678150458712064,2020-08-04
1290523127726968832,875593712,3206779443,2020-08-04
1290469257860587524,766719206247108608,3231757853,2020-08-04
1290485038002237447,235604120,80164372,2020-08-04
1290470709509197824,1079360602454163456,3036780774,2020-08-04
1290471494934335489,572160444,944261075670851584,2020-08-04
1290472216283381760,16358225,1280692075877588992,2020-08-04
1290472697479090176,16358225,1280692075877588992,2020-08-04
1290478518359343104,1443255854,2816860795,2020-08-04
1290473715868762113,37257689,28395645,2020-08-04
1290482670032416769,906226711964119041,2448601879,2020-08-04
1290478283973210125,1649395076,2237052325,2020-08-04
1290485146357870606,1157748392430309377,1054627621,2020-08-04
1290474698200031232,712819818001354752,914860087,2020-08-04
1290476173068103681,1244041814400569344,240414360,2020-08-04
1290475764782108672,2228878592,28046392,2020-08-04
1290971790928482304,1243458391059705862,4869945200,2020-08-05
1290476715483906052,585968484,585968484,2020-08-04
1290912047635378178,365754620,735367387059523584,2020-08-05
1290478412541247488,1282545384,1241149269022818309,2020-08-04
1290478971704840193,1106789106246254592,1278408421918810112,2020-08-04
1290787004079312896,915893605,1256651124473552896,2020-08-04
1290480208684802049,1210713640501952514,15215554,2020-08-04
1290481526061195267,29303470,32961648,2020-08-04
1290500821084278784,1286116923416215552,1312395158,2020-08-04
1290501455443419139,1286116923416215552,1312395158,2020-08-04
1290481860665995264,2768199002,126145724,2020-08-04
1290481913358979076,1147518921307774976,1147518921307774976,2020-08-04
1290707572274507777,1091173131874652160,181069068,2020-08-04
1290484907886563329,815425382975438849,255727599,2020-08-04
1290495651508154373,783461654545600513,46903875,2020-08-04
1290740390165909504,2356121359,2356121359,2020-08-04
1290489421825859589,71252602,66099788,2020-08-04
1290487808415551491,16358225,1280692075877588992,2020-08-04
1290490255712247809,21522338,269663457,2020-08-04
1290655488825229314,1251200710622019584,804735766819729412,2020-08-04
1290503263947825153,3559665077,2229023360,2020-08-04
1290490074249871361,16358225,1280692075877588992,2020-08-04
1290491696149536772,70246707,177222565,2020-08-04
1290491728651141120,1255154603865198592,1027455191837302784,2020-08-04
1290490861176774658,850560013617778688,1226264972700745728,2020-08-04
1290490779379482625,25322167,343549833,2020-08-04
1290507959663906816,1177599575747489792,14298180,2020-08-04
1290587145871261697,811514954159443968,28060209,2020-08-04
1290491994326700033,16358225,1280692075877588992,2020-08-04
1290496000474275842,972042637766094848,732166879,2020-08-04
1290507685222383616,25322167,176900298,2020-08-04
1290507805611483136,25322167,176900298,2020-08-04
1290508197091069952,25322167,176900298,2020-08-04
1290498727409356800,177222565,70246707,2020-08-04
1290497676585263105,1235076927586586624,897659996439281664,2020-08-04
1290496541312991240,1371114362,1371114362,2020-08-04
1290674849732530179,2207230905,1269613721208393729,2020-08-04
1290655785652039681,1181237956289286145,68912262,2020-08-04
1290501280566132737,271196011,25199429,2020-08-04
1290643326530662401,21567082,25122783,2020-08-04
1290498712678969352,22426166,1225521483574693888,2020-08-04
1290524589597044736,859595187668103168,791194588090425344,2020-08-04
1290499752543608837,1688865996,1124814528695472134,2020-08-04
1290499117676998656,411929872,2457558209,2020-08-04
1290499340939587596,22426166,1182106068161314816,2020-08-04
1290500084866547714,22426166,1225521483574693888,2020-08-04
1290500498601078786,949191847703994368,949191847703994368,2020-08-04
1290501753738338309,1157748392430309377,1054627621,2020-08-04
1290502012254052355,247457350,247457350,2020-08-04
1290503681759223808,801479999899500544,3042282456,2020-08-04
1290504388042162176,1688865996,1124814528695472134,2020-08-04
1290544842695749632,1287435028188860416,826757131747606529,2020-08-04
1290505611336015872,212321156,48387386,2020-08-04
1290509148640153600,1134826073060007936,3237471364,2020-08-04
1290507099030659072,156884039,290846844,2020-08-04
1290523404022546433,25322167,4438348457,2020-08-04
1290523577759014918,25322167,4438348457,2020-08-04
1290575604337635328,123618703,946370598,2020-08-04
1290606243195817984,350676366,4069735347,2020-08-04
1290523806969106434,872065124068188160,90625229,2020-08-04
1290508618727645185,41143460,41143460,2020-08-04
1290509351912906758,984610474556731393,1194756382068760582,2020-08-04
1290628515860291584,1275573908410859521,1261500822673920000,2020-08-04
1290510368993759233,123618703,435832540,2020-08-04
1290514282438770689,1223769292795043840,2431279363,2020-08-04
1290513382072885248,79069255,79069255,2020-08-04
1290513451756843010,1120468464395870208,1285015706996600832,2020-08-04
1290515422865846273,65269063,1241015699499147269,2020-08-04
1290517010909032448,123618703,1130883082083418112,2020-08-04
1290578106596524032,123618703,1130883082083418112,2020-08-04
1290514865791016960,2533803242,161883072,2020-08-04
1290514524861345792,1276002940877144065,193454237,2020-08-04
1290514647922204672,1224194173710020609,1213595473686093824,2020-08-04
1290515185631862784,12736282,2950992373,2020-08-04
1290524504196820993,1189761425063006208,2987620164,2020-08-04
1290516029978836992,1238383916060418048,1238383916060418048,2020-08-04
1290518134919766017,1131428930500661248,117955186,2020-08-04
1290517848008216576,836718610903019520,1188628679196205056,2020-08-04
1290518283448352768,1276002940877144065,968688474990637056,2020-08-04
1290519466644631554,28294633,2924300121,2020-08-04
1290519389972750336,836718610903019520,1195018917799792643,2020-08-04
1290519404720074752,1253005220138844161,818328703897833472,2020-08-04
1290520719495897089,190935408,290705093,2020-08-04
1290707793905889284,1777794372,45758244,2020-08-04
1290520277013557248,836718610903019520,1166553978982690816,2020-08-04
1290522693289283589,1008185450,1008185450,2020-08-04
1290525310161575936,212321156,752253306156777472,2020-08-04
1290523087310475264,836718610903019520,1167637603501400065,2020-08-04
1290523921478029312,1263898570270408710,1263898570270408710,2020-08-04
1290665897674387458,1062385519563337728,442221185,2020-08-04
1290525308605607936,836718610903019520,2448883232,2020-08-04
1290525969493696512,1157748392430309377,1194131,2020-08-04
1290525810957443074,591339135,772769328,2020-08-04
1290526580612055040,836718610903019520,1186526786915459072,2020-08-04
1290679119391395840,136099290,136099290,2020-08-04
1290527309439602688,22426166,115515738,2020-08-04
1290643025576722432,1243458391059705862,2763914967,2020-08-04
1290705666785464321,568614476,568614476,2020-08-04
1290552317490663425,21522338,2361513678,2020-08-04
1290579105201688576,2209151465,3299970145,2020-08-04
1290552247168962560,1626146112,1177908463059570689,2020-08-04
1290544720473710592,231779163,1270768141,2020-08-04
1290554942193831937,2805535055,76848276,2020-08-04
1290567622870933504,17136847,1172759473447821312,2020-08-04
1290553468659277826,278994571,1069755958895804417,2020-08-04
1290545691056472064,881248956,318089225,2020-08-04
1290543468520132608,1153198855548260353,1153198855548260353,2020-08-04
1290585823088386048,192160041,1051963165926465536,2020-08-04
1290546174777229312,826757131747606529,1287435028188860416,2020-08-04
1290546961947402241,572160444,1245563049999650821,2020-08-04
1290554605407936514,836718610903019520,957279214532808705,2020-08-04
1290557080554921984,2407022756,851486569,2020-08-04
1290548969878073344,572160444,1245563049999650821,2020-08-04
1290552972523368448,826550703258791937,996485650776899584,2020-08-04
1290555769293864960,927790585339097088,1102286918698577920,2020-08-04
1290645380615385089,829536330275188737,922227824592797696,2020-08-04
1290552252701323265,593040387,259221030,2020-08-04
1290633777073594368,21522338,1157599441496530944,2020-08-04
1290556043320340480,1252343610890223616,269463852,2020-08-04
1290555121428905984,836718610903019520,1252409301265678336,2020-08-04
1290557405554565120,836718610903019520,909225070589087745,2020-08-04
1290557761604984832,3320211158,1257747230317928448,2020-08-04
1290556775616274432,1175505263840784386,1126960336698007552,2020-08-04
1290558253588414469,2740417044,19664890,2020-08-04
1290557476014682112,1175505263840784386,1126960336698007552,2020-08-04
1290641222630100992,1633489460,177725516,2020-08-04
1290565593234513920,418338930,1408942872,2020-08-04
1290735916076728321,800676133075202048,1284116967054544898,2020-08-04
1290559609988689920,3414509973,844231374177558528,2020-08-04
1290627789981462529,818695087144079360,11880142,2020-08-04
1290561178826047488,1200036522021576704,1205237853082529802,2020-08-04
1290597662841016320,1048508346511372289,711626557345898496,2020-08-04
1290564606293708803,1175505263840784386,4857050712,2020-08-04
1290585837672050688,811514954159443968,2918111,2020-08-04
1290566878541291520,1247360255790583808,1204236648160124928,2020-08-04
1290594993799942145,1283271113192218624,336107393,2020-08-04
1290567321803796480,1200960638731923457,1003837347950219264,2020-08-04
1290803288468668417,392542060,871014848,2020-08-05
1290568609643757568,1148431,399457244,2020-08-04
1290781488045268992,339129605,1257794790466498563,2020-08-04
1290567105201373184,2449582513,2449582513,2020-08-04
1290774981903695875,1231671523561205760,1131606457160470529,2020-08-04
1290695006068584450,16135230,2941101630,2020-08-04
1290593927448465414,891683616048246789,99262386,2020-08-04
1290569234599366656,787637721967845377,1275695122307592203,2020-08-04
1290571054176493569,1278755876283826182,2455867664,2020-08-04
1290573376466169857,75244281,1116918863747141633,2020-08-04
1290662250173300737,586180854,731299630575550464,2020-08-04
1290574303658831874,1116918863747141633,75244281,2020-08-04
1290583324960808965,1175505263840784386,529775819,2020-08-04
1290584325256130560,1175505263840784386,1064903944969904133,2020-08-04
1290579400338087936,222745166,54855792,2020-08-04
1290591933195333637,222745166,54855792,2020-08-04
1290582346849308673,1277977212658966529,51253105,2020-08-04
1290585394845687808,762522504,1907598620,2020-08-04
1290667656878518273,20175632,1968158390,2020-08-04
1290581335963242496,1277977212658966529,939040355990740992,2020-08-04
1290615370135592960,2455867664,1278755876283826182,2020-08-04
1290691478721892355,61356163,1249058960340062208,2020-08-04
1290647388206632961,1189761933802520576,1255881301024014336,2020-08-04
1290584953252728834,177519837,195680925,2020-08-04
1290592873214173185,1254460918412410880,721348484935192576,2020-08-04
1291002159631421440,1289472979081011200,1284241698642628611,2020-08-05
1290616108383338496,50563940,44733050,2020-08-04
1290588145902161923,603092061,603092061,2020-08-04
1290591600888995840,2759928466,2832322463,2020-08-04
1290713827344920576,1046316084897308672,882076466703466497,2020-08-04
1290615852383993856,1159166080352493569,742647062,2020-08-04
1291095790790889472,1245798255553843201,1288727995,2020-08-05
1290720755898957824,832258767257378816,96175985,2020-08-04
1290593239624540160,102715559,102715559,2020-08-04
1290596525295439872,3150104277,2798921480,2020-08-04
1290596018933968898,975350390731563008,3951556097,2020-08-04
1290624946612383744,906226711964119041,2759598900,2020-08-04
1290596257350680576,1277977212658966529,386474126,2020-08-04
1290692928730533888,3317276661,1886822780,2020-08-04
1290596936299491329,2798921480,3150104277,2020-08-04
1290603369757904898,1277977212658966529,386474126,2020-08-04
1290602582805819393,744883657,337028298,2020-08-04
1290638176223100931,3317276659,578609256,2020-08-04
1290599942331957248,210990232,210990232,2020-08-04
1290603642614054913,222745166,1273777493602971652,2020-08-04
1290609088418611201,1175505263840784386,898177081460260867,2020-08-04
1290604238150799360,621012309,2824987192,2020-08-04
1290605309577375744,2824987192,621012309,2020-08-04
1290604617374433286,21852952,489266384,2020-08-04
1290605170741645313,860057546,860057546,2020-08-04
1290605728663650304,1175505263840784386,1275437076872339457,2020-08-04
1290606700278484992,1239185092464881670,1169342874904776704,2020-08-04
1290606424897343488,811514954159443968,37375968,2020-08-04
1290609773126221825,1278755876283826182,2530218392,2020-08-04
1290610759244959744,772298503867371520,14331409,2020-08-04
1290611146370756608,1949707405,1219056285880111110,2020-08-04
1290641452041723912,2396555889,831021012,2020-08-04
1290611051336269824,52211803,2302405428,2020-08-04
1290668409013833728,156758960,1159882580860329989,2020-08-04
1290827179341881345,2901894352,44915721,2020-08-05
1290613011456106497,1275367670582476800,1275367670582476800,2020-08-04
1290615182192975879,897271522544439296,897271522544439296,2020-08-04
1290614212729999360,222745166,20311522,2020-08-04
1290626903133560832,47589700,3443786712,2020-08-04
1290616900301410304,1175505263840784386,963110745721335808,2020-08-04
1290616748115464192,2302405428,52211803,2020-08-04
1290617289415577600,817923261136674816,131773155,2020-08-04
1290645665211731974,951834895676002304,1237766907169845251,2020-08-04
1290636323594919939,194968905,76505194,2020-08-04
1290646606153494529,1097258119,1159513066536603649,2020-08-04
1290618327920979969,158883920,158883920,2020-08-04
1290666385358704643,933733237159026688,30366457,2020-08-04
1290620044532211713,2302405428,52211803,2020-08-04
1290621161852698624,27952164,43883930,2020-08-04
1290713835830214658,1154882001146716160,851249328442179588,2020-08-04
1290634147757805568,1244751090308046848,1221028501429596160,2020-08-04
1290621775659896833,1195055680786485257,1270366551795957761,2020-08-04
1290628223903109121,254222164,628488130,2020-08-04
1290669194456047616,156758960,1281229573334732800,2020-08-04
1290624583683506177,89013173,1087139970056372224,2020-08-04
1290627285553471489,827002430483206144,1225056113042825216,2020-08-04
1290626827254411265,3088992009,1183196520,2020-08-04
1290627397402886144,1245722550166007808,911692787049009152,2020-08-04
1290625987735166976,1147313819548626944,859827902124261376,2020-08-04
1290626577320075265,1243800569153798147,43520819,2020-08-04
1290629859018907653,374301670,106229595,2020-08-04
1290633150050304001,105269160,4792923863,2020-08-04
1290631278623166464,1267470153765269506,2909313208,2020-08-04
1290651002362789903,369287871,2346809242,2020-08-04
1290640489834786816,114853767,55048408,2020-08-04
1290631447921987584,777209019324923908,777209019324923908,2020-08-04
1290637731807342598,11194802,3387227860,2020-08-04
1290713450533052422,1154882001146716160,24709744,2020-08-04
1290630417045913602,2302405428,52211803,2020-08-04
1290634618681667586,762738981305978880,60046342,2020-08-04
1290645831377465344,477122511,619475949,2020-08-04
1290631786377162753,1158371049995677696,720533750,2020-08-04
1290633523536297985,4228823537,55430367,2020-08-04
1290646855395794944,1176615408024993792,442460057,2020-08-04
1290632451635773441,1286332945524031490,410385802,2020-08-04
1290656907099807745,392145692,502891194,2020-08-04
1290691270697013254,817923261136674816,1140662817873416192,2020-08-04
1290642984015405056,1158853188436615169,1011626847027810305,2020-08-04
1290634654890909697,2421193216,121952897,2020-08-04
1290636759336988673,1239591140510371846,1239591140510371846,2020-08-04
1290640217829908480,2421193216,4232817207,2020-08-04
1290674693163294720,4189199600,711850986600579073,2020-08-04
1290636688876855297,2727628984,1182318774013218816,2020-08-04
1290637865689296896,1074114103814189056,1169126946548125697,2020-08-04
1290639402285387776,1147313819548626944,859827902124261376,2020-08-04
1290641262081642500,822965997690880002,149719219,2020-08-04
1290784587442982912,828876911707291648,895400501860339712,2020-08-04
1290639468915982340,1248274792903585792,1276493961767653377,2020-08-04
1290638093792366598,382878093,382878093,2020-08-04
1290639721597632513,1238952766187474947,1262425007315210245,2020-08-04
1290640033523929092,37904694,14583992,2020-08-04
1290670095451197443,37904694,65589288,2020-08-04
1290823287560269824,850889034939285505,232588467,2020-08-05
1290651099091869699,700780770156269568,4921796745,2020-08-04
1290646925721718784,105269160,4792923863,2020-08-04
1290640705082339330,37904694,18600689,2020-08-04
1290639796902256641,3559665077,736247374536970241,2020-08-04
1290643380289114116,1244751090308046848,1257742323649257472,2020-08-04
1290642315363659777,2728582668,2728582668,2020-08-04
1290642419726286852,1147313819548626944,859827902124261376,2020-08-04
1290642350541332487,831021012,2396555889,2020-08-04
1290644251785797634,1916535294,19103624,2020-08-04
1293576814598684672,3079364283,1239952326334582785,2020-08-12
1290642481114226695,35051304,127567214,2020-08-04
1290643497637347342,2396555889,831021012,2020-08-04
1290647824984682498,2249531,2249531,2020-08-04
1290681266053033984,1266133942102634499,798326917,2020-08-04
1290647731988508675,516093297,116843810,2020-08-04
1290697424319717377,22023449,84756711,2020-08-04
1290645387892727809,123618703,270477494,2020-08-04
1290798138060689416,1205869880,1205869880,2020-08-04
1290644584779915271,34618936,34618936,2020-08-04
1290644828137684994,2396555889,1586362081,2020-08-04
1290646271531900928,279702934,2445114023,2020-08-04
1290646250744840193,25769369,25769369,2020-08-04
1290645986608648194,2630952775,32359745,2020-08-04
1290646145484632065,82325158,75743668,2020-08-04
1290649005857419264,29416621,87905450,2020-08-04
1290646286518059012,862268682,35347168,2020-08-04
1290647236452536321,20656408,20656408,2020-08-04
1290649845766803466,29416621,61012881,2020-08-04
1290766365310279682,2892710886,747082914895101952,2020-08-04
1290670371235078149,1066441234326138881,2356999634,2020-08-04
1290660960827564034,526481002,1270942851229089792,2020-08-04
1290648039196106754,874672779907526658,1006962567296835584,2020-08-04
1290651563615309824,2455867664,1035012416332017664,2020-08-04
1290648041767280642,3022706287,3022706287,2020-08-04
1290647900477849601,75743668,82325158,2020-08-04
1290756071938818049,2892710886,747082914895101952,2020-08-04
1290765679382192128,2892710886,747082914895101952,2020-08-04
1290652265414569984,1652541,1652541,2020-08-04
1290723750535745536,802302414581809152,546165962,2020-08-04
1290649913693536256,87905450,29416621,2020-08-04
1290650898889347072,555908151,36187473,2020-08-04
1290649600446083074,357606935,357606935,2020-08-04
1290649603986128897,357606935,357606935,2020-08-04
1290649607278665728,357606935,357606935,2020-08-04
1290653253525479427,1183047260,800060449509163008,2020-08-04
1290661814712360970,16916445,1051576587546742787,2020-08-04
1290652741451341824,54598363,728586160256241665,2020-08-04
1293584067363995648,50371692,2938399836,2020-08-12
1290684736248176641,872964678590377984,1250239478054207491,2020-08-04
1290653947665973255,1232358369270341633,14389186,2020-08-04
1290653698205548548,3764689043,21925564,2020-08-04
1290652633603215360,185305711,1059147509258432512,2020-08-04
1290801029806784512,14231061,61008839,2020-08-05
1290667440830058497,951834895676002304,1237766907169845251,2020-08-04
1290743995203760128,1258662996139814913,1134485472204525568,2020-08-04
1290671540015714304,1278527464130650112,1166846039971651584,2020-08-04
1290687805300125697,1248048975820787713,391109376,2020-08-04
1290792442099372032,560014133,456348281,2020-08-04
1290658086299082755,1207432044390699008,78299709,2020-08-04
1290655937041227778,74175102,74175102,2020-08-04
1290655772225998851,1275191782733733888,773609299516002304,2020-08-04
1290664447808348165,570316126,41355492,2020-08-04
1290665026043478017,115000407,115000407,2020-08-04
1290667745470808066,211705142,2952251490,2020-08-04
1291335213872754688,1132783379949203457,929888154659770369,2020-08-06
1290657314677100547,185305711,2844299982,2020-08-04
1290659957956915214,1183047260,437184607,2020-08-04
1290658862551445509,39469575,22129280,2020-08-04
1290694729362014210,19697955,1163538505,2020-08-04
1290658696247291905,185305711,2844299982,2020-08-04
1290664626976432128,130578330,1185433145136439296,2020-08-04
1290659076771385352,1105469638991929344,775527848828211201,2020-08-04
1290659236117184513,67210714,1231368307166646272,2020-08-04
1290659063571898368,811514954159443968,215292073,2020-08-04
1290659553151979523,931286316,1090760915887243265,2020-08-04
1290667667251171329,353461486,732768972836311041,2020-08-04
1290663842876469250,54702020,1254235713840832512,2020-08-04
1290664835441725448,130578330,1261390949474807808,2020-08-04
1290663167308304384,1274158778489942019,3274707824,2020-08-04
1290660834054742018,235352782,350893280,2020-08-04
1290665675149762561,403676350,1244757724736434177,2020-08-04
1290662501726793730,118443478,118443478,2020-08-04
1290662186789076993,4578149474,4578149474,2020-08-04
1290663882999070720,1145501318158700544,1145501318158700544,2020-08-04
1290663067072823300,874977392858718208,380608558,2020-08-04
1290663312410255363,829536330275188737,502253222,2020-08-04
1290665184764272642,966154007772311552,1267203045894565888,2020-08-04
1290665521457831938,424005157,2538053700,2020-08-04
1290666823222992899,966154007772311552,249302050,2020-08-04
1290663651502850054,1244751090308046848,1243388016443281412,2020-08-04
1290663923096653824,1244751090308046848,1158730880371830785,2020-08-04
1290679571109433347,21505788,2400922718,2020-08-04
1290672480877715457,12219722,53228449,2020-08-04
1290665968457351168,130578330,1260231857943216129,2020-08-04
1290665895312986115,29416621,332293253,2020-08-04
1290668694956396546,1924150692,1045707850603999233,2020-08-04
1290670001368838145,37904694,1290567253524713472,2020-08-04
1290670621358088193,1072556836627181568,825149561416998913,2020-08-04
1290670149348065285,966154007772311552,1033509742793158656,2020-08-04
1290698339638484992,3252803412,102913821,2020-08-04
1290666706172600320,15892715,15892715,2020-08-04
1290670957951102976,3159786965,3159786965,2020-08-04
1290775663377551363,1215437091997470720,3255233978,2020-08-04
1290674540989816832,16300621,59351766,2020-08-04
1290667761719361538,968865962102464512,968865962102464512,2020-08-04
1290818638480474112,1269440554376421377,1267908131339636741,2020-08-05
1290674481434898434,631543525,2500189465,2020-08-04
1290669320549392384,26603303,28044522,2020-08-04
1290672433490546688,974764801116295174,2534671725,2020-08-04
1290669575038619649,370982639,205011763,2020-08-04
1290724118099365893,371544244,1286487767074185216,2020-08-04
1290671629127876609,29416621,275897720,2020-08-04
1291076566156341248,1176615408024993792,442460057,2020-08-05
1290677269720170503,471238441,341830365,2020-08-04
1290679564453191680,349488923,260829558,2020-08-04
1290680789869514753,349488923,260829558,2020-08-04
1290676045524410368,967120679870058498,1047249052159672330,2020-08-04
1290673326092955656,3744281,3744281,2020-08-04
1290673853270839296,3047731024,3047731024,2020-08-04
1290673600048041985,1210713640501952514,1274601315600158720,2020-08-04
1290675050530693122,966154007772311552,1267203045894565888,2020-08-04
1290673743405162496,3744281,3744281,2020-08-04
1290674239511699457,1411689122,60264648,2020-08-04
1290675880654643200,15396693,1149033483739783169,2020-08-04
1290680348163166208,3250066884,751483005479235584,2020-08-04
1290674568164601857,343549833,929930395235356674,2020-08-04
1290677776060747780,770816099046875136,16405396,2020-08-04
1290726252303847425,1276296696,874446236098625540,2020-08-04
1290684798294462470,105613601,301089635,2020-08-04
1290679116073545729,1268454245067440129,1246884965842911234,2020-08-04
1290681754278338560,37904694,1187457731361476614,2020-08-04
1290686585860694024,1262596164354019328,336257206,2020-08-04
1290677072088637444,633982511,22198974,2020-08-04
1290676713790287872,2790518743,2790518743,2020-08-04
1290676903716757506,480829827,773347423473328128,2020-08-04
1290699302805942275,1262425007315210245,23568994,2020-08-04
1290689000848666627,813654040726753281,506836529,2020-08-04
1290679134428049412,399812606,41448115,2020-08-04
1290707722371989504,436454066,915347593739239424,2020-08-04
1290683720932917255,35571657,212840455,2020-08-04
1290684518517506050,238251273,238251273,2020-08-04
1290680033372143618,1199191828802789377,862739639769202688,2020-08-04
1290682055278370816,1161770724429897728,1286442581799337984,2020-08-04
1290680520540598273,345000881,989381648,2020-08-04
1290712221018882054,900168022870155268,1119401958970810368,2020-08-04
1290681552788164609,570316126,263782531,2020-08-04
1290683767347126277,140487678,131018228,2020-08-04
1290681245953937409,27957966,47822074,2020-08-04
1290704008647254022,759403588531609600,3528845596,2020-08-04
1290682827332296708,105269160,4792923863,2020-08-04
1290682164527476737,793102290102132736,26638923,2020-08-04
1290683716524748802,345000881,1168064534071980033,2020-08-04
1290684076211412993,1134983838352912384,1134983838352912384,2020-08-04
1290692168416452610,98409381,440237130,2020-08-04
1290684944289800194,1273023089442521095,260477355,2020-08-04
1290694409684529152,725111657446305792,743037378424504326,2020-08-04
1290688759382581254,1033732648911478786,3035399684,2020-08-04
1290758846869372929,1033732648911478786,890253619756445697,2020-08-04
1290720501556551693,320539179,4153808540,2020-08-04
1290753408316497920,911466852785647616,169719652,2020-08-04
1290693649676800002,72681076,1103475090019282944,2020-08-04
1290686385364623361,55429279,68739089,2020-08-04
1290690194732126208,1107974486056468481,824705577041465344,2020-08-04
1290687850774552577,422351263,224955025,2020-08-04
1290688173463474176,260829558,349488923,2020-08-04
1290688322961059840,1199191828802789377,862739639769202688,2020-08-04
1290688785659895808,2302405428,1033570824186286081,2020-08-04
1290689723896336384,82185985,1046353595778691077,2020-08-04
1290691721630629890,2260054884,1259266510998159361,2020-08-04
1290694393981067264,1152624286332411905,3131008429,2020-08-04
1290690338928164864,2302405428,1033570824186286081,2020-08-04
1290689919568867334,2437924489,601345360,2020-08-04
1290690966811181065,1243302341371183105,927567223501283328,2020-08-04
1290693017712635909,87821051,967618836336791558,2020-08-04
1290700700091969536,1072556836627181568,825149561416998913,2020-08-04
1290692391062536192,1041855824635674624,1230652000473427969,2020-08-04
1290691931870298113,983035012219047938,2471680386,2020-08-04
1290951187517276160,324163222,826211534942720001,2020-08-05
1290692070362025984,817923261136674816,1012118103541600257,2020-08-04
1290708427480719363,2255100512,468702298,2020-08-04
1290693228027621376,3369390345,3369390345,2020-08-04
1290694134873776128,57625403,57625403,2020-08-04
1290695141859049472,190014564,1008152292468588552,2020-08-04
1290749212641173506,1086815222416007168,1928914795,2020-08-04
1290695912834994176,190014564,1008152292468588552,2020-08-04
1290695533955358726,1163538505,19697955,2020-08-04
1290850790509170688,1264398524759764992,394991629,2020-08-05
1290700110222045196,1271232225191886854,274096022,2020-08-04
1290696094914158593,2302405428,1344920712,2020-08-04
1290698350157877248,1239599332770398214,107554650,2020-08-04
1290837890927190021,590231937,292234605,2020-08-05
1290696856482254849,1199191828802789377,862739639769202688,2020-08-04
1290812324031410176,1225607511119745025,1267179233505402884,2020-08-05
1290696969610878977,826211534942720001,775903932782632961,2020-08-04
1290697188314578944,18093625,18093625,2020-08-04
1290698617859317765,966154007772311552,825298822796603392,2020-08-04
1290699825743310854,966154007772311552,825298822796603392,2020-08-04
1290697797189144576,1199191828802789377,862739639769202688,2020-08-04
1290698282201755649,1191450623943811075,838172520004141057,2020-08-04
1290699913597091840,212698496,1068659661031772161,2020-08-04
1290698796368826372,1199191828802789377,862739639769202688,2020-08-04
1290702086372352001,194222253,1055405245449322496,2020-08-04
1290699315120418818,3252803412,102913821,2020-08-04
1291932686530076672,222567719,23932903,2020-08-08
1290700866383642625,934909815662567424,297418024,2020-08-04
1290700581275873280,966154007772311552,1154218412937240578,2020-08-04
1290700392091865089,1199191828802789377,862739639769202688,2020-08-04
1290700358554091523,966154007772311552,825298822796603392,2020-08-04
1290704049441067008,37904694,968587494,2020-08-04
1290707340249923585,541152991,745439356110802944,2020-08-04
1290701627876429824,1199191828802789377,862739639769202688,2020-08-04
1290706512042762242,243344161,85669051,2020-08-04
1290702122045132801,115985385,961647075455795201,2020-08-04
1290704462529597442,3880077453,1148953411066486784,2020-08-04
1290702716487061505,966154007772311552,513669720,2020-08-04
1290701949856358406,3252803412,1197678150458712064,2020-08-04
1290711875072614400,1195923897109139456,531654520,2020-08-04
1290711412768215049,1380534451,1380534451,2020-08-04
1290704817061494785,966154007772311552,825298822796603392,2020-08-04
1290702963258712069,808096938440560640,1191876198902771712,2020-08-04
1290703428285394944,1037725403547357184,432096188,2020-08-04
1290704688736854017,25843801,806936129270222848,2020-08-04
1290704013416112136,1191876198902771712,808096938440560640,2020-08-04
1290711320023764993,961647075455795201,3357153478,2020-08-04
1290721512555720710,1169390293793300480,1169390293793300480,2020-08-04
1290706443432230914,21522338,28137537,2020-08-04
1290706467063058432,3346078317,1216201121838125057,2020-08-04
1290706238855163910,825149561416998913,1072556836627181568,2020-08-04
1290706062677508096,1157261020290867201,1182138229006446595,2020-08-04
1290709204991238145,2200344572,1283893994519506944,2020-08-04
1290706321545867264,424323759,424323759,2020-08-04
1290706561359400960,1191876198902771712,808096938440560640,2020-08-04
1290737535245856774,2228878592,1173984945091633159,2020-08-04
1290713377376018435,85669051,243344161,2020-08-04
1290720412507217925,778812924936675328,177558300,2020-08-04
1290708080255045634,808096938440560640,1191876198902771712,2020-08-04
1290714905381748736,1268454245067440129,1246884965842911234,2020-08-04
1290738685084868608,181069068,1091173131874652160,2020-08-04
1290822074555084800,915347593739239424,436454066,2020-08-05
1290708873972789249,808096938440560640,1191876198902771712,2020-08-04
1290708500012818432,2945978133,2945978133,2020-08-04
1290715174987395072,56878214,412817051,2020-08-04
1290811553420201985,25766539,113674133,2020-08-05
1290713722239868928,1271679559629303808,418992576,2020-08-04
1290715086865104902,4479867201,752871699909971968,2020-08-04
1290710267991654403,24920810,213326279,2020-08-04
1290714292468277249,3043832375,3363244774,2020-08-04
1290789219053580289,3237369153,3237369153,2020-08-04
1290720650248835072,827002430483206144,745049280650481664,2020-08-04
1290956203212681220,1176674394564788224,1132818081884069889,2020-08-05
1290718852465266690,13744762,1229291,2020-08-04
1290713668708114432,940793251216478208,940793251216478208,2020-08-04
1290725007820292097,1225239080230957057,42330230,2020-08-04
1290725663402364929,784454880576495616,784454880576495616,2020-08-04
1290714485540433922,1258227571654717441,1119008505619288064,2020-08-04
1290751773402161155,872964678590377984,111858127,2020-08-04
1290747297781800960,1008146474,794863476866973696,2020-08-04
1290714921156714497,1191876198902771712,808096938440560640,2020-08-04
1290716111831314432,808096938440560640,1191876198902771712,2020-08-04
1290716185521266692,22812677,358933419,2020-08-04
1290716764473565187,1253005220138844161,1152469135,2020-08-04
1290738164219478022,1091165330314006531,1265834843537055745,2020-08-04
1290716959798042624,945380570497998850,14334434,2020-08-04
1290717408227930112,1239599332770398214,33829875,2020-08-04
1290731896888938498,153471197,3162964184,2020-08-04
1290736611613741056,277660416,23505002,2020-08-04
1290719777426612226,1883979044,1883979044,2020-08-04
1290724709122945026,825149561416998913,1072556836627181568,2020-08-04
1290734788136128513,39907427,865629399327981570,2020-08-04
1290792667085967362,21522338,1113488144408567808,2020-08-04
1290813282593509376,923031630675095553,174943184,2020-08-05
1290793699601985539,20133776,1096794200362823680,2020-08-04
1290722624109080576,1883979044,1883979044,2020-08-04
1290880117200302082,1268065696841453568,568907678,2020-08-05
1290723258589822983,44653242,2831045058,2020-08-04
1290796740766031873,2984368488,27156125,2020-08-04
1290725346694717440,1274867768643317760,1924753776,2020-08-04
1290724320981979140,1266327061217644546,334810409,2020-08-04
1290791442755985408,2831045058,44653242,2020-08-04
1290724971463942144,1072556836627181568,825149561416998913,2020-08-04
1291004508277858305,1514760967,36892573,2020-08-05
1290726636703424512,1224194173710020609,1086804799042080768,2020-08-04
1290728555937234945,1224194173710020609,1086804799042080768,2020-08-04
1290726224743084033,1691408946,1120667837255831555,2020-08-04
1290730343813615621,1175505263840784386,2894026621,2020-08-04
1290766747268575232,2334283098,1250427741238788096,2020-08-04
1290728355025780742,941795598281379840,941795598281379840,2020-08-04
1290765397013266439,1161770724429897728,822498635048951808,2020-08-04
1290739028996902916,817923261136674816,2898378136,2020-08-04
1291245435206676480,945257868579786752,1281710559868727296,2020-08-06
1290730293561884674,920968386,406521665,2020-08-04
1290729635744043012,66527880,146292267,2020-08-04
1290728436839915520,1235187437569282048,702674770161078272,2020-08-04
1290736215847731200,1187457731361476614,2921185275,2020-08-04
1290944959651119104,470224139,288955712,2020-08-05
1290732188024045568,14150382,226782418,2020-08-04
1290731948181270528,989702615897399296,844663233499750401,2020-08-04
1290739759170625538,21816402,865353222,2020-08-04
1299477561131573248,1146265781543395328,1288908701777006592,2020-08-28
1299477887956013059,1146265781543395328,1288908701777006592,2020-08-28
1290734625703305216,2324772909,771803490322612224,2020-08-04
1290754921332080641,1231695393240633344,15765691,2020-08-04
1290734726941159426,1107974486056468481,1267127930116878339,2020-08-04
1290734112584728576,40919272,813734563339964416,2020-08-04
1290733756131749891,885651069828825088,1049396735590756354,2020-08-04
1290738973094993921,3246373702,2571117021,2020-08-04
1291001431189790723,4373878223,1248574357502406657,2020-08-05
1290735539809734656,1019576710122037248,900662252331835392,2020-08-04
1290735540510298115,2614255879,3044602665,2020-08-04
1290743065746067457,1144748123610333185,2293596240,2020-08-04
1290735740872265729,1017294810393337857,1017294810393337857,2020-08-04
1290737033338671107,278102111,3762320657,2020-08-04
1290736241210687491,2614255879,3044602665,2020-08-04
1290736764127240198,1017294810393337857,1017294810393337857,2020-08-04
1290739692514795523,1288490793339158528,1267752244872691712,2020-08-04
1290737779979288583,3431897752,894520617176895490,2020-08-04
1290737722945081344,785926171,4205888240,2020-08-04
1290782312200691712,2266786063,244816083,2020-08-04
1290738167155499011,1283224830461071360,23163907,2020-08-04
1290738380146380804,1112887369206808577,1178827462186278912,2020-08-04
1290739313425223683,832988692855844864,965749211349245952,2020-08-04
1290738828097941506,748761679,33120776,2020-08-04
1290739756511268865,32571980,32571980,2020-08-04
1290742805376180232,865353222,21816402,2020-08-04
1290767710045925376,939993359472627717,939993359472627717,2020-08-04
1290743102852931584,1035323199393677313,1035323199393677313,2020-08-04
1290742242773098497,1042102056100814849,1257229300950065152,2020-08-04
1290742709154492417,1175505263840784386,827768465360449536,2020-08-04
1290743428871909376,44653242,114771620,2020-08-04
1290748870306287626,522434972,199498305,2020-08-04
1290742248355672064,1290501900027084800,126406704,2020-08-04
1290742980157022208,2302405428,1160137608757989376,2020-08-04
1290743131827208192,258121270,2986463136,2020-08-04
1290999152399327232,1267528127439343616,2390715684,2020-08-05
1290778132170121216,522770862,1270582663473246209,2020-08-04
1290762363272982530,909551747319816192,1271964760372887556,2020-08-04
1290748739653718020,1288490793339158528,986001166550032389,2020-08-04
1290745865804681222,1150802522648584194,1852591016,2020-08-04
1290819069650718721,123618703,4419690323,2020-08-05
1290792673658404864,369287871,235352782,2020-08-04
1290748317991940101,476591541,1197850476479467520,2020-08-04
1290759766566936576,403676350,2378870930,2020-08-04
1290748675082334209,1206975658070548486,1092901150515519488,2020-08-04
1290753360795238403,885651069828825088,1049396735590756354,2020-08-04
1290750656454823937,1169316991,3125529448,2020-08-04
1290750915302100992,1248048975820787713,25175689,2020-08-04
1290750614155272192,720627246969409537,1169316991,2020-08-04
1290752877170954241,14116588,344331919,2020-08-04
1290752559263645696,25740875,73011972,2020-08-04
1290751135469494272,1248048975820787713,25175689,2020-08-04
1290928642785259520,2910719740,2910719740,2020-08-05
1290750962840240135,1248048975820787713,25175689,2020-08-04
1290752010074103812,1169316991,3125529448,2020-08-04
1290759546361614336,52423655,441365250,2020-08-04
1290752447674286081,720627246969409537,1169316991,2020-08-04
1290866691304456192,1238383916060418048,471238441,2020-08-05
1290768866772049920,712011839651979264,1166430863627902976,2020-08-04
1290752828408029186,470762287,470762287,2020-08-04
1290760687283838976,37904694,805153340,2020-08-04
1291038740228370433,1042102056100814849,1257229300950065152,2020-08-05
1290758153995526145,1187409863191736320,759835979582623745,2020-08-04
1290754615147986950,1169316991,720627246969409537,2020-08-04
1290759090482769922,572160444,1082762792678105088,2020-08-04
1290753836324474893,1169316991,535468587,2020-08-04
1290887730919071745,181069068,1091173131874652160,2020-08-05
1290761953539846144,1072585808261959680,1277647603564515328,2020-08-04
1290755016698007553,720627246969409537,1169316991,2020-08-04
1290755676323684352,4014612859,782733789277609984,2020-08-04
1290755399357014018,720627246969409537,1169316991,2020-08-04
1290760356038619137,66267782,43071929,2020-08-04
1290755970197594121,1839185227,128696720,2020-08-04
1290770652820054020,1169316991,720627246969409537,2020-08-04
1290759422424363013,1163538505,1257797613954510849,2020-08-04
1290759369303498753,1154882001146716160,1406158770,2020-08-04
1290756670738403328,156427983,156427983,2020-08-04
1290761330891173888,28597397,28597397,2020-08-04
1290768262574362632,759835979582623745,1187409863191736320,2020-08-04
1290764813967204352,817923261136674816,543138333,2020-08-04
1290759239292551170,948629047634026497,66144152,2020-08-04
1290761360620564480,1191876198902771712,808096938440560640,2020-08-04
1290765243984084992,954252344,1871213983,2020-08-04
1290798055093149696,223869253,2567819647,2020-08-04
1290763010005499906,19346439,2407996350,2020-08-04
1290773539679875073,1261137488690610176,16207581,2020-08-04
1290769689300348928,1275199759616299009,2725851676,2020-08-04
1290763664568528897,1210415184,55575117,2020-08-04
1290761456208826368,2356121359,2356121359,2020-08-04
1290796501203947521,1191876198902771712,808096938440560640,2020-08-04
1290790960096583682,1207095123772923904,2955091777,2020-08-04
1290766278756634628,3880077453,1187449072510070784,2020-08-04
1290763542170341376,1042405564540768256,797071662709673985,2020-08-04
1290782551334821888,473349012,473349012,2020-08-04
1290816740419657728,1230652000473427969,3389189075,2020-08-05
1290775895704088576,2749617312,818336459941965824,2020-08-04
1290764529727676422,1156393113742712832,3485052261,2020-08-04
1290764798955749386,830579379436716032,1153305577642217480,2020-08-04
1290850556991373313,25956210,496405130,2020-08-05
1290816065409253378,22001762,830579379436716032,2020-08-05
1290959821362081792,757731086,47529168,2020-08-05
1290767589476429825,1111899778546192385,620333931,2020-08-04
1290830958191665153,968587494,38823225,2020-08-05
1290778107566157824,247471895,1190317799257841665,2020-08-04
1290769708086628353,2709029438,1100729052657315840,2020-08-04
1290768486160052225,931500149792153600,931500149792153600,2020-08-04
1290772979123736577,19115409,899152184092246017,2020-08-04
1290774464444104706,1277984880660488192,836100988658405377,2020-08-04
1290773105825153025,807811812360126464,1272033555552645120,2020-08-04
1290770133288284160,1234253341514878976,822851984118034432,2020-08-04
1290769821517266946,3190462724,1040047054943334405,2020-08-04
1290772836072730626,1040047054943334405,1144188894403092481,2020-08-04
1290794612617953280,712011839651979264,1166430863627902976,2020-08-04
1290777253828161539,912406397324689408,965452912997683202,2020-08-04
1290771024753987586,784098236,1083782663373275141,2020-08-04
1290779454797688833,927775911944097792,297135211,2020-08-04
1290912379371487232,1267228593744207874,27811832,2020-08-05
1290780235923886080,1204770198773018625,1259642200037691393,2020-08-04
1290772738366480384,26362666,26362666,2020-08-04
1290773102264061952,28395645,595754666,2020-08-04
1290778069897281537,1105979306898046976,3282547604,2020-08-04
1290773283806179328,981410214267228162,334217088,2020-08-04
1290773050393268226,885137321229733888,1134937280,2020-08-04
1290773273056346112,885137321229733888,797788753062461440,2020-08-04
1290777436649480192,912406397324689408,965452912997683202,2020-08-04
1290773707883978753,2193296227,711390622876344321,2020-08-04
1290782859209261056,416002485,543066710,2020-08-04
1290786588193103874,1154882001146716160,885708323747713024,2020-08-04
1290774876010065921,707301858,1265936950214574081,2020-08-04
1290775578820456449,991003164,157153439,2020-08-04
1290825150989049856,54939479,265139430,2020-08-05
1290775769099259906,2709029438,1290622705205743619,2020-08-04
1290776771210539008,3190462724,1040047054943334405,2020-08-04
1290993635614429185,3885638489,3885638489,2020-08-05
1290777750358368256,1210415184,55575117,2020-08-04
1290790292627628032,1723094389,2709029438,2020-08-04
1290779289739198464,2375259150,2375259150,2020-08-04
1290778298646224896,817923261136674816,760510356686934017,2020-08-04
1290816177888022529,1165814796836642816,1290393915175051264,2020-08-05
1290787005530480641,912406397324689408,965452912997683202,2020-08-04
1290783580549832708,71351724,26071913,2020-08-04
1290780675763843072,1149898992798588929,1149898992798588929,2020-08-04
1290811838096007168,316613349,1232396703900135424,2020-08-05
1290782345373655041,42633791,42633791,2020-08-04
1290811661281042432,757391171014434816,752574753974747136,2020-08-05
1290809878508904448,827002430483206144,745049280650481664,2020-08-05
1290784065558179841,1035235308,1103404650043191296,2020-08-04
1290795870829465600,4389495080,955283405855272961,2020-08-04
1290825725008699392,990059739563347971,743180308976017408,2020-08-05
1290788045139120128,1115357467054170118,4737844455,2020-08-04
1290856393998827521,1116844691339862016,2791277339,2020-08-05
1291112034914844672,1617069110,1167081928685584384,2020-08-05
1290790557506306048,1193638200994127872,1289640423313616896,2020-08-04
1290790365457289216,1181688865905528832,1085585326649851905,2020-08-04
1290789385810481152,1329781136,1329781136,2020-08-04
1290790852781051904,2782389852,2782389852,2020-08-04
1290793207031386113,113426349,520856994,2020-08-04
1290801770390790145,1154882001146716160,885708323747713024,2020-08-05
1290795505677631493,789870349,925101239737683969,2020-08-04
1290791419427393536,369287871,235352782,2020-08-04
1290792745041190912,1274349674481123328,1279896727131168774,2020-08-04
1291141784735584257,1274349674481123328,1279896727131168774,2020-08-05
1290795277679353856,16870567,61994759,2020-08-04
1290798373612773376,3931672393,16586357,2020-08-04
1290793703787900928,759835979582623745,868370376,2020-08-04
1290796043064549377,156758960,1289653343330213888,2020-08-04
1290798629771448321,3931672393,16586357,2020-08-04
1290799942848655362,160266632,1241402628065464321,2020-08-05
1290796371268833281,1035214361428742146,1287449446566055937,2020-08-04
1290796203245019142,1239599332770398214,474547468,2020-08-04
1290796545193861120,1219737527612915712,458792938,2020-08-04
1290813073633112065,29524266,945366465783279616,2020-08-05
1290803226196008960,735797280,1090795096092655616,2020-08-05
1290798490512236549,883673670622818305,20293758,2020-08-04
1290806961609613312,27156125,2984368488,2020-08-05
1290927485652107264,1160332114052521986,1160332114052521986,2020-08-05
1290797881801289731,716062778394456069,716062778394456069,2020-08-04
1290799764540358657,156758960,68288618,2020-08-05
1290799957704716289,164776687,164776687,2020-08-05
1290800476187811840,1241402628065464321,160266632,2020-08-05
1290803090401239041,787863502941622272,1266011360204374018,2020-08-05
1290801393125797890,1154882001146716160,1051098645305708544,2020-08-05
1290803195246084097,1288592195788791808,559145596,2020-08-05
1290826860314734593,1262584848117649409,1208982685315678209,2020-08-05
1290805735048257542,156758960,1264688868135075841,2020-08-05
1290975048883412992,274076953,71443910,2020-08-05
1290877734449819648,369287871,22410185,2020-08-05
1290807993370660864,366188002,2340501942,2020-08-05
1290810219774255104,1120158952329760768,158844954,2020-08-05
1291214459093098496,223869253,2567819647,2020-08-06
1290808753353297921,1516644956,1516644956,2020-08-05
1290820786131935232,1037725403547357184,432096188,2020-08-05
1290810319460356099,735286410,1013223030468866048,2020-08-05
1290814159064629250,47472163,859059210,2020-08-05
1290818541877223424,1037725403547357184,432096188,2020-08-05
1290853153768906753,1289531753561030656,303893329,2020-08-05
1290850922197811205,752574753974747136,757391171014434816,2020-08-05
1290850156594765825,752574753974747136,757391171014434816,2020-08-05
1290812004773564416,14501190,14501190,2020-08-05
1290845173455486978,2760704813,778436442,2020-08-05
1290818597149868039,708730556041662464,2358672325,2020-08-05
1290813037067350016,369287871,604460550,2020-08-05
1290813136849821697,4286910857,4286910857,2020-08-05
1290818587918311430,934532174828724224,1171612694673330176,2020-08-05
1290817125368475648,830644209132650496,55841183,2020-08-05
1291120448017768451,1223334496088535047,364207600,2020-08-05
1291080789006974978,1154882001146716160,1267339121808326656,2020-08-05
1290815297721479168,499818111,4877816757,2020-08-05
1290815663523549184,4679461470,4679461470,2020-08-05
1290818980706430976,99973385,771462452433346564,2020-08-05
1290848992163696642,817923261136674816,824410982835453952,2020-08-05
1290819048230531073,1194780585379729409,1247255465500848137,2020-08-05
1290818349342117889,3453338260,1268616266278932489,2020-08-05
1290818762720124929,1203269325886496768,14505383,2020-08-05
1290818741144563712,19346439,863577555152121857,2020-08-05
1290867385470197760,570316126,1220155109302308865,2020-08-05
1290839862573064193,1175505263840784386,894838250296225792,2020-08-05
1290828613051441152,1428618517,2502899607,2020-08-05
1290823243587358722,1161834228675485696,1128192449560612864,2020-08-05
1290824986270326785,1267037382,1267037382,2020-08-05
1290825025256398848,1201720890,333107156,2020-08-05
1290828534924148738,2228878592,2680350607,2020-08-05
1290826748657983488,25718297,739654396687077377,2020-08-05
1290826850835431424,31443583,31443583,2020-08-05
1290827884571971586,872192111214338048,834482539,2020-08-05
1290827704548438022,871425976957149184,871425976957149184,2020-08-05
1290830391075655680,1161834228675485696,1128192449560612864,2020-08-05
1290829757576142848,562741297,1078674893456244737,2020-08-05
1290844159499055104,392542060,73779627,2020-08-05
1290852968665817089,1260285039448739840,244212994,2020-08-05
1290834033165950976,817590510403670018,379824348,2020-08-05
1290835776364781568,1002645371942629377,842450830632591360,2020-08-05
1290834422640652289,307410294,307410294,2020-08-05
1290846912837496832,1107646373518893056,148232446,2020-08-05
1290941814271352832,729681031377342464,32723360,2020-08-05
1290870278067806208,1277344503670747137,64460112,2020-08-05
1290837663495458818,60213199,60213199,2020-08-05
1290840968074104833,1175505263840784386,254943428,2020-08-05
1290841641612390400,913478255495102464,1015279115350495242,2020-08-05
1290978766018301952,62284537,805178912078757888,2020-08-05
1290838804907974656,572160444,1286850077177372674,2020-08-05
1290847626007588864,193788768,916567746019844096,2020-08-05
1290839940138377216,3284010013,3284010013,2020-08-05
1290844602342281216,867558668971016192,3018009618,2020-08-05
1290839660747423747,115308684,82537234,2020-08-05
1290977899332468738,379824348,936432800147927040,2020-08-05
1290840535545139201,1276996306305798152,1244967951020765184,2020-08-05
1290850546216206339,245663414,992419517505658880,2020-08-05
1290841098735116288,893950732465881088,893950732465881088,2020-08-05
1290959514951471104,548004325,16305686,2020-08-05
1290844569052033034,1276996306305798152,1244967951020765184,2020-08-05
1290849684907581442,2957834513,2957834513,2020-08-05
1290845791964274689,1151709201443565568,1071300094811607040,2020-08-05
1290848098831306753,75743668,918451812,2020-08-05
1290847570324062209,151585663,3004056801,2020-08-05
1290973054672273408,825369096313270272,1238284491598241794,2020-08-05
1290850545750683651,1037725403547357184,3686348244,2020-08-05
1290864028198158337,1279245010869686274,170369342,2020-08-05
1290850400094973952,822913722897178624,1281559836363231232,2020-08-05
1290851135541121024,16170253,16170253,2020-08-05
1290865274237915136,369287871,604460550,2020-08-05
1290853717005103105,915972749259968512,880579288118030336,2020-08-05
1290904800276754433,1238499598718644226,3579483136,2020-08-05
1290858653856280576,1240052719454388225,59570804,2020-08-05
1290971173904424961,846124423660867586,709038512746536961,2020-08-05
1290861345383079938,405796122,630515324,2020-08-05
1290863583455137792,898934738,297109682,2020-08-05
1290855580798656512,55883887,3273799494,2020-08-05
1290856140377657344,1273365348935499776,1286117177695899653,2020-08-05
1290871968133079041,590231937,292234605,2020-08-05
1290875987144536065,590231937,292234605,2020-08-05
1290857524875481088,1161834228675485696,1128192449560612864,2020-08-05
1290863996963299328,1256204653827469315,774323286180147200,2020-08-05
1290861392363491328,444049229,1209784414152069120,2020-08-05
1290858736341389312,1273365348935499776,1286117177695899653,2020-08-05
1290860337839984641,1362999002,1362999002,2020-08-05
1290860146428715009,801229285843472384,334031214,2020-08-05
1291137602611896320,1067272628803653632,328360818,2020-08-05
1290862717322977280,1096154100767481856,1096154100767481856,2020-08-05
1290863063848103937,1516644956,1516644956,2020-08-05
1290965659443179520,32235468,1138209419412549632,2020-08-05
1290866343680475137,499818111,755198178211819520,2020-08-05
1290872269670092808,33001002,28790279,2020-08-05
1290890151061622785,778976910,1282561477820289024,2020-08-05
1290867293103124480,2195927359,2195927359,2020-08-05
1291067482107555840,539566673,331081365,2020-08-05
1290869387591741440,1106162697207341057,1106162697207341057,2020-08-05
1290871186918793216,1192740946342866950,1192740946342866950,2020-08-05
1290959490154733568,145893057,1115434414723354624,2020-08-05
1290877009388687361,1235922754915815424,1288004629775572995,2020-08-05
1290874388913373184,292234605,590231937,2020-08-05
1291053618561523715,448900071,1164601759030890496,2020-08-05
1290877629252415489,713318498,713318498,2020-08-05
1290877540702314496,968587494,365601142,2020-08-05
1290878195621933056,263708316,1094761898719887361,2020-08-05
1290886770578427904,25766539,113674133,2020-08-05
1290880063278321665,790653885501374464,790653885501374464,2020-08-05
1290880823898644480,33001002,89383143,2020-08-05
1290877939098107904,17243913,169201106,2020-08-05
1291240036311027712,1071980970197295104,1071980970197295104,2020-08-06
1290882778465214464,156758960,1185547276707647489,2020-08-05
1290908447962087424,1277087263357194240,1118714583609274368,2020-08-05
1291001521048563714,193788768,1159689274305994752,2020-08-05
1290884107505995776,1271568481012588547,1271568481012588547,2020-08-05
1290984767572369409,1264946856414654464,3204957915,2020-08-05
1290887365402271744,1253005220138844161,1152469135,2020-08-05
1291004616717598720,1224194173710020609,1253005220138844161,2020-08-05
1290919359498649600,830436086,1255500495046742017,2020-08-05
1290892155834204160,1039210113352060930,15460588,2020-08-05
1290890741804339200,1212011820606611457,1212011820606611457,2020-08-05
1290890729691033600,2987421847,767485496,2020-08-05
1290894265674076160,1269386879482421248,957490552810831872,2020-08-05
1290910728078209025,1173758972,1222557363334533122,2020-08-05
1290945399470067712,260398846,740547853387337730,2020-08-05
1290901670709395457,570316126,1220155109302308865,2020-08-05
1290897256258797570,1264398524759764992,394991629,2020-08-05
1290908934534885376,1264398524759764992,394991629,2020-08-05
1291040587865419776,3829362740,1228348348865929217,2020-08-05
1290903694117044224,786329265969238020,786329265969238020,2020-08-05
1290992326563766272,37904694,1275446147700518916,2020-08-05
1290935156765859840,2502009804,1591032996,2020-08-05
1290953795288137728,713587285,23494080,2020-08-05
1290912448225001472,66484327,2345700257,2020-08-05
1290916291566542853,1189761425063006208,714674114292789249,2020-08-05
1290917491196063744,3900952512,624175118,2020-08-05
1291065103551475712,1181403234998587392,1240108614863310848,2020-08-05
1290915292475006977,418543440,418543440,2020-08-05
1291059260311437313,23494080,132674068,2020-08-05
1291164093630558208,23494080,132674068,2020-08-06
1290922545772806146,28017499,1266846774133579776,2020-08-05
1291003529558142976,2313683107,1216402558765477888,2020-08-05
1290930608680697857,968587494,3393385137,2020-08-05
1290987542230302727,2909845271,19301117,2020-08-05
1290934514982645760,945366465783279616,29524266,2020-08-05
1290937490568871936,968587494,14302630,2020-08-05
1290946069891706880,66484327,1105258892756434944,2020-08-05
1292527808183332865,29524266,945366465783279616,2020-08-09
1291021065330794496,985015708177354753,985015708177354753,2020-08-05
1290961162574548993,804360301,303747888,2020-08-05
1291109018619052032,1132852107978117121,368211582,2020-08-05
1290943120977403904,1017294810393337857,1017294810393337857,2020-08-05
1291046127215747072,32723360,729681031377342464,2020-08-05
1290944361090494464,968587494,1553793912,2020-08-05
1290950306935824385,865672841123041280,844930596166160384,2020-08-05
1290977502953975808,1267037382,1267037382,2020-08-05
1290947433640337408,1662049748,1662049748,2020-08-05
1290953476533637120,3309302870,1247692401117929473,2020-08-05
1291064793651195904,23494080,33621442,2020-08-05
1290949691295793152,1148235738535911425,23932984,2020-08-05
1291417432796659713,1274167086881951745,1069302658920562690,2020-08-06
1290951210833387520,2844018590,2844018590,2020-08-05
1290952124583600128,3663984556,565259731,2020-08-05
1290958975723343873,401989905,1231044007590948865,2020-08-05
1290975868798500873,1068758137929379840,1187951187787563014,2020-08-05
1291183525186670599,23494080,939905071252373511,2020-08-06
1291049040499445761,37904694,406623745,2020-08-05
1291102373247627266,763818163494617088,1090049032901275648,2020-08-05
1290967156671184896,66484327,2486550496,2020-08-05
1290961585683542016,590850669,2729524136,2020-08-05
1290962599325118465,14214823,1252624134628139010,2020-08-05
1291107435021729793,19263448,25944662,2020-08-05
1290966887153754112,1851322364,21368060,2020-08-05
1290965394438660098,3663984556,15579557,2020-08-05
1291003447857356800,1264946856414654464,20645163,2020-08-05
1290967533319856129,1221081274141630464,928295256,2020-08-05
1290981646364291082,152812101,1255589406,2020-08-05
1290967989400018944,928295256,1221081274141630464,2020-08-05
1291002589606281217,627146724,1120143571607224320,2020-08-05
1291023453244424194,2556358540,2974909167,2020-08-05
1290997562200035329,153471197,65216654,2020-08-05
1290972895796170752,1451756137,1451756137,2020-08-05
1291061551433166849,1238284491598241794,825369096313270272,2020-08-05
1290974883351076864,702257659,199625150,2020-08-05
1290975231323058176,2249531,2249531,2020-08-05
1291000306915057669,250211424,250211424,2020-08-05
1291029107564847108,1286779966366142467,2164876619,2020-08-05
1290977352793587712,130676619,130676619,2020-08-05
1290994147546075136,37354588,937961195599953921,2020-08-05
1290978807856472066,63923329,63923329,2020-08-05
1290980438886973447,633774604,748204035153534978,2020-08-05
1290983470492196865,1086768933221384192,4819667927,2020-08-05
1290981654744444929,1089838129706663936,1089838129706663936,2020-08-05
1291040951457263616,1255589406,152812101,2020-08-05
1290982299215880193,3297110922,1035055743055978496,2020-08-05
1290985248386355200,105338463,15116277,2020-08-05
1290984620910088192,830656006388588545,830656006388588545,2020-08-05
1291029622692417537,27010893,1192555801367461888,2020-08-05
1290983768627351559,2249531,2249531,2020-08-05
1290985890538500098,2249531,2249531,2020-08-05
1290990505828978690,1258662996139814913,1134485472204525568,2020-08-05
1290987547884023809,934049237628841984,934049237628841984,2020-08-05
1291134106030530561,1161834228675485696,27701323,2020-08-05
1290989744491552769,702257659,1239964054669660160,2020-08-05
1291201051736014849,878417619711381505,381166764,2020-08-06
1291014364468830208,817923261136674816,32419646,2020-08-05
1290994529185796097,25896607,25896607,2020-08-05
1290991493721751552,783461654545600513,1277318102347202560,2020-08-05
1290992058874892288,87612386,1189633987901362177,2020-08-05
1290992828257046529,87612386,1189633987901362177,2020-08-05
1290993611925061632,1264946856414654464,625736107,2020-08-05
1290993914451722241,87612386,1189633987901362177,2020-08-05
1291000141227360261,1214723373793718277,1283415479474847744,2020-08-05
1290994621884108804,1141384001082576896,1141384001082576896,2020-08-05
1291010911206080514,1189633987901362177,4801293200,2020-08-05
1290998002618834945,13132342,799494420743778304,2020-08-05
1291026880783691776,369287871,4710122417,2020-08-05
1290996425795436545,1253005220138844161,1581883268,2020-08-05
1291414916109344768,1089838129706663936,2149489765,2020-08-06
1290996816167796736,708832187467096064,879070022122995712,2020-08-05
1291001843770773506,1176674394564788224,2885239648,2020-08-05
1291005417338871810,400352771,21956602,2020-08-05
1291007804082458630,87612386,4077359074,2020-08-05
1292591700842614784,2835609500,3063411408,2020-08-09
1291001499493990400,32272710,359690061,2020-08-05
1291001311077584896,1253005220138844161,1581883268,2020-08-05
1291003406379896832,71860801,4775668713,2020-08-05
1291002078915997697,984605262999732225,906270633671176192,2020-08-05
1291044454019850247,1287788548825980935,1066095697492094976,2020-08-05
1291003895456595968,250211424,250211424,2020-08-05
1291002374354546696,816674913310253056,1220018516,2020-08-05
1291002028273987584,15867018,130684893,2020-08-05
1291002956792250368,1005887991410114565,345411666,2020-08-05
1291025335543369728,17923419,69155751,2020-08-05
1291183500058595328,830656006388588545,830656006388588545,2020-08-06
1291009611030335488,3248135028,861243014303305729,2020-08-05
1291026407225798656,27701323,22066594,2020-08-05
1291007097556131841,17467182,2871035506,2020-08-05
1291006959802634242,21522338,964773938462187520,2020-08-05
1291024203735543812,1210993425467633664,241318868,2020-08-05
1291097298773082112,3081983657,904392381486784512,2020-08-05
1291008826620207106,1264946856414654464,1264946856414654464,2020-08-05
1291064634108030979,739077039391543297,497611013,2020-08-05
1293357437337112577,3219723100,912475986150723587,2020-08-12
1291010161155420162,570316126,1220155109302308865,2020-08-05
1291022681089945600,805087705382195200,994997170997690368,2020-08-05
1291013685205504000,474491972,43790045,2020-08-05
1291066606685216770,1046170556893155328,890994353149272065,2020-08-05
1291015320371474432,163730050,1637957796,2020-08-05
1291017741596491777,1253005220138844161,1152469135,2020-08-05
1291061650993405955,826662707072004096,826662707072004096,2020-08-05
1291014936315994113,548219376,548219376,2020-08-05
1291045386270814209,10983152,38679514,2020-08-05
1291015882022559745,3576921256,399952131,2020-08-05
1291016845621944322,399952131,3576921256,2020-08-05
1291017113361158145,1034946001507938304,1034946001507938304,2020-08-05
1291016991231430657,17642409,926226611741052928,2020-08-05
1291016861098876928,84183248,84183248,2020-08-05
1291020467222921217,123618703,73076353,2020-08-05
1291018404061577216,1079360602454163456,1252020079790784518,2020-08-05
1291020510558658561,2277807332,1258260771521216513,2020-08-05
1291020791937740800,896563773875638272,896563773875638272,2020-08-05
1291269639100661762,205148837,1030771590668136451,2020-08-06
1291021461361053697,1282519744692670464,1282519744692670464,2020-08-05
1291023320469721088,1253005220138844161,1152469135,2020-08-05
1291023097630466048,2909387700,2909387700,2020-08-05
1291028690709643264,15582894,15582894,2020-08-05
1291036353975771137,3195419603,14224013,2020-08-05
1291026820872253442,298681398,83912615,2020-08-05
1291063988990562307,3180674587,1066592690421334016,2020-08-05
1291027161340620800,474491972,49067907,2020-08-05
1291024894248050689,299797266,299797266,2020-08-05
1291035413512163334,394642242,1100462352749772800,2020-08-05
1291066171790438401,23494080,2892082000,2020-08-05
1291074700345593857,1245798255553843201,16642131,2020-08-05
1291028995845296129,2198634601,6878412,2020-08-05
1291028091385655296,600752335,1024157587556761605,2020-08-05
1291029076388515841,506836529,153462141,2020-08-05
1291065482834042883,23494080,2500484598,2020-08-05
1291266090518163460,4514322802,701501616436994048,2020-08-06
1291053242873413632,6878412,2198634601,2020-08-05
1291048175835521025,21585811,15486950,2020-08-05
1291034375019048960,1177084540243853312,1242176869576749056,2020-08-05
1291119813344014336,87612386,4077359074,2020-08-05
1291030509544443914,206774684,206774684,2020-08-05
1291032286994010115,1162758486301827074,791581561988739072,2020-08-05
1291033158532698112,1286779966366142467,823984221308014592,2020-08-05
1291034534100660224,1177084540243853312,1096090727883378690,2020-08-05
1291066086323105797,513199347,756274905621073920,2020-08-05
1291037136783802370,37354588,724961977,2020-08-05
1291042870942670858,717190286322085889,1279476522118795264,2020-08-05
1291033996097355777,1286779966366142467,3038478357,2020-08-05
1291037355894280193,1211649100652797953,238669384,2020-08-05
1291035835832381442,794575684576415744,1138076864126341121,2020-08-05
1291035251838455808,1176576363203112962,1253101616816959489,2020-08-05
1291042011521249280,123618703,73076353,2020-08-05
1291037580625027072,149402723,1217670783859752960,2020-08-05
1291042548056641536,728747154,882756746,2020-08-05
1291083796092194816,927790585339097088,7433392,2020-08-05
1291102929059946496,1175505263840784386,1142625674026528768,2020-08-05
1291038087632629766,600752335,1281560115041247232,2020-08-05
1291038170121936896,600752335,1281560115041247232,2020-08-05
1291038722415185920,2946893125,13232322,2020-08-05
1291038244180832263,1173769962,1173769962,2020-08-05
1291520482093740035,46863213,1241833689463558145,2020-08-06
1291041706603945985,1286779966366142467,800421260681310208,2020-08-05
1291057594522415104,1312395158,1034598645784559616,2020-08-05
1291054724037455881,53276941,36703290,2020-08-05
1291209195937763329,15830702,138762801,2020-08-06
1291039556570165249,41981259,41981259,2020-08-05
1291183343229448192,23494080,325896309,2020-08-06
1291864001643782146,23494080,325896309,2020-08-07
1291042059563020293,1285287638535155714,324163222,2020-08-05
1291041635837587457,55852505,1082762424556707841,2020-08-05
1291043006523625479,258094181,198813509,2020-08-05
1291047217239920642,38967935,38967935,2020-08-05
1291042769692250113,2740357618,4889756028,2020-08-05
1291047619565891584,968587494,365601142,2020-08-05
1291049177225584641,1173758972,1072689102485508096,2020-08-05
1291043566941241345,4889756028,2740357618,2020-08-05
1291053430346145792,1158918311024816128,227468656,2020-08-05
1291043167492550657,1089838129706663936,1089838129706663936,2020-08-05
1291047246625112065,369287871,1267648364981768194,2020-08-05
1291131118989737984,87612386,953350914311688192,2020-08-05
1291046567286312962,2172419551,400313370,2020-08-05
1291049524912246786,149402723,15484198,2020-08-05
1291067344161251328,38679514,10983152,2020-08-05
1291060091605532672,2946893125,59886119,2020-08-05
1291061715409362944,2946893125,59886119,2020-08-05
1291063943293591554,2946893125,59886119,2020-08-05
1291049146485542915,17652531,1077000876,2020-08-05
1291055635359051776,408960349,3767497277,2020-08-05
1291047775937986560,600752335,914932026150653953,2020-08-05
1291048461878669312,600752335,914932026150653953,2020-08-05
1291048088828669959,187451666,187451666,2020-08-05
1291137108074102785,31313563,1168866300392890369,2020-08-05
1291157910962069504,570316126,1232384344628453376,2020-08-05
1291049200491225088,187451666,801699699384262657,2020-08-05
1291053468644499459,109843079,2891745068,2020-08-05
1291114591280406528,118727695,28825459,2020-08-05
1291109262551330819,21522338,47362629,2020-08-05
1291060747703922688,968587494,365601142,2020-08-05
1291051889077911552,146725826,146725826,2020-08-05
1291052083999846400,307410294,307410294,2020-08-05
1291053934682013698,995452387832705024,219186573,2020-08-05
1291055978604122114,17652531,1077000876,2020-08-05
1291056298746814464,15867018,1189187305300361218,2020-08-05
1291053060739854336,124219761,961376443279249408,2020-08-05
1291363296260632578,1035807945492193280,222217244,2020-08-06
1291086033833033729,175073422,1286685720707555334,2020-08-05
1291058002368200704,825160248088367104,1076709293267783680,2020-08-05
1291131823603322880,177725516,1633489460,2020-08-05
1291056394502901761,17652531,1010766999046279169,2020-08-05
1291059288316751874,2446583240,3301868945,2020-08-05
1291057099510878208,600752335,1162467583079137286,2020-08-05
1291064494995595264,124219761,961376443279249408,2020-08-05
1291057979886915597,911692787049009152,1164716287223898112,2020-08-05
1291067928092323843,962414093280964608,1005438876,2020-08-05
1291168973837475841,325869960,24845506,2020-08-06
1291061068807245826,3301868945,2446583240,2020-08-05
1291060731421614080,911692787049009152,1180829768,2020-08-05
1291879857853349888,40242691,1179472934840258560,2020-08-07
1291061540414615553,17202463,17202463,2020-08-05
1291061588439465985,3301868945,4348069457,2020-08-05
1291138143647932416,993641287,1265736663231270915,2020-08-05
1291062076996087809,183684009,288450590,2020-08-05
1291065779236909056,1256204653827469315,2383290756,2020-08-05
1291064012378177537,29226619,27939221,2020-08-05
1291063223676997632,597827916,597827916,2020-08-05
1291063957285941248,929842448,14428909,2020-08-05
1291071933094793216,1208982685315678209,1262584848117649409,2020-08-05
1291064398979534851,16892853,883376058564845568,2020-08-05
1291084596558344193,2313683107,1216402558765477888,2020-08-05
1291086116179914755,2313683107,1216402558765477888,2020-08-05
1291065340500336640,1631308484,107529849,2020-08-05
1291068496533741568,276987167,2246537899,2020-08-05
1291065581584752640,991403251,218359601,2020-08-05
1291244497611833344,1177084540243853312,797012177685278720,2020-08-06
1291080438505705473,1289358772650086400,183544321,2020-08-05
1291067932873822212,46321633,46321633,2020-08-05
1291068619938582535,1130569539715031040,117059950,2020-08-05
1291069783841157120,1441971834,1063873307122888704,2020-08-05
1291067242109698048,298681398,83912615,2020-08-05
1291069735732379654,298681398,83912615,2020-08-05
1291074745140686849,877495409740050432,560014133,2020-08-05
1291069895371825155,474491972,86711772,2020-08-05
1291069724026195969,48266056,2570905252,2020-08-05
1291091120739491842,811374998061547520,784462041570566148,2020-08-05
1291070758773493760,222199784,751542960131411968,2020-08-05
1291071195115188224,762522504,173754304,2020-08-05
1293165620389978112,21882727,21882727,2020-08-11
1291385777763561481,752574753974747136,1208421649361469440,2020-08-06
1291074818767552512,867558668971016192,1212951485228564480,2020-08-05
1291076827923058692,1285287638535155714,324163222,2020-08-05
1291071495175720960,2946893125,202661088,2020-08-05
1291071546027470848,762522504,173754304,2020-08-05
1291161758191755264,16916445,766028735220973570,2020-08-05
1291087090608824320,1170354124283449344,1050729169573830662,2020-08-05
1291073389000396800,2946893125,202661088,2020-08-05
1291105981909303296,74698700,3119653029,2020-08-05
1291074104481570819,762522504,353331957,2020-08-05
1291535175457923073,2898242417,2898242417,2020-08-07
1291100196458332160,1213054663991291905,1255926844911759362,2020-08-05
1291129789143818240,897831864450330624,1240482747606589440,2020-08-05
1291075539919306755,368731138,368731138,2020-08-05
1291076900673265664,1239599332770398214,165561057,2020-08-05
1291090045584265218,597827916,743051477908869120,2020-08-05
1291076831907586050,156758960,2915499330,2020-08-05
1291076707563208704,42040497,50129007,2020-08-05
1291079684684357637,3301868945,1286722935907123200,2020-08-05
1291081931602501632,937136401,938598974579240961,2020-08-05
1291079143040393216,743782467987988480,743782467987988480,2020-08-05
1291078670224953351,255079989,267277785,2020-08-05
1291093498599358464,762522504,55124502,2020-08-05
1291081593357053954,388923315,388923315,2020-08-05
1291081261415620608,3064671053,3064671053,2020-08-05
1291132887052541953,796551563795951616,1942371482,2020-08-05
1291082698803617797,35239459,1116717853,2020-08-05
1291081316948041734,2946893125,59886119,2020-08-05
1291088555842908161,202718818,202718818,2020-08-05
1291082222418755585,43468261,43950736,2020-08-05
1291082930119479296,925898386837995526,925898386837995526,2020-08-05
1291083888811487232,1193678432263188483,826058732593360896,2020-08-05
1291085759772942336,23493744,23493744,2020-08-05
1291091983071621123,1234885878255955968,1058440272,2020-08-05
1291098948191625216,1248048975820787713,391109376,2020-08-05
1291092271182610432,48266056,2570905252,2020-08-05
1292499865860075520,1093367053526822916,1189916268943593472,2020-08-09
1291094863900016642,23685118,252966637,2020-08-05
1291085699769344000,1286779966366142467,2218712627,2020-08-05
1291086065655259137,19346439,873592111098204162,2020-08-05
1291088431263744002,48266056,2570905252,2020-08-05
1291213564355715075,2313683107,1216402558765477888,2020-08-06
1291087014574452737,1212777238703132672,1212409690073645056,2020-08-05
1291088118834057216,1212409690073645056,1212777238703132672,2020-08-05
1291089485019729926,887380473776943105,966316237142790146,2020-08-05
1291090611353858049,162487293,14457021,2020-08-05
1291104529430142976,399750903,28298907,2020-08-05
1291092189296988160,1158918311024816128,227468656,2020-08-05
1291090965319606272,983946062032490496,107257007,2020-08-05
1291093307502854149,255079989,1281367762871304193,2020-08-05
1291414640988237828,1089838129706663936,1276123466073346048,2020-08-06
1291094571120812033,19213260,19213260,2020-08-05
1291105311600848903,74698700,3119653029,2020-08-05
1291099649177268225,1281639796956442634,755229520114909184,2020-08-05
1291097252967178241,1115609311684612101,4851882796,2020-08-05
1291151250520707073,759835979582623745,1152683502665703424,2020-08-05
1291101636090368002,156956327,845317795,2020-08-05
1291100232520880128,1228415516110245889,1356071167,2020-08-05
1291102772616663040,113721008,113721008,2020-08-05
1291102980922650624,1255926844911759362,1213054663991291905,2020-08-05
1291106670324658182,1267554988873732096,1096516069970399232,2020-08-05
1294745045330022403,3343387330,3343387330,2020-08-15
1291103665152032773,2946893125,4831306939,2020-08-05
1291104049396252673,2946893125,4831306939,2020-08-05
1291109843475091459,213682797,1255985932752130053,2020-08-05
1291109748188815362,1366886618,1227806817809354752,2020-08-05
1291136033153638406,828058389846511616,1166519753197813762,2020-08-05
1291117087725883392,3301868945,976148303753695232,2020-08-05
1291113237354774530,943172632186417152,1269255618256343041,2020-08-05
1291111927700049920,171984095,29296333,2020-08-05
1291110514492420098,3308046974,22590325,2020-08-05
1291121032225382400,865738675488948225,842642004,2020-08-05
1291139019254964226,87612386,948558246117289984,2020-08-05
1291170833524817927,1056977554425499651,36011480,2020-08-06
1291110200749981698,1260529210537304064,1260529210537304064,2020-08-05
1291114063334965249,21522338,47362629,2020-08-05
1291112484154335233,1208982685315678209,1262584848117649409,2020-08-05
1291111673269563402,23685118,252966637,2020-08-05
1291124949424324608,35703629,35703629,2020-08-05
1291111288882462720,1290999112381407232,946584135459639296,2020-08-05
1291155229233352710,570316126,1195932440713453568,2020-08-05
1291115925819850752,934909815662567424,1035360507966963712,2020-08-05
1291118597109096455,732768811,17312720,2020-08-05
1291115795565514752,2945637565,1176153251365801984,2020-08-05
1291114583353102338,361063416,16032162,2020-08-05
1291123769386446848,1161647261534830592,400069771,2020-08-05
1291121354331369472,3383657759,28722755,2020-08-05
1291116242661670913,1189761425063006208,1106270227828883456,2020-08-05
1291120039928696835,934909815662567424,1035360507966963712,2020-08-05
1291123052143509504,32216522,2213037289,2020-08-05
1291142626377433091,942420793627152384,756238859407679488,2020-08-05
1291117306630811651,1189761425063006208,1106270227828883456,2020-08-05
1291118564271951873,366863067,820453533615095808,2020-08-05
1291129888645296135,110032749,152142811,2020-08-05
1291121332734787584,1208982685315678209,1262584848117649409,2020-08-05
1291146804713660422,1638443989,221803806,2020-08-05
1291118299141623814,1030637603576590336,1240753880192991237,2020-08-05
1291121217035022336,1260316744067035138,741659365061562368,2020-08-05
1291121662176436228,58441485,32144450,2020-08-05
1291121244604071936,58441485,32144450,2020-08-05
1291119162807537674,366863067,2787775708,2020-08-05
1291120404631879681,369287871,55851567,2020-08-05
1291132271949422592,3291178331,910595198186438656,2020-08-05
1291121292322594816,24816997,187766401,2020-08-05
1291122681337851910,3308046974,1917946962,2020-08-05
1291122939191070722,207696104,854421073613406208,2020-08-05
1291121688319582209,1262584848117649409,1208982685315678209,2020-08-05
1291132566767112193,1286846112058478597,1202633328534253568,2020-08-05
1291123790643109888,1225906866527535104,1237951971719430151,2020-08-05
1291122859813855233,187766401,3655810469,2020-08-05
1291123235933827073,1101621901,1101621901,2020-08-05
1291124234912235521,829393917816688640,325697656,2020-08-05
1291142553971183616,87612386,4077359074,2020-08-05
1291133075238207488,32216522,2213037289,2020-08-05
1291124802158301191,3308046974,1917946962,2020-08-05
1291132059017240578,822274456513085440,1125193747568910336,2020-08-05
1291123922436419585,366863067,25782659,2020-08-05
1291125823043448834,58819367,58819367,2020-08-05
1291124938959491072,620471690,620471690,2020-08-05
1291150210639499265,39176606,39176606,2020-08-05
1291152178657320966,1173758972,3188002813,2020-08-05
1291127389322391557,92129475,159412683,2020-08-05
1291126573848915968,366863067,260264068,2020-08-05
1291128970990112768,366863067,25782659,2020-08-05
1291126686260633600,1081673974445158401,1095411877117493248,2020-08-05
1291162464529395716,265687814,1195897856,2020-08-06
1291127344833466368,1189761425063006208,606018621,2020-08-05
1291129401879539712,1091108742849011720,1156358503717584896,2020-08-05
1291130839850463232,1854207913,990660402861281282,2020-08-05
1291129507525648386,1189761425063006208,606018621,2020-08-05
1291133301814632448,205767599,713758533,2020-08-05
1291145627456462850,7851372,8844532,2020-08-05
1291132460340670464,15011215,21695263,2020-08-05
1291134075051233281,1284587847622643713,34716698,2020-08-05
1291133821488959488,799010005655633922,1100942937934962688,2020-08-05
1291532323616444419,1113186414626254860,2899697908,2020-08-07
1291134726439305216,282827056,2793834982,2020-08-05
1291134796874252290,975373794222247936,1178989675,2020-08-05
1291135305970573312,369287871,868954788,2020-08-05
1291164588763947008,125110351,48459821,2020-08-06
1291139039895134210,202661088,2946893125,2020-08-05
1291139009142353920,1039700950384963586,1147694048095932418,2020-08-05
1291140435738529792,187766401,249164009,2020-08-05
1291140558078050304,984539190930149377,839295331804327937,2020-08-05
1291159061183029250,1232639410451206145,1255632764444999682,2020-08-05
1291153094399733763,1118297040109203456,111130635,2020-08-05
1291139602472820736,2946893125,202661088,2020-08-05
1291140199670521856,1209183204,1160257338667913219,2020-08-05
1291199948260667392,32343438,1079493075704123392,2020-08-06
1291139966190284800,1228415516110245889,1356071167,2020-08-05
1291503080123568128,1138287733321998337,360083646,2020-08-06
1291160624991477763,47824057,843853348038238209,2020-08-05
1291141491126145025,52571677,52571677,2020-08-05
1291142694312595458,566399038,26255434,2020-08-05
1291141499158224901,1108033147575455745,778050331,2020-08-05
1291141567890239489,425451607,2985946822,2020-08-05
1291142153494761478,1638443989,446023726,2020-08-05
1291141979825479680,788019030372282368,34101992,2020-08-05
1291146226537312257,35625582,43393595,2020-08-05
1291146070043615233,282827056,1244890236578148354,2020-08-05
1291166762961121281,791194588090425344,115559071,2020-08-06
1291146021637107715,68185057,1615049083,2020-08-05
1291155074698403842,820257691956375552,1055068238214766592,2020-08-05
1291432297896521730,1085654735666008064,838507031493386240,2020-08-06
1291197580068696067,156758960,14503671,2020-08-06
1291154780497248258,571219507,862056170021724160,2020-08-05
1291146224012275716,811514954159443968,892987959925985280,2020-08-05
1291149451827064832,2373349581,247564783,2020-08-05
1291150437060456448,941338120326451200,16419312,2020-08-05
1291147369170366464,1104026274761072642,2211744108,2020-08-05
1291148062178541571,1276869937211101185,558836780,2020-08-05
1291153052045651968,1173758972,1045499629222203393,2020-08-05
1291154520291016704,267850706,1449966354,2020-08-05
1291152147573354496,2430787669,2430787669,2020-08-05
1291167751516684289,3291178331,910595198186438656,2020-08-06
1291196168848977920,97997858,120164743,2020-08-06
1291184955138154497,1280262239631663104,2185771764,2020-08-06
1291193578111279105,87612386,2497965513,2020-08-06
1291160055920959489,1025454944,250147996,2020-08-05
1291162648520855554,1173758972,1123386424680701952,2020-08-06
1291158854143803393,327794592,544727359,2020-08-05
1291160010291056640,1264946856414654464,29236355,2020-08-05
1291159144431521792,762522504,1491807500,2020-08-05
1291160310301241349,762522504,1491807500,2020-08-05
1291415197098409985,1138287733321998337,16688724,2020-08-06
1291160550425202689,250147996,1025454944,2020-08-05
1291172274113056770,1268093477058777089,892336989579640832,2020-08-06
1291161334080577537,784899771647594496,2750142134,2020-08-05
1291161382851940354,762522504,1491807500,2020-08-05
1291161600691404803,2865907814,3310013225,2020-08-05
1291162266155601922,3188352661,3134508196,2020-08-06
1291165505399775232,3032393326,3032393326,2020-08-06
1291228316146348032,1083394132263858176,1183248604531589120,2020-08-06
1291165450940887041,1016301247,3002230322,2020-08-06
1291164978402254848,1023735690842894338,1218318147058421760,2020-08-06
1291165028004003845,282827056,15008531,2020-08-06
1291167734433185794,282827056,15008531,2020-08-06
1291486348390604800,529331509,529331509,2020-08-06
1291169119157485569,24845506,325869960,2020-08-06
1291177924175986689,1228415516110245889,1291165540652691456,2020-08-06
1291170474093957124,1516644956,1516644956,2020-08-06
1291172638778425347,1228415516110245889,1189469163221344257,2020-08-06
1291170867364409345,1516644956,1516644956,2020-08-06
1291171324119920640,60799419,98669427,2020-08-06
1291179028188147712,458917136,878406599911624704,2020-08-06
1291172716398157824,1256747547412103168,582437194,2020-08-06
1291173511004852224,15401164,2239646046,2020-08-06
1291177112284680193,1283532867407052800,1283532867407052800,2020-08-06
1291174786488512512,786063455522529285,1069768117,2020-08-06
1291175701392101376,25369288,25369288,2020-08-06
1291175515332710400,43089397,1423610083,2020-08-06
1291175077736787969,766719206247108608,948120245562216448,2020-08-06
1291218387968770048,35668101,349170647,2020-08-06
1291176953962258433,732768811,1291174150225231878,2020-08-06
1291178461395025923,213682797,761329032,2020-08-06
1291177454376280064,766719206247108608,948120245562216448,2020-08-06
1291386814046052352,497676852,1240555387713138688,2020-08-06
1291178766337740803,1238847898143592448,1238847898143592448,2020-08-06
1291201406284599296,760051375078113280,760051375078113280,2020-08-06
1291179434045775872,250691621,23216644,2020-08-06
1291180804886786049,182817309,1268631808159166466,2020-08-06
1291273170956083200,2990624796,2990624796,2020-08-06
1291192895324794881,1242597725213995009,719236327498063874,2020-08-06
1291364906667843585,799010005655633922,1071229848725667840,2020-08-06
1291190197821018112,1151504758949208066,328246041,2020-08-06
1291185343614595077,2228878592,15463671,2020-08-06
1291231626488426496,767025461792804864,363529597,2020-08-06
1291190962602094594,499000974,1494202634,2020-08-06
1291187102688870400,2228878592,15463671,2020-08-06
1291365159391330305,52775594,810901208990973952,2020-08-06
1291194156669313024,948589056,1269149480638533635,2020-08-06
1291190458094202880,28901886,28901886,2020-08-06
1291187700322664448,1035181525,1035181525,2020-08-06
1291191812376473607,154774769,17930901,2020-08-06
1291195653201244160,3188352661,1131654987459768322,2020-08-06
1291305802553266176,1107240989679407104,46382179,2020-08-06
1291190896030109698,3188352661,4846877796,2020-08-06
1291192550158741505,154774769,920851175783542784,2020-08-06
1291203766193029120,837475440931397632,355636790,2020-08-06
1291192703338905601,154774769,3743898441,2020-08-06
1291191878709325825,154774769,1249192973885214722,2020-08-06
1291201739534696448,230905168,230905168,2020-08-06
1291192728802529282,2892710886,21656726,2020-08-06
1291192820976345094,1207755089584123904,340309566,2020-08-06
1291198397202956288,1631308484,107529849,2020-08-06
1291198975119437825,154774769,920851175783542784,2020-08-06
1291288212326023168,1242306820321890304,821981511675158528,2020-08-06
1291200007727529985,2378870930,1224422762380394497,2020-08-06
1291196085030051846,37904694,708683184536489984,2020-08-06
1291197808293212162,2378870930,1224422762380394497,2020-08-06
1291199667372359681,1515324030,3019084500,2020-08-06
1291208132182638592,87612386,4871749505,2020-08-06
1291199726923194368,1291185985947082753,1267245972851064832,2020-08-06
1291217073495060485,917551703578238976,797927640120360960,2020-08-06
1291234460306874368,1254460918412410880,1147639934116696064,2020-08-06
1291202913159782400,282827056,770276194554109952,2020-08-06
1291217758076710914,2563281982,1164947708718620672,2020-08-06
1291257733816004608,2185734614,295240841,2020-08-06
1291205761234698241,948589056,390157958,2020-08-06
1291205155652866048,282827056,770276194554109952,2020-08-06
1291205356266426369,788389900731252736,755572201634398208,2020-08-06
1291206004051447808,807811812360126464,957513565061165057,2020-08-06
1291206514904928256,948589056,390157958,2020-08-06
1291208347744636930,1053751338209828864,1053751338209828864,2020-08-06
1291285411642343431,1226442029837832195,895345094324256768,2020-08-06
1291211303302967298,154774769,65096199,2020-08-06
1291229828545421318,704031546060234753,704031546060234753,2020-08-06
1291230094682394625,751542960131411968,338657565,2020-08-06
1291211995157602304,3188352661,299472671,2020-08-06
1291212432875159554,1397535685,1120698997327294464,2020-08-06
1291211882716639232,596686416,596686416,2020-08-06
1291316324589686784,20922563,820816220614172673,2020-08-06
1291358401298157568,1238135095598424064,409679126,2020-08-06
1291215396746547202,154774769,1109333379462430720,2020-08-06
1291216073015074819,154774769,1405753080,2020-08-06
1291216417744969729,154774769,1128771351345532928,2020-08-06
1291220787249188865,87612386,2439922351,2020-08-06
1291219475686203392,154774769,701263770392219649,2020-08-06
1291221170650599424,236487888,15154811,2020-08-06
1291222089949732864,1175432790919303172,1175432790919303172,2020-08-06
1291427646690263040,719212084441952256,1060504086,2020-08-06
1291225789451636739,21522338,2955353394,2020-08-06
1291221406219481090,1205869880,1205869880,2020-08-06
1291222839136264192,3188352661,823532128981745665,2020-08-06
1291227135848456192,21522338,1131317018374938624,2020-08-06
1291221573077094400,755398639460179968,2966842211,2020-08-06
1291224209813692416,1246870023802482688,2808650785,2020-08-06
1291223027477340161,911692787049009152,2714166955,2020-08-06
1291228161984913408,3188352661,4391206272,2020-08-06
1291228171258531841,1176576363203112962,95523185,2020-08-06
1291225675882430466,911692787049009152,29708036,2020-08-06
1291227319265263616,345092158,2598261613,2020-08-06
1291227922163027968,23494080,290107321,2020-08-06
1291305174393389057,190461525,29325585,2020-08-06
1291234182413205506,15011215,261270832,2020-08-06
1291242807454248960,154774769,225208152,2020-08-06
1291228752479911937,16875220,1141435554548109312,2020-08-06
1291228842275856384,1902852432,1099927856,2020-08-06
1291229526345699328,762522504,2954253086,2020-08-06
1291231433412030464,87612386,511290619,2020-08-06
1291806923726245888,87612386,511290619,2020-08-07
1291243568305143809,154774769,2865362791,2020-08-06
1291231364466040832,893900539083313152,72610334,2020-08-06
1291237326702743553,1028866124623110144,840021669712400384,2020-08-06
1291290931824599042,108951721,108951721,2020-08-06
1291276897435910146,516305074,516305074,2020-08-06
1291375015997382658,3976846457,1274740275479363585,2020-08-06
1291241284468912128,1277028550433017857,422042010,2020-08-06
1291235207048298496,965572655343693826,1229405399314583558,2020-08-06
1291319469252411398,1262929198227865600,4790174717,2020-08-06
1291242077884485632,154774769,824245528053633025,2020-08-06
1291239345228263424,965572655343693826,1229405399314583558,2020-08-06
1291424726632534018,31439998,16348427,2020-08-06
1291589450389233667,1071980970197295104,1071980970197295104,2020-08-07
1291246113069072384,716015422,130126369,2020-08-06
1291241812812865536,3188352661,1268694717824262145,2020-08-06
1291324025327714305,1257767102968221701,1231388492556623872,2020-08-06
1291899147008737286,1257767102968221701,1231388492556623872,2020-08-08
1291247073204080640,255760377,255760377,2020-08-06
1291264511840866304,2921185275,274052990,2020-08-06
1291264818364768256,2921185275,274052990,2020-08-06
1291246006710009857,1044074096139653120,1175651759739547648,2020-08-06
1291246322893242368,891049968449888256,1268640482109935631,2020-08-06
1291339730832039936,763194216138891264,3302346303,2020-08-06
1291284349086846976,885373646344245248,1213138369,2020-08-06
1291253428497395713,154774769,2192435322,2020-08-06
1291372678348120065,1228415516110245889,72211404,2020-08-06
1291336713504268288,309394060,966516324536000512,2020-08-06
1291306882477338624,485353662,1241422442402324482,2020-08-06
1291257933951426561,571219507,571219507,2020-08-06
1291258260423507968,17202735,778924731785318400,2020-08-06
1291366008318496770,509280480,880950897068589056,2020-08-06
1291478800342093825,592693135,1287417562406453248,2020-08-06
1291253588270952449,1173758972,1244114683688374272,2020-08-06
1291253335975231488,168806107,168806107,2020-08-06
1291457367838584832,1514304690,776051269,2020-08-06
1291254118099464193,1654750507,1654750507,2020-08-06
1291333318856904704,763442980065779712,833046950001864704,2020-08-06
1291257839843864576,1175505263840784386,3070265532,2020-08-06
1291257271331115009,1179509920929988608,832335522957717504,2020-08-06
1291741047739932672,64267482,1235792640509128704,2020-08-07
1291324452790243328,3308046974,13994502,2020-08-06
1291266935431270400,121632838,2998966804,2020-08-06
1291272654369021953,1001795427178614784,1058819951392247808,2020-08-06
1291299414246481922,1514304690,806306071765798912,2020-08-06
1291280535311077377,154774769,827993128833388545,2020-08-06
1291280184994418688,154774769,76713592,2020-08-06
1291279330551701506,1279944628389711874,1279944628389711874,2020-08-06
1291293292030656512,1514304690,235131043,2020-08-06
1291323752387575808,3709172656,3709172656,2020-08-06
1291290906788675584,1514304690,235131043,2020-08-06
1291284132572561408,154774769,22407785,2020-08-06
1291305363652743169,30638650,35389047,2020-08-06
1291336181536501760,1213138369,1052691022646534144,2020-08-06
1291297716270764033,100812369,100812369,2020-08-06
1291302273373466624,1514304690,1033879597010628608,2020-08-06
1291963955615690752,14066645,755671419686490112,2020-08-08
1291503012297551874,1176605973311557633,1093818846635585536,2020-08-06
1291299817055031296,3039921634,1089087218134568961,2020-08-06
1291300161667207170,1089087218134568961,3039921634,2020-08-06
1291315596077010944,4849898158,1150274735021969408,2020-08-06
1291300572298010624,1089087218134568961,858456237876424704,2020-08-06
1291301558278213633,1089087218134568961,1141727847330922496,2020-08-06
1291439549109936134,214104894,746754398,2020-08-06
1291310031682580480,154774769,20888998,2020-08-06
1291316220734496769,145520113,145520113,2020-08-06
1291345767811223553,984539190930149377,21125001,2020-08-06
1291319150799802369,291696905,2373521884,2020-08-06
1291322474924105728,1089087218134568961,1237525866470682629,2020-08-06
1291326578434031617,291696905,2373521884,2020-08-06
1291347144713080832,1285169706157187074,1221096728566419456,2020-08-06
1291378340855717894,715367461,1231382851259469824,2020-08-06
1291335464667041794,3165440711,3165440711,2020-08-06
1291364796701474817,1133048017702014978,245915466,2020-08-06
1291698252501450753,289530033,289530033,2020-08-07
1291337089322295296,1279944628389711874,744788424431808512,2020-08-06
1291486637042663425,154774769,24735262,2020-08-06
1291369618087583745,400696924,1209192285369446406,2020-08-06
1291339409233649664,1283327867770662913,1283327867770662913,2020-08-06
1291346414635819013,1234821206488035328,1234821206488035328,2020-08-06
1291357319960436736,48316825,123705128,2020-08-06
1291709549163040768,1937801330,1937801330,2020-08-07
1291342873841942528,1514304690,582324689,2020-08-06
1291343651453509633,24427844,754331052,2020-08-06
1291345477166915585,30586842,735984740,2020-08-06
1291345009728520194,9652042,86801018,2020-08-06
1291345309067628545,763442980065779712,833046950001864704,2020-08-06
1291348728977268737,86801018,9652042,2020-08-06
1291406324329316352,37904694,1034436012620107778,2020-08-06
1291346572211617792,763442980065779712,1224151606922567681,2020-08-06
1291346713559498759,763442980065779712,1224151606922567681,2020-08-06
1291346795721826305,1252750373762334720,3398224216,2020-08-06
1291352979937742849,1166649625073324033,2272325420,2020-08-06
1291349997791907840,73695550,2461005242,2020-08-06
1291350259415818240,2461005242,73695550,2020-08-06
1291353408507650050,4270885703,1165360852318466050,2020-08-06
1291427449285165056,1514304690,3408665147,2020-08-06
1291373677817352193,995452387832705024,3225261216,2020-08-06
1291357718700163073,821603873458679809,821603873458679809,2020-08-06
1291359368093396992,1272918670323224577,1269095789579472897,2020-08-06
1292921545631903746,246744752,1428505098,2020-08-10
1291360076955975682,1272918670323224577,3296802487,2020-08-06
1291361398585462787,1201940662511378432,765265386308825089,2020-08-06
1291376101319565317,2356502700,1196506051467763712,2020-08-06
1291366524238798852,1281277675181498368,142734942,2020-08-06
1291366901780819969,3308046974,1088015879122472960,2020-08-06
1291469551138414592,805966790912262145,1158837481049079809,2020-08-06
1291428170407612416,1514304690,92153465,2020-08-06
1291548162344198144,1230782925358002176,1230782925358002176,2020-08-07
1291368289482964992,4864188639,4864188639,2020-08-06
1291475449655308288,1104726055485693952,1259690324600983553,2020-08-06
1291547085846675456,249279578,18238390,2020-08-07
1291548756685381632,249279578,18238390,2020-08-07
1291742567856447488,1514304690,92153465,2020-08-07
1291385095199236097,366863067,1190001235883167750,2020-08-06
1291381584994631680,859597084646944770,1947627416,2020-08-06
1291373770645676033,140286364,140286364,2020-08-06
1291374102146453504,1268093477058777089,892638303664693248,2020-08-06
1291379380665516033,4236661,463871960,2020-08-06
1291376910229020673,63525003,63525003,2020-08-06
1291375157362266112,29097819,29097819,2020-08-06
1291377995026960385,479515678,764263404324478977,2020-08-06
1291379755862953984,2356999634,1281631510559416321,2020-08-06
1291377714822340609,965572655343693826,784185194244771840,2020-08-06
1291376846513348611,1026483908555223040,3526334374,2020-08-06
1291380410828627969,575662077,1248432279946436608,2020-08-06
1291453821571538949,1197725128945221632,1092226698282704897,2020-08-06
1291766751173046272,1031769872793911296,17027451,2020-08-07
1291380810629734403,1194410074611077120,1194410074611077120,2020-08-06
1291380964199931905,1285287638535155714,324163222,2020-08-06
1291387362744758278,1514304690,3191065945,2020-08-06
1291385050802642945,1186291037846888453,135248597,2020-08-06
1291382197396660224,518979608,518979608,2020-08-06
1291431885281931264,28628111,1281639796956442634,2020-08-06
1291382271870676996,17918065,17918065,2020-08-06
1291385319875416064,52094248,291740252,2020-08-06
1291430233820848135,156758960,1288222205990653963,2020-08-06
1291388321424461825,2823899760,1225528024206061581,2020-08-06
1291413525240446977,4790174717,1204402148710195201,2020-08-06
1291387240325820416,791617266353790977,2879660457,2020-08-06
1291387846159368193,2823899760,877040178,2020-08-06
1291546641221267457,2608589893,1089875693125713920,2020-08-07
1292263591807258624,1967416830,1286416870535573505,2020-08-09
1291406829327732736,822874503504072705,1272932429733474304,2020-08-06
1291417580666851330,1148953411066486784,805835736,2020-08-06
1291433774769557504,1140348503723347968,243159420,2020-08-06
1292055993577349120,844514640,1273077256584196101,2020-08-08
1291423535831883776,2823899760,1272718981670023169,2020-08-06
1294730400565141504,623116457,623116457,2020-08-15
1291404764278853632,394991629,1206220001608290304,2020-08-06
1291413830040346625,40385440,93694866,2020-08-06
1291403978136268800,1959808550,1268211477045010433,2020-08-06
1291404273792819201,187402102,344957821,2020-08-06
1291403702255923202,4497984732,4497984732,2020-08-06
1291404623715205136,1563473563,1163294962911457285,2020-08-06
1291935518595387393,2823158378,989666709027028992,2020-08-08
1291408791171477505,1268211477045010433,1959808550,2020-08-06
1291404815843635201,3073385746,805927624035995649,2020-08-06
1291449877646409735,1638443989,10724752,2020-08-06
1291408108309291008,17699186,14701580,2020-08-06
1291406955701993483,3073385746,805927624035995649,2020-08-06
1291406429585379330,187402102,344957821,2020-08-06
1291407889135878144,1669310838,1278650721165074432,2020-08-06
1291443048258457600,213682797,1081021776010887169,2020-08-06
1291445035410624513,213682797,1081021776010887169,2020-08-06
1291407488114470912,232138606,626092132,2020-08-06
1291449249780109312,1638443989,1189225049175351297,2020-08-06
1291409716715966465,266032035,2562643367,2020-08-06
1291408652666957825,1046316084897308672,68127579,2020-08-06
1291409864581885955,4732288535,14633466,2020-08-06
1291409834869497856,1050380044395270144,920700870760656897,2020-08-06
1291418265827397632,250147996,990620852252217346,2020-08-06
1291445922136764416,829098834,28096105,2020-08-06
1291410422894010368,1283025095275851778,9318912,2020-08-06
1291412035746402305,1246870023802482688,1270183162489028610,2020-08-06
1293581610516803591,1285381980360552448,1285381980360552448,2020-08-12
1291413065813168129,1563473563,1163294962911457285,2020-08-06
1291411488138080256,14701580,17699186,2020-08-06
1291413879453409282,17699186,14701580,2020-08-06
1291412595182837766,394991629,1206220001608290304,2020-08-06
1291412365540503553,2732637112,730976856,2020-08-06
1291416105307734016,23494080,863044521025785856,2020-08-06
1291426246107308034,854360794506698752,3784154596,2020-08-06
1291416218059014145,17133739,476340809,2020-08-06
1291415101967413256,21252618,21252618,2020-08-06
1291825976171802625,87612386,29513601,2020-08-07
1291434037534326785,1280667314430439424,1171134492599377921,2020-08-06
1291420696011137025,1231268015146012673,1047148018624024578,2020-08-06
1291417413813141504,1243751263885557763,1222997823483891712,2020-08-06
1291417666507485184,19870490,378412578,2020-08-06
1291417608923701248,1222997823483891712,1243751263885557763,2020-08-06
1291418959187783680,3003700724,3003700724,2020-08-06
1291470819143618571,1148235738535911425,716744414018842624,2020-08-06
1291422792051613698,1009634216,3267434018,2020-08-06
1291421163470585856,239922015,296532519,2020-08-06
1291421193073917952,35884419,1178539910720081920,2020-08-06
1291422892492693504,1072556836627181568,1284682523981709313,2020-08-06
1291425290460299264,37904694,1034436012620107778,2020-08-06
1291430545461837824,324999857,916061014285746182,2020-08-06
1291450209323692037,3380558433,343897326,2020-08-06
1291424789656219650,853229442,2369289619,2020-08-06
1291465120699133953,584519216,479374034,2020-08-06
1291425626193367046,1283044198476845056,1283044198476845056,2020-08-06
1291429310855892992,68739089,22325110,2020-08-06
1291427174344306689,1514304690,1281455785,2020-08-06
1291427456864391168,2293106913,25847193,2020-08-06
1291444913494777858,1138287733321998337,2463691188,2020-08-06
1291439203184775168,1060504086,719212084441952256,2020-08-06
1291434531388444672,25257050,737977694,2020-08-06
1291434633259778048,25257050,737977694,2020-08-06
1291436272284848128,720590264260280321,2768129428,2020-08-06
1291437211401977856,241611003,69838817,2020-08-06
1291437143361912832,1030947907065659393,1040331217961250817,2020-08-06
1291431420007612417,14701580,1141762522984439808,2020-08-06
1291434748188008450,578242529,82094073,2020-08-06
1291434874214035458,1268829685879726082,530056116,2020-08-06
1291433133288624130,916061014285746182,1159554615999979526,2020-08-06
1291433298514804743,2251127928,3196089518,2020-08-06
1291437836638605315,566332212,272175633,2020-08-06
1291434596471627776,1164156004222873600,2713012445,2020-08-06
1291442615737606144,278102111,3762320657,2020-08-06
1291435122189836288,1227791161512923137,1000011505792897024,2020-08-06
1291438238515724289,1043423847708590081,1043423847708590081,2020-08-06
1291435966629064705,969428527215980545,1221097832784039936,2020-08-06
1291436295449767936,1167443368462434304,1185984146583228423,2020-08-06
1291449469821583360,774637238340562946,764759334488334336,2020-08-06
1291514912557023232,919589881164087297,11024702,2020-08-06
1291440301270327297,11988452,11988452,2020-08-06
1291438240675880960,786656240445161472,833709549148307456,2020-08-06
1291439623739244545,23494080,976237758158077955,2020-08-06
1291451653011443712,4114791171,500752492,2020-08-06
1291439123090288647,1199013516377767936,1085313230740865024,2020-08-06
1291440661678436354,1285678821631569920,14337143,2020-08-06
1291441124947775490,2878241357,1584140768,2020-08-06
1291439091444318208,43100087,450289646,2020-08-06
1291442670049599489,1285678821631569920,14337143,2020-08-06
1291442134378115073,3107408184,3107408184,2020-08-06
1291448531614662657,1206551378,2921575991,2020-08-06
1291446004365967361,1084779753863708672,1084779753863708672,2020-08-06
1291443881213595648,1123739818335272961,302060230,2020-08-06
1293073176402882560,58510709,58510709,2020-08-11
1291445070177214465,123036487,22408165,2020-08-06
1291444565354917891,2936424460,228750157,2020-08-06
1291452966906597383,1268662138954027008,1241734965467009025,2020-08-06
1291446868229136385,1283497033610022913,3267737598,2020-08-06
1291459569064042501,1192157260312719360,1258391055315218432,2020-08-06
1291446392729157632,762522504,768976671080873984,2020-08-06
1291486525033795584,3000840562,44111007,2020-08-06
1291447780028952576,1285006265408720897,1291137075903975424,2020-08-06
1291448698967384065,373411317,52836594,2020-08-06
1291446835576475649,1014880422545772546,921511484408127488,2020-08-06
1291456934684626946,1043321686404292608,1126291482367938561,2020-08-06
1291455738112614405,967842375551811586,2613624926,2020-08-06
1291447920856903686,1177687813342584834,845166386,2020-08-06
1291447992734699522,1227791161512923137,1000011505792897024,2020-08-06
1291452247755218944,49628549,240429795,2020-08-06
1291451649962266624,368738003,349412666,2020-08-06
1291449460913045504,821542886261067777,821542886261067777,2020-08-06
1291450245734375429,20826292,728555557,2020-08-06
1291471031622762497,20869964,774738068377071617,2020-08-06
1291465922742562819,2907091,1276705921859751938,2020-08-06
1291451522384101379,1247218954638065665,470593031,2020-08-06
1291457782483505154,3081983657,80365422,2020-08-06
1291453156988157952,500752492,4114791171,2020-08-06
1291452938951385088,762522504,3190223142,2020-08-06
1291457420875780099,753931398,1262512310364655617,2020-08-06
1291456350254489602,37904694,840567625100976129,2020-08-06
1291453851111952385,763206288947970053,2395319863,2020-08-06
1291459960564572167,1921295714,199386440,2020-08-06
1291473428034265093,1268662138954027008,1241734965467009025,2020-08-06
1291471504279052288,20826292,728555557,2020-08-06
1291455798615277568,3855260592,195906433,2020-08-06
1291455914109698048,1004488446587686912,209692464,2020-08-06
1291520322085126145,1514304690,873233336419966977,2020-08-06
1291457324515762177,1225938614162534401,729387436753575936,2020-08-06
1291457682122182658,1225938614162534401,729387436753575936,2020-08-06
1291458365114028032,194222253,1055405245449322496,2020-08-06
1291458196675198976,348644788,479159527,2020-08-06
1291458163217256448,939190598497644544,939190598497644544,2020-08-06
1291458724742287361,939190598497644544,939190598497644544,2020-08-06
1291461078589812737,137365137,568218780,2020-08-06
1291464563133681665,23739075,316808991,2020-08-06
1291469725357215749,2907091,63494123,2020-08-06
1291460201887956992,1145205364486561797,547129467,2020-08-06
1291460727035908097,1068352342062493697,1068352342062493697,2020-08-06
1291462436340539393,2273834996,804861396714393600,2020-08-06
1291462193339342848,1097637485033738241,902465473,2020-08-06
1291464424381911042,713709298422046720,1272332090596450306,2020-08-06
1291462588119814148,2907091,1174394652591579137,2020-08-06
1291463160457814017,199386440,1247363249680666627,2020-08-06
1291462904009687040,2273834996,4840577439,2020-08-06
1291464726522757120,280595023,70729418,2020-08-06
1291465151112151040,1018975329866534913,1063147808381841408,2020-08-06
1291472816383172608,1221818330857775105,1154817275427512320,2020-08-06
1291491075572609024,961756042089648129,1285967093461069825,2020-08-06
1291465575219081216,258871381,376878044,2020-08-06
1291481075617857543,4862053260,593291799,2020-08-06
1291470777733255170,154774769,986063634454364160,2020-08-06
1291473942281170945,520754045,755595794275852288,2020-08-06
1291471417121353729,502340203,286715680,2020-08-06
1291469698912190464,1258221944979304461,1250680308,2020-08-06
1291468333628428288,1285006265408720897,35011093,2020-08-06
1291469521216184322,1051679995,1014129716,2020-08-06
1291495105174679552,885373646344245248,95091863,2020-08-06
1291473490361692160,2613624926,1001500869924401154,2020-08-06
1291471496225918991,294932830,294932830,2020-08-06
1291473539900612608,176637408,271432134,2020-08-06
1291472610707079170,63917162,525927048,2020-08-06
1291487988170588162,370412972,19381797,2020-08-06
1291472660380123136,1263204999028490240,1263204999028490240,2020-08-06
1291484524145246209,1265724806353293314,3342243550,2020-08-06
1291473582791331840,1159048755296923648,54842845,2020-08-06
1291473453342773253,1181075844783116288,1283985532234747904,2020-08-06
1291480335629221888,826550703258791937,207742832,2020-08-06
1291520704962150401,1514304690,92153465,2020-08-06
1291476697938714624,869612270346575873,1280172958787555329,2020-08-06
1291474957126569985,368316272,1067956392382861312,2020-08-06
1291593565051723776,1263477837824131083,871778796256583682,2020-08-07
1291477469338509312,1221587136329256960,79782342,2020-08-06
1291475350317408262,1089838129706663936,1089838129706663936,2020-08-06
1291475543934873602,878970603771920384,1219450406306226178,2020-08-06
1291477285778972678,63917162,525927048,2020-08-06
1291478106805374977,1736354400,1736354400,2020-08-06
1291496630793928705,58938445,61475018,2020-08-06
1291478565779718144,706553621698240513,706553621698240513,2020-08-06
1291485122458521602,1132852107978117121,1028848103879659520,2020-08-06
1292876199031500803,3164496245,924308234,2020-08-10
1291479033096613889,739836121891409921,739836121891409921,2020-08-06
1291496486174220288,17450410,512719277,2020-08-06
1291480936928948231,427758303,278175882,2020-08-06
1291548001446617088,2813496138,2876716474,2020-08-07
1291483500294443008,772575200,3092267429,2020-08-06
1291494699031834624,1042405564540768256,57589319,2020-08-06
1291508577224409089,1267326072791556096,278394813,2020-08-06
1291487260051935232,2907091,17684681,2020-08-06
1291548207328174081,26684339,1315160420,2020-08-07
1291485474050019328,826550703258791937,207742832,2020-08-06
1291490413753143296,2398192974,30170979,2020-08-06
1291501598921949186,529331509,529331509,2020-08-06
1291488908459544577,232446000,232446000,2020-08-06
1291487688986472450,712011839651979264,211336715,2020-08-06
1291488297693220866,772575200,3092267429,2020-08-06
1291488747259740160,772575200,3092267429,2020-08-06
1291489133823762438,1249799900340117504,366527073,2020-08-06
1291490111461433349,1291484355970379778,1291484355970379778,2020-08-06
1291493080336601094,289458652,55743354,2020-08-06
1291510076407255040,2614255879,3044602665,2020-08-06
1291493165141127168,1181688865905528832,191353201,2020-08-06
1291491877640790018,772575200,3092267429,2020-08-06
1291492212430254083,1263535494119526401,3917128873,2020-08-06
1291493266123358208,21522338,20402572,2020-08-06
1291494793449742336,43078558,2586032390,2020-08-06
1291568217425666048,2907091,1270744700216119296,2020-08-07
1291520110230896646,17189870,17189870,2020-08-06
1291499265466998786,801196688748806144,801196688748806144,2020-08-06
1291496058791399429,2865907814,1270054287272480776,2020-08-06
1291497141886574592,973128838191333376,839186681878175744,2020-08-06
1291559096014045184,58365074,1077365580,2020-08-07
1291506909468655618,2353747095,956673756851769348,2020-08-06
1291500166114140163,1261713332022710280,1603976324,2020-08-06
1291501125372448775,1261713332022710280,1603976324,2020-08-06
1291498024657715211,1266585085362483200,235417503,2020-08-06
1291498318414127106,1266585085362483200,235417503,2020-08-06
1291497565465214976,839186681878175744,973128838191333376,2020-08-06
1291502504451223557,3367805842,27837584,2020-08-06
1291498574396628992,1284517896828227584,1284694313780129794,2020-08-06
1291502562256986112,973128838191333376,839186681878175744,2020-08-06
1291740752016547841,157451931,1230063848536887296,2020-08-07
1291566124124037121,2315451596,837894163433652226,2020-08-07
1291536329621331969,37904694,133248413,2020-08-07
1291503335217016832,21522338,3287770974,2020-08-06
1291516624613367809,59621062,35009443,2020-08-06
1291505187874635776,1173014660993421313,1152395569714933761,2020-08-06
1291505067334553604,1005649894604967937,3237249044,2020-08-06
1291513764416835586,1007656433146527744,11618032,2020-08-06
1291506150412881929,720590264260280321,163946608,2020-08-06
1291611777529270272,25257050,1105916207365005312,2020-08-07
1291507104470073344,109064246,268639069,2020-08-06
1291506885468852225,21522338,422008745,2020-08-06
1291526548231790593,19346439,723281697253527552,2020-08-07
1291508820041175051,75311987,1101127105595752451,2020-08-06
1291509122328739842,1151158621859790849,986474009503158272,2020-08-06
1291509035288506369,121259042,178937455,2020-08-06
1291511527040851977,36791852,30164624,2020-08-06
1291530924631437317,278394813,1267326072791556096,2020-08-07
1291509615377756161,278020702,24318010,2020-08-06
1291545156961828868,18184205,1131852757772713984,2020-08-07
1291510667858583553,1236386331028336646,901013608242532352,2020-08-06
1291533053001494529,1284963646645264385,336844827,2020-08-07
1291513682531438593,1151989159269191681,1151989159269191681,2020-08-06
1291512246028267520,1021382089059590144,879459933988585472,2020-08-06
1291513077217861635,1086266604067934208,1226960871299174405,2020-08-06
1291518303400161281,2398192974,30170979,2020-08-06
1291512949002121216,2420188731,779676648048328704,2020-08-06
1291513297548775430,24759977,811599092,2020-08-06
1291516175684378629,1208544512970252288,1208544512970252288,2020-08-06
1291532827549470720,799010005655633922,2913031597,2020-08-07
1291520082628063232,1514304690,3408665147,2020-08-06
1291520871689940992,1514304690,2881619045,2020-08-06
1291546540901883904,2878361517,1254004474617778178,2020-08-07
1291516951018209281,41448115,52453245,2020-08-06
1291593262717964288,2571393427,3955461914,2020-08-07
1291520386643959810,2570615502,1279467042530189312,2020-08-06
1291518307514843141,966780032713666560,966780032713666560,2020-08-06
1291520451684990976,300274932,16985304,2020-08-06
1291522027052990464,1950473222,59870340,2020-08-06
1291521771242491904,1275799899825676288,852986695746191361,2020-08-06
1291527073094340608,912047541960749056,2374509510,2020-08-07
1291752886985281536,915347593739239424,806541116304560128,2020-08-07
1291633175622377472,1115505571908804610,284291761,2020-08-07
1291520993442369543,613920666,613920666,2020-08-06
1291523715809697792,466120728,766262960,2020-08-06
1291524584961912834,1046493124045008898,46254637,2020-08-07
1291562020970651648,1950473222,2823248477,2020-08-07
1291534046032465925,213682797,1081021776010887169,2020-08-07
1291525237461471232,21522338,96298704,2020-08-07
1291547032692252672,1140348503723347968,243159420,2020-08-07
1291560600926126082,299967130,189891568,2020-08-07
1291533835759304704,240429795,224042180,2020-08-07
1291534618034761728,240429795,224042180,2020-08-07
1291536867255554051,1426612394,15845571,2020-08-07
1291568956285882373,1076677543963574272,1258895204330897408,2020-08-07
1291533424029609984,2515744518,459832888,2020-08-07
1291531487385464832,14836408,1240831221279518722,2020-08-07
1291548494268948485,784696298846949376,736498664881934336,2020-08-07
1291531193930747904,221278993,221278993,2020-08-07
1291530466827231232,19346439,723281697253527552,2020-08-07
1291530500474011654,1131654595153936384,252365681,2020-08-07
1291545435333636096,2838192056,1094211304146063360,2020-08-07
1291535508389142531,1147518921307774976,1147518921307774976,2020-08-07
1291532843118522368,164776687,164776687,2020-08-07
1291533030402568192,164776687,164776687,2020-08-07
1291540873189220353,1008185450,1008185450,2020-08-07
1296597476820971520,2263737588,2263737588,2020-08-20
1291535512742879232,820257691956375552,1040681360971591680,2020-08-07
1291543138574782466,1040258335033806848,4751374712,2020-08-07
1291539440825843718,1280667314430439424,1171134492599377921,2020-08-07
1291536786854830081,37827163,37827163,2020-08-07
1291545880055762946,15845571,1426612394,2020-08-07
1291540203958489089,3169398883,9063952,2020-08-07
1291537367652864000,91438581,2870012585,2020-08-07
1291765575535001600,1241438454476652548,2323012097,2020-08-07
1291537554412580864,2870012585,91438581,2020-08-07
1291547358463844352,27385174,327231006,2020-08-07
1291540009795727360,20018360,14172688,2020-08-07
1291540488198270980,21522338,1115373587827843072,2020-08-07
1291539979227680768,240429795,246326631,2020-08-07
1291598449041969152,1152251896943534081,1230994689106628613,2020-08-07
1291545430908600322,1267554988873732096,1048940092730081280,2020-08-07
1291540254713880581,787852420122550272,1179491202158215174,2020-08-07
1291540997936119811,1021729751113900032,594185430,2020-08-07
1291547179312709632,1021729751113900032,1276292804432613376,2020-08-07
1291543821533224960,855489121,855489121,2020-08-07
1291545383626186752,1281409619508764672,1252117528010162177,2020-08-07
1291545981008388097,541152991,745439356110802944,2020-08-07
1291562115422191616,1930943065,800511058536382464,2020-08-07
1291544967828189184,1021729751113900032,1210230275361452033,2020-08-07
1291545144165007361,1021729751113900032,399444023,2020-08-07
1291545223160635399,862324808939339777,891686219440021504,2020-08-07
1291546138491920386,1216939389089210368,1216939389089210368,2020-08-07
1291545442786959362,1021729751113900032,1021796426089680896,2020-08-07
1291551556228145152,1284963646645264385,21894268,2020-08-07
1291546983455391744,1239599332770398214,4827889958,2020-08-07
1291721695808688128,1190711435594219520,2965327347,2020-08-07
1291548407773966336,850046670,850046670,2020-08-07
1291549350649147392,2926782154,2926782154,2020-08-07
1291548832661221382,1021729751113900032,911779952,2020-08-07
1291548460685164544,835891825328148480,835891825328148480,2020-08-07
1291563990569463808,303550286,1265082551464574978,2020-08-07
1291549680132689921,1015245915135750144,1015245915135750144,2020-08-07
1291552296820781056,1021729751113900032,1059211792579248128,2020-08-07
1291550712103669760,187008763,187008763,2020-08-07
1291602465419296768,729681031377342464,944622582,2020-08-07
1291551300178579458,473238229,58933964,2020-08-07
1291644371117445122,1255122200979558401,128537772,2020-08-07
1291552719027597313,1071252725952860162,1071252725952860162,2020-08-07
1291554135133782016,361063416,2730478946,2020-08-07
1291553078781632512,1043534392843489280,304569096,2020-08-07
1291553741028679680,191124551,1035385104586162177,2020-08-07
1291553920469422083,569278422,65643136,2020-08-07
1291556863713128448,1275963355052867585,3123001948,2020-08-07
1291715419812909056,19913027,1075401888,2020-08-07
1291595555819458561,868297606816026624,1007857014855237632,2020-08-07
1291558653783240704,240429795,224042180,2020-08-07
1291555877791633408,28806695,28806695,2020-08-07
1291557278781452288,619484427,619484427,2020-08-07
1291561116464631809,365624137,3079058654,2020-08-07
1291563480735260675,198291547,1169728320,2020-08-07
1291570756590198791,1189761425063006208,1234600029706477569,2020-08-07
1291559070449664002,2907091,157999490,2020-08-07
1291558531351621632,176978280,1259310698250764288,2020-08-07
1291562998574854144,21095490,1171529417820000258,2020-08-07
1291559465758728194,361063416,2730478946,2020-08-07
1291560631976435713,1136767686103277568,2391527520,2020-08-07
1291632611027083265,1115505571908804610,845893680,2020-08-07
1291757619468697605,927604589909733376,927604589909733376,2020-08-07
1291561424347475971,773717574811000832,1621143174,2020-08-07
1291572442452959232,2907091,1200240831292170245,2020-08-07
1291562271550787586,1206710316656054280,1151649572868898817,2020-08-07
1291562706571583495,17554226,1250125452946993152,2020-08-07
1291563797312950272,1042405564540768256,51634386,2020-08-07
1291564998611722240,1201266034788970497,1201266034788970497,2020-08-07
1291564199852867584,69428108,457454776,2020-08-07
1291565184163745794,69428108,457454776,2020-08-07
1291631872246775809,22212500,190242484,2020-08-07
1291565421058052096,219862792,219862792,2020-08-07
1291568920709812228,1164156004222873600,122558282,2020-08-07
1291566355116953600,69428108,457454776,2020-08-07
1291574343609155584,1223810073715081216,967418319019134976,2020-08-07
1291566845426835456,69428108,457454776,2020-08-07
1291566992604958727,573921084,821112150135427072,2020-08-07
1291632315999780865,1115505571908804610,232108922,2020-08-07
1291569196388757504,2907091,716658497946009600,2020-08-07
1291575597425201152,1202472522010238976,2472495405,2020-08-07
1291571677579620352,23494080,988177817350193153,2020-08-07
1291570616534020096,1239969860941217792,1042152142302322688,2020-08-07
1291582897233833990,1258895204330897408,1076677543963574272,2020-08-07
1291570730342252546,191124551,3592477283,2020-08-07
1291572843851862017,910233500535500800,4311817413,2020-08-07
1291579024096088067,37131541,37131541,2020-08-07
1292681526375833601,569743081,569743081,2020-08-10
1291632023413522433,1115505571908804610,232108922,2020-08-07
1291570888589156352,160299481,214303708,2020-08-07
1291571600291246080,2907091,1023805518392045568,2020-08-07
1291571824786956288,374824294,788893748386107393,2020-08-07
1291614688850124800,4365847755,288002958,2020-08-07
1291572943965880321,1189761425063006208,773316062096027649,2020-08-07
1291572603799457792,17554226,567436595,2020-08-07
1291577343996297216,37904694,231441566,2020-08-07
1291572847572324352,17554226,567436595,2020-08-07
1291573269368393729,1021729751113900032,1214539571486248960,2020-08-07
1291631778340286464,1115505571908804610,1123755936965976073,2020-08-07
1291575926803714050,625345500,1060412946352762880,2020-08-07
1291575265420808193,1021729751113900032,1214539571486248960,2020-08-07
1291577226547408897,1040594375095541760,941827143624822784,2020-08-07
1291576758156722176,374824294,22290141,2020-08-07
1291576948527857665,191124551,918976981303099392,2020-08-07
1291622549974024193,3307309744,1109247851547123713,2020-08-07
1291614805770502145,1267235465326977026,877215457509605376,2020-08-07
1291577626415505408,2907091,1049481886093979648,2020-08-07
1291578460880740352,191124551,44204162,2020-08-07
1291579041678422017,17450410,566850145,2020-08-07
1291581320355749889,1194469813780828160,1194469813780828160,2020-08-07
1291580142905692160,1021729751113900032,1059211792579248128,2020-08-07
1291600736900378624,3060176153,43170475,2020-08-07
1291581201791299584,1261713332022710280,1277667550650937348,2020-08-07
1292205754284417024,109843079,50477304,2020-08-08
1291580578744147969,1021729751113900032,911779952,2020-08-07
1291581015325122561,3880505652,1173786247,2020-08-07
1291780358963421185,820659620704354305,518767805,2020-08-07
1291581080932438017,3328675947,777153283219558401,2020-08-07
1291582659047698434,1189761425063006208,1234600029706477569,2020-08-07
1291581637873094656,805080540114128896,805080540114128896,2020-08-07
1291777996995649536,1261713332022710280,2815919175,2020-08-07
1291584041691549699,1049216209844150272,1049216209844150272,2020-08-07
1291583485845610497,2907091,89321867,2020-08-07
1291584181118603264,1261719070665293826,1261719070665293826,2020-08-07
1291585744763359233,1278743597169295361,1281074105467297792,2020-08-07
1291586363058302977,274356587,251944029,2020-08-07
1291714402505445376,2797159519,148621359,2020-08-07
1291586519392817152,2315451596,837894163433652226,2020-08-07
1291591154773917697,427126206,1085339326353993729,2020-08-07
1291749080130105345,864487498935787520,4316281152,2020-08-07
1291780233797021700,864487498935787520,4316281152,2020-08-07
1291588970128670721,937422446323314688,2385457856,2020-08-07
1291594340628742144,13132342,1077014200910659584,2020-08-07
1291590159360831489,181971226,181971226,2020-08-07
1291590702267326464,1021729751113900032,911779952,2020-08-07
1292112181031559169,2802140458,60204453,2020-08-08
1291674221307887616,2874056870,1268024491558539264,2020-08-07
1291904334041501696,1262708988312879104,1268690023345295360,2020-08-08
1291593655925592064,843989560921067520,122873619,2020-08-07
1291594059165732865,356515976,1415493026,2020-08-07
1291593446982000640,156908851,176853505,2020-08-07
1291620801171451905,547961358,785219711831187456,2020-08-07
1291609508943257600,785219711831187456,1291414223726080000,2020-08-07
1291598185127915520,1094981823996809216,1243399640256397313,2020-08-07
1291705200621883394,1285607164241940480,2744948177,2020-08-07
1291620410522349568,141584822,141584822,2020-08-07
1291620803931516928,722751612,779412902,2020-08-07
1291604637712351232,1247360255790583808,1204236648160124928,2020-08-07
1291601384157061120,1185618921929359360,1264458557837074433,2020-08-07
1291728219222220801,800773870252789760,1246695298346467328,2020-08-07
1292553574380183554,102816499,811189259411615744,2020-08-09
1291783398403579904,52171014,25004298,2020-08-07
1291611644087300097,356515976,1286047230764384256,2020-08-07
1291607991460880384,796367783617392640,405787155,2020-08-07
1291613992327221248,60919950,60919950,2020-08-07
1291624007045971968,937397433876615168,244826338,2020-08-07
1291615952505901057,1127851715632488448,1193355651088408581,2020-08-07
1291847909680570369,23906829,1028382947605401600,2020-08-07
1291616198162030592,1122397040783372289,405874268,2020-08-07
1291616360951422976,405874268,1122397040783372289,2020-08-07
1291620307304738816,1193355651088408581,1127851715632488448,2020-08-07
1291617668831698944,2314597418,123944239,2020-08-07
1291619575390511105,1189761425063006208,1288225097971650562,2020-08-07
1291618471965609986,405874268,315779591,2020-08-07
1291620801255485440,75311987,1291517466430980099,2020-08-07
1291629354439462913,1115505571908804610,376190658,2020-08-07
1291737832667709443,779412902,722751612,2020-08-07
1291622052558848000,123944239,2314597418,2020-08-07
1291622074163908608,361063416,2265918102,2020-08-07
1291622903608274945,762522504,382953970,2020-08-07
1291633209776779264,1193355651088408581,1220588883634769920,2020-08-07
1291625774504538112,762522504,382953970,2020-08-07
1291637264150409216,75311987,1291517466430980099,2020-08-07
1291636681565777920,75311987,1291517466430980099,2020-08-07
1291750139447500807,104309271,952659233882951681,2020-08-07
1291628833414828032,937397433876615168,244826338,2020-08-07
1291636821315600384,356515976,258637289,2020-08-07
1291634123359113216,17893690,408036857,2020-08-07
1291642305418412034,1245632999456030720,1278520611619303424,2020-08-07
1291636017238126593,2314597418,1163808789637881857,2020-08-07
1296091639656710144,3198494101,2587337249,2020-08-19
1291721555920248832,1285891806505435136,276641794,2020-08-07
1291651948362567683,1160711956468240391,706678740592390144,2020-08-07
1291639019344998401,2907091,1269264989895962626,2020-08-07
1291640846199197696,162262266,162262266,2020-08-07
1292023485611544578,196641793,196641793,2020-08-08
1291653910659125249,1115505571908804610,1028492346931871745,2020-08-07
1291651594329583616,1242951380278464512,18887599,2020-08-07
1291650050079117317,1245632999456030720,1278520611619303424,2020-08-07
1291650899287269376,1245632999456030720,1278520611619303424,2020-08-07
1291649992944427009,23494080,610075573,2020-08-07
1291651822097174528,23494080,4611235640,2020-08-07
1291664147575267336,1251122370422530050,1251122370422530050,2020-08-07
1291801924963119111,74698700,1216593649665888256,2020-08-07
1291946381091803137,955157325865566208,567622584,2020-08-08
1291745071881101313,1514304690,763799849162637312,2020-08-07
1291662327109091329,971350879063433218,971350879063433218,2020-08-07
1291660837162110976,784098236,1252097965931368450,2020-08-07
1291764727056601089,789610482059579392,3194911689,2020-08-07
1291671167653285889,21833728,1270272820560293899,2020-08-07
1291776003933691904,1261713332022710280,1277667550650937348,2020-08-07
1291699464219103234,1272503144946245638,1266094691478577154,2020-08-07
1291967951017582592,1259379095164641280,1249644724165709825,2020-08-08
1292168304417701897,278394813,1702824943,2020-08-08
1291673895712546817,75311987,1291517466430980099,2020-08-07
1291975469361963009,77973889,914320113985249280,2020-08-08
1291797604095930380,25257050,1105916207365005312,2020-08-07
1291670683332816897,966780032713666560,966780032713666560,2020-08-07
1291684940690595840,1218318147058421760,932003656093667328,2020-08-07
1291672858486333440,984838496,617202639,2020-08-07
1291702279696003072,1160711956468240391,542490429,2020-08-07
1291675337907220480,75311987,1291517466430980099,2020-08-07
1291768995281084416,1282177393646592002,256971593,2020-08-07
1291701435525103617,1160711956468240391,469997644,2020-08-07
1291678826435457024,1881869352,1881869352,2020-08-07
1291680365749338112,1844375316,1074261426125094912,2020-08-07
1291697658449387521,1260285039448739840,945734830775590913,2020-08-07
1291964883072843776,3955461914,2571393427,2020-08-08
1291765075875954688,62377073,877723552883015681,2020-08-07
1291692980991074304,124075022,124075022,2020-08-07
1291722370668007429,578357630,4900331763,2020-08-07
1291723134077304832,1035844609371398144,336117129,2020-08-07
1291765640345391109,162392152,264239493,2020-08-07
1291779982574919682,23494080,1263241861,2020-08-07
1291778688808300547,23494080,255219936,2020-08-07
1291805089565310977,461652793,259421965,2020-08-07
1291697497350369282,19426419,19426419,2020-08-07
1291714637944168448,926590755153461248,1035099266409062401,2020-08-07
1291757853900804096,1287811073765081088,855497779602391040,2020-08-07
1291697393969364992,198910545,4203373221,2020-08-07
1291701536205217792,494593786,494593786,2020-08-07
1292083233820205056,289530033,289530033,2020-08-08
1291700726264201217,854934238075990017,854934238075990017,2020-08-07
1291738702427893765,1902852432,987049003,2020-08-07
1291703607167868928,431150300,259571207,2020-08-07
1292030805162819590,53422663,1025967921472786432,2020-08-08
1291706974753574912,25302263,25302263,2020-08-07
1291717967089143810,801816402218913794,103614790,2020-08-07
1291728915820679172,481268050,36603774,2020-08-07
1291736468919128065,25913052,740573671195041792,2020-08-07
1291743835362676737,1273763499622240259,1120186758,2020-08-07
1291733685964767233,174369590,824459446122377217,2020-08-07
1291712052629831683,2907091,2905285109,2020-08-07
1291713561929166854,53422663,261668903,2020-08-07
1291816615500288000,1011566886,1011566886,2020-08-07
1291714138046177280,36571135,126116951,2020-08-07
1291714322041905152,2907091,1325932890,2020-08-07
1291714358037356544,15409103,1244282478703128576,2020-08-07
1291775900338380800,1258227571654717441,1285214780526141441,2020-08-07
1291719709105291266,1649395076,882664530802868226,2020-08-07
1291725789638139905,126116951,3226934367,2020-08-07
1291771070744322049,832753135496077312,874672779907526658,2020-08-07
1291817044438966272,1204770198773018625,1191040170033864705,2020-08-07
1291717845768908801,993641287,1276668496240410624,2020-08-07
1291717960046981121,731661969330188288,71443704,2020-08-07
1291719172850765824,2393564190,465737187,2020-08-07
1291728272364109825,2988408393,805445030391533568,2020-08-07
1291720985918550022,1059924879099731969,1198855736899424261,2020-08-07
1291761632956370944,59040447,276340797,2020-08-07
1291722537458716672,265521979,1290721797864919040,2020-08-07
1291722356612898822,19097032,610056149,2020-08-07
1291724802835787776,2907091,68007058,2020-08-07
1291722807425081344,864487498935787520,2497413258,2020-08-07
1291742129442750464,1196595414755106816,832006820,2020-08-07
1291722138186067970,2830163393,3396680813,2020-08-07
1291727896457904128,1123921725027233799,1096213754621190146,2020-08-07
1291722767012974592,981672200846675970,15133116,2020-08-07
1291724426841645057,21833728,1237809237683777537,2020-08-07
1291725083778650115,1275149567609253888,1138160900463050757,2020-08-07
1291730061696040961,249226546,126474792,2020-08-07
1291724655007539201,1275149567609253888,930772581875109888,2020-08-07
1291787264582967303,709776237535711232,2254010214,2020-08-07
1291725756192763905,3298635109,3298635109,2020-08-07
1291741566617427969,1275149567609253888,1276597803180007424,2020-08-07
1291726691342065670,1074114103814189056,210817872,2020-08-07
1291728194484285441,1275149567609253888,1276597803180007424,2020-08-07
1291732005579681793,1160332114052521986,1160332114052521986,2020-08-07
1291754093913014275,864487498935787520,1072357380,2020-08-07
1291790659746070533,757815952935260160,14819311,2020-08-07
1291730119820804096,1275149567609253888,1138160900463050757,2020-08-07
1291756131283537921,3351454733,830066014427693056,2020-08-07
1291729517464170496,15409017,783485850923524096,2020-08-07
1291739144625020929,1240116540286087171,69428108,2020-08-07
1291730036714864641,1251336896472645632,1260890528335495170,2020-08-07
1291743426048925697,69873788,3026139870,2020-08-07
1291745670974640128,217195594,1074365213640667136,2020-08-07
1291743472102211584,252277855,634645914,2020-08-07
1291748575559335936,20353411,1204056981537009665,2020-08-07
1291735121482014723,2161282327,294482059,2020-08-07
1291775051537121280,17304598,17304598,2020-08-07
1291740482104463360,1514304690,2282684576,2020-08-07
1291733827686223879,1275149567609253888,4715839875,2020-08-07
1291735738351058945,46390071,1270378652165902336,2020-08-07
1291743673516875777,832598791,965305688539922439,2020-08-07
1291735070278131713,1123921725027233799,1096213754621190146,2020-08-07
1291736645880905728,1202073425046433792,3587598612,2020-08-07
1291739720217702400,821977266263642112,19954797,2020-08-07
1291750468914483201,864487498935787520,2497413258,2020-08-07
1291768687200997377,16178831,1095879144771149824,2020-08-07
1291739827256213508,1043361161540919297,205358021,2020-08-07
1291745899362713602,1159458717638594560,50512313,2020-08-07
1291742866491027459,17133739,77294579,2020-08-07
1291739589774843904,8865592,8865592,2020-08-07
1291740445865906178,721107509872889856,1102620859724902401,2020-08-07
1291757240878235648,2180349799,1279155609083039749,2020-08-07
1291742989115588609,15409017,2792921528,2020-08-07
1291743706358349826,3231770820,733765787152945152,2020-08-07
1291742092394455040,1275149567609253888,249226546,2020-08-07
1291742582977028096,326412173,1183500986251431938,2020-08-07
1291752541970145289,740573671195041792,25913052,2020-08-07
1291748822692093952,1287141483011866626,1120138809558147072,2020-08-07
1291749215899721731,1287141483011866626,1120138809558147072,2020-08-07
1291747701193715713,1217243267042930688,3228121358,2020-08-07
1291744038358589440,213076634,213076634,2020-08-07
1291744892398571521,326412173,1183500986251431938,2020-08-07
1291752387192000512,1071195445995679745,1280667314430439424,2020-08-07
1291745606441021446,721107509872889856,1102620859724902401,2020-08-07
1291755915662831616,25186026,2583180049,2020-08-07
1291775936145133570,1180253962617769985,1282605517605658625,2020-08-07
1291767353429110786,1262563383016030209,2174400349,2020-08-07
1291747564648370176,326412173,1183500986251431938,2020-08-07
1291752440899997697,778775912,293499955,2020-08-07
1291830704763011073,863480442707726337,108934611,2020-08-07
1291748232058421252,725391990,1327899770,2020-08-07
1291764605707005952,2857675663,1036688305063174154,2020-08-07
1291750080278663170,46408066,310584285,2020-08-07
1291748732082499585,714238317,1132714463361142790,2020-08-07
1291748759861305346,20353411,80935456,2020-08-07
1292903408790196224,1638443989,549425616,2020-08-10
1291749652233158658,1275149567609253888,1247479527900659713,2020-08-07
1291837186007085059,87612386,1126137412151853121,2020-08-07
1291753882562048006,771328767193124865,829939344,2020-08-07
1291764059143131137,513735848,1239899010904788992,2020-08-07
1291761558557794309,1288603998472347649,41683936,2020-08-07
1291751473403973634,2421193216,1207083856798605313,2020-08-07
1291775172874125313,1180253962617769985,577777775,2020-08-07
1292064347867537408,1258403528537759745,180786162,2020-08-08
1291752271374688256,2437240813,2437240813,2020-08-07
1291752537977171968,126474792,756547437376970753,2020-08-07
1291752738032955392,186189986,3232580903,2020-08-07
1291753027519610880,977958958601302016,512397814,2020-08-07
1291754365431222272,1165289750221197312,68599584,2020-08-07
1291764167947489289,2170816921,267100133,2020-08-07
1291754625130024966,3043924796,3043924796,2020-08-07
1291791011946139648,67718654,30659269,2020-08-07
1291755120913526784,771467030058991616,59008461,2020-08-07
1291756075113472000,3081983657,2788185829,2020-08-07
1291757330607071232,1265267822,217691886,2020-08-07
1291756132101435394,966780032713666560,966780032713666560,2020-08-07
1291757333765292032,799010005655633922,854418596835069952,2020-08-07
1291758702849073152,198910545,310324958,2020-08-07
1291758063322566657,2797159519,1259901100351795202,2020-08-07
1291797651051155457,1279155609083039749,2180349799,2020-08-07
1291762674511028225,1258254029945294848,302747040,2020-08-07
1291759811030179840,44653242,700409337508974593,2020-08-07
1291765326087163905,513735848,1015620390192926721,2020-08-07
1292823475707621378,787827450772348932,3424688813,2020-08-10
1291764708714917889,2657627041,27529718,2020-08-07
1291760448468135936,3559665077,1013934571,2020-08-07
1291758707534188544,1003847387050373120,701272343189004288,2020-08-07
1291897186247032832,2421193216,1207083856798605313,2020-08-08
1291765307707621376,1279865889979076617,951521377030418432,2020-08-07
1291761023758880768,83222274,83222274,2020-08-07
1291760710578368518,40455336,618600360,2020-08-07
1291983278874927107,39162908,1288603998472347649,2020-08-08
1291819135748452356,1213172931255160832,887173659999309824,2020-08-07
1291789105941155840,1251562095105228807,1041366734505168901,2020-08-07
1291771119742025731,937422446323314688,995670764111020032,2020-08-07
1291766071402225664,912258259289100288,912258259289100288,2020-08-07
1291765580714979329,425508737,1093718269,2020-08-07
1291813143849709568,236573780,2188429098,2020-08-07
1291768005052030976,24188441,590107247,2020-08-07
1291772903827091456,472083430,727128232135397376,2020-08-07
1291822398954770432,907663818884612096,3362944929,2020-08-07
1291766882522013704,425508737,1093718269,2020-08-07
1291768822513438723,1021488561282080770,1196256517013561345,2020-08-07
1291794438050598912,1291085820053446659,240756755,2020-08-07
1291768461782405121,2907091,109276516,2020-08-07
1291853982940323840,750115418711351298,47440600,2020-08-07
1291767819835568128,153022731,202201983,2020-08-07
1291768744793047055,2907091,109276516,2020-08-07
1291782038555631616,1278408171267207168,1278408171267207168,2020-08-07
1291772077289111553,408478527,877345952,2020-08-07
1291792199559065600,1240037912365981697,400839539,2020-08-07
1291771404451553280,890279297063288832,890279297063288832,2020-08-07
1291772615455985665,46902592,46902592,2020-08-07
1291781741393444865,817342156738334720,1248085240628883458,2020-08-07
1291776693787594753,497676852,2953244289,2020-08-07
1291774936588181505,247458979,247458979,2020-08-07
1291785533849366528,1276342681120067584,820269649896017920,2020-08-07
1291910140787122177,142355653,114817169,2020-08-08
1291776288668241920,187042505,853347087588573184,2020-08-07
1291775925185662978,720013948213444608,999676091739656193,2020-08-07
1291775813797502976,999676091739656193,720013948213444608,2020-08-07
1291833661269118980,1273754649716195328,16954003,2020-08-07
1291776688611893248,891756304225751040,891756304225751040,2020-08-07
1291796863952150529,2180349799,1000178255733735424,2020-08-07
1291777277970259968,722484663164485633,714641743891836928,2020-08-07
1291803265273860100,974779362846412800,1010387251547627521,2020-08-07
1291778119666266112,11394562,11394562,2020-08-07
1291778983340544000,1272985380065705984,1272985380065705984,2020-08-07
1291779000550006785,100413913,969582515819368451,2020-08-07
1291805067067248641,2835609500,255685633,2020-08-07
1291809672983437313,2835609500,255685633,2020-08-07
1291780542585692160,1437671,339253930,2020-08-07
1291798896763703299,483253897,320394493,2020-08-07
1291856275635142656,1053309451,1187579029739560960,2020-08-07
1291780813810360320,1437671,1134964499155496960,2020-08-07
1291783091581853696,722484663164485633,1287949764,2020-08-07
1291783299988422662,722484663164485633,1287949764,2020-08-07
1291783425205194752,722484663164485633,1287949764,2020-08-07
1291782204289363968,272061107,1035385373365600256,2020-08-07
1291782088920723456,1173228545750863878,1173228545750863878,2020-08-07
1291782693412208640,1066475119097171968,1066475119097171968,2020-08-07
1291783119322771458,2865907814,48888320,2020-08-07
1291783092718338050,1066475119097171968,1066475119097171968,2020-08-07
1291800296906055680,466120728,766262960,2020-08-07
1291784005793337351,1071195445995679745,1280667314430439424,2020-08-07
1291783008672940037,370878436,370878436,2020-08-07
1292096578556178433,1279961078320021507,4907657857,2020-08-08
1291784069144092682,722484663164485633,1272320156316860417,2020-08-07
1291784087481602049,930291201764335616,930291201764335616,2020-08-07
1291788884620251138,864487498935787520,4316281152,2020-08-07
1291784812764835844,559120352,104879282,2020-08-07
1291784894671200262,191124551,2542714160,2020-08-07
1291792695011098624,822862537435860992,2822587093,2020-08-07
1291813799155048448,51007618,1205555823356907520,2020-08-07
1291787113302827013,559120352,2802514128,2020-08-07
1291790766184914944,1285375917393612800,1285375917393612800,2020-08-07
1291791042602311680,835891825328148480,835891825328148480,2020-08-07
1291788567010611200,28496913,28496913,2020-08-07
1291791770758635530,79576809,593909891,2020-08-07
1291804987232849921,3231770820,764645243052523522,2020-08-07
1291790413502840832,3328675947,1085637149872046081,2020-08-07
1291798264954716161,272061107,1035385373365600256,2020-08-07
1291793257987530753,703918477082406912,2835609500,2020-08-07
1291791686205661186,722484663164485633,422980822,2020-08-07
1291793699039567872,1163834621668265984,849290120343760897,2020-08-07
1291792055937662978,722484663164485633,1031496893711482880,2020-08-07
1291811904478834688,1104799116,301760843,2020-08-07
1291792833234509825,3328675947,1119642405303660544,2020-08-07
1291795087622656002,864487498935787520,4316281152,2020-08-07
1291796251009318913,610969244,19711202,2020-08-07
1291794613347524608,722484663164485633,422980822,2020-08-07
1291795684128174080,722484663164485633,422980822,2020-08-07
1291796618140954626,1071195445995679745,1280667314430439424,2020-08-07
1291803274522161152,926164634570067968,4898227337,2020-08-07
1291797610131488768,1651611811,334260300,2020-08-07
1291797234242203657,82981715,2369927670,2020-08-07
1291798464955731970,880863047795003392,880863047795003392,2020-08-07
1291797636207398912,202470085,2801825264,2020-08-07
1291879255266164736,52171014,25004298,2020-08-07
1291799397588762626,1145205364486561797,710121986849112065,2020-08-07
1291800552792186880,1233817907731107840,24278424,2020-08-07
1291912253437022209,720485244974080001,816100811407233024,2020-08-08
1291801631495872513,1272985380065705984,1272985380065705984,2020-08-07
1291801438155415553,966901053470916608,1123776855843196928,2020-08-07
1291798831345147911,1164176203923820544,1291736563861336070,2020-08-07
1291799307478278148,1164176203923820544,1291736563861336070,2020-08-07
1291799934111539208,320394493,483253897,2020-08-07
1291815480240545792,1202799730927030272,708980445770326016,2020-08-07
1291802900835041280,1613484625,1268378402349694981,2020-08-07
1291800376354787328,1229969089260593152,1229969089260593152,2020-08-07
1291800939498635264,1230782925358002176,1230782925358002176,2020-08-07
1291804990718214144,1145205364486561797,710121986849112065,2020-08-07
1291824544425050113,1287788548825980935,1066095697492094976,2020-08-07
1291820313554989056,1443255854,834499993276911617,2020-08-07
1291903363328565248,1233817907731107840,981548558,2020-08-08
1291833125178228736,1175505263840784386,1262225353399046144,2020-08-07
1291804980719104005,1209124542,1209124542,2020-08-07
1291820852439384065,1287788548825980935,1066095697492094976,2020-08-07
1291804675985960960,981617637775101958,740654818277085185,2020-08-07
1291821456326877187,377161172,830249970825584640,2020-08-07
1291805800508227587,1196856808817610753,1196856808817610753,2020-08-07
1291805971765817345,202470085,2801825264,2020-08-07
1291812426266996738,1009408782533779457,69477527,2020-08-07
1291808169967198209,1240037912365981697,1244727951553331202,2020-08-07
1291811631840862209,965642270887342084,1270602733,2020-08-07
1291810723618861057,14730894,14730894,2020-08-07
1291810375822979073,994715720234688512,994715720234688512,2020-08-07
1291810549970370561,740654818277085185,981617637775101958,2020-08-07
1291830819854536704,1175505263840784386,1142625674026528768,2020-08-07
1291815137486278656,1107974486056468481,1192382984185204738,2020-08-07
1291813463153672193,1151201383657480192,383168427,2020-08-07
1291828442116259842,241990939,1212073214,2020-08-07
1291814052189089793,1145205364486561797,896889106319495168,2020-08-07
1291813928935325700,747863820,911466380,2020-08-07
1291814492192550913,79751887,90675080,2020-08-07
1291814886285205504,722484663164485633,605802374,2020-08-07
1291816501092253696,222554961,222554961,2020-08-07
1291841879873654787,120750073,989842281799864320,2020-08-07
1291819474623004673,747863820,249950214,2020-08-07
1291816793141633025,892904926011154432,892904926011154432,2020-08-07
1291817023622852608,892904926011154432,892904926011154432,2020-08-07
1291818459953680384,926164634570067968,970443682208985088,2020-08-07
1291821928211197952,354682944,829853107500756993,2020-08-07
1292972326775070721,1240293590481489921,1229616350064148480,2020-08-10
1292151489331441665,1327899770,1138359593547907072,2020-08-08
1291821103334162432,920205805,920205805,2020-08-07
1291823609682567169,903061244483133444,782946231551131648,2020-08-07
1291968336859926528,1164156004222873600,2713012445,2020-08-08
1291833411133493250,1048508346511372289,29291847,2020-08-07
1291828216361934849,539274741,54111901,2020-08-07
1292477068249309184,305525856,19031426,2020-08-09
1291837204294180867,797663995,604009073,2020-08-07
1292236132210507776,356515976,1283074716123557889,2020-08-08
1291832842821959680,14116588,266857800,2020-08-07
1291834422958993418,1138160900463050757,1268521497053847553,2020-08-07
1291833997404844040,1168572306,37871949,2020-08-07
1291836710326882304,24427844,1544045731,2020-08-07
1291836632459382784,3011673768,543509766,2020-08-07
1291836187447947264,912041328174784512,873275703340531714,2020-08-07
1291834075964153862,920205805,920205805,2020-08-07
1291864268909010947,1193355651088408581,1113262305901514758,2020-08-07
1291877703877107713,539908341,961839693078831106,2020-08-07
1291835729623031809,201034782,201034782,2020-08-07
1291841344596566016,2401153822,376378706,2020-08-07
1291881732623552512,1273686294921539584,577822656,2020-08-07
1291836907601575939,1175505263840784386,1142625674026528768,2020-08-07
1292117408535269378,1189916268943593472,1093367053526822916,2020-08-08
1291840567496736768,83792674,380543217,2020-08-07
1291841538213859328,1522686696,989912836901089282,2020-08-07
1291860352750112768,2714017472,715786878247690241,2020-08-07
1291840629069283341,1138160900463050757,1268521497053847553,2020-08-07
1291841010163683328,14116588,78683448,2020-08-07
1291844212540026881,1259473301568720896,460465915,2020-08-07
1291846649527009295,1074314665,1217241653041410048,2020-08-07
1291900120011812864,2800878762,773717574811000832,2020-08-08
1291986910798401536,43573686,1098723438,2020-08-08
1291846531344195584,1094989193971929088,756318647757320193,2020-08-07
1291845332146544641,920205805,920205805,2020-08-07
1291963759423094784,974779362846412800,4763450485,2020-08-08
1291847241729290240,53422663,1227372246655782912,2020-08-07
1291847395832201217,877495409740050432,560014133,2020-08-07
1291848817399259136,126474792,1272467601017405440,2020-08-07
1291849492191313920,820257691956375552,2743760523,2020-08-07
1291849401673986049,1437671,4115990243,2020-08-07
1291851046273404928,22941997,595059218,2020-08-07
1291850630009622535,463202420,463202420,2020-08-07
1291850479035658240,49871320,49871320,2020-08-07
1291852395497115648,3675664156,2313865992,2020-08-07
1291850464263385088,1019148469288820738,1019148469288820738,2020-08-07
1291854280182439937,1089012550379991040,3316519923,2020-08-07
1291851186799366144,1210176290571116545,1210176290571116545,2020-08-07
1291852272746532870,526481002,2432839993,2020-08-07
1291851874891636736,526481002,4389242116,2020-08-07
1291901615021133824,835158325549535233,2648837030,2020-08-08
1291857738096685064,1257796163060658176,1257796163060658176,2020-08-07
1291857912273473536,1285407440096428032,863303311528800256,2020-08-07
1291900552729829376,526481002,4389242116,2020-08-08
1291859433090359302,820908967090094080,820908967090094080,2020-08-07
1291860580240773120,708081216,21441287,2020-08-07
1291864951527813120,722484663164485633,467510836,2020-08-07
1291864397980327936,38254445,1287434380592504841,2020-08-07
1291862127146405888,1096581708000972800,1138224115977003009,2020-08-07
1291866699034169346,1287141483011866626,1006671644,2020-08-07
1291865281841815552,722484663164485633,1285714323076194304,2020-08-07
1291864496571666438,25073877,25073877,2020-08-07
1291865908890099714,1219419324361789440,1515036582,2020-08-07
1291867777226231808,1243897509774319616,1518554696,2020-08-07
1291866184304992257,962379658779136000,1245312077981458432,2020-08-07
1291867466474426371,1035505494675410944,1228391936324702211,2020-08-07
1291866206866149377,1270927060660293632,4890404560,2020-08-07
1291866259584356353,4890404560,1270927060660293632,2020-08-07
1291867858016694272,3303441890,1168572600966144000,2020-08-07
1291904364026777600,798064935486050304,1290653449630212097,2020-08-08
1291870596889010176,75311987,854201895019261952,2020-08-07
1291868450500075520,299263052,489057924,2020-08-07
1291868950435901441,4890404560,832774408200597507,2020-08-07
1291869043058761729,4890404560,832774408200597507,2020-08-07
1291869522283069440,756907885129568257,1047503025693253633,2020-08-07
1291869440875864064,1270927060660293632,4890404560,2020-08-07
1291875735477657601,1030551360318709760,320573925,2020-08-07
1291872361961136134,623802763,835542998926622721,2020-08-07
1291871666772025346,1252729864383270917,874051757017583617,2020-08-07
1291871987674091532,390965581,1283290356751032321,2020-08-07
1291874640512589825,1108807484,804926311,2020-08-07
1291884220759990272,1145205364486561797,896889106319495168,2020-08-07
1291873617257598976,835542998926622721,623802763,2020-08-07
1291878412831924224,1006671644,1141799589646929920,2020-08-07
1291876310701219840,516876979,188910953,2020-08-07
1292071346915221504,1175432790919303172,1175432790919303172,2020-08-08
1291893728467136512,14116588,3320031749,2020-08-08
1291875822555607040,1105058010,114042032,2020-08-07
1291875667349581832,804926311,1108807484,2020-08-07
1291877353187086337,913914758,3160047446,2020-08-07
1291877783627608070,3160047446,1247183072916844544,2020-08-07
1291878893712965640,1217451275496951811,933448112219348992,2020-08-07
1291880615525191680,1189761425063006208,371755453,2020-08-07
1292046301014753280,712385480562774016,34022477,2020-08-08
1291892014729121795,961839693078831106,539908341,2020-08-08
1291882525611233280,1249654706667995137,2206614107,2020-08-07
1291926780538912773,783461654545600513,1086994925579694080,2020-08-08
1291894659984351234,919021098133524486,3950712737,2020-08-08
1291924010368937984,1033307125349593091,55178389,2020-08-08
1291890394834370563,1276300483221753857,908895548,2020-08-08
1291885410680004609,1249654706667995137,2206614107,2020-08-07
1291919786377650181,722484663164485633,1031496893711482880,2020-08-08
1293623260383510530,1086976130819809280,725395845286354945,2020-08-12
1291893320172613634,1267179233505402884,1225607511119745025,2020-08-08
1291888260000763904,1271495346661834753,14174759,2020-08-08
1291908170470785024,1187794471,110739746,2020-08-08
1291908926339002374,1578768824,2476178880,2020-08-08
1291892896065560577,1249654706667995137,2206614107,2020-08-08
1291903455372533760,1732708111,33936642,2020-08-08
1291891474338967552,1140379748268466176,1140379748268466176,2020-08-08
1291892144769204224,983946062032490496,2225214364,2020-08-08
1291893527497060358,241399930,38178418,2020-08-08
1292190525949452296,1194511655511699456,863513125,2020-08-08
1291905306012930054,3308046974,231737148,2020-08-08
1291894431285682176,981091752223432704,556441692,2020-08-08
1291922910899245056,1267981483039510537,965723868492165121,2020-08-08
1291895044107120640,4896195567,2697035426,2020-08-08
1291895341466431490,1221090942104604675,780609740938194944,2020-08-08
1291947845784940545,355335944,879370375,2020-08-08
1291896994257080320,187402102,827714515689025537,2020-08-08
1291899295411474432,1119823289512120321,200114515,2020-08-08
1291923794001408002,773735787783417856,1079648044469997569,2020-08-08
1291897383798730752,194222253,1055405245449322496,2020-08-08
1291898113054015488,892419517019594752,592361425,2020-08-08
1291897379000655873,961839693078831106,539908341,2020-08-08
1291921137912426496,1203522890597093376,53063897,2020-08-08
1291913460608098304,496281508,1122624102836133896,2020-08-08
1291906591856431104,2925895175,104762867,2020-08-08
1291901205476716550,1024319627147534336,955425673107124225,2020-08-08
1292143683014397952,14819311,757815952935260160,2020-08-08
1292098807182721031,233830625,915206305702346752,2020-08-08
1292033342368448516,1115505571908804610,232108922,2020-08-08
1292032954164629504,1115505571908804610,232108922,2020-08-08
1291903927756238848,225265198,319614925,2020-08-08
1291903567276597248,51241418,59677674,2020-08-08
1291904646072741888,728751455730073602,1286084265365700610,2020-08-08
1291917139302129665,728751455730073602,1286084265365700610,2020-08-08
1291904286067171329,24253658,24253658,2020-08-08
1291904616398028801,1248048975820787713,1241770613892579331,2020-08-08
1293624140709023744,1128601819331158016,1128601819331158016,2020-08-12
1291918410729902080,2855615704,1043542193263325184,2020-08-08
1291912690785542144,1220056834515578882,819011708165488640,2020-08-08
1291923083838795776,110739746,1187794471,2020-08-08
1291910619579514882,1193355651088408581,1090762625552711686,2020-08-08
1291925087751409671,822874503504072705,1272932429733474304,2020-08-08
1291908717709934593,740941365249380354,740941365249380354,2020-08-08
1291980317021044736,1253690249324134406,388019768,2020-08-08
1292129422083076098,1291414190725398531,3229258412,2020-08-08
1292234035020935168,1164908335784706058,21295953,2020-08-08
1291913910875021313,808142821899272192,808142821899272192,2020-08-08
1292008246941642752,178199736,995707789321228288,2020-08-08
1291915709728141314,4315705875,4315705875,2020-08-08
1291947176529076224,1514304690,92153465,2020-08-08
1291920105467719681,1231694799532707840,4262298742,2020-08-08
1291918146660470785,130337723,61951844,2020-08-08
1291944309944496128,41648744,1231269080021315589,2020-08-08
1291917363034632193,23905158,23905158,2020-08-08
1297588469363965952,302368554,34843714,2020-08-23
1292050390775668736,142355653,114817169,2020-08-08
1291919890299920385,219352716,29476854,2020-08-08
1292174848530231297,324727144,324727144,2020-08-08
1291920418715193345,1243897509774319616,1673163438,2020-08-08
1291921814315294720,711667461414916098,1218612713254989824,2020-08-08
1291921982431334401,1240116540286087171,1289777949713920001,2020-08-08
1292656326452154368,33569179,115434965,2020-08-10
1291923091761836032,117157321,16342328,2020-08-08
1292013484633468928,1221090942104604675,805837455697977344,2020-08-08
1291954842165010433,526481002,866643529698816000,2020-08-08
1292011245952995329,1221090942104604675,2220416928,2020-08-08
1291924353131728896,711667461414916098,860839183220428800,2020-08-08
1291931277080375296,1359624056,1246193746368245763,2020-08-08
1291927698177249284,154774769,1180916228606414848,2020-08-08
1292095497684082688,353429316,887939558,2020-08-08
1291924801699930112,1000607182889496577,1245221861488615431,2020-08-08
1291924618622558208,628688453,765429769731059712,2020-08-08
1291949213966905344,1193355651088408581,1228729091853094912,2020-08-08
1293055305576787968,1216534657187172352,1230233232546902017,2020-08-11
1291927581143400454,1288944552049405953,281143067,2020-08-08
1291933236818513923,1266979803074375682,1267209981100732416,2020-08-08
1291928942501335040,2228878592,872143958847045632,2020-08-08
1291930907105009666,783461654545600513,1086994925579694080,2020-08-08
1291930591747809280,227470493,876768842428665860,2020-08-08
1292023144916627457,793533100013785088,796352862297145344,2020-08-08
1291930709796544519,876768842428665860,227470493,2020-08-08
1291935296813178881,1202447876774912006,27082004,2020-08-08
1292084801172840449,33888716,555620586,2020-08-08
1291950724407066624,196274486,50953105,2020-08-08
1291932446716461057,19039186,19039186,2020-08-08
1291933039111659520,722484663164485633,1031496893711482880,2020-08-08
1291933725962330112,1288944552049405953,281143067,2020-08-08
1292010575808126976,1221090942104604675,187270823,2020-08-08
1291935468540645376,1031496893711482880,1089747905550925824,2020-08-08
1291936601543671808,1031496893711482880,1089747905550925824,2020-08-08
1292178161330008068,1432783669,946057705319550976,2020-08-08
1291936843508965376,728751455730073602,1286084265365700610,2020-08-08
1291935655681916928,1288944552049405953,281143067,2020-08-08
1292671538756497408,961839693078831106,539908341,2020-08-10
1292159050898116609,80037386,29364920,2020-08-08
1291938798717239296,1118920123551711232,950419153520812032,2020-08-08
1291943792229199879,382012096,2834112698,2020-08-08
1292127020386856960,115731897,1050532444015878145,2020-08-08
1291942722094403585,1030551360318709760,320573925,2020-08-08
1291942599775989761,909983024539893761,208799524,2020-08-08
1291949930421067776,1193355651088408581,920538567675465728,2020-08-08
1291944354374987781,1263269562314903552,886382145870204928,2020-08-08
1291945506336313346,724374394877911042,14658147,2020-08-08
1291947090378096644,711667461414916098,864875899497267200,2020-08-08
1291950290036457474,1265291664219934727,1275930692652797953,2020-08-08
1291948157958385664,60779696,931767423417454592,2020-08-08
1291947741875261440,1275646257206263810,2230226364,2020-08-08
1292505874175582210,333801772,2500560924,2020-08-09
1292003904926953472,180786162,38006071,2020-08-08
1291950373402550272,1291393156349558784,1291393156349558784,2020-08-08
1291969398614503424,722484663164485633,1306891885,2020-08-08
1291954503445409793,296647283,17946958,2020-08-08
1291952921723142145,1193355651088408581,1228746375409606658,2020-08-08
1291953000924295168,1193355651088408581,32788971,2020-08-08
1291953608833998848,1272985380065705984,1272985380065705984,2020-08-08
1292205578140360704,783713485465214976,423953976,2020-08-08
1292081024386637825,1289402410956357633,1290806339296538626,2020-08-08
1292285430080180224,1258895204330897408,636613836,2020-08-09
1291954968543612928,382012096,2834112698,2020-08-08
1291984989970673664,743814572813914114,432168508,2020-08-08
1291955891575697410,609758931,3540252020,2020-08-08
1292905123434430464,1245893028750995457,1245893028750995457,2020-08-10
1291958495823245312,117157321,271608889,2020-08-08
1292063630008242176,489996660,846583849962287104,2020-08-08
1292094220921118723,494609110,1278962023964041217,2020-08-08
1292331929384017921,1204938064386084868,616846665,2020-08-09
1292807345010094081,1134485472204525568,898878456217219072,2020-08-10
1291965623812194304,108951721,108951721,2020-08-08
1291966384780521473,108951721,108951721,2020-08-08
1292027778305589250,108951721,108951721,2020-08-08
1291974083496669186,1267278260527759360,74500266,2020-08-08
1292145463328571395,1190393433644339200,1273822889414803457,2020-08-08
1291979599098724353,13132342,904142359532843008,2020-08-08
1292581398256197633,1855896080,3090966888,2020-08-09
1291977035670122496,62999091,62999091,2020-08-08
1291983041712267265,1266404219462062082,360611170,2020-08-08
1292687626017939456,136933420,483777147,2020-08-10
1291986551803506688,1230782925358002176,1230782925358002176,2020-08-08
1291988720929964032,126474792,1272184334930317314,2020-08-08
1291988043599994881,1230782925358002176,1230782925358002176,2020-08-08
1291997105985380353,126474792,1288778845856968705,2020-08-08
1292004096044445696,760259571332022273,19088900,2020-08-08
1291995043000127488,1242811993016414208,732278636900974592,2020-08-08
1291996657161318406,16045536,833404447,2020-08-08
1292033617795911682,16045536,426800959,2020-08-08
1292009519040487424,898934738,1067983387577577472,2020-08-08
1292005161502613504,6689672,6689672,2020-08-08
1292061474165334018,14116588,16287871,2020-08-08
1292073007322726401,1596791664,354613132,2020-08-08
1292006136468713472,1267130934584844290,1239170257341894656,2020-08-08
1292005770939076608,3473144358,3473144358,2020-08-08
1292006101190193153,754288945,754288945,2020-08-08
1292080391315247104,711667461414916098,133516338,2020-08-08
1292012144775450624,3170611328,1291989871561551872,2020-08-08
1292013400697049089,126474792,1205882131492327427,2020-08-08
1292013772286996481,6689672,6689672,2020-08-08
1292538692960165888,475371197,1131290827798585344,2020-08-09
1292077888120922113,3380434083,118191384,2020-08-08
1292090485805166592,556441692,981091752223432704,2020-08-08
1292028252903571456,1189206123846328320,1189206123846328320,2020-08-08
1292067149616427008,722484663164485633,2906386079,2020-08-08
1292070529915133952,174369590,985862125296996353,2020-08-08
1292040517224669184,1080944816068927490,621655214,2020-08-08
1292035460232032256,300744871,300744871,2020-08-08
1292046241333833728,1223810073715081216,44161052,2020-08-08
1292063410805444608,43573686,1098723438,2020-08-08
1292039871176028161,738740844577034241,738740844577034241,2020-08-08
1292063726091280386,2901964056,1251220539714215938,2020-08-08
1292058743509843968,3386313705,3386313705,2020-08-08
1292418535554273280,571044251,571044251,2020-08-09
1292142913716211712,895763369495588866,768503830392832000,2020-08-08
1292147571884949510,716755122965975040,1266468581446955009,2020-08-08
1292148286372159488,104313576,1267017803506335744,2020-08-08
1292405164557639680,31155225,31155225,2020-08-09
1292130717288280071,764568641304166400,61553443,2020-08-08
1292067568526807040,722484663164485633,62621505,2020-08-08
1292116569921687553,1287811073765081088,91049215,2020-08-08
1292127402424807424,1287811073765081088,91049215,2020-08-08
1292097629623484416,1023460133525807104,1023460133525807104,2020-08-08
1292067743886442496,1451559206,1451559206,2020-08-08
1292079159485829121,1222592732901904385,2886724915,2020-08-08
1292243498423508994,304641864,25325565,2020-08-08
1292070451477270529,16665276,1189860402831773697,2020-08-08
1292090379429437440,818584896,459732610,2020-08-08
1292071235678068737,26137716,19632119,2020-08-08
1292072337358168066,115308684,141209607,2020-08-08
1292074301651324928,19632119,26137716,2020-08-08
1292743239401984000,3709172656,3709172656,2020-08-10
1292071496685420546,1199305119764013056,1199305119764013056,2020-08-08
1292074101184647168,127280340,127280340,2020-08-08
1292250680556695557,487724195,473242001,2020-08-09
1292081902136909825,857465379156762624,857465379156762624,2020-08-08
1292077992806621185,174369590,1013519913116491776,2020-08-08
1292089747083534338,1123034462999261184,878294609239126016,2020-08-08
1292343749037654017,738740844577034241,1221800161216778240,2020-08-09
1292135844535570433,824378326571696137,917058394208522240,2020-08-08
1292112511810977792,2167528201,2875921835,2020-08-08
1292147585390653442,3159786965,3159786965,2020-08-08
1292147477672529921,3159786965,3159786965,2020-08-08
1292147384055717889,3159786965,3159786965,2020-08-08
1292107441614630913,3159786965,3159786965,2020-08-08
1292283827549872130,708659434,854521186432188417,2020-08-09
1292108426449887232,915242549417099264,29619236,2020-08-08
1292088821148987393,1234066745813585921,1234066745813585921,2020-08-08
1292368532639043584,1161807476079173638,1254266159932665856,2020-08-09
1292092677035499520,556441692,981091752223432704,2020-08-08
1292093012235952129,19632119,2776633655,2020-08-08
1292157646368157697,916032097327865856,916032097327865856,2020-08-08
1292900375448756225,1638443989,2958999826,2020-08-10
1292102768593973249,1232344178,2696042311,2020-08-08
1292143035346804743,55108602,1657614174,2020-08-08
1292270564464353280,714658932694847492,1159290190046912515,2020-08-09
1292134914389954560,236487888,32313613,2020-08-08
1292100095584935937,865563696,3123019805,2020-08-08
1292099034631540738,2844212158,3435147219,2020-08-08
1292111301758468098,1272918670323224577,1157836558659018753,2020-08-08
1292111068211208193,123618703,2796242700,2020-08-08
1292101128453332992,17963088,15459455,2020-08-08
1292511320420605959,318634111,807892015597789184,2020-08-09
1292104530704859143,811660085101400064,1462919173,2020-08-08
1292167105052315648,1091108742849011720,3328217789,2020-08-08
1292134810530525184,506844753,911964799029964801,2020-08-08
1292107081991032832,2982436181,1177528578147344384,2020-08-08
1292113778755035138,1182490840813301760,1123384137467953153,2020-08-08
1292124566626742274,826519956384780288,553004747,2020-08-08
1292133948169031680,1251427598166564864,109687986,2020-08-08
1292108135965106177,1288603998472347649,39162908,2020-08-08
1292114872294166528,49958733,2394306888,2020-08-08
1292110075813941250,1147518921307774976,1147518921307774976,2020-08-08
1292110248736624640,126474792,1553571883,2020-08-08
1292113711486951426,966780032713666560,966780032713666560,2020-08-08
1292116840441876487,82878406,868615288425598976,2020-08-08
1292121631012388866,1040749628,1058079972223524864,2020-08-08
1292132648505278469,288612984,155228599,2020-08-08
1292116253738274818,2657267646,2657267646,2020-08-08
1292118563436691460,1272918670323224577,3649114340,2020-08-08
1292117185146626048,2369366671,2369366671,2020-08-08
1292119417564864518,1171441202077544448,948310304017887232,2020-08-08
1293055206167642113,1216534657187172352,1081049794137784320,2020-08-11
1292122585610817537,21631041,21631041,2020-08-08
1292129254793240576,968587494,338335070,2020-08-08
1292123163573141504,1287811073765081088,91049215,2020-08-08
1292125114041917441,1287811073765081088,91049215,2020-08-08
1292261076894179329,2760704813,778436442,2020-08-09
1292121350690279425,101871368,101871368,2020-08-08
1292129062870233089,519440331,478563206,2020-08-08
1292123352002428929,26989016,827177554490568704,2020-08-08
1292125697968951296,1100003401209991168,1210197396119883776,2020-08-08
1292125687751610369,800463336630403072,242077736,2020-08-08
1292135622585364481,1246870023802482688,160994056,2020-08-08
1292127977505988610,2843685004,2430678938,2020-08-08
1292133197090885632,780967284898537472,1195442329630339072,2020-08-08
1292132904559095810,3308046974,890301985525833733,2020-08-08
1292130503949266947,797127998164107264,765963512,2020-08-08
1292141411932880897,1225247637907156993,1230678583020052480,2020-08-08
1292265870258053120,15740776,784890784273215488,2020-08-09
1292202188085886976,927790585339097088,325800382,2020-08-08
1292132894408937472,812084143026638848,1262701250547720192,2020-08-08
1292133045948960769,1262701250547720192,812084143026638848,2020-08-08
1292153190473965571,35051304,2430862274,2020-08-08
1292136731680989185,17741753,68455524,2020-08-08
1292133611098054656,1007330705049780224,10322132,2020-08-08
1292266309540089856,45690599,611233329,2020-08-09
1292154358721736705,4186279094,26137148,2020-08-08
1292859877174501377,1289299886576467968,1291780377523163136,2020-08-10
1292141339803443200,2883494123,7259302,2020-08-08
1292147206661779457,22941997,595059218,2020-08-08
1292174968839692288,4153854796,2830892432,2020-08-08
1292143166985048064,34067801,37125574,2020-08-08
1292149967923093506,2835609500,1216766881199284232,2020-08-08
1292146132144062464,711667461414916098,85975516,2020-08-08
1292148024706203648,721163040423600129,86378511,2020-08-08
1292146310863294464,2991171969,14592739,2020-08-08
1295065049413955593,1292138725565239297,1292138725565239297,2020-08-16
1292149482755256323,843319285720137728,832990340,2020-08-08
1292180739388317696,108883612,6528262,2020-08-08
1295768620379717632,3159786965,3159786965,2020-08-18
1292152744460062721,2835609500,1216766881199284232,2020-08-08
1292150585379237889,45964312,600872775,2020-08-08
1292150361017315328,86378511,721163040423600129,2020-08-08
1292166655393628169,815371178,887944161210630145,2020-08-08
1292151746576494593,1207104404144500736,2783088174,2020-08-08
1292197318259810306,1289077928660217856,2387361205,2020-08-08
1292162768414466048,1133254168217509889,1192253311543414785,2020-08-08
1292209374153379841,1146911423655817216,46376090,2020-08-08
1292152293991710726,1243401589118750721,1243401589118750721,2020-08-08
1292210642049409024,22703536,25386720,2020-08-08
1292154245500882944,1035181525,1035181525,2020-08-08
1292163247236415492,16116288,1049398214,2020-08-08
1292154704122830848,35051304,2430862274,2020-08-08
1292157055072116742,1072554878059335680,1254578302813196288,2020-08-08
1292169662856396806,2835609500,1216766881199284232,2020-08-08
1292158767602311169,506844753,909102754479484928,2020-08-08
1292156619220897792,454395016,1061328914843426816,2020-08-08
1292166874713722880,1518868735,3290428564,2020-08-08
1292159816392220672,1008185450,1008185450,2020-08-08
1292157558690652160,1254578302813196288,1072554878059335680,2020-08-08
1292232562375630848,295513420,1204982249311162368,2020-08-08
1292160905346723840,108951721,108951721,2020-08-08
1292161207709966336,994715720234688512,994715720234688512,2020-08-08
1292164042828779521,1274684460802473987,1271814247169830913,2020-08-08
1292168145688567811,852867331894235136,1051201596,2020-08-08
1292165168235978754,333939989,838061855486652417,2020-08-08
1292166089707847681,174369590,1013519913116491776,2020-08-08
1293258023582998531,1292138725565239297,1292138725565239297,2020-08-11
1292166704018214917,1008185450,1008185450,2020-08-08
1292180768031215616,16045536,1257448710155444228,2020-08-08
1292231946362396672,407267637,41199194,2020-08-08
1292443358196109313,1141442655517368320,20252196,2020-08-09
1292166885039955968,41448115,1035960026,2020-08-08
1292188192871976963,424696854,874928137,2020-08-08
1292169656501968898,811660085101400064,1462919173,2020-08-08
1292173866467459074,38022768,38703570,2020-08-08
1292169894126145538,707728513697079297,851609603766865920,2020-08-08
1292179687523979268,16045536,776266105346293760,2020-08-08
1292177778125582336,826992312957874176,176038430,2020-08-08
1292171560619450369,1272918670323224577,1284775896096952321,2020-08-08
1292171916921503744,827002430483206144,216904646,2020-08-08
1292172309906825217,526481002,1032786912111747072,2020-08-08
1292175000926027778,174369590,1013519913116491776,2020-08-08
1292175664234344461,1277028550433017857,1134770098428960768,2020-08-08
1292177725009035267,16215476,200475593,2020-08-08
1292179247054946307,16045536,92570825,2020-08-08
1292176304121487362,20247894,255573688,2020-08-08
1292176513023041537,20247894,255573688,2020-08-08
1292176831140048902,255573688,20247894,2020-08-08
1292177509308665860,174369590,1013519913116491776,2020-08-08
1292206842609795073,546996224,1037027580489203712,2020-08-08
1292230495091208193,3259223394,1266206295134109696,2020-08-08
1292182558713806848,174369590,1251427598166564864,2020-08-08
1292183892515069956,1116549095357685760,18156757,2020-08-08
1292183080002891776,4064335367,236541422,2020-08-08
1292196442392731648,18734216,107560595,2020-08-08
1292185951473668097,917390576542113792,3313769563,2020-08-08
1292186410733072384,856969871023890433,856969871023890433,2020-08-08
1292186018976796672,236541422,20792657,2020-08-08
1292207190766485504,15440083,35474197,2020-08-08
1292195363890372608,1061321432171458566,760201296347443200,2020-08-08
1292188394336989185,41225536,41225536,2020-08-08
1292188574431895552,1025991491204739072,1157490425961357313,2020-08-08
1292208297592926208,1441971834,360460010,2020-08-08
1292189456527548417,1272918670323224577,1267519113632628736,2020-08-08
1292191232245063682,14116588,946824588201250818,2020-08-08
1292192374890926082,1244751090308046848,1274647273889320960,2020-08-08
1292199423347314688,857281237,1052691579377475589,2020-08-08
1292493120710438912,857281237,1052691579377475589,2020-08-09
1292194277540409344,49677040,518469622,2020-08-08
1292196571044552706,917390576542113792,1215469815604948992,2020-08-08
1292197300585070594,1145205364486561797,1071241756602073089,2020-08-08
1292195641742024711,2249531,2249531,2020-08-08
1292197752042995712,1230782925358002176,1230782925358002176,2020-08-08
1292200263604822016,1265435391277948928,1187338157093720065,2020-08-08
1292198866578575360,1230782925358002176,1230782925358002176,2020-08-08
1292199694748258311,750386497,750386497,2020-08-08
1292199943919345665,915222435217240065,915222435217240065,2020-08-08
1292199902852853765,827002430483206144,282007224,2020-08-08
1292201614204440578,227406960,227406960,2020-08-08
1292206742433148929,488779587,2356976935,2020-08-08
1292209673282572289,2391892063,4130503212,2020-08-08
1292203302114004992,115308684,75286878,2020-08-08
1292201499288678401,1478242686,56562803,2020-08-08
1292202116338130946,56562803,1478242686,2020-08-08
1292248108219342849,1025991491204739072,2613385668,2020-08-08
1292248442299748353,1025991491204739072,2613385668,2020-08-08
1292215213052264448,2399853949,896359288712695808,2020-08-08
1292223346487197697,44260667,26247919,2020-08-08
1292204046741311490,827749062711574528,827749062711574528,2020-08-08
1292235458215198720,1263491240336769026,2851780768,2020-08-08
1292204466565984257,1108983214406803456,1108983214406803456,2020-08-08
1292205985365401600,432895323,432895323,2020-08-08
1292214379358945281,1726667976,411832334,2020-08-08
1292247908406812673,1025991491204739072,2613385668,2020-08-08
1292209477953949702,1237382706767507457,1206341079718604805,2020-08-08
1292209522258444299,56562803,14239891,2020-08-08
1292259075556663296,2460479600,1165020687569997825,2020-08-09
1292215029622804482,2737575429,2737575429,2020-08-08
1292210585329971200,263367673,167781299,2020-08-08
1292212936816164864,1312197301,1087018890985500673,2020-08-08
1292221534220759042,3006898359,516773509,2020-08-08
1292245473571377152,16794538,1026520885476261888,2020-08-08
1292215305851338759,45558697,1247561828055560192,2020-08-08
1292212425127755777,607660565,274235922,2020-08-08
1292241605533999104,751591213354979328,1224700469542555650,2020-08-08
1292217496964038657,56552341,56552341,2020-08-08
1292221021030944768,45958792,45958792,2020-08-08
1292220554259378176,3378306652,2991104351,2020-08-08
1292249072808599552,52423655,1286030914762358786,2020-08-08
1292218843171942400,1077790895783653377,1115584870913200128,2020-08-08
1292220274541072385,1100855141714935808,885957334295433216,2020-08-08
1292226434954657797,83839221,177359409,2020-08-08
1292253893473087488,879561144725372928,119919698,2020-08-09
1292315942718828546,1280923326517350405,306419982,2020-08-09
1292227455101464576,1272918670323224577,904364547854753793,2020-08-08
1292338963651469312,1253518872021524480,1223664821666746368,2020-08-09
1292312744759197697,760259571332022273,19088900,2020-08-09
1292236165706321920,2614255879,3044602665,2020-08-08
1292225338181857281,1267554988873732096,1267554988873732096,2020-08-08
1292228198713954304,749317602464374784,1235474347877453824,2020-08-08
1292237177816887296,1253163880697692160,840671364709212160,2020-08-08
1292225650841890816,1292223844212568065,1292223844212568065,2020-08-08
1292256715488948225,943360650021146624,1223448257793331203,2020-08-09
1292265032743616515,1259865924519297026,1061231718,2020-08-09
1292240095756525568,1141090089373536256,1141090089373536256,2020-08-08
1292230509364486144,324999857,3068910949,2020-08-08
1292232830810853377,2808640043,1009207907882295296,2020-08-08
1292231216092127233,214392379,1278547925266771968,2020-08-08
1292562156022566914,54786909,54786909,2020-08-09
1292254845299286016,25322167,3082938846,2020-08-09
1292255178641608704,1292233167030583299,2518386042,2020-08-09
1292241945637662721,28502866,2852566999,2020-08-08
1292262333796909062,1146394974474395649,1262152950455173121,2020-08-09
1292247572556533761,54786909,17727691,2020-08-08
1292236178008100864,809299145760509954,809299145760509954,2020-08-08
1292262274871115776,1246870023802482688,318754754,2020-08-09
1292241755878748161,1253163880697692160,840671364709212160,2020-08-08
1292263721310605312,3430861167,2295297356,2020-08-09
1292242589933076480,1251657735655043072,743151400037810180,2020-08-08
1292256435045269506,2863863130,1020429563460046848,2020-08-09
1292255438675881986,884055839346130945,997917989608611840,2020-08-09
1292581643572543488,123472105,595145361,2020-08-09
1292246503608655872,589781962,589781962,2020-08-08
1292250495663214592,38024912,197429012,2020-08-09
1292246735687843842,1144349381958594560,1243595338667175938,2020-08-08
1292248251601747970,911370586399617024,315436072,2020-08-08
1292247870620434432,63850669,53203552,2020-08-08
1292255233817686019,1201306771446550528,3106507235,2020-08-09
1292288993992859648,295513420,1204982249311162368,2020-08-09
1292248235487059970,29039851,29039851,2020-08-08
1292249152680873984,251408817,1157538648113332224,2020-08-08
1292447447575408642,255541551,3312736014,2020-08-09
1292279209579208706,1253163880697692160,840671364709212160,2020-08-09
1292258598601609223,1291350460495003648,975034665571667973,2020-08-09
1292254427999424512,14787206,613973672,2020-08-09
1292252783404625920,1239599332770398214,1108340096,2020-08-09
1292359788169330689,1176674394564788224,762264966812622848,2020-08-09
1292270244191514624,2223170101,896573323,2020-08-09
1292256790189662208,1123771969118380033,1253334495337443332,2020-08-09
1292255190398230528,8128062,8128062,2020-08-09
1292257098005270528,1087403287232446464,1087403287232446464,2020-08-09
1292256430448185345,796427120704684037,796427120704684037,2020-08-09
1292258745028767744,774637238340562946,81478510,2020-08-09
1292309886303449088,488871439,2444386208,2020-08-09
1292847364252864523,165975743,3316447133,2020-08-10
1292290220466077697,47658188,82241627,2020-08-09
1292263367596478465,23199122,573877370,2020-08-09
1292472567786278913,22941997,595059218,2020-08-09
1292267125143478274,1002642252487905286,874863073,2020-08-09
1292271678643408902,83839221,1223901242,2020-08-09
1292264923679072256,2206818593,954767757379284995,2020-08-09
1292270936348033025,1727003514,632184184,2020-08-09
1292265215665610752,976559744,976559744,2020-08-09
1292267450684375041,240991823,783872470910660608,2020-08-09
1292292192371957760,541777125,907344924739284993,2020-08-09
1292269611824689152,1239599332770398214,2909833541,2020-08-09
1292270376215552002,22426166,813264285484748804,2020-08-09
1292271314678489088,22426166,1286860218467401728,2020-08-09
1292273482701529088,1123954794,1207615258690543616,2020-08-09
1292271900140482560,954723132,2550694741,2020-08-09
1292273251167735808,826519956384780288,553004747,2020-08-09
1292273032787046400,1267037382,1267037382,2020-08-09
1296047830440841216,29127779,456945593,2020-08-19
1292278625451081728,120566467,1187871699448012800,2020-08-09
1292276941395857411,296647283,1694557171,2020-08-09
1292279068004679680,214951331,58102105,2020-08-09
1292279024383930370,224409245,832571834,2020-08-09
1292277531865907207,100037676,274831667,2020-08-09
1292284076414525441,2316409458,2445820078,2020-08-09
1292502143719501828,16797699,150544855,2020-08-09
1292299757835235329,796295318199537664,1256433298596868098,2020-08-09
1292278988119904262,1089677129908916225,1077341407705219073,2020-08-09
1292280456176697344,1239599332770398214,129345722,2020-08-09
1292282442854744070,199133912,967401346121973760,2020-08-09
1292285555070439424,931286316,1225965345946689536,2020-08-09
1292293347642503168,52423655,559014063,2020-08-09
1292289851413467141,521612760,181282174,2020-08-09
1292309825699876864,103085191,744577026493931520,2020-08-09
1292327563822534658,1069852626,247047955,2020-08-09
1292299473696284672,159229238,211732473,2020-08-09
1292298707979907075,785213265454374912,1255482192748335104,2020-08-09
1292291858354171905,732489629983592451,1018238821958381569,2020-08-09
1292356486404943875,1254869477746978817,2362588862,2020-08-09
1292313575067770880,199133912,967401346121973760,2020-08-09
1292376312833871874,785224618919374848,3286287840,2020-08-09
1292376984367005696,785224618919374848,3286287840,2020-08-09
1292301707607773186,1282447719643189249,1049178866,2020-08-09
1292310228856274945,48942691,4249357154,2020-08-09
1292300843761500164,541152991,745439356110802944,2020-08-09
1292362891048484866,2973549567,3227982849,2020-08-09
1292330306356367362,29936341,342964636,2020-08-09
1292312601678970880,2578332065,62236036,2020-08-09
1297129573755297792,4541141723,2875883148,2020-08-22
1292412083678543873,703061637482225664,43846520,2020-08-09
1295153191294664705,1278137950430048256,240417403,2020-08-17
1292312857611243520,705111793451061248,705111793451061248,2020-08-09
1292310459375378432,1235474347877453824,739028678676492288,2020-08-09
1292310907037659136,791709641595949056,791709641595949056,2020-08-09
1292312434024357893,394313086,394313086,2020-08-09
1292313533992992768,3253425512,818816454376050688,2020-08-09
1292313854060371970,818816454376050688,3253425512,2020-08-09
1292314120922882048,3253425512,818816454376050688,2020-08-09
1292314369456398338,818816454376050688,3253425512,2020-08-09
1292314499073024001,3253425512,818816454376050688,2020-08-09
1292315408901447680,3253425512,818816454376050688,2020-08-09
1292337843814227970,115731897,1050532444015878145,2020-08-09
1292321179273846784,1213718894080249857,1056311044644225025,2020-08-09
1292316875360149513,3253425512,818816454376050688,2020-08-09
1292339525931249664,202353142,3226630268,2020-08-09
1292326159481540608,1204982249311162368,295513420,2020-08-09
1292322181259702274,1204982249311162368,295513420,2020-08-09
1292338287152189441,115731897,1050532444015878145,2020-08-09
1292349602738233345,1523891821,545115278,2020-08-09
1292320473276125186,1235474347877453824,779188582296670208,2020-08-09
1292427246955880448,1064055210,1283130369324093440,2020-08-09
1292844481792872453,14819311,757815952935260160,2020-08-10
1292329901341769729,874828182,757098344254627840,2020-08-09
1292323460262199296,1291494039578009600,171745655,2020-08-09
1292325497175564288,46728245,55255973,2020-08-09
1292328074583973888,1256659354452967424,22393417,2020-08-09
1292450726430552064,1267981483039510537,965723868492165121,2020-08-09
1292365019007471617,21059255,847337146922934274,2020-08-09
1292332269277872128,1273541092021989376,1273541092021989376,2020-08-09
1292333393431212032,106268107,106268107,2020-08-09
1292334318111600641,20549296,885243216265715712,2020-08-09
1292351395853553666,48964828,1274915809995878400,2020-08-09
1292454521319370754,89477054,966458955424673792,2020-08-09
1292337728105975809,22426166,627591065,2020-08-09
1292555535896772608,3011542865,48472949,2020-08-09
1292596874327646208,1284963646645264385,21894268,2020-08-09
1292342588557598720,828010834978709504,2564328678,2020-08-09
1292360918135910401,2166460405,116663595,2020-08-09
1292447433893478403,22426166,627591065,2020-08-09
1292472239003181056,448900071,1164601759030890496,2020-08-09
1292443128222359552,74677398,480311883,2020-08-09
1292383055311773696,958190240295874561,1898875302,2020-08-09
1292679934549331974,1278029245441355776,1045033976275111939,2020-08-10
1292356755851284480,19007832,19007832,2020-08-09
1292360750946631680,1291494039578009600,886325256000024576,2020-08-09
1292360118735167493,1136343516,1136343516,2020-08-09
1292360223282409472,1283465406531936256,4269582628,2020-08-09
1292362893183205378,760259571332022273,19088900,2020-08-09
1292363668412227584,3112598765,1244523599815487489,2020-08-09
1292369225613443077,2675554213,2675554213,2020-08-09
1292525636112850945,483515124,3255304790,2020-08-09
1292376856394698753,1254869477746978817,1127709583101825024,2020-08-09
1292378941307719680,750017117907521536,1224578405171109890,2020-08-09
1292393441201135617,108951721,108951721,2020-08-09
1292507964318920708,424751403,17137797,2020-08-09
1292448606528643075,22426166,1605745939,2020-08-09
1292386386784354304,1156914939371540481,1003848807946248192,2020-08-09
1292588831183712257,809934966058385408,1140758640217001985,2020-08-09
1292461009433776128,1057479569832325121,1208521773433659393,2020-08-09
1292408906367397888,1272918670323224577,2282772891,2020-08-09
1292490460582146048,843319285720137728,832990340,2020-08-09
1292459465883688960,932369371,1240582323046842369,2020-08-09
1292398305792733184,467912162,467912162,2020-08-09
1292432934847291392,4167062907,68304826,2020-08-09
1292406461599895552,2565082368,2565082368,2020-08-09
1292410875391877125,1191934574936416256,1250415358856646656,2020-08-09
1292494992410390528,109305532,933433742823165953,2020-08-09
1292408964760702976,4541141723,4541141723,2020-08-09
1292452913420402689,82878406,243495444,2020-08-09
1292414349286543360,600160850,850508447774801920,2020-08-09
1292412939085873152,961761806258618368,1067854831606538241,2020-08-09
1292413226307772416,31155225,31155225,2020-08-09
1292512370833494016,1288738393178824705,843906966,2020-08-09
1292419463615262720,835542998926622721,1055012818150477824,2020-08-09
1292480763330539521,108951721,108951721,2020-08-09
1292540512583520257,1175366653867155456,1701380730,2020-08-09
1292431513691156480,824023369578188800,2322627371,2020-08-09
1292419091446157312,926703090325229568,908897279716638720,2020-08-09
1292424216541900801,6418032,6418032,2020-08-09
1292425350975303680,1240178803328061442,1240178803328061442,2020-08-09
1292462091140501505,201034782,1197882856967680001,2020-08-09
1292428172231933953,336324061,1375352629,2020-08-09
1292428030921584640,926703090325229568,908897279716638720,2020-08-09
1292428596036993024,820355193749590016,739062342772723712,2020-08-09
1292500960368103424,621517842,2487505709,2020-08-09
1292430549060116481,336324061,1375352629,2020-08-09
1292434102121988097,350018443,350018443,2020-08-09
1292440684016873472,973208566453727232,883765871994445824,2020-08-09
1292469053450104832,88472850,367158112,2020-08-09
1292436354517934082,3195419603,1079441404353495041,2020-08-09
1292435753667047425,158217857,158217857,2020-08-09
1292438947021434885,1243997236419321858,1243997236419321858,2020-08-09
1292441839723782144,219862792,219862792,2020-08-09
1292446771126456321,23139023,322567110,2020-08-09
1292572212818595843,1175224747866673153,94198620,2020-08-09
1292775747766169600,1268838050798452742,1079278555,2020-08-10
1292482386660401152,1004380276598943744,1276536834387034115,2020-08-09
1292444725807636480,2808757106,1829178223,2020-08-09
1292461038546440195,89380301,186122555,2020-08-09
1292490116502626304,936969552197451778,352980349,2020-08-09
1292447356122812416,18915145,18915145,2020-08-09
1292463759538126848,83839221,1254502245795868678,2020-08-09
1292449286135914496,1175226135426322432,3258594861,2020-08-09
1292460931998515205,29480700,21719150,2020-08-09
1292451323485528065,1034249801972494339,1168655478462791680,2020-08-09
1292452182936023041,2608740770,18786430,2020-08-09
1292475752382898176,467961289,1554603260,2020-08-09
1292493276109590530,3023960258,414247081,2020-08-09
1292454211922296834,1221818330857775105,4921628553,2020-08-09
1292454923385405441,1034249801972494339,1168655478462791680,2020-08-09
1292456238110908420,835542998926622721,21754465,2020-08-09
1292460488027181063,96906231,1228305713467973633,2020-08-09
1292514301991936000,336184140,46713686,2020-08-09
1292507021657411589,1177010534153162752,93747032,2020-08-09
1292601678399561728,50530294,45872532,2020-08-09
1292458457510162433,1034249801972494339,1168655478462791680,2020-08-09
1292515867595616256,586038433,513766099,2020-08-09
1292459931170492421,1287435028188860416,957243115978584066,2020-08-09
1292662471992451074,216588194,1348078063,2020-08-10
1292459705529401344,1287237013930938368,1287237013930938368,2020-08-09
1292513774080057344,769159048872751106,2516831167,2020-08-09
1292464646834790402,1228305713467973633,96906231,2020-08-09
1292463790961782784,933008323,933008323,2020-08-09
1292946144880926720,48595144,1644082339,2020-08-10
1292464828800552960,872504389180825600,3026137465,2020-08-09
1292525144729104387,887136741148196864,806102617353023488,2020-08-09
1292462593538433024,386572113,386572113,2020-08-09
1292604530807525379,1200063448958296065,1041658850,2020-08-09
1292465596068696065,896339981828067328,896339981828067328,2020-08-09
1292529310713040896,805159093,1162103355998646272,2020-08-09
1292468994721615873,508006873,912504643355381762,2020-08-09
1292467489876717569,368738003,2353721839,2020-08-09
1292470927641309184,694682581221048320,27069877,2020-08-09
1292476446884147200,202035385,862432746,2020-08-09
1292472607091167233,3231019148,3231019148,2020-08-09
1292471082373410821,21025464,21025464,2020-08-09
1292495592468488193,578242529,2197872379,2020-08-09
1292500508104589312,82161116,41928872,2020-08-09
1292475215352492040,1284517896828227584,709649138862829568,2020-08-09
1292477169889939456,364261779,111751854,2020-08-09
1295466319115169793,1250950795195035648,1230607566478159872,2020-08-17
1292475653229551616,24086519,120314165,2020-08-09
1294247232041099264,796295318199537664,938806364608061440,2020-08-14
1292480244855836672,932369371,389918746,2020-08-09
1292487472522371072,872504389180825600,1044778781230039042,2020-08-09
1292475868154126341,116579971,116579971,2020-08-09
1292478046310502401,1272918670323224577,1183017650068295682,2020-08-09
1292484166026539009,746581051737153536,487688840,2020-08-09
1292480990795923457,630784269,20259827,2020-08-09
1292481655605809157,932369371,1280615172525228033,2020-08-09
1292480792568958976,711667461414916098,864875899497267200,2020-08-09
1292520291999023107,376062813,45559742,2020-08-09
1292481777144135682,115308684,82944920,2020-08-09
1292483388125765632,198720216,475892820,2020-08-09
1292485663783362565,1168578217386676239,14356407,2020-08-09
1292567400123191303,1289346760473751558,1287461711407198210,2020-08-09
1292511293362958336,15458357,9547482,2020-08-09
1292498109315112963,575662077,1237572764036403201,2020-08-09
1292488198002626560,382012096,129707381,2020-08-09
1292488451225419776,382012096,129707381,2020-08-09
1292528103751708672,425373857,1478689148,2020-08-09
1292486485137068033,1056949244005941249,178302508,2020-08-09
1292524843452313601,14863355,14863355,2020-08-09
1292489529660669952,132773081,140038597,2020-08-09
1292488633216196611,14962178,4821206555,2020-08-09
1297671532534104064,1227599811471216640,1273943264593244160,2020-08-23
1292541186922618880,3139173528,3366082571,2020-08-09
1292490981799944193,1276920391601057792,1276920391601057792,2020-08-09
1292492009085820928,1059229280,1059229280,2020-08-09
1292573130242891776,1048508346511372289,1062874338540556288,2020-08-09
1292494062109458432,711667461414916098,864875899497267200,2020-08-09
1292544036964794368,885518830147129345,1233812174344052736,2020-08-09
1292494480575287299,3023960258,1473496304,2020-08-09
1292501119923621889,2225214364,887876131759603712,2020-08-09
1292497356030697472,711667461414916098,864875899497267200,2020-08-09
1292499694480891908,1039004710835867649,1245915638754709504,2020-08-09
1292502054708142081,12649642,585770714,2020-08-09
1292504355917066242,1209072713697882112,386593177,2020-08-09
1292501709390929920,1039004710835867649,1094702429809963009,2020-08-09
1292581364596977669,1004380276598943744,1276536834387034115,2020-08-09
1292507528492920832,371223749,839546919881846784,2020-08-09
1292505508004261888,1125049915174821888,1020487706671865857,2020-08-09
1292718171187630081,1168696980513517569,1168696980513517569,2020-08-10
1292528739176218624,805159093,273002359,2020-08-09
1292514568086978561,2800470003,82544426,2020-08-09
1292554125117460480,1268579512494755840,880779577953460225,2020-08-09
1292507507638726658,1020487706671865857,1125049915174821888,2020-08-09
1292595906261458944,148605846,148605846,2020-08-09
1292650381760008192,2476783045,1011345798045622272,2020-08-10
1292511933703368704,1036698350605746178,712629130991378432,2020-08-09
1292512150112567296,318634111,807892015597789184,2020-08-09
1292532345225072640,28521710,1239694493084979200,2020-08-09
1292516925097025537,487609091,1149594242,2020-08-09
1292521317691006977,1042910258040111104,1042910258040111104,2020-08-09
1292570405765513216,298558240,413536029,2020-08-09
1292544123082141696,1260285039448739840,1194794468811124737,2020-08-09
1292513629019889664,365787466,365787466,2020-08-09
1292521544510590977,932369371,3314039942,2020-08-09
1292516184865218560,123618703,435832540,2020-08-09
1292524637444767744,1251055176041017344,2968855311,2020-08-09
1292517776754696193,14132503,4252168769,2020-08-09
1292519990361387009,973252188,725511112372961284,2020-08-09
1292519932551364614,1012202678791954432,734528496962285568,2020-08-09
1292518812764569600,14947030,1265106375472033794,2020-08-09
1292521677272883200,104057991,24567608,2020-08-09
1293019611353329665,198720216,1361196552,2020-08-11
1292521867241299971,931286316,1148351129010540547,2020-08-09
1292806746482839553,1086989929660514305,822510841585078272,2020-08-10
1292523396589387776,1040626579121025025,62411051,2020-08-09
1292537389966135299,931286316,1291507445341224960,2020-08-09
1292524549854998530,1273825732045598720,980291099930644480,2020-08-09
1292527068299669504,1273825732045598720,980291099930644480,2020-08-09
1292558706299801601,86651992,102102479,2020-08-09
1292656407645306880,974859437088292864,518130864,2020-08-10
1292531733775122432,506844753,1038095316640260096,2020-08-09
1292528726169673729,1275507067676061697,1275507067676061697,2020-08-09
1292537608736669696,1134699825557954560,1134699825557954560,2020-08-09
1292530272601341953,270173270,273969312,2020-08-09
1292532932037562370,701208785331875840,1283317498201493505,2020-08-09
1292529589449666560,44525679,44525679,2020-08-09
1292530526008401920,44525679,15121219,2020-08-09
1292533422053888002,862424157061033984,862424157061033984,2020-08-09
1292536651747602432,1229395933185675265,968978893217640449,2020-08-09
1292531383336927234,2911161098,1095916240902574080,2020-08-09
1292759359525707776,2618851285,22277219,2020-08-10
1292537083022569474,123618703,435832540,2020-08-09
1292534084678213637,1166505450398867458,1166505450398867458,2020-08-09
1292533725910073344,1230214139194167297,1198954053155377152,2020-08-09
1292543933365596162,1151842300944928768,4694027246,2020-08-09
1292535768385122304,805159093,273002359,2020-08-09
1292535005491724290,808375370269491202,1286043891502702592,2020-08-09
1292706053453484032,113721008,8474092,2020-08-10
1292534145046913024,1085599543113052160,1085599543113052160,2020-08-09
1292558558089949184,931286316,758362249614401537,2020-08-09
1292785913995698178,1133124481680125952,2911734789,2020-08-10
1292536876138737664,1275347134615863296,1275347134615863296,2020-08-09
1292540133334450176,872504389180825600,1268309593844781056,2020-08-09
1292536324629467136,1253163880697692160,1253163880697692160,2020-08-09
1292537902782730240,1275347134615863296,1275347134615863296,2020-08-09
1292970166691799041,2800470003,82544426,2020-08-10
1292971111639121921,2800470003,82544426,2020-08-10
1292553093884923908,376062813,45559742,2020-08-09
1292542358106574854,932369371,3174438831,2020-08-09
1292545693962272769,1192220616323002369,1255554098973282310,2020-08-09
1292541342841634816,931286316,214523305,2020-08-09
1292542345385250818,1207357186827005953,885571429110034432,2020-08-09
1292542612407287816,1017294810393337857,1017294810393337857,2020-08-09
1292544998978859008,808375370269491202,1286043891502702592,2020-08-09
1292547177340964866,174369590,917910384102727680,2020-08-09
1292545727034306560,24990251,292686141,2020-08-09
1292551356549672960,1255554098973282310,1192220616323002369,2020-08-09
1292558212445679617,1267949325079982081,799859257,2020-08-09
1292549804934004738,1204982249311162368,96339749,2020-08-09
1292766434133716992,2874056870,884187562885206016,2020-08-10
1292767064768348161,2874056870,884187562885206016,2020-08-10
1292548906379812864,1287141483011866626,2908192773,2020-08-09
1292548933940649984,1017294810393337857,1017294810393337857,2020-08-09
1292575062277730309,292639053,68856764,2020-08-09
1292551794032283649,1255554098973282310,1192220616323002369,2020-08-09
1292557533953941506,45559742,376062813,2020-08-09
1292553531984158724,1162878186969059328,1061752419577683969,2020-08-09
1292644080170795009,811189259411615744,102816499,2020-08-10
1292555174637187073,1086976130819809280,21777417,2020-08-09
1292639870414999552,14267545,64039734,2020-08-10
1292580196948701184,1287278379079618560,1252374857075044352,2020-08-09
1292571220924227584,11212652,1184161149811642373,2020-08-09
1292561580866052106,1043630215,1043630215,2020-08-09
1293243588294443009,54786909,54786909,2020-08-11
1292574368145571840,1267949325079982081,799859257,2020-08-09
1292685876955422721,606573215,1266483104941608960,2020-08-10
1292693030957387776,606573215,1266483104941608960,2020-08-10
1292572429416402945,126145724,858648967415988224,2020-08-09
1292568719152099329,1581367489,1286197091019231244,2020-08-09
1292572775199256577,2730204765,187683236,2020-08-09
1292750187492859904,760259571332022273,722447128660992001,2020-08-10
1292577737354252292,762522504,751860104073326592,2020-08-09
1292672505224859649,508006873,912504643355381762,2020-08-10
1292571746655059969,1272918670323224577,1217344071452119043,2020-08-09
1292573240184000514,2194884146,1171682535098769408,2020-08-09
1292573427396747266,1069852626,107604157,2020-08-09
1292573937679900672,920933590833213440,904436339818590208,2020-08-09
1292574242136096769,904436339818590208,920933590833213440,2020-08-09
1292574416396791809,920933590833213440,904436339818590208,2020-08-09
1292574823974162432,920933590833213440,1235982563837120520,2020-08-09
1292575183442714625,920933590833213440,1235982563837120520,2020-08-09
1292575878757613576,788019030372282368,49305642,2020-08-09
1292575469183938562,920933590833213440,1235982563837120520,2020-08-09
1292576379498684416,1141090089373536256,1141090089373536256,2020-08-09
1292577160633257986,1141090089373536256,1141090089373536256,2020-08-09
1292575856049651712,920933590833213440,1235982563837120520,2020-08-09
1292576086702919681,920933590833213440,1235982563837120520,2020-08-09
1292576175366328328,920933590833213440,904436339818590208,2020-08-09
1292590572428042240,376062813,45559742,2020-08-09
1292576905124773888,920933590833213440,1235982563837120520,2020-08-09
1292577638280822785,811514954159443968,28060209,2020-08-09
1292583844521156608,1090780072997519361,1269687186208755712,2020-08-09
1292629812918591488,1220839412432547842,464236389,2020-08-10
1292581043447517184,811514954159443968,28060209,2020-08-09
1292580903642963968,811514954159443968,28060209,2020-08-09
1292582996554309633,595145361,123472105,2020-08-09
1292586709474050053,164205503,17345701,2020-08-09
1292583103748341760,1250506883389181954,1250506883389181954,2020-08-09
1292591967680036865,788019030372282368,49305642,2020-08-09
1292584275783626752,1269687186208755712,1090780072997519361,2020-08-09
1292646175477309443,881357405434638336,945916346914803712,2020-08-10
1292617227427094528,932369371,1219716614830030849,2020-08-10
1292869353986293761,17345701,164205503,2020-08-10
1292599735287795717,2493602402,1238149643814436865,2020-08-09
1292804338306277379,739866906,1084156023340814336,2020-08-10
1292821067166355459,16391317,263447729,2020-08-10
1292596058103730178,799010005655633922,23425250,2020-08-09
1292615078076911622,1234510373392388096,1004516710832066560,2020-08-10
1292833746417262592,1235230069989273602,1077933267645534209,2020-08-10
1292595606104481793,762999875923431424,2342681239,2020-08-09
1292596770707398662,1020156612672086016,1269740272260448258,2020-08-09
1292596374463295488,2330409604,22178432,2020-08-09
1292599594405130240,13951732,13951732,2020-08-09
1292980907654164481,1266580494277324801,770260933922828288,2020-08-11
1292695003823824897,1130258345921789952,1146587898,2020-08-10
1292653673382907904,1618108104,1023649345,2020-08-10
1292599156033196032,946627842456064001,946627842456064001,2020-08-09
1292652808903241728,173247432,1247201575,2020-08-10
1292600961236598784,363307821,363307821,2020-08-09
1292852242064855041,1030319989360914432,789755286,2020-08-10
1292782711791386625,126474792,890616828686479360,2020-08-10
1292606348727914502,760234705618870273,4450541,2020-08-09
1292611620179529732,40492247,175460510,2020-08-10
1292607770739400705,109064246,90724905,2020-08-09
1292629917834907650,2910719740,3418384394,2020-08-10
1292609989606080515,1090780072997519361,1269687186208755712,2020-08-09
1292628062929063937,702261605703294976,532782257,2020-08-10
1292720338292400128,4628584835,1126797356605870080,2020-08-10
1292611753033990144,1090780072997519361,1269687186208755712,2020-08-10
1292662134678093829,1186061624999854081,799869028638593024,2020-08-10
1292624190982553601,1268222451386920960,2762517473,2020-08-10
1292671730012495872,194222253,1055405245449322496,2020-08-10
1292671789055635456,194222253,1055405245449322496,2020-08-10
1292671843984269317,194222253,1055405245449322496,2020-08-10
1292671946144927744,194222253,1055405245449322496,2020-08-10
1292633922111766529,64097093,1238352670819143682,2020-08-10
1292618390461231104,42970899,2796299173,2020-08-10
1292776766843494400,2776601398,587166472,2020-08-10
1292619897701376000,2321197453,2321197453,2020-08-10
1292623433721950208,53307604,113048196,2020-08-10
1292652833788047361,931286316,2959143867,2020-08-10
1292630649443164160,1123776855843196928,2352538142,2020-08-10
1292625732502528000,1279832675323449350,1291467446327681024,2020-08-10
1292624918262067206,279811405,279811405,2020-08-10
1292626950276681730,896136747125321729,16497947,2020-08-10
1292626845981188101,53307604,113048196,2020-08-10
1292632740437917697,2194884146,791704797317521408,2020-08-10
1292631115530895360,896136747125321729,16497947,2020-08-10
1292628601439956994,20183596,34188939,2020-08-10
1292775315379453953,1145279035007754241,1145279035007754241,2020-08-10
1292644587807399938,932369371,2718240033,2020-08-10
1292633798660808704,1070309425,871033495895801857,2020-08-10
1292633484390010880,811514954159443968,920001986065338368,2020-08-10
1292635955665367047,1022302064867561473,36903863,2020-08-10
1292635400503263233,868003751625465856,315839513,2020-08-10
1292637551698808838,896136747125321729,16807985,2020-08-10
1292635541608058882,911056369159147520,911056369159147520,2020-08-10
1292639218645204993,4691189473,46020421,2020-08-10
1292740919330926592,1115505571908804610,2993163484,2020-08-10
1292638351506526208,458452321,890053712131108865,2020-08-10
1292641628189085696,1043630215,1043630215,2020-08-10
1292643333576232961,1249654706667995137,930305930884939776,2020-08-10
1292644422920876033,322196057,322196057,2020-08-10
1292648625068052480,24133654,803374472598343682,2020-08-10
1292676799034359808,17418411,1255122200979558401,2020-08-10
1292651627242020864,1109045045649424386,2715676856,2020-08-10
1292649030535843847,379404594,2598482552,2020-08-10
1292856236015140864,525455989,2355325101,2020-08-10
1292652011805192192,1070516358952206336,116302640,2020-08-10
1292654577947250689,1191377490326913024,1285620587419914241,2020-08-10
1292656893198872584,932365571638706178,272042684,2020-08-10
1292657443923689473,1075545522931425281,996935228559159296,2020-08-10
1292673816540459009,87612386,941773718971404288,2020-08-10
1292659576563802114,2864475085,2350004463,2020-08-10
1292661539892158465,27801806,15069237,2020-08-10
1292979060537057281,15069237,27801806,2020-08-11
1292662286696448000,14443412,1016390616190799872,2020-08-10
1292664855791570949,799813565716824069,1184313966203416576,2020-08-10
1292835096525811713,157127340,971264135416700928,2020-08-10
1292669744630439936,1267831875319615490,1088151928096415744,2020-08-10
1292670292339433475,215486020,215486020,2020-08-10
1292674414006460416,569743081,569743081,2020-08-10
1292677631108952064,569743081,569743081,2020-08-10
1292676348608163842,16586357,1057778869162381317,2020-08-10
1292678041596915712,49230732,49230732,2020-08-10
1292679391927873541,1097358569379311616,2636441256,2020-08-10
1292751138580762624,920307654706253825,1498921818,2020-08-10
1292679822313955329,1006165181871910912,1006165181871910912,2020-08-10
1292700671536328707,1178826199843266560,54619487,2020-08-10
1292687152958984193,1401396025,1231619120753364993,2020-08-10
1292732722620674048,1231619120753364993,1401396025,2020-08-10
1292688660618452992,473431649,80924518,2020-08-10
1292796618488520704,157127340,971264135416700928,2020-08-10
1292690225408376833,3334095313,2306980651,2020-08-10
1292691074494812160,2865907814,826249933376409600,2020-08-10
1292699516639023106,2368251260,1094780907976765440,2020-08-10
1292882813952364546,726487974167322626,791002502,2020-08-10
1292845730760097800,967676372721307649,533954964,2020-08-10
1292700463733841920,3334095313,2306980651,2020-08-10
1292753567095246849,805159093,1283493990256586754,2020-08-10
1292705647713230849,18294521,18294521,2020-08-10
1292831713597431809,1178826199843266560,54619487,2020-08-10
1292712999237517312,1190323329317535744,1282004129855016961,2020-08-10
1292708728676859905,1252902430871699461,3146861152,2020-08-10
1292708817130516480,3146861152,1252902430871699461,2020-08-10
1292726075416555522,797127998164107264,2855598258,2020-08-10
1292850597973102592,935563662722465792,1187576607185264641,2020-08-10
1292712937237307392,2511668222,1096205744532307969,2020-08-10
1292831676637290496,392346684,1280632083396857856,2020-08-10
1292788355755847686,2275496482,200798390,2020-08-10
1292978437292883968,15069237,8079392,2020-08-11
1292803722167431170,1093555979361415168,489377813,2020-08-10
1292875617814237187,100121166,952627205871370240,2020-08-10
1292845188088356865,1030947907065659393,1040331217961250817,2020-08-10
1292733164524376064,18294521,18294521,2020-08-10
1292777825456590848,1165006575939018759,1281781166949818369,2020-08-10
1292923767199539208,827002430483206144,905325155114561536,2020-08-10
1292741354955649025,18294521,18294521,2020-08-10
1292739909556621312,33827440,854045391691579392,2020-08-10
1292818027226988549,950776062102982656,1241895632215957504,2020-08-10
1292749132680105985,855538355987206145,855538355987206145,2020-08-10
1292743065862635521,3704444892,1646270113,2020-08-10
1292931507410087938,1204770198773018625,1282255799860035584,2020-08-10
1292751134172622849,18294521,18294521,2020-08-10
1292752893066596352,994715720234688512,994715720234688512,2020-08-10
1292766911793635328,1272829158532530176,703308531290648576,2020-08-10
1292776908581736448,115731897,1050532444015878145,2020-08-10
1292808590001156098,932369371,1246317490495352835,2020-08-10
1292787337890533376,1285407440096428032,948661681,2020-08-10
1292917180464541698,1113624656,1093477564067258368,2020-08-10
1292787087637458944,974377427622297600,1143677174,2020-08-10
1292895181080068104,2935830657,757029788729180160,2020-08-10
1292784932981559297,1151786495981871104,1151786495981871104,2020-08-10
1292793596278603776,450467187,937673580,2020-08-10
1292813798454120453,1253163880697692160,184030488,2020-08-10
1292794751083667456,589781962,37477713,2020-08-10
1292799500621406210,1147413274302046208,437581751,2020-08-10
1292812559167500288,932369371,277423174,2020-08-10
1293208675620990976,1286482329284771842,140487021,2020-08-11
1292854823134597132,896474502,1270850726332227584,2020-08-10
1292807040801349632,1014936742166695936,1116510455693021185,2020-08-10
1292802455810514944,236487888,2833177377,2020-08-10
1292833243373477890,324163222,1285287638535155714,2020-08-10
1292803708712038400,1089235783784058880,237102731,2020-08-10
1292804663696334851,1089235783784058880,237102731,2020-08-10
1292837590933164040,104045207,384547380,2020-08-10
1292805486081957888,375835655,375835655,2020-08-10
1292806046411632643,63149349,63149349,2020-08-10
1292808230586871809,106037348,19771317,2020-08-10
1292809371509051394,106037348,19771317,2020-08-10
1292813452952719361,237102731,1089235783784058880,2020-08-10
1292811331138011144,1288788119437733889,4793441424,2020-08-10
1292816484175994881,1233817907731107840,719984581219254272,2020-08-10
1292811673049473024,739508622632321024,839545326608531458,2020-08-10
1292814530649763840,345110600,456256570,2020-08-10
1292817529635663872,774637238340562946,2271055313,2020-08-10
1292814935169183744,1253163880697692160,1253163880697692160,2020-08-10
1292817694157230081,848471939257573376,28640352,2020-08-10
1292815918372777985,169494582,1690900014,2020-08-10
1292816355142578177,709600530285211648,707692139187200000,2020-08-10
1292822641649373184,16586357,1263297719465947137,2020-08-10
1292818645672919040,936084439,479673895,2020-08-10
1292841348043767813,43454062,2173157107,2020-08-10
1292822000206057475,1244160211666993152,1055655410798071808,2020-08-10
1292821940026126337,936084439,479673895,2020-08-10
1292828071142158336,1283466725405515778,710861068072062978,2020-08-10
1292822638482591744,1214912930166312960,1330876951,2020-08-10
1292830307780038657,1262596164354019328,4691672347,2020-08-10
1292823684822990849,2339763739,248807514,2020-08-10
1292849368781946884,1663692854,592176452,2020-08-10
1292840128747130880,2178467189,880290776,2020-08-10
1292825714614587392,885137321229733888,1054104445,2020-08-10
1292826201267077120,375835655,375835655,2020-08-10
1292842579416031235,4365847755,235495338,2020-08-10
1292831937875369984,622073204,1259620865370701832,2020-08-10
1292827937679474690,1057725335394050048,1109082870432391169,2020-08-10
1292829377814835200,4826280000,938884263621087232,2020-08-10
1292828635704037376,2942308314,2942308314,2020-08-10
1292829855516463104,1261323480902983680,243034854,2020-08-10
1292833855578058752,1283466725405515778,710861068072062978,2020-08-10
1292831257424990208,1060176852055142400,1239302803832668161,2020-08-10
1292832146047086594,1239302803832668161,1060176852055142400,2020-08-10
1292832393896718338,1060176852055142400,1239302803832668161,2020-08-10
1292833307785388033,118557102,142490217,2020-08-10
1292837205895983104,1285287638535155714,324163222,2020-08-10
1292879669780525056,875485484373463040,4442843191,2020-08-10
1292836218401677317,2871364122,2871364122,2020-08-10
1292837041634447361,811660085101400064,1462919173,2020-08-10
1292838401041932288,822866669785808896,1025196171403436032,2020-08-10
1292838182799601664,1176674394564788224,272600487,2020-08-10
1292841199343153153,822866669785808896,1025196171403436032,2020-08-10
1292916288386265088,2981521646,792465012254277633,2020-08-10
1293207090094387203,1292836577085923330,2432084172,2020-08-11
1292842103773462528,1190389285,1190389285,2020-08-10
1292843592705335297,1035807945492193280,3369428098,2020-08-10
1292842367402336259,2646671972,2646671972,2020-08-10
1292844155228618752,797127998164107264,1563903456,2020-08-10
1292861544074706944,857691094208966657,1546119631,2020-08-10
1292845599059042310,1237529833401389056,1237529833401389056,2020-08-10
1292877947800416257,1105943713765744640,1196368394527936512,2020-08-10
1292845519216062464,1035844609371398144,2426475636,2020-08-10
1292847539557994497,2972088165,461179485,2020-08-10
1292848270641954817,1154183464599597057,2978125079,2020-08-10
1292875973638025216,1246870023802482688,2808650785,2020-08-10
1292848036448632839,44653242,1222738770769993728,2020-08-10
1292848502813458434,486111271,486111271,2020-08-10
1292849826032422915,338778930,1227853931990208512,2020-08-10
1292874869688766464,1283466725405515778,951295508949143552,2020-08-10
1292849886921216005,1190389285,1190389285,2020-08-10
1292852573808943104,1034868411354861568,2821374165,2020-08-10
1292857006823440384,1227853931990208512,338778930,2020-08-10
1292850643267395584,1154183464599597057,2978125079,2020-08-10
1292856548872658947,1227853931990208512,338778930,2020-08-10
1292865469704294402,1285287638535155714,324163222,2020-08-10
1292855733399310336,1227853931990208512,338778930,2020-08-10
1292852271500451843,1154183464599597057,2978125079,2020-08-10
1292855516104990720,1337916584,594121453,2020-08-10
1292856282484035585,132861278,552793049,2020-08-10
1292855414548320262,3335180115,3335180115,2020-08-10
1292858126392156166,1669310838,228081393,2020-08-10
1292856064560463872,2978125079,814672063839473664,2020-08-10
1292919194393223173,807811812360126464,1486936345,2020-08-10
1292868600831844352,1060176852055142400,44644822,2020-08-10
1292857763002023937,2978125079,769181496833736704,2020-08-10
1292858740241240067,1227853931990208512,338778930,2020-08-10
1292859541827313665,338778930,1517148001,2020-08-10
1292865976652795905,2500055300,301433490,2020-08-10
1292860176324857856,1227853931990208512,338778930,2020-08-10
1292862296704847872,1073556521479520257,418235755,2020-08-10
1292873589079900163,1287914977957994498,63839456,2020-08-10
1292866526345912322,2567166396,3393026009,2020-08-10
1292866051169034245,3164635870,3164635870,2020-08-10
1292865711337947137,186282935,24388693,2020-08-10
1292871823734919168,1260865960145125378,1021779051416039424,2020-08-10
1292867516159504384,2958274339,1267772604938510338,2020-08-10
1292868367125065728,2958274339,1267772604938510338,2020-08-10
1292870373265084417,164205503,17345701,2020-08-10
1292872865075740674,1270372244376567809,1165656840237125638,2020-08-10
1292966567282499584,1267772604938510338,2958274339,2020-08-10
1292877097489313793,102086868,884293566360567808,2020-08-10
1292879368365252608,324163222,1285287638535155714,2020-08-10
1292873496788381697,170312277,21100324,2020-08-10
1292884090283347968,1022490396692291585,3299920789,2020-08-10
1293206601583570950,1176674394564788224,2365014907,2020-08-11
1292886178547609600,870706169785929729,945251310173073408,2020-08-10
1292882222261981186,2249531,24196684,2020-08-10
1292977901831254016,15069237,275439740,2020-08-11
1292894644682948608,56878214,56878214,2020-08-10
1292877630564233216,1151336592054857729,1104220712045293568,2020-08-10
1292878754382045185,1048317619596677121,1263178457954975744,2020-08-10
1292896672360599552,884293566360567808,102086868,2020-08-10
1292896035447218177,2899330175,890384339510468608,2020-08-10
1292892279594778624,15982534,22585624,2020-08-10
1292918796290850822,576341104,1160600871538962433,2020-08-10
1292881116471406592,456561596,1242303936649814016,2020-08-10
1292908749015805952,3325425133,118224268,2020-08-10
1292882352780333063,1086976130819809280,1223670582866259968,2020-08-10
1292882959427665925,1042405564540768256,1292264439656468480,2020-08-10
1292882808596291584,834465597580857344,1888538156,2020-08-10
1292886697966018563,37232848,37232848,2020-08-10
1292918112103399425,537741613,2936780621,2020-08-10
1292946399361818624,4434684134,1282698052839411713,2020-08-10
1292892237181976576,801768366,3398072469,2020-08-10
1292886259833155585,1273050706057060353,1262534490951421952,2020-08-10
1292966111281967104,1248689875487866880,3773787136,2020-08-10
1292962374249521156,932369371,132264163,2020-08-10
1292957641501622272,568614476,806999251184222208,2020-08-10
1292886352527273984,1262534490951421952,1273050706057060353,2020-08-10
1292900174952628225,1140379748268466176,1140379748268466176,2020-08-10
1294243125838458882,796295318199537664,1128249118911029248,2020-08-14
1292888919978266626,1249654706667995137,1107136688856297473,2020-08-10
1292915371901702144,799439044274954240,926250203748868096,2020-08-10
1292894022403407873,3307312028,35551732,2020-08-10
1292890362244214788,1249654706667995137,1086514676509429760,2020-08-10
1292896923901399040,884293566360567808,162600659,2020-08-10
1292891285305659395,1273050706057060353,1144366088530120712,2020-08-10
1292891444584349696,284631754,305456412,2020-08-10
1292896230683680770,738846967,3152725373,2020-08-10
1292893663014481920,305456412,284631754,2020-08-10
1293018122480476161,4657816874,846435660080721920,2020-08-11
1292894534326718465,1219278784693768193,1219278784693768193,2020-08-10
1292895264110501891,993121645127749632,993121645127749632,2020-08-10
1292895850017021953,921091062,410484009,2020-08-10
1292895047118135296,1219278784693768193,1219278784693768193,2020-08-10
1292896675975950337,756727534390128640,3334344970,2020-08-10
1292896449382854656,1228415516110245889,713339693409157120,2020-08-10
1292895782358732806,22249452,82694329,2020-08-10
1292895782496952320,1150835400509779971,1150835400509779971,2020-08-10
1292896263294377984,1004615682447855616,742545593294159872,2020-08-10
1292919260717690888,831712438487744512,67773904,2020-08-10
1292898222273429505,2281499330,2970648927,2020-08-10
1292910449424576514,606907410,1270984254738948096,2020-08-10
1293199479055585280,2508200305,2508200305,2020-08-11
1292898453631229954,1035070134975647745,1052306457968959488,2020-08-10
1292954608139206658,884293566360567808,783048078911680512,2020-08-10
1292899584323330050,1082650726617239552,1035070134975647745,2020-08-10
1292900233677082639,1212560022623776769,1213244086351622145,2020-08-10
1293778646533054464,44482299,1257043569774387204,2020-08-13
1293220876930789376,1176674394564788224,254642023,2020-08-11
1292902033800998919,1035070134975647745,1052306457968959488,2020-08-10
1293217198786392067,951651620873531393,951651620873531393,2020-08-11
1292902756626423813,31439998,2989554707,2020-08-10
1293066022338146304,2614255879,3044602665,2020-08-11
1292953753385963521,783713485465214976,708471888708640768,2020-08-10
1292903873741574144,466823010,466823010,2020-08-10
1292904379704541184,498041647,2740376777,2020-08-10
1292919774171639808,877237795311439872,851513976253018113,2020-08-10
1292908144373501953,760301359874777088,2739177938,2020-08-10
1292905966632144896,1029779257,54891736,2020-08-10
1292914953565769734,1902265892,26012598,2020-08-10
1292908483940167680,1139997614,52523553,2020-08-10
1292954680247693312,884293566360567808,1237783500872454144,2020-08-10
1292907900990521344,1273050706057060353,1144366088530120712,2020-08-10
1292922909065805825,2786499774,574702419,2020-08-10
1292908109405597699,1058520120,1058520120,2020-08-10
1292931883307679746,785988309969285120,113473272,2020-08-10
1292909096358879247,2914036427,1149044807320387584,2020-08-10
1292909419387387909,2228878592,24807616,2020-08-10
1292910770787962881,121259042,1313739224,2020-08-10
1292931531447533568,785988309969285120,113473272,2020-08-10
1292931337817489408,785988309969285120,113473272,2020-08-10
1292910468802076672,4639656854,564215572,2020-08-10
1292914995030904835,15099295,1459512458,2020-08-10
1292993652034277378,3353708201,4749138824,2020-08-11
1292952212600217600,3424681,137730349,2020-08-10
1292999917431074822,189186078,955125455031484416,2020-08-11
1292919451851960322,1219419324361789440,1905930355,2020-08-10
1292914176176918529,1149044807320387584,2914036427,2020-08-10
1293218973983674368,72058743,72058743,2020-08-11
1292924082694975489,1105943713765744640,1196368394527936512,2020-08-10
1292927979245326338,64032895,710435942394413056,2020-08-10
1293098486016204801,1281527719466020865,875978834,2020-08-11
1292922740907835394,874828182,209621926,2020-08-10
1292920836265897985,762522504,4400971954,2020-08-10
1292960073635905537,784454880576495616,784454880576495616,2020-08-10
1292954772891369473,884293566360567808,2807671872,2020-08-10
1292937991904808960,1151842300944928768,362199354,2020-08-10
1292924685118844934,1212560022623776769,931375012942053376,2020-08-10
1292958013939232772,27632768,27632768,2020-08-10
1292926802755608576,175484429,718104462,2020-08-10
1292928409073602563,258128705,258128705,2020-08-10
1293232853019484160,3040046230,961708371719139334,2020-08-11
1292959226055270402,847065271739305985,1194213235739840514,2020-08-10
1292930811071799297,1283099107595300865,1115781983873961984,2020-08-10
1292939916494737409,1290500645695283207,784099771518681088,2020-08-10
1292935153443119110,1052306457968959488,875069743081938947,2020-08-10
1292942778926870530,1143300040661905408,1194841921916723200,2020-08-10
1292934993178746880,28985557,28985557,2020-08-10
1292935099319812102,61636488,61636488,2020-08-10
1292986030769963010,835031137,2214760238,2020-08-11
1292939129588719617,2615000148,574806121,2020-08-10
1293053388897255424,31439998,198528836,2020-08-11
1292942647561195522,709600530285211648,707692139187200000,2020-08-10
1293077043731734530,956062707056304128,1181050053605109760,2020-08-11
1292943166690099200,762522504,1082889517,2020-08-10
1292942021158723585,179487856,179487856,2020-08-10
1292943676985888768,81196962,1187652746,2020-08-10
1293019449285414914,42072751,32806977,2020-08-11
1293271570526412800,32895244,848337476645212161,2020-08-11
1293468705913962496,784111129,784111129,2020-08-12
1292943873463980035,76950285,33548125,2020-08-10
1292967729142652930,4247542528,1253728555034427403,2020-08-10
1292945929927036930,281464648,281464648,2020-08-10
1292952170397143040,68036718,68036718,2020-08-10
1292947443215212544,935419931616833536,935419931616833536,2020-08-10
1292950380674985984,2827893686,862251333293936640,2020-08-10
1292957152202563584,96148919,3254069716,2020-08-10
1292963583110844420,2842031695,1266299964717625344,2020-08-10
1292979748516302856,1263269562314903552,1252336572839743496,2020-08-11
1292949449988284416,20013113,20013113,2020-08-10
1292957182619725825,1176576363203112962,1064240772,2020-08-10
1292951335768395777,1142634530030915584,951209732668354562,2020-08-10
1293237742445436930,960920794288218112,74178501,2020-08-11
1293166696233152513,1134485472204525568,898878456217219072,2020-08-11
1292950807399337985,17919393,17919393,2020-08-10
1292979343547916288,2899330175,890384339510468608,2020-08-11
1292952644793720834,1236864054607507456,2729656917,2020-08-10
1292953012105891840,801998789070491648,801998789070491648,2020-08-10
1292953511383183361,56562803,3996374534,2020-08-10
1292953971984801794,18644245,17730875,2020-08-10
1297697339151388673,1584789493,1584789493,2020-08-24
1297703051189460994,1584789493,1584789493,2020-08-24
1297733589484949505,1584789493,1584789493,2020-08-24
1292955296076374016,425929081,362756077,2020-08-10
1292957498975178752,128429068,128429068,2020-08-10
1292956373886496768,96148919,75669144,2020-08-10
1292956832223432706,375835655,375835655,2020-08-10
1293129258869690369,1043185714437992449,56727139,2020-08-11
1292958137390108675,143294767,143294767,2020-08-10
1294789530231414789,1584789493,1584789493,2020-08-16
1294790477489803265,1584789493,1584789493,2020-08-16
1294820365735268353,1584789493,1584789493,2020-08-16
1294879458265104386,1584789493,1584789493,2020-08-16
1295098235997097985,1584789493,1584789493,2020-08-16
1295117083445989377,1584789493,1584789493,2020-08-16
1297691647657082880,1584789493,1584789493,2020-08-24
1298007480430211074,1584789493,1584789493,2020-08-24
1292983023902892032,1204770198773018625,1282255799860035584,2020-08-11
1293012097383772161,1249654706667995137,773306082433171456,2020-08-11
1293130242069012480,1135503049198379008,762766531017187332,2020-08-11
1292961645690597377,152358615,152358615,2020-08-10
1292993348177989632,2302405428,823977135882768384,2020-08-11
1292981063590064128,1204770198773018625,1282255799860035584,2020-08-11
1292982422821380096,1204770198773018625,1282255799860035584,2020-08-11
1292961108886773760,1176576363203112962,2806109387,2020-08-10
1292962572442972161,1249427458069168128,1021616052944478209,2020-08-10
1292963015944359938,1072667839193001984,1003301300841443329,2020-08-10
1292962549365866496,1003301300841443329,1239265197942099971,2020-08-10
1292979901633638408,3177097363,1085152615,2020-08-11
1292973913115373569,2989686880,884159071875629057,2020-08-10
1292999799403315203,790229198203916291,21709908,2020-08-11
1292982280844185603,1133872327362514944,817890084091527170,2020-08-11
1292966152998715393,1003301300841443329,1223331629860622337,2020-08-10
1292968322972004353,766719206247108608,3310015365,2020-08-10
1292977638869536768,1275845848887246848,1089567392131252225,2020-08-11
1292972112370597888,188757067,2923252940,2020-08-10
1292967727448162304,275104144,947354043990577152,2020-08-10
1292977174786400256,1144446063886995456,486166247,2020-08-11
1292969577845071872,710116351071928322,710116351071928322,2020-08-10
1292983069146845190,263967316,1200140966549585921,2020-08-11
1292971818580684800,72333939,185262499,2020-08-10
1292971812188381184,41448115,376898733,2020-08-10
1292974185627688960,800712224960458752,1087426955425779713,2020-08-11
1292973360029282305,61260628,113193152,2020-08-10
1292996833011171334,3201121997,1223317561288351745,2020-08-11
1293013826061897728,1272295972530532354,1219070336475504642,2020-08-11
1292977056129613824,1287141483011866626,2763465461,2020-08-11
1293009901342601216,1221090942104604675,25539918,2020-08-11
1292995666655019008,1243969799505563649,157842922,2020-08-11
1292977453451755521,1168295782258106368,1220386348537991170,2020-08-11
1292977597630918656,408051296,408051296,2020-08-11
1292978461158469632,2853095113,1394120929,2020-08-11
1292982652300034048,1259547080776921096,818558290535841792,2020-08-11
1292981787233333248,1128620039148572672,938553295,2020-08-11
1292981881454067712,2273834996,15082805,2020-08-11
1292997585561464832,25920345,770071158469300224,2020-08-11
1292982912678125570,1138210781697257473,2236719330,2020-08-11
1293048531784269824,732965319023730688,1291132381324349441,2020-08-11
1292983770094505984,1066109523759374336,1066109523759374336,2020-08-11
1292987149634215936,1128620039148572672,938553295,2020-08-11
1293019589098352641,2987421847,3087545944,2020-08-11
1292988330280398848,2378040028,1271017474042052608,2020-08-11
1292991216074752000,719143904319287296,16981385,2020-08-11
1292989895439298560,2853095113,1394120929,2020-08-11
1292991586809401344,1128620039148572672,938553295,2020-08-11
1292991794502701061,21731085,21731085,2020-08-11
1292993746448113666,877495409740050432,560014133,2020-08-11
1292996311898370048,21313053,820759652757544960,2020-08-11
1293102708354949120,324163222,447381693,2020-08-11
1292995263154487299,1280645202173210625,139198160,2020-08-11
1293004255461363712,2835609500,255685633,2020-08-11
1293074072759226370,409704712,1240758268357758981,2020-08-11
1292997957755666437,1248689875487866880,3773787136,2020-08-11
1292996972123762688,21313053,377066268,2020-08-11
1293088714835603458,1028866124623110144,1292252246118404097,2020-08-11
1292999693438517248,1008185450,1008185450,2020-08-11
1293002496957267968,1248689875487866880,3773787136,2020-08-11
1293003825771667457,2481361879,2481361879,2020-08-11
1293005092946432001,21313053,62516701,2020-08-11
1293007546727501829,48141095,48141095,2020-08-11
1293008766355607554,15238572,1213306719322828801,2020-08-11
1293007085047885825,837135149863161857,837135149863161857,2020-08-11
1293009852256727043,1728519188,1097481001,2020-08-11
1293166197689778176,717359740259422208,21577537,2020-08-11
1293043819081019397,2671553305,1237259406661877760,2020-08-11
1293011236804796417,428510346,428510346,2020-08-11
1293014479484137474,1176576363203112962,116935037,2020-08-11
1293031516579278848,23494080,325931722,2020-08-11
1293031133882376193,890680997749997568,1250066266687180802,2020-08-11
1293051502731304963,4759636514,4759636514,2020-08-11
1293018289040490496,359690061,49698134,2020-08-11
1293018123277410304,48141095,48141095,2020-08-11
1293066315440283648,2580885865,198720216,2020-08-11
1293020547576733697,19677960,863223291607166977,2020-08-11
1293026804853161985,96148919,266233502,2020-08-11
1293034285771833344,96148919,266233502,2020-08-11
1293023373891645440,3862095082,2492409644,2020-08-11
1293037227237240836,1150609081721188352,1232025229859287040,2020-08-11
1293177145452199939,5976612,4876693577,2020-08-11
1293047384713306113,32694215,716493936,2020-08-11
1293029583906897920,1032718783,1032718783,2020-08-11
1293029529326424064,811402748079980544,429620234,2020-08-11
1293029863201415168,2369995013,981938690,2020-08-11
1293034785938407426,3040011810,56743521,2020-08-11
1293030156743958528,200228982,2746342685,2020-08-11
1293035581677506562,1188130231,2953765080,2020-08-11
1293034203987222528,489131907,1267945172,2020-08-11
1293031312555675649,21313053,207602580,2020-08-11
1293032110421409800,28137738,747826715653705728,2020-08-11
1293033181675958272,1181392854331080705,94033209,2020-08-11
1293038034062127104,1273686294921539584,577822656,2020-08-11
1293035686430486528,260084631,289120280,2020-08-11
1293036155815047168,4408326137,1002733589639778304,2020-08-11
1293037479876943872,1232025229859287040,1150609081721188352,2020-08-11
1293037525892816896,260084631,260084631,2020-08-11
1293055369695186944,4153854796,878824193755938816,2020-08-11
1293039009237741569,1153840037093621760,1153840037093621760,2020-08-11
1293045261107900417,909549926023081984,1069895304651005952,2020-08-11
1293040734837252096,61379847,74406433,2020-08-11
1293044582612004864,59655688,295532358,2020-08-11
1293201113437491201,1278743597169295361,1155108343511261186,2020-08-11
1293047652116869120,575966271,3107598376,2020-08-11
1293048772436647943,931286316,341265203,2020-08-11
1293049275887173634,1182968335035535361,2575980189,2020-08-11
1293411445212758017,1018238014051385344,1018238014051385344,2020-08-12
1293054768609460229,7760632,212419015,2020-08-11
1293389842555035648,884293566360567808,915044101481000960,2020-08-12
1293190517010976768,868297606816026624,2872365109,2020-08-11
1293055418541973504,21522338,15080526,2020-08-11
1293413565769166848,1071980970197295104,1071980970197295104,2020-08-12
1293120376361422849,21522338,1265047417659015169,2020-08-11
1293119101485953025,21522338,1265047417659015169,2020-08-11
1293061580393938946,1084325907903455232,1084325907903455232,2020-08-11
1293063909901889537,1287476107210420224,3014077034,2020-08-11
1293118917934710785,21522338,1046268976446279680,2020-08-11
1293148138526703616,3044602665,2614255879,2020-08-11
1293101495559368704,4153854796,1081669053586919424,2020-08-11
1293076381807517696,1268033960560308225,1045834813,2020-08-11
1293182096710615040,1030947907065659393,1040331217961250817,2020-08-11
1293077996635447296,1287476107210420224,1265511480,2020-08-11
1293079085137178624,400194064,802808088,2020-08-11
1293190372932411392,74698700,1023326482737844224,2020-08-11
1293221853348143104,1054889744520413184,372939971,2020-08-11
1293084707148533761,410484009,1045865293531291649,2020-08-11
1293152988710805504,3081983657,2687410155,2020-08-11
1293101236321832960,30729706,804827372868337664,2020-08-11
1293110119748849665,1120154696658882567,1223145371175739392,2020-08-11
1293106947030302720,861512439602401280,805323304386990080,2020-08-11
1293116226810470400,604902618,375697252,2020-08-11
1293122122223673345,1285211239745028096,1665817315,2020-08-11
1293130799605309441,314624288,2228544525,2020-08-11
1293260387589197826,1875992528,747743774,2020-08-11
1293126911758151680,45119339,825397582499291136,2020-08-11
1293129442114572290,1020544980895531008,1020544980895531008,2020-08-11
1293130759956508672,1197174056417660928,1197174056417660928,2020-08-11
1293142003362955265,2989554707,2874506259,2020-08-11
1293195943039442944,1191795168560713728,2254748412,2020-08-11
1293149170526822405,1205869880,603181058,2020-08-11
1293195064370507776,473431649,3120025702,2020-08-11
1293140329302863872,21063394,17782338,2020-08-11
1293214466062991360,1248689875487866880,3773787136,2020-08-11
1293142898524000261,1128063931925368832,1237351309654863878,2020-08-11
1299456550709338112,953822975148490752,1176262352628604928,2020-08-28
1293150544345915392,4315705875,4315705875,2020-08-11
1293152068367245312,1179386323465052166,1273995060313497600,2020-08-11
1293155353127817217,86881740,86881740,2020-08-11
1293159578843176960,1259547080776921096,802676149759393792,2020-08-11
1293160090866868225,774637238340562946,1244683927551463426,2020-08-11
1293161757612085256,81029589,81029589,2020-08-11
1293161931965181953,178613046,414405550,2020-08-11
1293252744740925441,959377339,95719529,2020-08-11
1293163856416649216,885137321229733888,836315804207628292,2020-08-11
1293191765160337409,975938582,146595788,2020-08-11
1293164426309271552,1286925638,1286925638,2020-08-11
1293172769828544512,742438315861770240,443020443,2020-08-11
1293259505573257220,1413893760,3955299973,2020-08-11
1293165548482813955,40919272,56260048,2020-08-11
1293195206834216960,1665817315,294768023,2020-08-11
1293166659868426241,1176576363203112962,1079981550735892481,2020-08-11
1293168519752880130,16873455,975255313,2020-08-11
1293174542572179457,559097648,7651512,2020-08-11
1293169453820149768,15022305,861662617504559105,2020-08-11
1293171505401147392,82619110,82619110,2020-08-11
1293172596930940930,118720412,845618343331663872,2020-08-11
1293171694790557697,1178783495302209536,1178783495302209536,2020-08-11
1294173682894622726,4205486818,48833488,2020-08-14
1293229652304171018,93291964,360356766,2020-08-11
1293177033783218177,1134485472204525568,898878456217219072,2020-08-11
1293194926763671552,832753135496077312,874672779907526658,2020-08-11
1293175271143727105,1072342620024815622,1072342620024815622,2020-08-11
1293177498809892864,900402563291516928,798186755945963520,2020-08-11
1293184336338927620,4449123617,726545281,2020-08-11
1293224563887747073,138128898,138128898,2020-08-11
1293178971639619589,1083005594557210625,1083005594557210625,2020-08-11
1293180111571869697,1086976130819809280,1141484514,2020-08-11
1293289550895370240,4876693577,5976612,2020-08-11
1293208532632952834,21313053,36654053,2020-08-11
1293181371498655750,400194064,874920676183986176,2020-08-11
1293183606106361857,182209220,116527948,2020-08-11
1293182622449844230,395685864,1087369521554313216,2020-08-11
1293183540838797313,917972406198775808,63021443,2020-08-11
1293186267362942978,196475582,143283045,2020-08-11
1293270775944957956,22103003,500030490,2020-08-11
1293213462785601536,907955162,567594379,2020-08-11
1293187906186575876,774637238340562946,1224199041090613249,2020-08-11
1295069245408239618,858053158613929984,1213290229693419520,2020-08-16
1293252627950600194,603181058,448554332,2020-08-11
1293192227435327493,26738994,26738994,2020-08-11
1293198354881687564,1285708674011484166,815703715067887616,2020-08-11
1293368024792272897,939334692163108864,939334692163108864,2020-08-12
1293190513257058304,93122313,838557089354104832,2020-08-11
1293192085487616002,1223244745507471361,2500707174,2020-08-11
1293193617020878848,45953264,2983481291,2020-08-11
1293192453177016321,788394260269793284,788394260269793284,2020-08-11
1293231800127373312,421387090,827639549488533504,2020-08-11
1293200841671876609,2483641710,248971642,2020-08-11
1293191827554734081,93122313,838557089354104832,2020-08-11
1293195639828905989,1511018348,1511018348,2020-08-11
1293198538420047872,2864991216,26779527,2020-08-11
1293192242014949377,93122313,838557089354104832,2020-08-11
1293194133742317568,1288943307251486720,2391952071,2020-08-11
1293206208258572292,1242897557895798785,1006542287801868288,2020-08-11
1293391994631331840,917887520150470656,51848157,2020-08-12
1293307897347178496,1193355651088408581,1142496039838060544,2020-08-11
1293204529144528903,822510841585078272,1086989929660514305,2020-08-11
1293208052024463369,331221679,2244669420,2020-08-11
1293201770248720384,1249545255101140992,1207563823575646210,2020-08-11
1293209219731161089,1172242189,843710887093518336,2020-08-11
1293308618985607179,960895138485616640,4551213733,2020-08-11
1293202814706032642,2439289109,1206682993772900354,2020-08-11
1293204440254763010,816862986317025280,816862986317025280,2020-08-11
1293206263380226057,535545230,1705966266,2020-08-11
1293203579784888323,2439289109,1206682993772900354,2020-08-11
1293211449955889152,32783754,40737794,2020-08-11
1293207150391635969,1004808280663908353,908453968279429120,2020-08-11
1293215733699108865,1179823698502504448,37691095,2020-08-11
1293235229369356295,317731956,296704143,2020-08-11
1293209718152888320,801176359804477440,801176359804477440,2020-08-11
1293209961799888896,1246870023802482688,2808650785,2020-08-11
1293209622027927561,2400168150,16827864,2020-08-11
1293222034248478721,49622659,400261859,2020-08-11
1293248158697500673,217585215,544806569,2020-08-11
1293227212733321217,1283022251466596359,4704557282,2020-08-11
1293210108583911425,825841059339104257,3636010287,2020-08-11
1293209890412998659,1890308449,1890308449,2020-08-11
1293209902329073665,1890308449,1890308449,2020-08-11
1293210430677155843,404474166,436692842,2020-08-11
1293402011455623168,1416674958,533671061,2020-08-12
1293212515845976064,4847623841,333437225,2020-08-11
1293213782861320193,716440700016009216,716440700016009216,2020-08-11
1293287025798414336,2439289109,151603643,2020-08-11
1293215693261987844,35467771,499942396,2020-08-11
1293276416625332226,1193355651088408581,1267850584134221826,2020-08-11
1293216416607481857,1122087932,481425087,2020-08-11
1293239853019279361,702054915930198017,1656941546,2020-08-11
1293215636961865734,1280632083396857856,1291443390228430849,2020-08-11
1293219346253320193,303334433,765555023052836864,2020-08-11
1293218345903427591,481425087,1122087932,2020-08-11
1293232672828006401,2909845271,20991233,2020-08-11
1293229965513592832,1181688865905528832,1122970258493661184,2020-08-11
1293217948409237506,339305426,1032097611384332288,2020-08-11
1293218140311166977,1137530310260920320,1284604973922365441,2020-08-11
1293224942293712899,765555023052836864,303334433,2020-08-11
1293220569110974464,1290431324029943808,1320867632,2020-08-11
1293219848751910914,1137530310260920320,1284604973922365441,2020-08-11
1293220682873155584,1284604973922365441,1254580142208319490,2020-08-11
1293220923382931462,1137530310260920320,1284604973922365441,2020-08-11
1293221857936760832,1162757233987522562,2228878592,2020-08-11
1293225534286180352,1283022251466596359,14728873,2020-08-11
1293223401478189059,1248343955168808962,1243627512682422273,2020-08-11
1293222886635905026,108551669,289190779,2020-08-11
1293270706587926528,1242597725213995009,492874278,2020-08-11
1293223183223529473,108551669,1269860989052358657,2020-08-11
1293262417636581377,176141891,1226498663733612544,2020-08-11
1293223394788417539,1284604973922365441,1174494726961205249,2020-08-11
1293225379352793089,859087548,732373632027131905,2020-08-11
1293224116602970112,1284604973922365441,1133487334362681346,2020-08-11
1293225735272960002,1284604973922365441,1152252865362255874,2020-08-11
1293225795637387264,636693268,636693268,2020-08-11
1293264192338710529,1228415516110245889,16481803,2020-08-11
1293226390591078401,1284604973922365441,1254580142208319490,2020-08-11
1293226448141062146,68739089,970496949085458434,2020-08-11
1293227770114449408,855771696757964800,855771696757964800,2020-08-11
1293228575089451011,108551669,289190779,2020-08-11
1293229821057732608,78920968,262012670,2020-08-11
1293230309190795264,2314054921,2314054921,2020-08-11
1293230293776773127,1284604973922365441,1254580142208319490,2020-08-11
1293230568478515200,159229238,965015656130318337,2020-08-11
1293399889418817537,405018564,1016758980536913921,2020-08-12
1293231278008012803,1284604973922365441,1133202329023520769,2020-08-11
1293231463048118273,1219414922964152322,1268975569607315461,2020-08-11
1293231482530652160,1284604973922365441,1254580142208319490,2020-08-11
1293232246556696576,1284604973922365441,1133202329023520769,2020-08-11
1293232794773020673,804827372868337664,30729706,2020-08-11
1293246892373991424,44653242,158584007,2020-08-11
1293239898003124226,834097029085274113,861023071662096384,2020-08-11
1293701826437472256,16657207,2279552412,2020-08-13
1293237694131249154,1176598276335951872,742435366175526912,2020-08-11
1293242877099872258,1182138229006446595,1240545179926433797,2020-08-11
1293257286157103104,89636329,754416583452209152,2020-08-11
1293239768780804096,882689049923858432,777659548391706624,2020-08-11
1293239794156347395,1137530310260920320,1284604973922365441,2020-08-11
1293240233400700928,1137530310260920320,1284604973922365441,2020-08-11
1293249974768152576,788933402560954369,1258408634364710913,2020-08-11
1293254734971887616,19346439,1099906652,2020-08-11
1293246520976904194,1235393593386381312,120582445,2020-08-11
1293528378759315457,1284604973922365441,1006339376283111424,2020-08-12
1293265715357782017,25843801,3894175343,2020-08-11
1293247567841632257,1163483156076486656,892969400743211008,2020-08-11
1293245927474462720,282045993,1269637271692722177,2020-08-11
1293248078326247428,1284604973922365441,1008074014596780033,2020-08-11
1293248002728120328,106517902,106517902,2020-08-11
1293249309966774272,448267212,629910101,2020-08-11
1293276271883907073,45953264,2983481291,2020-08-11
1293249043259199489,1689081,1689081,2020-08-11
1293248737419157504,4910138241,3007294972,2020-08-11
1293248879497011200,3007294972,4910138241,2020-08-11
1293249519988154368,4910138241,3007294972,2020-08-11
1293270972125122560,900021957424447488,19911933,2020-08-11
1293249702289444866,3007294972,4910138241,2020-08-11
1293279048181915649,3007294972,795959769353912322,2020-08-11
1293290003200606223,117341432,117341432,2020-08-11
1293250968948269058,974764801116295174,974764801116295174,2020-08-11
1293251638493360129,1228241748889042944,105052234,2020-08-11
1293265406250098695,230485417,4898171980,2020-08-11
1293267952226242562,217585215,544806569,2020-08-11
1293335902060605447,462140092,462140092,2020-08-11
1293254589030871040,1263469716896694273,1263469716896694273,2020-08-11
1293274691789033472,307603431,307603431,2020-08-11
1293258812233863170,448267212,629910101,2020-08-11
1293257259431206912,261277090,19291582,2020-08-11
1293257422950236162,31502265,2981862541,2020-08-11
1293258389053734912,37904694,349872308,2020-08-11
1293258760664883201,1177897050534481922,1278095773008302081,2020-08-11
1293260112304406530,21313053,2327481134,2020-08-11
1293261393358192646,1278095773008302081,1177897050534481922,2020-08-11
1293262512595578880,21313053,1579248493,2020-08-11
1293262332823560194,21313053,126946608,2020-08-11
1293259451407970304,1177897050534481922,1278095773008302081,2020-08-11
1293403110728019968,3955299973,1413893760,2020-08-12
1293260265673433088,1910854244,1037028806517764097,2020-08-11
1293260088074014720,70771229,70771229,2020-08-11
1293264339407908869,1249438948729876481,74697672,2020-08-11
1293265529571074048,875446008339214336,1023662123531075587,2020-08-11
1293262760403509254,21814425,21814425,2020-08-11
1293284312339460096,16248506,16248506,2020-08-11
1293262951500177409,20617846,28795133,2020-08-11
1293265048148701184,813519301,422701518,2020-08-11
1293273811761192961,753997806,576428251,2020-08-11
1293263599008456704,20617846,28795133,2020-08-11
1293264102492483584,762522504,18010900,2020-08-11
1293265126930419714,3424208373,925079680088182784,2020-08-11
1293265595253903360,925079680088182784,3424208373,2020-08-11
1293265434821775361,41448115,253394671,2020-08-11
1293265951660679171,1128451618578550786,2813269356,2020-08-11
1294180939166355456,1016220397,1016220397,2020-08-14
1293268290681229312,772976130617782276,1249002283288989698,2020-08-11
1293267998229164032,1056256570550448128,1056256570550448128,2020-08-11
1293277097725587456,1278743597169295361,14427704,2020-08-11
1293270333483438080,1292662940299132929,1095542938531176448,2020-08-11
1293272091580682249,4315705875,4315705875,2020-08-11
1293275344095588352,1044455253062668289,1215844665838039042,2020-08-11
1296683354260152320,2614255879,3044602665,2020-08-21
1293278654588477446,3007294972,4133954619,2020-08-11
1293279291413876736,551078602,129901487,2020-08-11
1293274645500776450,938538814250905601,892134698213924865,2020-08-11
1293362406027075584,382012096,1317383090,2020-08-12
1293362754129100801,382012096,1317383090,2020-08-12
1293278766408622080,227406960,227406960,2020-08-11
1293277240436850691,1237539662773866497,1080130001138262016,2020-08-11
1293279726585421827,29330450,54696945,2020-08-11
1293300981396983808,845608229723766785,1532115092,2020-08-11
1293280398127112193,48504823,101845099,2020-08-11
1293283297431154688,2582853127,2582853127,2020-08-11
1293476300603170816,725146305207652354,69658342,2020-08-12
1293281657328414722,1048508346511372289,439649416,2020-08-11
1293281551288066048,113494390,113494390,2020-08-11
1293415866512678913,125420975,336007986,2020-08-12
1293285809424986112,1274349674481123328,1225411581951008771,2020-08-11
1293287419110883328,750386497,750386497,2020-08-11
1293284617940807680,763586553402851332,763586553402851332,2020-08-11
1293285893910851585,311250067,547259460,2020-08-11
1293293309239189505,43078558,43078558,2020-08-11
1293327132043677697,1053063533074747392,18695536,2020-08-11
1293554703062708225,82016286,261980232,2020-08-12
1293284522411229184,124950218,124950218,2020-08-11
1293586430527246337,369770262,28055544,2020-08-12
1293315072815697922,3434121513,3434121513,2020-08-11
1293289131406241793,3295594491,3295594491,2020-08-11
1293286053017800704,1424156899,2232180888,2020-08-11
1293383159023714306,142403122,1593874944,2020-08-12
1293295276174782465,37904694,33477025,2020-08-11
1293288963340476418,2350224744,2350224744,2020-08-11
1293500374226096128,915242549417099264,1191146600749363200,2020-08-12
1293376167240638464,14479145,373573274,2020-08-12
1293502458170310656,720314522,2880026929,2020-08-12
1293289219188830221,21657675,26092282,2020-08-11
1293288317665058820,3350966141,3350966141,2020-08-11
1293288641163407366,1242150252615995396,373979160,2020-08-11
1293289462705934342,1374222889,4789453135,2020-08-11
1293290267806707713,3368574675,3368574675,2020-08-11
1293289404606214145,91458601,91458601,2020-08-11
1293314377538514944,807838866,807838866,2020-08-11
1293301664451944448,480933514,480933514,2020-08-11
1293417644645847040,3120283224,35672204,2020-08-12
1293350406584664065,520145089,3065682771,2020-08-12
1293293245766799360,229358809,229358809,2020-08-11
1293391755187040256,1473612187,2463515791,2020-08-12
1293291799679770630,279622298,279622298,2020-08-11
1293298116012236802,795811723244699648,621087736,2020-08-11
1293329040909185030,1175221,1175221,2020-08-11
1293304628583505922,851108442,851108442,2020-08-11
1293363099815165952,1188130231,2562528512,2020-08-12
1293294483803648002,869154794,732047896036671488,2020-08-11
1293516087611387909,953305793104769024,73022761,2020-08-12
1293293867396104192,3404875323,3404875323,2020-08-11
1293294257231417344,310620955,915337236,2020-08-11
1293454610414346245,1243801075729211393,513271932,2020-08-12
1293342211266945024,376871371,16993373,2020-08-12
1293342375037681664,376871371,16993373,2020-08-12
1293296710639386625,127979381,127979381,2020-08-11
1293297327126478849,773842138576683012,884516156,2020-08-11
1293706760801353728,244730641,244730641,2020-08-13
1293297960776851456,476356296,1279665958005735424,2020-08-11
1293298543193657345,1765921,202025963,2020-08-11
1293299298390573056,402507743,161826240,2020-08-11
1293303664577335298,310220230,73470619,2020-08-11
1293749774475296768,1924369890,999330836527964160,2020-08-13
1293300460577841152,24634669,24634669,2020-08-11
1293302133379522560,2845352769,706603257897029632,2020-08-11
1293302327277809664,15910338,15910338,2020-08-11
1293302351789469698,244162538,390287630,2020-08-11
1293324058331938816,868297606816026624,2872365109,2020-08-11
1293304076289994752,246457424,47350228,2020-08-11
1293374989689749504,1105198862061297664,1053732424457379840,2020-08-12
1293304691850219520,1270626965477707776,1270626965477707776,2020-08-11
1293355390525202434,909244082320486401,702225263413829633,2020-08-12
1293537180829220864,393155815,128462390,2020-08-12
1293305893023449088,240429795,2307351822,2020-08-11
1293483116359815168,2869286038,2869286038,2020-08-12
1293556049094606854,9033652,9033652,2020-08-12
1293311088856109056,957243115978584066,1012798755572240386,2020-08-11
1293441260041248770,1172292222764503040,104699288,2020-08-12
1293309347662102532,519208070,822906331443011584,2020-08-11
1293316675731849217,1253620974,815680298759364608,2020-08-11
1293367599007334401,843319285720137728,301713190,2020-08-12
1293335211095347202,289901390,113627338,2020-08-11
1293312942138691585,320877167,468561901,2020-08-11
1293312490160488448,1365889057,3493563087,2020-08-11
1293313206237175808,190033588,190033588,2020-08-11
1293326948341514247,329613447,196623028,2020-08-11
1293402185900883972,39677001,766288535116808193,2020-08-12
1293316227683815427,1081220528042590208,1274250363973951489,2020-08-11
1294088752927825924,3434121513,3434121513,2020-08-14
1293315526081601539,731661969330188288,1214692947146358784,2020-08-11
1293315216453898246,4227315412,4227315412,2020-08-11
1293532166996066311,20641313,1170681768502071297,2020-08-12
1293316596266459137,4397054074,363273960,2020-08-11
1293315774044442624,279811405,279811405,2020-08-11
1293318940127444992,82456258,2522198572,2020-08-11
1293318543006736384,1225629947647016968,31405688,2020-08-11
1293316802013876224,1190323329317535744,338765105,2020-08-11
1293345168356257793,200605897,797029642658058240,2020-08-12
1293319619726454784,815680298759364608,1253620974,2020-08-11
1293318688653873153,1225629947647016968,31405688,2020-08-11
1293318693921923073,87551311,2471697898,2020-08-11
1293322112472555520,121259042,1285769623820886016,2020-08-11
1293320010031603713,816366405566300160,1210168552327667718,2020-08-11
1295147675315310593,281826944,184622415,2020-08-16
1293321112638677000,544662105,18842214,2020-08-11
1293320442435043331,325616200,325616200,2020-08-11
1293337563772497920,784890784273215488,1397516803,2020-08-12
1293321759471501313,152804962,243027492,2020-08-11
1293324472582275074,320877167,362124019,2020-08-11
1293321416419336193,813880878837268480,946569978882482177,2020-08-11
1293323076118163461,1115386346275856389,22812223,2020-08-11
1293324719857565696,827946372204810240,2352343873,2020-08-11
1293364423080513536,1244699648,128419321,2020-08-12
1293324620196712449,1182138229006446595,1240545179926433797,2020-08-11
1293325475947982849,1292662940299132929,1095542938531176448,2020-08-11
1293325836842565632,1045414925802385409,3455181372,2020-08-11
1293368002755297288,19115409,1156014447816658944,2020-08-12
1293651312345833475,1238314541374754817,1969488752,2020-08-12
1293341032327917568,357050891,151175238,2020-08-12
1293414489476534273,44798005,1526660899,2020-08-12
1293327238289453057,310620955,1279885105830539266,2020-08-11
1293327002360045570,1259547080776921096,3216823053,2020-08-11
1293328240598233094,1175837283792105473,425026305,2020-08-11
1293447811296448513,36789283,122495400,2020-08-12
1293329015357485058,1228024537138200576,1228024537138200576,2020-08-11
1293329683447197702,1213255896446337025,1213255896446337025,2020-08-11
1293329467688067072,37738073,37738073,2020-08-11
1293343042171285505,845361576970534912,35749568,2020-08-12
1293387837858029568,76317752,733378851665911808,2020-08-12
1293337150063345667,761111202541948928,761111202541948928,2020-08-12
1293453809436389376,4318121773,930499577244823552,2020-08-12
1293330483351298048,253541729,544361564,2020-08-11
1293352069059862528,310620955,1279885105830539266,2020-08-12
1293333910139666432,602119093,934888128,2020-08-11
1293354798167855104,1233031574133858304,3647157445,2020-08-12
1293338441334304768,1259547080776921096,1188665135554093056,2020-08-12
1293340536582156289,1058222134110158848,247137449,2020-08-12
1293341170333110276,227514907,15830702,2020-08-12
1293335188982947840,20557373,1006313823937155072,2020-08-11
1293904133594984448,1253075587289227271,2223244038,2020-08-13
1293347554126692353,550762504,140359233,2020-08-12
1293337551583899648,151956082,151956082,2020-08-12
1293341334854676481,133495615,3380469821,2020-08-12
1293339787882102786,155453867,155453867,2020-08-12
1293497289315627008,706258831681196032,1279806287207858176,2020-08-12
1293341515775799296,818799985,2891856247,2020-08-12
1297944004575637504,1285729300629426177,3672138014,2020-08-24
1293342265130156035,4639656854,1293258129749286914,2020-08-12
1293342635298496513,376871371,376871371,2020-08-12
1293344941712773120,231611580,575648617,2020-08-12
1293345038034849792,14787206,773006539464515584,2020-08-12
1293346657053089792,19001300,29853662,2020-08-12
1298650291508781064,1034445193251045376,42467363,2020-08-26
1293355590173880320,912826574621229056,1095157024671838208,2020-08-12
1293346048971243521,83044125,2818030820,2020-08-12
1293423798008463360,1177029523952455680,464997359,2020-08-12
1293401022459715584,1217429454882050048,1183786368595644417,2020-08-12
1293581636009955328,85877924,20532267,2020-08-12
1293469794826625031,1248820657242193921,42463530,2020-08-12
1293356585012658178,954362580,16333459,2020-08-12
1293352198114406400,762522504,43977236,2020-08-12
1293547893056569346,3375809956,3375809956,2020-08-12
1293352324853829633,573921084,1292878798350884870,2020-08-12
1293351615240515584,2778569626,2778569626,2020-08-12
1293352743059566595,1059600081354141696,1059600081354141696,2020-08-12
1293354193449820162,22976974,1576681951,2020-08-12
1293423234780557312,1105984717185212416,1105984717185212416,2020-08-12
1294067663141048320,1288246074201776132,1293349986755702784,2020-08-14
1293356426816098309,14682781,3171105057,2020-08-12
1293357566106320896,497676852,890625795068108802,2020-08-12
1293378170406789121,1131256652,496219393,2020-08-12
1293358198804496384,18778999,123111351,2020-08-12
1293355721141243909,827946372204810240,23886435,2020-08-12
1293447772386004993,702225263413829633,909244082320486401,2020-08-12
1293390064827817986,392906213,260780299,2020-08-12
1293386670180630528,1083497833641189377,36421535,2020-08-12
1293357426742353921,1190463474066952192,27824867,2020-08-12
1293357771916804102,827946372204810240,23886435,2020-08-12
1293357533168574469,99481274,1293182311198908418,2020-08-12
1293360137147686912,27824867,1190463474066952192,2020-08-12
1293358096220389376,80932976,80932976,2020-08-12
1293358309194567680,827946372204810240,23886435,2020-08-12
1293359035278938112,347261813,494716017,2020-08-12
1293362381679136769,347261813,22935227,2020-08-12
1293360476424822784,1131582218332061702,54326441,2020-08-12
1293544900554895362,601232063,1181110820404695042,2020-08-12
1293361818312810496,952297021108641793,1029838829975494656,2020-08-12
1293363882530967553,23847080,914530623322185729,2020-08-12
1293411123446702080,876914697345220609,283790765,2020-08-12
1293364953949274115,121490412,3313868264,2020-08-12
1293734974332575744,134921337,134921337,2020-08-13
1293364983124889603,3034882127,3034882127,2020-08-12
1294132652933394438,128419321,1244699648,2020-08-14
1297753862108053507,128419321,1244699648,2020-08-24
1293364613325750272,233254208,233254208,2020-08-12
1293414337466507266,920630315994972160,54203198,2020-08-12
1293369974430535680,1223637244075855873,2255562820,2020-08-12
1293371420920217600,882689049923858432,29783039,2020-08-12
1297757471742791680,128419321,20083953,2020-08-24
1293373889700155392,1252596388694765568,340416022,2020-08-12
1293399691024117766,296705735,3440994261,2020-08-12
1293371429409312769,15406517,22916855,2020-08-12
1293373459829944320,22916855,15406517,2020-08-12
1293372565637955584,933345751,84926600,2020-08-12
1293381021099012097,151552315,591367714,2020-08-12
1293446169981366273,1244041814400569344,1236267356961136640,2020-08-12
1293374215111020544,807983666454478848,3361583152,2020-08-12
1293378244717064195,15396693,182542057,2020-08-12
1293377039802576896,57434273,1223454963503812608,2020-08-12
1293385894246993920,728751455730073602,1215308060974960640,2020-08-12
1293428736768053248,704784086213087233,52849958,2020-08-12
1293407243791216641,950575004214808577,796901378807496704,2020-08-12
1293392208876298241,50251259,274550264,2020-08-12
1293757343495151618,1176674394564788224,2710047044,2020-08-13
1293381558007558145,926627535625977856,2762701138,2020-08-12
1293381991103188992,877141418011176961,3094318591,2020-08-12
1293383384060682240,744314160,2755333323,2020-08-12
1293382398659317760,15689838,15689838,2020-08-12
1293384489834622978,827946372204810240,346856135,2020-08-12
1293775932746895362,1176674394564788224,1287398991739727872,2020-08-13
1293383895992487940,15051291,40923193,2020-08-12
1293384831028596736,1213642463404949504,45191800,2020-08-12
1293487375318999041,3308046974,720287022452113410,2020-08-12
1293385084255387648,4639656854,1102832768852025344,2020-08-12
1300191215925653504,210122422,210122422,2020-08-30
1293606955244650496,1689081,7825932,2020-08-12
1293528954255691776,36421535,1083497833641189377,2020-08-12
1293397799086759938,733378851665911808,76317752,2020-08-12
1293388883992948737,23815210,818611668934676480,2020-08-12
1293400231791300610,24999267,291696905,2020-08-12
1293390656929333248,1542244590,1542244590,2020-08-12
1293435794267320321,260780299,392906213,2020-08-12
1293390862672523264,22596600,20016862,2020-08-12
1293391376105664512,1228415516110245889,1047327720080859136,2020-08-12
1293391470125297664,449187845,1241779653821386752,2020-08-12
1293396276994744321,22596600,20016862,2020-08-12
1293396787152089095,274550264,50251259,2020-08-12
1293636656130600967,3308046974,841822644,2020-08-12
1293628887784718336,23815210,1292845792013643776,2020-08-12
1293395367967559680,827946372204810240,395682455,2020-08-12
1293395705852116993,7481672,15966651,2020-08-12
1293395829810659335,42773469,42773469,2020-08-12
1293396912113098752,1267643837020811265,168641106,2020-08-12
1293396333378899968,21130829,17400228,2020-08-12
1293395874375176192,204508339,1129095439,2020-08-12
1293406683029372928,973252188,2458670640,2020-08-12
1293395958827548673,15966651,7481672,2020-08-12
1293408036585975808,143017196,1270819097748615169,2020-08-12
1293397517430816768,87551311,30932343,2020-08-12
1293414324208381952,138168339,145855451,2020-08-12
1293516427832332290,1622134542,53007077,2020-08-12
1293400431096410115,771328767193124865,1209987224579776513,2020-08-12
1293402916125114368,1235474347877453824,959615375213199360,2020-08-12
1294451005967355905,837156652444860416,1009094843803594755,2020-08-15
1293400438751059971,827946372204810240,741237736179257344,2020-08-12
1293402049275559936,291696905,24999267,2020-08-12
1293402184705404929,771328767193124865,1209987224579776513,2020-08-12
1293402696318410758,1235474347877453824,959615375213199360,2020-08-12
1293402823401627650,42746261,42746261,2020-08-12
1293410724820049923,51265778,388987776,2020-08-12
1293411733239889921,1226513357915742210,581224005,2020-08-12
1293404952430350337,1217429454882050048,1185565634228297728,2020-08-12
1293419492912123904,1235474347877453824,959615375213199360,2020-08-12
1293549553916895233,22596600,1236103862177501184,2020-08-12
1293404879554252800,87551311,1426292526,2020-08-12
1293580373121732608,1251230736146927621,61485562,2020-08-12
1293407111662067713,926627535625977856,2762701138,2020-08-12
1293411906540142592,1259547080776921096,16571862,2020-08-12
1293658083273527296,3316504914,1010541045287751680,2020-08-12
1293409516718034944,1217429454882050048,1020246400578310144,2020-08-12
1293409879001108480,1217429454882050048,1183786368595644417,2020-08-12
1293410754541039617,324160959,613092316,2020-08-12
1293602997109481472,93122313,735776815,2020-08-12
1293410325216268289,15825051,973155991603707904,2020-08-12
1293412098391838721,1217429454882050048,1183786368595644417,2020-08-12
1293411924470829056,800570658929262592,587624296,2020-08-12
1293423229189595136,2883301852,1277054514818940928,2020-08-12
1293415747335663617,1023884646935932931,851676013985714177,2020-08-12
1293423406331965440,394991629,801590775570120709,2020-08-12
1293419327564087296,54203198,920630315994972160,2020-08-12
1293417820764565506,3249944484,976849521090220032,2020-08-12
1293677087505752064,36159713,49340813,2020-08-12
1293419896311672833,1187744623185158144,1219010715576500224,2020-08-12
1293418231982706688,1217429454882050048,1209433124754604032,2020-08-12
1293417964453208065,961756042089648129,840040045117657089,2020-08-12
1293418192832954373,143017196,1270819097748615169,2020-08-12
1293418309287849986,1217429454882050048,1269622011820675073,2020-08-12
1293423177926811649,157127340,971264135416700928,2020-08-12
1293418472345686017,1176728376792555521,447004519,2020-08-12
1300199800407838720,171146434,2384309281,2020-08-30
1293418786947825664,1217429454882050048,230094794,2020-08-12
1293418348190064643,1259547080776921096,16571862,2020-08-12
1293420710459846656,1253324197130047493,1136819562459140096,2020-08-12
1293424049901756417,328853226,2915545212,2020-08-12
1293420405361750016,892243623294545920,104286665,2020-08-12
1294115548817756160,15470873,151252611,2020-08-14
1293422170454888448,1105984717185212416,1105984717185212416,2020-08-12
1293598914017464320,270070966,140161306,2020-08-12
1293424329087123458,360151627,1338785203,2020-08-12
1294686094806712323,87612386,1276327944307257344,2020-08-15
1293471639775125504,247594573,18800522,2020-08-12
1293426616366821377,1217429454882050048,1326074041,2020-08-12
1293426808801472517,1177242258988355584,542837487,2020-08-12
1293427577542057984,360151627,1338785203,2020-08-12
1293865480990547968,4772516280,4772516280,2020-08-13
1293517992630849536,1227023311554646016,805183906295201793,2020-08-12
1293523597579956224,54998040,1249865446351929345,2020-08-12
1293501563726712839,541777125,1108001206855581696,2020-08-12
1293544256871727105,1266011360204374018,15242015,2020-08-12
1293450980139442176,3337812610,323225551,2020-08-12
1293499953499779072,41100985,45196077,2020-08-12
1293436787843620866,15918865,1682548381,2020-08-12
1293432548211728390,371223749,1044083843391778817,2020-08-12
1293433962417672192,1258227571654717441,772714729944944640,2020-08-12
1293442618412523525,376871371,16993373,2020-08-12
1293437830279159809,1028670421573545984,49930063,2020-08-12
1293433787318251520,1566650000,1566650000,2020-08-12
1293443953514164224,1038895492904767488,424956844,2020-08-12
1293436658419933184,2544110296,23561823,2020-08-12
1293434241376587777,4397054074,19865432,2020-08-12
1293439664234418177,49930063,1028670421573545984,2020-08-12
1293439399561007110,4397054074,19865432,2020-08-12
1293660436160819200,997118552263086080,805614103519694849,2020-08-12
1293442538435538944,2497525658,52339151,2020-08-12
1293442651547729920,2544110296,23561823,2020-08-12
1293752914268356613,1217429454882050048,1286913852941246464,2020-08-13
1293443703164612613,52339151,2497525658,2020-08-12
1293820650470158336,1251405744689291265,1251405744689291265,2020-08-13
1293455142491168769,1194132161395404801,4227918200,2020-08-12
1293522311728037889,31439998,4340464107,2020-08-12
1293445179190333440,1214350262,1214350262,2020-08-12
1293455044902367232,2187327134,4506416429,2020-08-12
1293521771015045121,747501141034999809,1148832787,2020-08-12
1293446289720512513,1243569441725693955,1243569441725693955,2020-08-12
1293446641882730512,1243569441725693955,1243569441725693955,2020-08-12
1293451924872654849,4397054074,3022653079,2020-08-12
1293463796216807425,52339151,68217532,2020-08-12
1293490847816744960,1038895492904767488,424956844,2020-08-12
1293451600929882112,323225551,3337812610,2020-08-12
1293455187798036482,4876463147,938518635156574208,2020-08-12
1293585597840465920,366517094,1268255552020283392,2020-08-12
1293521690203389958,917551703578238976,2191497001,2020-08-12
1293456992032501761,340299016,98336047,2020-08-12
1293456100440911874,489222890,63423356,2020-08-12
1293455162082762752,2614786157,2614786157,2020-08-12
1293457249147527169,63423356,489222890,2020-08-12
1293504969996468225,38452397,2987833233,2020-08-12
1293459711963082752,903835669973303296,3167502864,2020-08-12
1293640055576080384,1689081,16885937,2020-08-12
1293463553933025280,838595784207708160,1609076886,2020-08-12
1293476803999338498,9336672,9336672,2020-08-12
1293465615336984580,3124609853,183675371,2020-08-12
1293470814042374145,1216300706740629506,756794926915084288,2020-08-12
1293805741430788098,522541803,1416535189,2020-08-13
1293478135929933824,17893690,20068679,2020-08-12
1293507767685259265,1285287638535155714,324163222,2020-08-12
1293488276406493184,1456338042,1456338042,2020-08-12
1293527730957561858,1285287638535155714,324163222,2020-08-12
1293488026996412418,1257162004537790465,1257162004537790465,2020-08-12
1293492280033042434,613312812,99558752,2020-08-12
1293492323171565568,827946372204810240,1096682478,2020-08-12
1293495084961411072,183675371,3124609853,2020-08-12
1293531702522937344,1285287638535155714,324163222,2020-08-12
1293494549243928576,1027881111475638272,111521768,2020-08-12
1293501426124152833,388192659,124085411,2020-08-12
1293499848323465217,1164176203923820544,769229270770130945,2020-08-12
1293548293318799361,1244209653426212867,1679002375,2020-08-12
1293498496973180929,3568975935,2260210642,2020-08-12
1293510871402950656,1135488059741335552,434095472,2020-08-12
1293555041777995781,770675600818315264,544631686,2020-08-12
1293508960650063874,1117229660247482368,2765000068,2020-08-12
1293504916804325376,59621062,165566365,2020-08-12
1294087641860718592,20277584,1208378668977971201,2020-08-14
1293507460368683008,31306497,31343227,2020-08-12
1293503901883412480,1275858535931424778,393481821,2020-08-12
1293502679331856385,49046312,72265312,2020-08-12
1293504621164531712,827946372204810240,830830901454069768,2020-08-12
1294132281372680194,128419321,78150104,2020-08-14
1293628364633313281,21522338,4864673714,2020-08-12
1293514253995929600,110032749,152142811,2020-08-12
1293952687944294400,22052516,281482400,2020-08-13
1293515237635874816,33245396,1092996707464314881,2020-08-12
1293519921280880640,1228764896726261765,1208458262078742531,2020-08-12
1293515199396413440,785569638562357248,382685028,2020-08-12
1293519977849511936,1093336905222098944,895555858800623616,2020-08-12
1293515750401961985,434095472,1135488059741335552,2020-08-12
1293512701130559488,24674181,84525282,2020-08-12
1293512979133149186,84525282,24674181,2020-08-12
1293513132011290625,24674181,84525282,2020-08-12
1293699466701107200,1147178896963452928,1253837544036294658,2020-08-13
1293515082866073600,800452929924657152,77436682,2020-08-12
1293558855197057026,1281634201247178752,259816808,2020-08-12
1293517463171162113,1280307705341571073,924310669167661058,2020-08-12
1293518587332898816,898458495229546496,1020410209,2020-08-12
1293518208054497281,1228134315390898177,1244268288898670594,2020-08-12
1293536550421245952,735946156010803206,23470171,2020-08-12
1293983478556626949,2614255879,3044602665,2020-08-13
1293520328736546817,924310669167661058,1280307705341571073,2020-08-12
1293525901548883969,57952392,54998040,2020-08-12
1293520293185630208,19771317,2391821606,2020-08-12
1293537505204219906,3950434095,22838376,2020-08-12
1293601335321989121,440223606,1087009836,2020-08-12
1293550778137927680,587889330,1139988237626335232,2020-08-12
1293637319719870464,1133124481680125952,3043237796,2020-08-12
1293522038414548997,706323234304577537,19743206,2020-08-12
1293523296068149248,2987421847,1276082559621963778,2020-08-12
1293527213900537856,24674181,2409295300,2020-08-12
1293521465862742021,823509695398866944,1114109865709002752,2020-08-12
1293531110731927555,4847979194,49241165,2020-08-12
1293527125694091264,2836454576,1291384358453088258,2020-08-12
1293525046556860417,19346439,579816228,2020-08-12
1293524228512387073,22429979,3817401,2020-08-12
1293526901563285504,317457162,317457162,2020-08-12
1293526399266033664,2941505829,245526228,2020-08-12
1293532842371293185,789609680339427329,2612868876,2020-08-12
1293526334308864003,930722458868600832,1181763899823214592,2020-08-12
1293529271445549058,2987421847,1276082559621963778,2020-08-12
1293528461282336768,387384912,1227753792168505350,2020-08-12
1293529708664172547,827946372204810240,962773249397547013,2020-08-12
1293558395644055554,797127998164107264,534544363,2020-08-12
1293564669370798080,1255877328,1232417200952135680,2020-08-12
1293534502208385025,750811385831960576,3101804883,2020-08-12
1293530686771441664,4639656854,896345750,2020-08-12
1293532917931618304,1148953411066486784,2895008796,2020-08-12
1293534797382537216,517443026,1197059940797603840,2020-08-12
1293543990864863233,64325488,28366297,2020-08-12
1293545570078830592,123618703,2210138869,2020-08-12
1293534698858258432,1164176203923820544,1129857770013040641,2020-08-12
1293533946744123392,115710058,124352777,2020-08-12
1293534897617997833,712165632834412544,947850886742716416,2020-08-12
1293538496628613127,23470171,735946156010803206,2020-08-12
1293556234537361408,128462390,393155815,2020-08-12
1293538710307340293,343491843,31152839,2020-08-12
1293537794971897856,23815210,67920826,2020-08-12
1293538218206527489,343491843,803719681,2020-08-12
1293538769396805633,1164176203923820544,1129857770013040641,2020-08-12
1293620180149579776,1182138229006446595,1240545179926433797,2020-08-12
1293539325649575940,1017294810393337857,1017294810393337857,2020-08-12
1293540995133448197,66649601,66649601,2020-08-12
1293541391386251264,1287141483011866626,30326763,2020-08-12
1293540989362216961,187669836,135162738,2020-08-12
1293543885508169729,931286316,3379088199,2020-08-12
1293542079474302987,135162738,187669836,2020-08-12
1293541013856935937,213076634,213076634,2020-08-12
1293542219908030467,1191951901350334465,1191951901350334465,2020-08-12
1293633745728266241,347261813,948261866433851393,2020-08-12
1293542586364436481,383999426,176444338,2020-08-12
1293544635772465153,1233817907731107840,1260502758878261249,2020-08-12
1293542779608608768,1070409025983078402,1070409025983078402,2020-08-12
1293543144198414337,4849898158,1221914666395242498,2020-08-12
1293560554636947462,1081896445920403456,440325176,2020-08-12
1293545306135711744,1287141483011866626,30326763,2020-08-12
1293543842332004353,1022480555982684160,2155504687,2020-08-12
1293544431631495168,432965264,74565151,2020-08-12
1293548679211737088,80532194,3288141907,2020-08-12
1293544623353155584,343491843,322286840,2020-08-12
1293545296744652803,2467757432,144314825,2020-08-12
1293668964476891136,1013796373,1183412105980108806,2020-08-12
1293572702024818688,253371982,3349241,2020-08-12
1293549725279543296,343491843,781198476,2020-08-12
1293552169002573824,158555462,1258576880694943744,2020-08-12
1297760377304944649,128419321,700775741521272832,2020-08-24
1293593235244425220,800463336630403072,399178595,2020-08-12
1293555395156414465,378812766,33813157,2020-08-12
1293554758859526144,155218063,2711412945,2020-08-12
1293597566576275461,850649003196919808,837655677967327232,2020-08-12
1293557572038012928,2389457995,1140867970148818944,2020-08-12
1293553351913811968,16544330,49060793,2020-08-12
1293586042382098441,1263106951669522432,1263106951669522432,2020-08-12
1293556821144350720,1258576880694943744,158555462,2020-08-12
1293566817374330881,1089645088395780097,870660721515913216,2020-08-12
1293558999040704514,290178207,40088181,2020-08-12
1293558997530935298,378812766,33813157,2020-08-12
1293559133845827585,378812766,33813157,2020-08-12
1293564422108176392,434285206,1018242250361442304,2020-08-12
1293561333766590465,460246990,460246990,2020-08-12
1293579742076051457,98882952,2384128818,2020-08-12
1293562661330751488,290178207,1246165925663047681,2020-08-12
1293715890182258688,990409425616883712,64274721,2020-08-13
1293562688124129281,2418922083,1268231386776961029,2020-08-12
1293568120553181186,3017554209,34736661,2020-08-12
1293562577415475201,198910545,2250667425,2020-08-12
1293610955813933056,1226915916119711744,2316464875,2020-08-12
1293565264701714433,107654332,1193083333862973440,2020-08-12
1293569415968174083,155218063,2711412945,2020-08-12
1293565825379688449,4831244837,1245345698431803394,2020-08-12
1293975653436579840,827946372204810240,14768275,2020-08-13
1293565733906059265,345545922,557321400,2020-08-12
1293567183042146304,20997098,956943016744443904,2020-08-12
1293607830625218560,321153879,1285996151133667328,2020-08-12
1293566817475137542,23815210,1130092026,2020-08-12
1293570678189367297,2848288625,3408852189,2020-08-12
1293566757563543554,290178207,250914519,2020-08-12
1293568799334002690,75743668,82325158,2020-08-12
1293977677880328199,827946372204810240,14768275,2020-08-13
1293634902278246400,828613457020870657,828613457020870657,2020-08-12
1293567975618830337,290178207,306578777,2020-08-12
1293586524458688512,378812766,33813157,2020-08-12
1293569258358636546,290178207,410191528,2020-08-12
1293715232817393664,1686831600,25127539,2020-08-13
1293612667006058496,158124365,101569379,2020-08-12
1293571183057629184,239533860,372610948,2020-08-12
1293570775786504192,1087248590,1087248590,2020-08-12
1293578668795666432,922200435045339136,785198082421952513,2020-08-12
1293576225194160129,1022480555982684160,2395621555,2020-08-12
1293583707127918592,434285206,1025152243476123648,2020-08-12
1293573092388741120,372610948,239533860,2020-08-12
1293574232656379910,239533860,372610948,2020-08-12
1293582895169204224,1053515353903394816,21391301,2020-08-12
1293598510470897665,100822176,1164347254565756930,2020-08-12
1293575179344412677,1578198750,96350647,2020-08-12
1293595255086944256,3393186119,3975751695,2020-08-12
1293580362661027840,19413589,278028813,2020-08-12
1293577606613409797,1673357035,25046782,2020-08-12
1293576499690258433,239533860,372610948,2020-08-12
1293575342532116480,3253964406,3253964406,2020-08-12
1293622032261931010,705296973251874816,1281593380598841347,2020-08-12
1293592475999916032,23819040,14859219,2020-08-12
1293580457154551808,5417322,2824895096,2020-08-12
1293583397005209603,930722458868600832,1102543289826328576,2020-08-12
1293579490455695360,296889553,520483527,2020-08-12
1293587007936094209,343491843,801614129412722688,2020-08-12
1293883690926383111,61485562,1251230736146927621,2020-08-13
1294783642544279553,1293265593290969088,900925964980559872,2020-08-15
1293580614050779137,1070083706822438912,1070083706822438912,2020-08-12
1293584272813686784,434285206,63143269,2020-08-12
1293584118068862979,917972406198775808,2728650930,2020-08-12
1293591021109088256,129285360,120811203,2020-08-12
1293592232172429321,3342617451,3710694975,2020-08-12
1293585361386389504,20997098,1113498540351741952,2020-08-12
1293586671854747648,917972406198775808,1230534939629637632,2020-08-12
1293854781430276096,740143165,2257847142,2020-08-13
1293586605135912960,1280699387203575809,3047247863,2020-08-12
1293595228788662273,53285649,42634912,2020-08-12
1293595469634056192,53285649,42634912,2020-08-12
1293638607840768000,766494687091974145,766494687091974145,2020-08-12
1293588564844793856,41403808,2946979680,2020-08-12
1293589965255966722,45119339,19287584,2020-08-12
1293588980538183690,45119339,1216412971829690372,2020-08-12
1293593445030932481,27476961,177207175,2020-08-12
1293626913253142532,17893690,3044723825,2020-08-12
1293627612091371520,17893690,3044723825,2020-08-12
1293590449375055874,1119276909278453761,1119276909278453761,2020-08-12
1293597119719251968,1280699387203575809,291838983,2020-08-12
1293592208726044672,1267025245711462401,283787013,2020-08-12
1295980070025203712,1114234058895187969,1029422156004950018,2020-08-19
1294957527701098496,1246089530144415746,1121771419065565184,2020-08-16
1293595973697056771,211279162,52966031,2020-08-12
1293595432795308032,1291027636659949568,1368579193,2020-08-12
1293593718541492231,363307821,363307821,2020-08-12
1293645380920303617,582961615,124845558,2020-08-12
1293603430641041409,874672779907526658,186914548,2020-08-12
1293598945667690496,54998040,1249865446351929345,2020-08-12
1293598269843689473,198910545,161721763,2020-08-12
1293600343260041216,270070966,140161306,2020-08-12
1293601023534043137,540064108,540064108,2020-08-12
1293602128649478144,140161306,270070966,2020-08-12
1293603323262582785,385724459,3675571933,2020-08-12
1293605532293423104,1046522227632422912,871421883014688768,2020-08-12
1293606737753149440,75743668,4893708798,2020-08-12
1293601278178799622,25090532,25090532,2020-08-12
1293602289731551233,1280699387203575809,2174428021,2020-08-12
1293603608659804165,1291027636659949568,14721997,2020-08-12
1293602091232120833,25319511,973210044,2020-08-12
1293607698941059077,346041997,262245803,2020-08-12
1293613998806630401,143017196,1270819097748615169,2020-08-12
1293613126118760449,324163222,1285287638535155714,2020-08-12
1293952692864323585,1006165705543299074,897588514669248512,2020-08-13
1293608480700596229,2214652482,1250478772941467651,2020-08-12
1293610539105628160,307353548,1163422443052179456,2020-08-12
1293606545033396236,607660565,1161532154,2020-08-12
1293657044306653185,921531604379492352,1170396527497551872,2020-08-12
1293623768309469185,1070901643972173830,1291027636659949568,2020-08-12
1293739497000181760,3281699132,366857265,2020-08-13
1293611059908153349,292557264,18757892,2020-08-12
1293623473533849600,4496421875,4496421875,2020-08-12
1293608564657881090,2418922083,17752818,2020-08-12
1293609219501981696,59621062,1020832617065664517,2020-08-12
1293618258764075016,1002266570058620929,1210020241885007873,2020-08-12
1293648483661090827,1684337948,173621550,2020-08-12
1293611976036294657,16302354,16302354,2020-08-12
1293615272801296385,352048722,169849644,2020-08-12
1293612343964897281,87551311,481553725,2020-08-12
1293613232540848130,893378138243297280,999221107554246656,2020-08-12
1293616219669401601,96667528,3296577102,2020-08-12
1293613584161873925,200228982,132584834,2020-08-12
1293752518493831169,1217429454882050048,1287579178158698497,2020-08-13
1293614422477463553,3368938876,893378138243297280,2020-08-12
1293616748781076484,893378138243297280,3368938876,2020-08-12
1293715801858543618,1262018331248189441,125377844,2020-08-13
1293615839493709825,258137300,258137300,2020-08-12
1293617316211634177,1280699387203575809,950759234031050752,2020-08-12
1293618429195366400,882437413515153409,2570615502,2020-08-12
1293617385753124864,62065766,124214932,2020-08-12
1293618762621399040,69443621,69443621,2020-08-12
1293625323372851201,22022602,249342744,2020-08-12
1293620277625094145,308871167,4871416098,2020-08-12
1293620559465472000,1263125932723761153,1594823455,2020-08-12
1293620004840251394,1120789910,900982729,2020-08-12
1293620931139710977,23653823,953149709228666885,2020-08-12
1293632216937922560,383999426,250614356,2020-08-12
1293621905484734464,121259042,341174782,2020-08-12
1293637779398819841,434285206,50642937,2020-08-12
1293622420390125568,551895044,731040612846182400,2020-08-12
1293622199971196935,1217429454882050048,348023908,2020-08-12
1293622649365475328,259894135,259894135,2020-08-12
1293635632258904064,259894135,259894135,2020-08-12
1293623605213921284,604060882,604060882,2020-08-12
1293625150248607744,62065766,98102529,2020-08-12
1293626558121271296,62065766,98102529,2020-08-12
1293853931026518019,1276477364973658113,1027591662376108032,2020-08-13
1293627766987005954,23815210,317895012,2020-08-12
1293631158580850692,1176895606608007170,1176895606608007170,2020-08-12
1293631413640663043,1176895606608007170,1176895606608007170,2020-08-12
1293629233839783936,41448115,1220187890677899266,2020-08-12
1293629018609266689,98102529,371458652,2020-08-12
1296297614757961728,220471898,36514804,2020-08-20
1293631486982336515,1007330705049780224,470359639,2020-08-12
1293631580913700864,2968669606,1257789919226933250,2020-08-12
1293631907662446592,1267025245711462401,283787013,2020-08-12
1293635586968911882,16872076,1246573519368007680,2020-08-12
1293632470701805569,228042350,228042350,2020-08-12
1293640281779298304,2253676802,1207829924079374337,2020-08-12
1293634827707723777,2225356830,4374783440,2020-08-12
1293636238532988928,538951226,164354823,2020-08-12
1293636794978721792,538951226,164354823,2020-08-12
1293634343743754245,371458652,4018894399,2020-08-12
1293944014329098246,823186492755349504,355049436,2020-08-13
1293633639977230336,1164176203923820544,762688888024555520,2020-08-12
1293638430451052544,126221154,884043151207485440,2020-08-12
1293680498104041484,1007330705049780224,470359639,2020-08-12
1293636690972745728,98102529,211106246,2020-08-12
1293637051049545728,2977444025,1088525802,2020-08-12
1293637781634285575,1088206004670599169,350212473,2020-08-12
1293752160400715782,2181021258,938193077109444608,2020-08-13
1293847637720838145,98882952,160311144,2020-08-13
1293814487120830465,1247390758275026945,1220945636897542144,2020-08-13
1293639250454261763,18353905,18353905,2020-08-12
1293637896683966464,62065766,943578900,2020-08-12
1293693729757442048,827946372204810240,262728282,2020-08-12
1293651966988619776,1172242189,87453050,2020-08-12
1293646163003027458,21306324,289664194,2020-08-12
1293643352148193282,951637830,951637830,2020-08-12
1293645605802258432,796295318199537664,3139173528,2020-08-12
1293649817076412416,3308046974,499896126,2020-08-12
1293644999716896771,1080179238936944642,1080179238936944642,2020-08-12
1293682450544001024,1174702168571613185,292779292,2020-08-12
1293657124556464129,2225356830,4374783440,2020-08-12
1293655178491691010,876944181557702656,896731606253260800,2020-08-12
1293664405364699136,52455436,3305241507,2020-08-12
1293648565886164994,1283695382766268417,1283695382766268417,2020-08-12
1293655674866499585,8654132,907996232785821698,2020-08-12
1293651379127562240,87551311,1205994970257281025,2020-08-12
1293694638482751489,137369407,32550246,2020-08-12
1293652985344659471,997484230119772161,997484230119772161,2020-08-12
1293652496712228864,402875344,402875344,2020-08-12
1293655678033080320,795433829829722112,1417989012,2020-08-12
1293654277169336324,627643516,627643516,2020-08-12
1293654062408310784,17919393,17919393,2020-08-12
1293673197318090752,304307433,231721019,2020-08-12
1293654925218635776,627643516,627643516,2020-08-12
1293663158884802567,863752105,1291350550127108096,2020-08-12
1293659380521607168,1089156280869113856,772095554671276032,2020-08-12
1293657276083924993,45262234,45262234,2020-08-12
1293678923440623618,862268682,951595266515329024,2020-08-12
1293659883166814208,62065766,943578900,2020-08-12
1293665461964546049,21313053,87805219,2020-08-12
1293664119896379396,1511018348,1511018348,2020-08-12
1293658819910938625,45573874,45573874,2020-08-12
1293662640825348098,1260890181365882880,1164937722,2020-08-12
1293662061474377728,1084779753863708672,1084779753863708672,2020-08-12
1293662773830918146,27512619,27512619,2020-08-12
1293660014608027649,1102044744862044160,1102044744862044160,2020-08-12
1293694903256584193,17624600,1071461515050536961,2020-08-12
1293714905632321537,34660525,1026528594770767873,2020-08-13
1293659828615876608,213142796,213142796,2020-08-12
1293660176709570562,17870564,17870564,2020-08-12
1293695176670683137,21925564,15736424,2020-08-12
1293683857661861891,1250150535719682054,1275617869016039426,2020-08-12
1293663721672396801,18306269,18306269,2020-08-12
1293836536061087744,1176576363203112962,2874717100,2020-08-13
1293674104172625920,19951790,346738937,2020-08-12
1293666757295579138,257180565,257180565,2020-08-12
1293669955175698442,1260890181365882880,739578937,2020-08-12
1293668364934696961,115308684,272717396,2020-08-12
1293678929316909063,327441404,834412314401132549,2020-08-12
1293668883384205313,333580182,333580182,2020-08-12
1294403849571115009,978719743786991616,978719743786991616,2020-08-14
1293668892011892739,37197278,860968817442250752,2020-08-12
1293670043566432257,21522338,1037504002944946176,2020-08-12
1293796885715488768,1230617664868929536,1021180379934359552,2020-08-13
1293688458813345798,2870986967,1276719231883673601,2020-08-12
1293672504112930816,796933268499267584,943508172945477632,2020-08-12
1293672020849221633,838269151277830144,1034389721051410432,2020-08-12
1293683787184738304,2728763873,525891835,2020-08-12
1293672797953126400,1034389721051410432,838269151277830144,2020-08-12
1293674782483836928,1225997649431543808,1225997649431543808,2020-08-12
1293674127182704653,796933268499267584,943508172945477632,2020-08-12
1293674411854147590,4639656854,16543550,2020-08-12
1293685419293339648,471655609,849530010,2020-08-12
1293676240419913729,3295594491,3295594491,2020-08-12
1293674695544328197,1034389721051410432,1282266134272593920,2020-08-12
1293675440389918721,141044546,141044546,2020-08-12
1293688480275415040,44554315,20829191,2020-08-12
1293676090997776395,796933268499267584,943508172945477632,2020-08-12
1293677994599501824,854913649,1219462048586792960,2020-08-12
1293723341023584256,497676852,890625795068108802,2020-08-13
1293675662885167105,185365655,368692851,2020-08-12
1293799897884512257,304307433,997867267130998784,2020-08-13
1293677734326079500,2249531,2249531,2020-08-12
1293678804272021506,740208119440146432,1341343975,2020-08-12
1293690480807444480,44554315,31173017,2020-08-12
1293682018199506944,2249531,2249531,2020-08-12
1293757950264332288,434285206,983960723729477633,2020-08-13
1293684417500774405,2249531,14389212,2020-08-12
1293680884613173250,1635791426,1635791426,2020-08-12
1293680445377454081,593813785,593813785,2020-08-12
1293702941799411712,28685917,1286735238249484288,2020-08-13
1293682047517687808,2254194361,20996279,2020-08-12
1293681869335273473,541777125,771365499024400384,2020-08-12
1293684487084269569,158419174,350799686,2020-08-12
1293682528713310213,2249531,2249531,2020-08-12
1293682338673635340,20996279,2254194361,2020-08-12
1293683100757630976,856969871023890433,856969871023890433,2020-08-12
1293684891415195649,1213577260134912000,1075234572,2020-08-12
1293684286110027779,1040626579121025025,2370721916,2020-08-12
1293694484442763264,2254194361,20996279,2020-08-12
1293692756297015296,2281837902,1040699582378921989,2020-08-12
1293789052622315523,1156359559901900800,1247977620932878337,2020-08-13
1293691293688827904,38028875,39140468,2020-08-12
1293686366350594049,1040626579121025025,2370721916,2020-08-12
1293687129533341697,471655609,168854467,2020-08-12
1293686615202701312,4052840597,1133788087740379136,2020-08-12
1293692976967880704,1213255896446337025,1041476661961740290,2020-08-12
1293688188242993153,47632343,2356701661,2020-08-12
1293700241879756801,774637238340562946,1003347552333266944,2020-08-13
1293842811310280709,2349454380,139932047,2020-08-13
1293700553348911104,457860769,4789072345,2020-08-13
1293688899525652480,1008362843861757952,733067319333781504,2020-08-12
1293815932104642560,1283134371843670021,1292008115798290432,2020-08-13
1293741471623913472,1274575463847878656,2467245620,2020-08-13
1299486547289440256,952396227059924992,1181317290572353539,2020-08-28
1293692988909068288,2719890387,1293330268254867457,2020-08-12
1293885727705411587,167082488,480138388,2020-08-13
1293691592478343173,16358225,2372780544,2020-08-12
1293691378145398796,1048508346511372289,1105517637583298560,2020-08-12
1293717378556190720,39140468,38028875,2020-08-13
1293692977827721217,20183596,31039515,2020-08-12
1293692477224833025,1021382089059590144,1155139888259502080,2020-08-12
1293697285940039681,20183596,335058191,2020-08-12
1293692462050029568,1095883245277855744,712009119159422976,2020-08-12
1293811228947750912,1260890181365882880,3151947754,2020-08-13
1293697426750976002,471655609,849530010,2020-08-12
1293696222604201987,2968669606,1267091025341759489,2020-08-12
1293696916191170566,20183596,22990674,2020-08-12
1293696002483007488,292521448,292521448,2020-08-12
1293700872187379713,1143710706866540544,336559341,2020-08-13
1293696622078066690,1213255896446337025,1213255896446337025,2020-08-12
1293696876081041408,1268598022226825216,1268598022226825216,2020-08-12
1293698018529738756,1213255896446337025,1041476661961740290,2020-08-12
1293699222634717185,64274721,990409425616883712,2020-08-13
1293700828771971072,26141151,126336718,2020-08-13
1293700185219096579,4541141723,4541141723,2020-08-13
1293700213723541505,731803688,741916476,2020-08-13
1293703246763175938,708823222188380160,1047716231610949632,2020-08-13
1293750473221009408,14479145,373573274,2020-08-13
1293701627803828226,330675150,1237581665846820864,2020-08-13
1293700807490068480,1281403102369738752,4840969134,2020-08-13
1293710353348603904,59621062,165566365,2020-08-13
1293703990220328960,442495624,30475832,2020-08-13
1293703335409852419,615609332,768780803660652544,2020-08-13
1293708238114914310,80703053,44133672,2020-08-13
1293703566914355200,895763369495588866,466194580,2020-08-13
1293704539288342528,526671347,891734143918161920,2020-08-13
1293707887248695297,19413589,278028813,2020-08-13
1293705519488798725,1269269092738965504,1266394162720628737,2020-08-13
1293704149708627968,2728763873,23333004,2020-08-13
1293710401994133507,708823222188380160,1047716231610949632,2020-08-13
1293711474397974530,708823222188380160,1047716231610949632,2020-08-13
1293705093989249025,615609332,768780803660652544,2020-08-13
1293874639467405312,1143924361,136040131,2020-08-13
1293704961755189248,41986240,41986240,2020-08-13
1293706747253850112,33404050,897873334632841217,2020-08-13
1293711564340682753,959815519833612289,386362012,2020-08-13
1293707021351636993,426838659,426838659,2020-08-13
1293709863206494209,615609332,768780803660652544,2020-08-13
1293711617994129408,19588323,917584508156645376,2020-08-13
1293708218267508736,74621231,59573028,2020-08-13
1293708300945588225,426838659,426838659,2020-08-13
1293717349099614213,1193355651088408581,400739137,2020-08-13
1293797267858534405,10723382,2455900592,2020-08-13
1293710878299357184,3368481767,1223641927419035648,2020-08-13
1293714006599962629,965572655343693826,1390596865,2020-08-13
1293770597462347778,15918195,15918195,2020-08-13
1293714059318132738,4685652836,4037029093,2020-08-13
1293836643779186689,994282928,773935552596967424,2020-08-13
1293715935610712066,1411689122,853645234298900480,2020-08-13
1293716079664156672,1406248309,1967912192,2020-08-13
1293729840604934144,1263269562314903552,1476502422,2020-08-13
1293716597467684864,24567608,104057991,2020-08-13
1293717466435248129,706270225201664000,706270225201664000,2020-08-13
1293716243678191627,19349569,822465644662812673,2020-08-13
1293718523840086022,121259042,723305885133463552,2020-08-13
1293751019948523520,407204638,1061109464391184384,2020-08-13
1293723347377745921,121259042,723305885133463552,2020-08-13
1293720170251378689,30648914,1293704981812477953,2020-08-13
1293730759719567360,150952795,935234682,2020-08-13
1293720772767363074,258599702,258599702,2020-08-13
1293721230181367808,420160863,449751133,2020-08-13
1293722174059053062,30648914,1293704981812477953,2020-08-13
1293726774036058114,813851972243636224,1095480988661104645,2020-08-13
1293724629920559104,1263106951669522432,1263106951669522432,2020-08-13
1293726156974424066,30648914,1293704981812477953,2020-08-13
1293726903698743296,1228415516110245889,461352890,2020-08-13
1293725467443367942,1480961598,1480961598,2020-08-13
1293731029992103938,19413589,219838391,2020-08-13
1293725847807877120,150846091,150846091,2020-08-13
1293727553031569409,1281277675181498368,249831668,2020-08-13
1298005498059345921,1922010511,1286934336395190272,2020-08-24
1293736784673886208,35822974,748736078182440965,2020-08-13
1293746181210886144,1046522227632422912,890723212480454657,2020-08-13
1293865306369200135,2808757106,1071913248188813312,2020-08-13
1293732565828935680,853645234298900480,825499078796644354,2020-08-13
1293733191736373251,41448115,1599223057,2020-08-13
1293733195075256321,3392066349,800243302704349184,2020-08-13
1293733081279598593,1042910258040111104,1042910258040111104,2020-08-13
1293749763146280961,937654985550053377,937654985550053377,2020-08-13
1293748105838497793,123325984,2778404319,2020-08-13
1293736200172441601,1288579193341652992,1288579193341652992,2020-08-13
1293739517325840384,64638300,1258835316724678657,2020-08-13
1293736892932988929,1293602611158028289,1547413668,2020-08-13
1293736693309136896,41448115,1081392936581967873,2020-08-13
1293737801821945856,17554226,976150351618326529,2020-08-13
1294038592914780160,366236517,366236517,2020-08-13
1293748939926188033,324727144,324727144,2020-08-13
1293748318640713728,114965569,1242971409984471041,2020-08-13
1293746668949520384,436325964,28640225,2020-08-13
1293762385287798786,173621550,1684337948,2020-08-13
1293747700236726272,114965569,1242971409984471041,2020-08-13
1293744559730679810,965739939584466944,958453202604654595,2020-08-13
1293745888574287873,219451010,7588772,2020-08-13
1293757471115288611,1138794826294423557,197857093,2020-08-13
1293741243650850818,21059255,549701951,2020-08-13
1293742876174630912,3164496245,64638300,2020-08-13
1293743365121626112,21306324,897284116789338113,2020-08-13
1293742133443284998,151218425,151218425,2020-08-13
1293748210788442114,754184047,705587701911650304,2020-08-13
1293748715413356544,21990762,197173626,2020-08-13
1293874960209981443,64274721,990409425616883712,2020-08-13
1293743762774962176,1243569441725693955,1243569441725693955,2020-08-13
1293744717839183872,895763369495588866,448820795,2020-08-13
1293748399741767680,921449088872321025,921449088872321025,2020-08-13
1293749863658803201,21306324,419052236,2020-08-13
1293749493591093248,1288999764395253763,1167208091953315842,2020-08-13
1293752592833499137,77816966,1120106771731963904,2020-08-13
1293748609456861184,1284263059268104193,1284263059268104193,2020-08-13
1293752021254836225,1093741515430596608,703412947,2020-08-13
1293752802481774592,615609332,768780803660652544,2020-08-13
1293751782607331328,15409017,292459235,2020-08-13
1293752285034512385,24586286,29578892,2020-08-13
1293751614977777664,17554226,836053620646899715,2020-08-13
1293752078578470918,17554226,836053620646899715,2020-08-13
1294115614047469578,1266971078754254849,1226209380238077952,2020-08-14
1293757193355792385,120723774,3151991354,2020-08-13
1293759709477048326,1274816243787354118,2549502055,2020-08-13
1294355550159998983,615609332,768780803660652544,2020-08-14
1293770718207827968,1292668543280902144,6805682,2020-08-13
1293931695855423488,2827162680,29383960,2020-08-13
1293931751719534594,114817169,142355653,2020-08-13
1293759156080476162,1057479569832325121,993203616071725057,2020-08-13
1293874526816698369,846805248379408384,1270372244376567809,2020-08-13
1293765297715912705,1256203850190487556,971453797884092416,2020-08-13
1293761319611428864,1120082970172243968,1014994526371549184,2020-08-13
1293763255488454657,753536256706015232,298671734,2020-08-13
1293770483117170688,1147178896963452928,1065002058271662080,2020-08-13
1293766196353998848,906639586788499456,906639586788499456,2020-08-13
1293766820675981313,115889063,883247614271016960,2020-08-13
1293766357482450944,1028842696201461761,1254212549840642048,2020-08-13
1293767583921926146,771268867901403137,771268867901403137,2020-08-13
1293766402021699584,1217429454882050048,1033036930676666370,2020-08-13
1293775306054963202,116041935,2308634845,2020-08-13
1293767369035259904,1254212549840642048,1028842696201461761,2020-08-13
1293846207945740288,360052959,213715000,2020-08-13
1293770343547428865,16916445,774897966020595712,2020-08-13
1293770074197651456,1222997823483891712,1287064568355868674,2020-08-13
1293770698666790913,883020755503648769,865684494,2020-08-13
1293776399824818176,1084995853734031363,3452738836,2020-08-13
1293775125108731906,21522338,3492973032,2020-08-13
1293899480006189056,1228415516110245889,461352890,2020-08-13
1293931982108450821,1249548479245975552,1193042865825423360,2020-08-13
1293778884811354113,62659252,170357723,2020-08-13
1293773796621475840,1116918863747141633,1227258981917306888,2020-08-13
1293776964306837504,14717708,189164946,2020-08-13
1293774900868636677,36788283,2327679408,2020-08-13
1295603098518519808,949168023868493824,949168023868493824,2020-08-18
1293912551684624388,1133135591032233984,1133135591032233984,2020-08-13
1293776053127614464,1116918863747141633,1227258981917306888,2020-08-13
1293776200083501056,2308634845,116041935,2020-08-13
1293779651635052544,327146326,327146326,2020-08-13
1293783506930278406,1178259961362681857,1266264894132772865,2020-08-13
1293885847838785536,558464210,4274093008,2020-08-13
1293807527432421377,1286770339037487105,529047214,2020-08-13
1293781805884047360,2308634845,116041935,2020-08-13
1293939142372388865,1279940886151827456,560246634,2020-08-13
1294137387618979840,1264953963042017280,951690000525017090,2020-08-14
1293886244775006209,2305319209,183878327,2020-08-13
1294602449202712578,839985545287720965,839985545287720965,2020-08-15
1293797185125900289,21059255,1194992909076090880,2020-08-13
1294195484383305728,26501230,335606183,2020-08-14
1293790888427020288,14787206,29019384,2020-08-13
1293792422938411009,1052704679199686656,1052704679199686656,2020-08-13
1293797279153786881,21059255,1194084687821639681,2020-08-13
1293795830697275393,21522338,62166184,2020-08-13
1293806446161797120,1230212110195576833,1092334101313384448,2020-08-13
1297310670741016576,1254866491066982402,1254866491066982402,2020-08-22
1297310730555928576,1254866491066982402,1254866491066982402,2020-08-22
1293801191755771904,21059255,946966892685664257,2020-08-13
1293795988122066947,1233307282961649665,1233307282961649665,2020-08-13
1293960520178044933,854914644,38349030,2020-08-13
1293899589372858374,1033022240328171520,66323762,2020-08-13
1293804981217370112,976862977369440257,1135224085099831297,2020-08-13
1293802482594807808,1147178896963452928,1065002058271662080,2020-08-13
1294344427935133696,12443402,12443402,2020-08-14
1293813153596399616,1261890719041703937,1047013249051480064,2020-08-13
1293988801770127362,956943016744443904,16337602,2020-08-13
1293896217512968193,824023369578188800,818027429654458369,2020-08-13
1293809291288166402,1290392246613716993,1290392246613716993,2020-08-13
1293814168147988480,57885809,1263706735,2020-08-13
1294007250839904256,159229238,1184874916111273990,2020-08-13
1294059884879712256,1177370444682420225,2393582698,2020-08-13
1293834160809836544,1350625520,1019211450701660162,2020-08-13
1294778154725212160,1194840992702054400,1194840992702054400,2020-08-15
1293822383732580352,57885809,20514488,2020-08-13
1293827164236742658,1230212110195576833,1092334101313384448,2020-08-13
1293821675792990210,1226214199866658816,1111981876028137472,2020-08-13
1293821851911827456,1111981876028137472,1226214199866658816,2020-08-13
1293914315624349705,1235571403556077571,3416198777,2020-08-13
1293825733777924096,1111981876028137472,711833895864373248,2020-08-13
1293827027737485313,219862792,219862792,2020-08-13
1293840508247248897,427298187,873574661078102016,2020-08-13
1293837761183653889,1694878909,1010226987313528832,2020-08-13
1293917059156520960,1368472711,571764803,2020-08-13
1293838045116940289,1190144714097324033,2988359918,2020-08-13
1293880241589497856,4336046866,60463165,2020-08-13
1293932922332942343,382438462,188629639,2020-08-13
1294037143485128704,623802763,835542998926622721,2020-08-13
1293965019743387650,1250993283431567362,26988891,2020-08-13
1293854951559565312,131550270,131550270,2020-08-13
1293912788348235776,2257847142,740143165,2020-08-13
1293857712636407808,1124221692476260357,1124221692476260357,2020-08-13
1293858449202147329,2965665569,3356564511,2020-08-13
1293864503264923649,52891117,52891117,2020-08-13
1293862312772739075,841039189,1247484395096805376,2020-08-13
1293950860590907397,285188213,451198941,2020-08-13
1293951028598116355,3142309458,1213193543239364608,2020-08-13
1293863624935710720,811514954159443968,473912499,2020-08-13
1293867529895641089,82454598,948293088165863424,2020-08-13
1293869729195728896,1176576363203112962,302215859,2020-08-13
1293897899235921920,1180338527294246912,1094003666175094786,2020-08-13
1293874505501286401,1284604973922365441,1152252865362255874,2020-08-13
1294109120828567553,1176674394564788224,1240637135457320960,2020-08-14
1293874519183110144,1247496629982236672,1283323542466170881,2020-08-13
1293875063188590594,1161780264202375168,1161780264202375168,2020-08-13
1293875886807298048,740208119440146432,279335272,2020-08-13
1293935293830246403,1263269562314903552,2610924817,2020-08-13
1293877805260906497,191124551,2310132291,2020-08-13
1293890747280883713,3368481767,1223641927419035648,2020-08-13
1293914844333129728,1213246471799111680,711162989269876737,2020-08-13
1293882797422247937,709509923550289921,129104634,2020-08-13
1293898744732233728,66983139,1285250723421323267,2020-08-13
1293962574078210049,1288889870102876166,143390475,2020-08-13
1293887198102720513,1202303805284593664,120543984,2020-08-13
1293884700344426497,222711108,222711108,2020-08-13
1294029257077923841,4274093008,558464210,2020-08-13
1293886895412465670,360668046,15133432,2020-08-13
1293892013411241985,1105145953361776645,1253091184207159305,2020-08-13
1293891109450645504,1227592332490477568,21422783,2020-08-13
1293887118285185026,967120679870058498,2344817018,2020-08-13
1294044684285693952,710355652418252800,494359394,2020-08-13
1294044813969354752,710355652418252800,44647944,2020-08-13
1294052077849772034,2808112943,2808112943,2020-08-13
1293891675291516928,1057479569832325121,993203616071725057,2020-08-13
1293893928178069508,732768811,705374152446840832,2020-08-13
1293892210182717442,266816841,15694204,2020-08-13
1293891704219750400,836709230,836709230,2020-08-13
1293893587315224576,1092300294849888258,1092170082837581824,2020-08-13
1293894293518725121,836709230,836709230,2020-08-13
1293897488697643011,1037725403547357184,112778079,2020-08-13
1293896228141436928,15867018,4217410157,2020-08-13
1293896902581407745,458658474,458658474,2020-08-13
1294002824502706186,172060501,1203590451397308416,2020-08-13
1293897137852424192,836709230,836709230,2020-08-13
1294091890099396608,1350625520,1128840371520380935,2020-08-14
1293904522650308608,2808757106,1277435863568281601,2020-08-13
1293901395679154177,1359858536,14730876,2020-08-13
1293956842519961600,759835979582623745,1146940443369910272,2020-08-13
1293903771467051011,77391194,77391194,2020-08-13
1293943555984064513,35501142,1292421292524810241,2020-08-13
1293905634635550722,276595129,276595129,2020-08-13
1293906172660142081,792633236971220992,792633236971220992,2020-08-13
1293906349655375873,111374956,111374956,2020-08-13
1293908879642783758,1106949179115491329,1274365207855484928,2020-08-13
1293912093444280322,1006165705543299074,1921467306,2020-08-13
1293954281704431618,1664057282,1664057282,2020-08-13
1293918640841076736,28719653,151504383,2020-08-13
1293922090459041792,1017179630200131585,616227241,2020-08-13
1293962053254881283,1100228829753327616,929690766,2020-08-13
1293915880791986176,1055655410798071808,3084979299,2020-08-13
1293914773113827328,1228415516110245889,16481803,2020-08-13
1293912938567200773,2170816921,7702542,2020-08-13
1294297452863016964,44482299,757341709772599296,2020-08-14
1293918416651206656,602509507,936339528918298624,2020-08-13
1293915034146320393,70435204,70435204,2020-08-13
1293918699364196353,165970320,2989177377,2020-08-13
1293917512665427969,14512645,4853793747,2020-08-13
1294161303184048128,434285206,823594338043252736,2020-08-14
1293922472165699587,149402723,1083032103044796416,2020-08-13
1293932995603177472,116579971,369267845,2020-08-13
1293919082010615808,1005111469996851200,1005111469996851200,2020-08-13
1293933049781116928,19346439,956812353139560448,2020-08-13
1293922646770487296,811514954159443968,1279366005219876864,2020-08-13
1293922949569712134,1041323673947267072,20025025,2020-08-13
1293921096819863563,849405134,849405134,2020-08-13
1293921808161202176,321553655,321553655,2020-08-13
1293923212288499716,2808757106,796376273090203648,2020-08-13
1294136858515914752,890771769950441472,1157277450,2020-08-14
1293923672680550408,4315705875,4315705875,2020-08-13
1293925982609571840,1722009606,817487038396170243,2020-08-13
1293924703481073666,294322523,294322523,2020-08-13
1293925438209826817,16825086,16825086,2020-08-13
1293926086129197058,300839018,300839018,2020-08-13
1294289285491851264,377028739,377028739,2020-08-14
1293928097763536896,768638020169953280,768638020169953280,2020-08-13
1293928173349085185,768638020169953280,768638020169953280,2020-08-13
1293928238226583555,768638020169953280,768638020169953280,2020-08-13
1293929520412659717,1127607203798687744,1127607203798687744,2020-08-13
1293929467124035586,1078044199268823046,370849607,2020-08-13
1293939199587033089,17554226,1057990367499444224,2020-08-13
1293945763634896897,497333593,822982813943271424,2020-08-13
1293930946446741505,21925564,15736424,2020-08-13
1293930797754441729,401820335,275322482,2020-08-13
1293938167158988801,312722848,121026704,2020-08-13
1293938360302608390,18906462,2176434062,2020-08-13
1293932609039409153,21925564,15736424,2020-08-13
1293932705801998341,1038895492904767488,1066384522722328579,2020-08-13
1293933749554618369,21306324,360996785,2020-08-13
1293934254909534213,886226064762077184,1917485502,2020-08-13
1293934766648184833,801029,1855395798,2020-08-13
1293936344989868033,16116288,822171356,2020-08-13
1293992570461265923,78698153,78698153,2020-08-13
1293979593569968128,3081983657,509665510,2020-08-13
1293987817316548609,1250161155395502088,59040447,2020-08-13
1293939299012968449,221662501,221662501,2020-08-13
1293953188278591488,158286198,833960312294502400,2020-08-13
1293936269538533377,3099998033,3099998033,2020-08-13
1293940719950761984,121026704,312722848,2020-08-13
1293984902673833992,26738994,66983633,2020-08-13
1293965752710705152,221662501,221662501,2020-08-13
1293962874004688897,1047366815859560448,1216832458018168833,2020-08-13
1293944875725885440,32658528,247967054,2020-08-13
1293950241998360578,880104522051457024,115445366,2020-08-13
1293943020581257216,999330836527964160,1554484525,2020-08-13
1293944771250130945,497676852,362493451,2020-08-13
1293943746053263362,832699050235359232,832699050235359232,2020-08-13
1293948648636768256,2345956774,1268427325978353666,2020-08-13
1293946555293204481,2855615704,974659834481184768,2020-08-13
1293947983227043840,188227110,4519970005,2020-08-13
1293945431190392832,723730502927175680,483839788,2020-08-13
1293945929410781185,432895323,432895323,2020-08-13
1293945927011569664,17554226,2283777522,2020-08-13
1293961338201546753,1143924361,136040131,2020-08-13
1293946304364781568,375617893,375617893,2020-08-13
1293947639155896321,2808757106,1277435863568281601,2020-08-13
1293946410593902592,375617893,375617893,2020-08-13
1293951196575588353,1257540138089005056,1257540138089005056,2020-08-13
1293949658369155074,796953934132838400,1035640534952501248,2020-08-13
1293948916719923200,87458679,87458679,2020-08-13
1294017779855691776,817487038396170243,1099009264675373056,2020-08-13
1293958264560984071,1252739204,1182645680545980416,2020-08-13
1293953518290771969,3872924211,65674900,2020-08-13
1293953561295036416,4222840715,1231343610,2020-08-13
1293984113599426561,826069675310211073,289671150,2020-08-13
1293959606230687744,4639656854,45794199,2020-08-13
1293954311286857731,2808757106,1277435863568281601,2020-08-13
1293953024591908867,1511018348,1511018348,2020-08-13
1294041712323637251,34993908,82216927,2020-08-13
1293993062155210752,1264337170350792704,1264337170350792704,2020-08-13
1294280574023106569,1925216874,185720792,2020-08-14
1293954610835660800,381919736,17172633,2020-08-13
1293956798089703424,27214810,758549760,2020-08-13
1293957007024758785,4315705875,4315705875,2020-08-13
1294013129592934400,3887332758,581406985,2020-08-13
1293959548605169666,273622058,236694569,2020-08-13
1293958360765628418,142004748,3146689155,2020-08-13
1293958656375971840,1246870023802482688,1273759669563998209,2020-08-13
1293958658619998210,275104144,812867902365798400,2020-08-13
1293959261773594626,1238493757630222339,1159107329771655170,2020-08-13
1293959578887942144,796953934132838400,382285339,2020-08-13
1293962112755281921,923117164181176320,951862622948765696,2020-08-13
1293962103741648900,792706023312064512,116028339,2020-08-13
1293982618426408960,1274816243787354118,2549502055,2020-08-13
1293963182076309506,798240086349541376,898992840465764354,2020-08-13
1293972851016364032,132664085,16069173,2020-08-13
1293968394321100801,4847623841,3515136826,2020-08-13
1293964247844749314,913817133204803584,913817133204803584,2020-08-13
1293967168745492480,3237369153,272191916,2020-08-13
1293964321798729728,261870894,261870894,2020-08-13
1294005642299166720,16075614,15365956,2020-08-13
1293967002072219648,1123946367716679680,23055161,2020-08-13
1293965174710382594,60757444,60757444,2020-08-13
1293975599653031936,1042405564540768256,921367333,2020-08-13
1294038175804018690,2959801567,284364759,2020-08-13
1293965893962170370,381919736,28947523,2020-08-13
1293968890582765569,124461252,140289627,2020-08-13
1293979755474120704,1258475959,337261274,2020-08-13
1293975302540939264,796953934132838400,1257575946246189057,2020-08-13
1293973439099871237,25623594,1154613154707595265,2020-08-13
1294001478936428554,1276451490777964546,1226654439332818947,2020-08-13
1293970650479042560,3104943065,4134584113,2020-08-13
1293981665258340357,2903159039,2175273564,2020-08-13
1293975176720326656,3328675947,301123105,2020-08-13
1294179687170801664,2418922083,845665045413576705,2020-08-14
1293970035371675648,15760637,1277224620500946945,2020-08-13
1293972908297973767,100142075,86044152,2020-08-13
1293976428623671297,23653823,1269959624,2020-08-13
1293971013953232896,1257540138089005056,1257540138089005056,2020-08-13
1293974398660206599,3328675947,26392140,2020-08-13
1294015053604085760,23566413,73268515,2020-08-13
1293973075080482816,2258888137,2258888137,2020-08-13
1295377441054060545,224289273,224289273,2020-08-17
1294018887416242178,965658470296023042,832687363574820864,2020-08-13
1293984675375931392,420151646,803508300,2020-08-13
1293974531107745792,1168291769412276225,1168291769412276225,2020-08-13
1293974696275345408,68219213,68219213,2020-08-13
1293984761195778049,480781701,1289674123489292290,2020-08-13
1294019876374417418,37260559,171171584,2020-08-13
1293978583568797696,841100683801591808,841100683801591808,2020-08-13
1293987163038797827,881988452664913921,181904323,2020-08-13
1293984721232375811,874672779907526658,1024842312516546560,2020-08-13
1293979755503656971,3328675947,26392140,2020-08-13
1293979152513732610,1242549616798728195,1242549616798728195,2020-08-13
1297758737021665280,128419321,862122890883411969,2020-08-24
1293981482680164352,1187580591945863169,1399031233,2020-08-13
1293981609629278213,61056562,61056562,2020-08-13
1293990705832972288,796953934132838400,940793086745161733,2020-08-13
1293984467254685696,35501142,1292821116701028355,2020-08-13
1293985275509706753,17919393,17919393,2020-08-13
1293994401744683008,989299650644598784,3571574783,2020-08-13
1293992927904124930,1250846724492591108,2172796004,2020-08-13
1293986967823224834,827946372204810240,721869525596114944,2020-08-13
1293988802554454018,822676336376422403,3312122395,2020-08-13
1294308425028042755,923117164181176320,828632908357332992,2020-08-14
1293991994449113090,82943230,82943230,2020-08-13
1294035267628740608,1220940515375550466,1162899096161673217,2020-08-13
1293991042803306496,2381478368,2381478368,2020-08-13
1293994746713604096,1019148469288820738,856101665119891456,2020-08-13
1293991032791719936,1055655410798071808,3084979299,2020-08-13
1294139181220782080,23494080,1118122154090999808,2020-08-14
1293992514966495233,958062640273809408,958062640273809408,2020-08-13
1293992738703065090,612738811,612738811,2020-08-13
1293994123263975424,1541699413,2345595126,2020-08-13
1293993842883137536,20004513,20004513,2020-08-13
1293994306479562752,1115108323475509265,1115108323475509265,2020-08-13
1293995678797041667,4014612859,782733789277609984,2020-08-13
1294026506054901763,17763426,16225882,2020-08-13
1293999639327395842,735960678238846977,89037364,2020-08-13
1294211585402122240,827813052804378625,827813052804378625,2020-08-14
1294021661142876161,4374454882,28623906,2020-08-13
1293997574576197633,796953934132838400,878466535,2020-08-13
1293999521979138049,325155541,325155541,2020-08-13
1294011292043358221,804081048,422219780,2020-08-13
1294567734815195136,3065401070,3065401070,2020-08-15
1294002481022881792,71436906,71436906,2020-08-13
1294003462796083219,826654342249840640,109504215,2020-08-13
1294008079739232269,4274093008,785563926952042496,2020-08-13
1294004605299326983,81870066,17598751,2020-08-13
1294020603540844545,1150666380162871296,520449041,2020-08-13
1294005930124890114,1436731729,303887090,2020-08-13
1294006891534856194,946066556731166720,2172567119,2020-08-13
1294013363673018368,47495182,1292751629284859905,2020-08-13
1294010524963930112,1244069333116039168,4768869311,2020-08-13
1294009656000552960,772101531051188224,772101531051188224,2020-08-13
1294095957085257728,1217890721983860737,1139197358,2020-08-14
1294101370040193024,1217890721983860737,1139197358,2020-08-14
1294011393830780934,1154952166815281157,1154952166815281157,2020-08-13
1294901954976645120,2383414560,2383414560,2020-08-16
1294012687483957249,796953934132838400,878466535,2020-08-13
1294028928433164288,1199001293022531584,1273706554945085441,2020-08-13
1294013880725897218,1150666380162871296,520449041,2020-08-13
1294014251367952384,1293828741374722049,1293828741374722049,2020-08-13
1295834353201745920,3645192256,1443881568,2020-08-18
1294016000841719808,57485134,780083896235024385,2020-08-13
1294016497761898497,4014612859,782733789277609984,2020-08-13
1294023872577040384,2865907814,2790868123,2020-08-13
1294044923277332481,1244756190137114640,928475643293118464,2020-08-13
1294017321967718404,77391194,77391194,2020-08-13
1294687059387482112,87612386,1189633987901362177,2020-08-15
1294046724277678080,44554315,391421683,2020-08-13
1294019055360196608,796953934132838400,422922486,2020-08-13
1294058163625394177,1112045469855875074,491907828,2020-08-13
1294018516845309957,41448115,1138794826294423557,2020-08-13
1294020965240918016,1291367271152209920,94206929,2020-08-13
1294025410192302080,1274816243787354118,1099797086755831808,2020-08-13
1294020641088327680,77391194,77391194,2020-08-13
1294021134355136512,2578600578,2923605725,2020-08-13
1294021256858284034,453157011,453157011,2020-08-13
1294035558273081344,1150666380162871296,520449041,2020-08-13
1294022872030220290,1093739040363503617,1093739040363503617,2020-08-13
1294035983890092032,1150666380162871296,520449041,2020-08-13
1294024686167302149,549799144,549799144,2020-08-13
1294028408708640768,1291367271152209920,94206929,2020-08-13
1294025883666264071,549799144,549799144,2020-08-13
1294068269176037378,549799144,549799144,2020-08-14
1294025600655593482,2249531,2249531,2020-08-13
1294025810085650433,2249531,2249531,2020-08-13
1294026427755630593,452307422,121846879,2020-08-13
1294027957946576896,762522504,440594295,2020-08-13
1294033727815929862,929830634113118208,929830634113118208,2020-08-13
1294029077180014592,17435423,16678441,2020-08-13
1294097595745345537,1077830241706536960,1270514620458045441,2020-08-14
1294047762401488896,1147178896963452928,3376844951,2020-08-13
1294029247296700418,37470249,21909819,2020-08-13
1294030727135277059,1164201613264924673,1164201613264924673,2020-08-13
1294029849036828672,71860801,570798245,2020-08-13
1294030282488786945,3167870566,526555848,2020-08-13
1294030682717671430,2249531,2249531,2020-08-13
1294035375531479041,1261699412352479233,1261699412352479233,2020-08-13
1294036364426526720,449114001,449114001,2020-08-13
1294034629478043654,709509298653626368,709509298653626368,2020-08-13
1294042425917206528,17450410,1037299616734240769,2020-08-13
1294038329378459650,227615571,381262861,2020-08-13
1294040750255112203,1150666380162871296,520449041,2020-08-13
1294053489597984770,108935302,95555788,2020-08-13
1294057801778704385,17554226,520470158,2020-08-13
1294046982995091456,759835979582623745,1137276003070369792,2020-08-13
1294050101078274048,15760637,1037822702025953282,2020-08-13
1294043680626679808,874245000,219036425,2020-08-13
1294344514685906944,95580788,399775275,2020-08-14
1294045394402410497,774678124369969152,4870970885,2020-08-13
1294057617535492098,1242205770,1236677161198718978,2020-08-13
1294054645120212992,16219502,16219502,2020-08-13
1294052500517974016,2865907814,823270803961626624,2020-08-13
1294044896328929287,16524225,16524225,2020-08-13
1294045541072961537,927388044,3035485285,2020-08-13
1294049273949163520,1220831884437073920,202394264,2020-08-13
1294213015437553664,917390576542113792,116626497,2020-08-14
1294052288038756352,82216927,34993908,2020-08-13
1294091909166542848,18715924,237151547,2020-08-14
1294060139771604992,135821770,1292372840709201922,2020-08-13
1294051076799422472,37904694,48974071,2020-08-13
1294051912153567232,82216927,542175589,2020-08-13
1294051718209167367,489131907,1180635592075436032,2020-08-13
1294051586310799360,959428800533729281,4324212857,2020-08-13
1294056821443960832,271950715,542036259,2020-08-13
1294056224808476673,824736144332058624,890183363830657024,2020-08-13
1294053050013777920,3820326674,3820326674,2020-08-13
1294056071300968449,27202261,27202261,2020-08-13
1294053917123280898,959428800533729281,966372387368431616,2020-08-13
1294088345912516608,109843079,1267043823911223297,2020-08-14
1294055392461430789,371999965,4062383414,2020-08-13
1294120483697328128,2595262981,2402518075,2020-08-14
1294056561585905664,426028646,291808877,2020-08-13
1294057416816914433,1190393433644339200,813851972243636224,2020-08-13
1294093859111219205,1171098644470226944,24748857,2020-08-14
1294063233637199873,37904694,1222192138240299008,2020-08-14
1294057862256197634,927388044,3035485285,2020-08-13
1294058457423917057,1164293912057565184,1164293912057565184,2020-08-13
1294060669008928768,16524225,209341928,2020-08-13
1294061498914963462,3308046974,806960033464549376,2020-08-14
1294059286159659009,4324212857,1227682677853229056,2020-08-13
1294059945273495552,882437413515153409,2869319951,2020-08-13
1294066421534613504,1190393433644339200,813851972243636224,2020-08-14
1294062216040284160,1268820177917018112,1282092444214079488,2020-08-14
1294063624466595842,200677256,3369579347,2020-08-14
1294071058220363785,2395307318,2395307318,2020-08-14
1294092071033352192,38047391,772073570906365952,2020-08-14
1294082461324865536,1075759008,1075759008,2020-08-14
1294072116334211082,946747067560611840,34932414,2020-08-14
1294199635527888896,1032353264505737216,1248238163384053763,2020-08-14
1294315265069441024,1190393433644339200,813851972243636224,2020-08-14
1294732889373003779,854193051740360705,1169386649366798340,2020-08-15
1294073957264629760,844991893746409472,59743748,2020-08-14
1294068644142620672,1108456360423899137,955470482,2020-08-14
1294092412860674048,807294194,62950857,2020-08-14
1294081127225819136,67017293,607216369,2020-08-14
1294070488722006017,4014612859,782733789277609984,2020-08-14
1294072684519645184,796953934132838400,1250984076527505410,2020-08-14
1294073667467567105,81725698,2713382317,2020-08-14
1294074879948488710,2296417771,1965476017,2020-08-14
1295003558732062720,460639863,460639863,2020-08-16
1294103036797706241,37285615,1287506393705062401,2020-08-14
1294106239559843840,828157237,748556263055835136,2020-08-14
1294094423991521280,21161169,1281354235670679554,2020-08-14
1294077964607422464,1057479569832325121,331364997,2020-08-14
1294077792183869441,2509884245,3741698359,2020-08-14
1294083169742987266,3400736668,107213461,2020-08-14
1294080992442044418,247610675,40692341,2020-08-14
1294106774300061702,1101895928569520129,1293997430757666816,2020-08-14
1294079530420834304,440484730,440484730,2020-08-14
1294079868351795200,363307821,363307821,2020-08-14
1294081559956520963,319988364,319988364,2020-08-14
1294083993089052672,1057479569832325121,331364997,2020-08-14
1294116883822604293,3375809956,3375809956,2020-08-14
1294084199499145219,128429068,128429068,2020-08-14
1294084682041167877,175610542,175610542,2020-08-14
1294103211817807872,4014612859,782733789277609984,2020-08-14
1294087552450932743,1008185450,1008185450,2020-08-14
1294109449007792128,1259882112,935904038905790466,2020-08-14
1294102396252172288,486691146,1228468680230678528,2020-08-14
1294095908804722689,882437413515153409,19978450,2020-08-14
1294086641787838465,25202268,25202268,2020-08-14
1294087071326326785,1115505571908804610,2906390281,2020-08-14
1294087732390658050,3573191833,437861727,2020-08-14
1294087570608001030,2195927359,2195927359,2020-08-14
1294088929927245824,18717518,18717518,2020-08-14
1294095879230685186,2316031773,34005613,2020-08-14
1294090762397847552,2178964844,245396783,2020-08-14
1294092012866527234,1208848039437205504,459580173,2020-08-14
1294091683181797376,381536741,381536741,2020-08-14
1294093404729757700,379206297,66271661,2020-08-14
1294094218873507840,1244650497082118146,924407408893493249,2020-08-14
1294093835757330432,1189761425063006208,1234600029706477569,2020-08-14
1294093655633014784,2228878592,460735410,2020-08-14
1294096187398774784,1154952166815281157,1154952166815281157,2020-08-14
1294242962105405440,16205499,35027698,2020-08-14
1294096251772735488,28450915,8475082,2020-08-14
1294097628075040768,1190361679999197184,1165632139863482368,2020-08-14
1294095718534316039,1071402577,1071402577,2020-08-14
1294103409612726277,1270514620458045441,1077830241706536960,2020-08-14
1294101934908071936,1190361679999197184,1165632139863482368,2020-08-14
1294100412782518277,97695664,1093252422787629059,2020-08-14
1294101016179363841,33245396,1122329601001312256,2020-08-14
1294438911553556480,174879850,346385744,2020-08-15
1294686877258137601,220471898,2550415190,2020-08-15
1294104333584400394,1066491457576554496,136652011,2020-08-14
1294981139057319938,900303948,900303948,2020-08-16
1294105855831441411,1140379748268466176,1140379748268466176,2020-08-14
1294107944989208578,1190361679999197184,1171708992940322816,2020-08-14
1294106888666308613,925898386837995526,925898386837995526,2020-08-14
1294255601552437248,62178788,1290175045382201344,2020-08-14
1294109675198144512,1721618168,1721618168,2020-08-14
1294144158022524929,1499303640,1499303640,2020-08-14
1294464972928552964,773546104029929476,164300954,2020-08-15
1294115312565018624,912826574621229056,933960983009222656,2020-08-14
1294116298729771009,912826574621229056,933960983009222656,2020-08-14
1294114244418560005,1190361679999197184,1060626912505221120,2020-08-14
1294119462011113472,17554226,1968098558,2020-08-14
1294115046126231554,1190361679999197184,2732878642,2020-08-14
1294116151404965888,1239599332770398214,1072437536,2020-08-14
1294116206539153408,1239599332770398214,1072437536,2020-08-14
1294117677850669056,596178928,596178928,2020-08-14
1294117666442051586,925898386837995526,925898386837995526,2020-08-14
1294118273605177346,17450410,294409829,2020-08-14
1294122163423703045,17418411,1255122200979558401,2020-08-14
1294127769333374976,1047716231610949632,992251404466077696,2020-08-14
1294126410534137856,124572576,1254878927564288005,2020-08-14
1294249383429656578,1225077504991514629,2273857031,2020-08-14
1294125985638621184,3202902921,3202902921,2020-08-14
1294296095376515072,1130258345921789952,1146587898,2020-08-14
1294128351347605504,34983607,4581581358,2020-08-14
1294127078787313666,1171075665749102593,1129696927669313538,2020-08-14
1294149972997349377,473431649,17929151,2020-08-14
1294127785590448128,44525679,44525679,2020-08-14
1294128448735084550,2205362828,2205362828,2020-08-14
1294248242989928449,1633810836,2433310350,2020-08-14
1294162031138893828,796953934132838400,234168134,2020-08-14
1294133205289721857,1110032180237852672,1110032180237852672,2020-08-14
1294133786293108737,200189200,2288493916,2020-08-14
1294142546600267778,454495616,47861780,2020-08-14
1294165443574366208,2763730845,721996198572331008,2020-08-14
1294135823441342465,200189200,2288493916,2020-08-14
1294137596688269312,1190361679999197184,966067478370684930,2020-08-14
1294138684992716807,1115505571908804610,232108922,2020-08-14
1294137152658239492,1082847544105943040,1082847544105943040,2020-08-14
1294139645974859776,778043891790381058,778043891790381058,2020-08-14
1294223865737076736,1262541723554787328,27569330,2020-08-14
1294142510344704000,678033,678033,2020-08-14
1294361594235949056,54806236,209684157,2020-08-14
1294196003084685312,109843079,1033434619872403456,2020-08-14
1294149100703748096,1190361679999197184,1211675476910981120,2020-08-14
1294290497905688576,2234304316,2234304316,2020-08-14
1294153013960028160,23494080,1089765937757093888,2020-08-14
1294152431937282048,2189697402,4152365195,2020-08-14
1294160027029245957,743413573767028736,207171992,2020-08-14
1294169852245049350,196552863,327428920,2020-08-14
1294151761628819456,926627535625977856,783643980,2020-08-14
1294154217578328065,926627535625977856,783643980,2020-08-14
1294239039349043200,1275190106719125506,1130796616070422528,2020-08-14
1294165881560412161,23494080,117791929,2020-08-14
1294153765025587200,1228415516110245889,715368038963552257,2020-08-14
1294283429568294912,1286837304229863424,1146089544061616128,2020-08-14
1294155252879548416,106432265,106432265,2020-08-14
1294154997966548993,981289232294703105,981289232294703105,2020-08-14
1294254400718995456,1248356866385731585,587945980,2020-08-14
1294792058293628929,14128086,413530757,2020-08-16
1294161150175830016,1267558596411301894,1267558596411301894,2020-08-14
1294157228216377344,32185481,32185481,2020-08-14
1294159091133104129,1002273727470485504,1002273727470485504,2020-08-14
1294167166800068608,1223389308,1223389308,2020-08-14
1294162785077735429,597065946,1175911338192695296,2020-08-14
1294161594990157825,481571793,481571793,2020-08-14
1294271691313614848,3241796650,1000861194037743616,2020-08-14
1294164723278258182,94769280,94769280,2020-08-14
1294225358984810497,732768811,15612541,2020-08-14
1294175270534955009,828157237,364703609,2020-08-14
1294316614893154305,108951721,108951721,2020-08-14
1294167861502468097,43167604,43167604,2020-08-14
1294169521612349440,1894371818,1894371818,2020-08-14
1294207536602652673,1176674394564788224,2710047044,2020-08-14
1294554729536618496,1209289393678086144,2944112239,2020-08-15
1294176684292411392,2821187003,474582668,2020-08-14
1294201575985078272,2393582698,1177370444682420225,2020-08-14
1294182931620139009,317895012,1146461338451025920,2020-08-14
1294176851317764096,60114561,60114561,2020-08-14
1294210723418181632,1132005868206211073,1132005868206211073,2020-08-14
1294185546483404800,632808228,632808228,2020-08-14
1294185843586990080,1190361679999197184,295698087,2020-08-14
1294188714139123713,18295394,180012138,2020-08-14
1294187239786917888,371223749,1256034606,2020-08-14
1294367147595096067,1055903387026448384,16240081,2020-08-14
1294187098346606599,1245988689592934400,1245988689592934400,2020-08-14
1294261372960874496,17554226,3240794876,2020-08-14
1294287128453615616,763256826209062912,1081385628644851713,2020-08-14
1294281924752678914,37904694,133248413,2020-08-14
1294190464757792768,371223749,1256034606,2020-08-14
1294194479461797888,18850117,18850117,2020-08-14
1294262177080074240,1284963447793258497,1206673262773768197,2020-08-14
1294195796208910338,145216962,145216962,2020-08-14
1294195571272679424,816757486883639296,816757486883639296,2020-08-14
1294250423612825600,3081983657,1079761478025121792,2020-08-14
1294250754258149380,3081983657,1079761478025121792,2020-08-14
1294212334647484423,3003274089,757243699235590144,2020-08-14
1294210014186479617,1225071806509436929,1225071806509436929,2020-08-14
1294208849059237888,918300741986652160,918300741986652160,2020-08-14
1294508806806712320,1009834860695904256,148880746,2020-08-15
1294213391653974017,1176899002001846277,2918350304,2020-08-14
1294260381150597121,1155144825265631232,1379104680,2020-08-14
1294235693133299712,784291587387895808,4167360021,2020-08-14
1294215430215622657,2237635621,2237635621,2020-08-14
1294218268375277568,864143237530894336,479228790,2020-08-14
1294218914835173377,757243699235590144,3003274089,2020-08-14
1294226878895730688,14947030,840221125548339200,2020-08-14
1294220111277101056,450793355,450793355,2020-08-14
1294281131219726337,37904694,2321930849,2020-08-14
1294223643594108929,765465246203084800,1137873857958703104,2020-08-14
1294637278778683394,16622352,904330038815764482,2020-08-15
1294226948508594176,53447857,551351306,2020-08-14
1294557080473411584,1115505571908804610,989480153041469440,2020-08-15
1294242453030150147,1029813696409886720,254131652,2020-08-14
1294231988178751489,4489344085,4489344085,2020-08-14
1294256752888811527,62168114,1285228045423566848,2020-08-14
1294266382176194560,1285915200139530240,386440043,2020-08-14
1294261280216211456,969252347766435840,785706796019179520,2020-08-14
1294602728644247557,1937801330,1937801330,2020-08-15
1294253390202056704,304968046,1266641680293380096,2020-08-14
1294237547602771971,811039837,811039837,2020-08-14
1294239464638693376,1107181727233921024,278512066,2020-08-14
1294241391174975490,1044643760972419072,1044643760972419072,2020-08-14
1294242254798884864,18603805,18603805,2020-08-14
1294242740524515329,18738047,18738047,2020-08-14
1294242249639960576,16170253,16170253,2020-08-14
1294243836139462657,1107181727233921024,278512066,2020-08-14
1294271262777278467,267627374,855197840,2020-08-14
1294250330218213376,410884550,2903838315,2020-08-14
1294246958354165760,1107181727233921024,278512066,2020-08-14
1294260730670338048,1230883307354836998,1268902203600834560,2020-08-14
1294359850428837894,1133451860860461056,396939169,2020-08-14
1294266216471814145,924832027404390400,305823380,2020-08-14
1294251643366760448,1457872862,1457872862,2020-08-14
1294248579394084866,1120921040979415045,1120921040979415045,2020-08-14
1294248998082088970,452200522,25654421,2020-08-14
1294249676347183106,1149332421214658562,3958448614,2020-08-14
1294249899920363523,1149332421214658562,3958448614,2020-08-14
1294249750947155974,1149332421214658562,3958448614,2020-08-14
1294262399386755074,1722009606,2285833400,2020-08-14
1294587049379586048,1256228227472936960,1382958906,2020-08-15
1294253198220374017,1214585646507077633,1214585646507077633,2020-08-14
1294266854001664002,798092068811718656,1053891753613262849,2020-08-14
1294252261091221504,861719988,861719988,2020-08-14
1294252326060847104,1881869352,1881869352,2020-08-14
1294492066366529541,23071644,23071644,2020-08-15
1294286790052978688,99675752,4130128456,2020-08-14
1294256419777241095,1060176852055142400,1154150631516573696,2020-08-14
1294610135889960962,571044251,571044251,2020-08-15
1294289515155079173,218523965,218523965,2020-08-14
1294259210922930177,2482711648,1560545406,2020-08-14
1294281815415562241,232250242,232250242,2020-08-14
1294260080410533890,4422552340,4422552340,2020-08-14
1294261357081133056,765156714,997213836,2020-08-14
1294263925245083648,840610203317985280,107289153,2020-08-14
1294263460004601856,38216494,198390584,2020-08-14
1294263932983676929,198390584,38216494,2020-08-14
1294269718841503744,432122791,432122791,2020-08-14
1294264853717299201,88215673,88215673,2020-08-14
1294264791670894593,21826347,1142453041364385794,2020-08-14
1294267318957223936,312136222,312136222,2020-08-14
1294266863971700736,399458271,399458271,2020-08-14
1294269256658542598,17465115,17465115,2020-08-14
1294269558518407168,989480153041469440,4098746128,2020-08-14
1294272104599363586,1057479569832325121,1041811708229169154,2020-08-14
1294268938705141763,850012597378326531,850012597378326531,2020-08-14
1294273145982001152,3613930402,3613930402,2020-08-14
1294280604687663109,990409425616883712,64274721,2020-08-14
1294270393033936897,363307821,363307821,2020-08-14
1294408770894925828,940949778476732416,893140608524701696,2020-08-14
1294322281582387200,23494080,2486720188,2020-08-14
1294271999209078784,1218535864013393921,1218535864013393921,2020-08-14
1294272922882912257,107555457,107555457,2020-08-14
1294272914469138432,853952398221393920,853952398221393920,2020-08-14
1294285387326803969,1270348539680432129,877576688535777280,2020-08-14
1294274307523252224,3431673879,3431673879,2020-08-14
1294314089670311941,233830625,1056709970371186688,2020-08-14
1294275631824408576,59351766,16300621,2020-08-14
1294276526771494913,1212908741089091586,246904264,2020-08-14
1294282314294480896,540654798,754917050171006976,2020-08-14
1294278342032494593,19151945,19151945,2020-08-14
1294280535951527940,865612981647929345,865612981647929345,2020-08-14
1294288892082950144,55430367,892071804688314368,2020-08-14
1294278527454511109,298109087,298109087,2020-08-14
1294280013051768833,1236089975894138880,1267672660269346817,2020-08-14
1294278690998824962,14137489,14137489,2020-08-14
1294354414921224193,4871544759,3885160459,2020-08-14
1294411222008434691,36400976,3409294573,2020-08-14
1294282359777316865,185720792,1925216874,2020-08-14
1294282273152356352,841039189,1247484395096805376,2020-08-14
1294281890803965952,808108063,808108063,2020-08-14
1294674262662447104,863189787632652288,863189787632652288,2020-08-15
1294300082062233600,1029596794714374144,1283644160218669057,2020-08-14
1294282833872257027,64274721,990409425616883712,2020-08-14
1294296861294178304,990409425616883712,64274721,2020-08-14
1294284964687618048,193873581,935329133248126976,2020-08-14
1295037170164682752,988588219376832512,988588219376832512,2020-08-16
1294283921635540993,1223342308256571400,1223342308256571400,2020-08-14
1294283825967763456,822599818778394626,798158021822189568,2020-08-14
1294316909136154629,978665052797652992,978665052797652992,2020-08-14
1294286302565801984,195834393,195834393,2020-08-14
1294288672653750272,21711264,7433632,2020-08-14
1294286740815921152,877576688535777280,1270348539680432129,2020-08-14
1294287880718823428,883050027068923904,33096785,2020-08-14
1294288216397422593,883050027068923904,33096785,2020-08-14
1294288483452891137,3118834311,2271026358,2020-08-14
1294289016175710208,2271026358,3118834311,2020-08-14
1294289314176806912,1932661909,1932661909,2020-08-14
1294289835713273856,38323179,38323179,2020-08-14
1294291620657954817,844231535150620672,3674703379,2020-08-14
1294294175098249217,15901113,15901113,2020-08-14
1294311443169284096,1292668543280902144,15220817,2020-08-14
1294333346059870208,25598906,25598906,2020-08-14
1294291800425889794,1157748392430309377,114549551,2020-08-14
1294626808487436293,711667461414916098,1232683841204162560,2020-08-15
1294292696484347904,178863237,178863237,2020-08-14
1294304308792635393,930722458868600832,303345809,2020-08-14
1294295212345495552,1170443081256226821,1170443081256226821,2020-08-14
1294295937276313600,242468447,242468447,2020-08-14
1294296494506479619,995063388890902535,1291309125293551617,2020-08-14
1294325573641211905,490276190,2972033897,2020-08-14
1294296286372540416,187669836,164957512,2020-08-14
1294336063335432195,1253852487662153729,1267241919954014210,2020-08-14
1294296561296580609,22107711,22107711,2020-08-14
1294301908983623682,784454880576495616,784454880576495616,2020-08-14
1294297570227847170,25392462,25392462,2020-08-14
1294302959833157633,436057533,363230319,2020-08-14
1294298920533753857,1102341798247231489,1102341798247231489,2020-08-14
1294300008829923329,391055230,927564821230424064,2020-08-14
1294309194510655489,916032097327865856,916032097327865856,2020-08-14
1294302055784382465,219362245,219362245,2020-08-14
1294473832020029446,3018710195,1348761,2020-08-15
1294303133376622595,3230198245,3230198245,2020-08-14
1294312333754470403,764476890,764476890,2020-08-14
1294305803432628224,1233817907731107840,1034079452567949313,2020-08-14
1294304570911404034,219362245,219362245,2020-08-14
1294304018961797126,786350701,758042588,2020-08-14
1294305944352980993,14848798,14848798,2020-08-14
1294305296488292354,1001262842,1001262842,2020-08-14
1294307387470417923,22526817,22526817,2020-08-14
1294307330151112705,77386956,1276509614306181122,2020-08-14
1294314645407313934,4751116217,878140642794369025,2020-08-14
1294308781275459584,15981172,15981172,2020-08-14
1294327121725337600,2954244545,1278505713120227328,2020-08-14
1294308493873180672,1009408782533779457,826351358,2020-08-14
1294310985864445956,27823622,156438965,2020-08-14
1294311138264584192,4070326048,4070326048,2020-08-14
1294310931174809600,20018360,479673764,2020-08-14
1294555280622026752,1115505571908804610,1123755936965976073,2020-08-15
1294317597358514177,1214846518349500419,1303377260,2020-08-14
1294315970182483968,2524139632,2524139632,2020-08-14
1294344029052829697,3328675947,1167461241461366784,2020-08-14
1294312194805501954,1207856970306347008,1207856970306347008,2020-08-14
1294388886114897923,1241740060841725959,2239350613,2020-08-14
1294312832062889986,603045114,603045114,2020-08-14
1294314242288623616,83664591,805896009909989377,2020-08-14
1294313985659924486,16944887,16944887,2020-08-14
1294314430487056384,18067886,18067886,2020-08-14
1294318155230257153,1285287638535155714,324163222,2020-08-14
1294315096248733696,3352155113,3352155113,2020-08-14
1294317007987449857,1030181641900175365,1258121734886232064,2020-08-14
1294318128462213122,324163222,1285287638535155714,2020-08-14
1294318889602613249,324163222,1285287638535155714,2020-08-14
1294317440524943360,217891176,174141309,2020-08-14
1294317982919938059,174141309,217891176,2020-08-14
1294322857388969987,18789472,18789472,2020-08-14
1294319400573636608,600490969,600490969,2020-08-14
1294322427254710274,600490969,600490969,2020-08-14
1294319426163159047,1050412212,1050412212,2020-08-14
1294323073403977731,744115844,346765942,2020-08-14
1294505725029281793,175692750,572847290,2020-08-15
1294327680284815360,32216522,2869860024,2020-08-14
1294333252979683328,201963182,90256204,2020-08-14
1294471659366187011,77161540,77161540,2020-08-15
1294322847230328837,27793335,27793335,2020-08-14
1294325762514989058,1138287733321998337,854087447633956866,2020-08-14
1294328460282920960,53242173,1180978868,2020-08-14
1294327566770352137,806304970429657088,55385112,2020-08-14
1294353719174279173,3351210604,2413443007,2020-08-14
1294328078915768320,806304970429657088,375101321,2020-08-14
1294328802538139649,1832568626,1832568626,2020-08-14
1294328774914387971,101170106,22043400,2020-08-14
1294367100681756674,1266803934166949889,1266803934166949889,2020-08-14
1294330382591184897,2942835707,2942835707,2020-08-14
1294336117987319808,1223410820736061445,1223410820736061445,2020-08-14
1294331098147717124,2947384336,3281056868,2020-08-14
1294331635819851776,757661032655585280,757661032655585280,2020-08-14
1294332117149597696,360611439,360611439,2020-08-14
1294332663613005829,8403592,8403592,2020-08-14
1294349698745032704,957775598062940160,1248793678211993601,2020-08-14
1294333711501033472,1263282833033846785,1263282833033846785,2020-08-14
1294443958014099458,996151242240901120,2232317695,2020-08-15
1294333808796475398,28628111,1281639796956442634,2020-08-14
1294333765003739137,941706312156672002,941706312156672002,2020-08-14
1294347863388954626,1281639796956442634,28628111,2020-08-14
1294361845302571008,234430021,1168327874077777921,2020-08-14
1294490373893447680,740857559767089153,1162282005230260225,2020-08-15
1294349753782865920,101170106,22043400,2020-08-14
1294419163377672192,973252188,1173983951746228224,2020-08-14
1294342846317813760,32500051,1210246874,2020-08-14
1294339255041499141,2805891835,15484215,2020-08-14
1294338038525571073,980037202683072512,1147811929861308416,2020-08-14
1294361427486978048,19845295,102748132,2020-08-14
1294382080667787264,14364006,14364006,2020-08-14
1294566815620882434,97406241,97406241,2020-08-15
1294339192504360960,4839490235,4839490235,2020-08-14
1294339755283488769,1219278784693768193,1219278784693768193,2020-08-14
1294340673177452544,933157680033579008,440098885,2020-08-14
1294341839177289729,1228764896726261765,1285267304562020353,2020-08-14
1294342539856748544,719702067,252980352,2020-08-14
1294343710050791425,1198606331231526917,590516071,2020-08-14
1294403860140683264,1290404414516162560,1194958897074839553,2020-08-14
1294345034867900417,1030181641900175365,1258121734886232064,2020-08-14
1294353042071003138,37904694,1034436012620107778,2020-08-14
1294346868990697473,424323759,424323759,2020-08-14
1294346550752055297,857429730852716544,857429730852716544,2020-08-14
1294347036867858434,2412945460,2412945460,2020-08-14
1294348553616269318,1228764896726261765,1285267304562020353,2020-08-14
1294356116348874752,16397938,16397938,2020-08-14
1294349057465282561,194222253,1055405245449322496,2020-08-14
1294387378941878273,194222253,1055405245449322496,2020-08-14
1294350185255108610,192817963,876000815365980160,2020-08-14
1294351967922393090,4579015152,312946987,2020-08-14
1294407338351300608,234616270,234616270,2020-08-14
1294354396583690240,797401556056469505,950516288618680320,2020-08-14
1294355520699211779,806304970429657088,1258211212078149632,2020-08-14
1294355995729125376,1734898296,1734898296,2020-08-14
1294363321701994496,106021590,106021590,2020-08-14
1294379240612417537,35360814,35360814,2020-08-14
1294357479493697536,766207718,496924790,2020-08-14
1294356018131017728,166272944,166272944,2020-08-14
1294357735618891780,3258234763,128149759,2020-08-14
1294358000124047360,912826574621229056,2295496772,2020-08-14
1294358564320890880,933170801993322496,933170801993322496,2020-08-14
1294363055409815553,917390576542113792,904877157209575424,2020-08-14
1294359909627240452,1253942561464619008,960526116816674816,2020-08-14
1294361481526509570,2954244545,1290028868603125763,2020-08-14
1294571460120514565,31155225,31155225,2020-08-15
1294394264344920064,317537739,67515086,2020-08-14
1294389064431476736,250675599,1098941844505821184,2020-08-14
1294362079927963649,1034067505,1034067505,2020-08-14
1294362202665660417,102748132,19845295,2020-08-14
1294362676601257985,34221355,864640796,2020-08-14
1294472336003887106,2865907814,1006691423486337024,2020-08-15
1294369523013910529,53197612,78907257,2020-08-14
1294393437526073344,766207718,496924790,2020-08-14
1294376669822820358,891056501942571008,1016591833,2020-08-14
1294380201376350214,1278357677169676289,856679909250523136,2020-08-14
1294443740401025024,971264135416700928,1238530889962962945,2020-08-15
1294367291753271297,23214369,23214369,2020-08-14
1294367886115512325,317980134,317980134,2020-08-14
1294635480546451457,253865484,161542673,2020-08-15
1294368304996507649,113061485,12909552,2020-08-14
1294375313477115905,1002392672647237632,40740469,2020-08-14
1294376178682343424,174610175,21691269,2020-08-14
1294371790450569216,3010258733,3010258733,2020-08-14
1294693315540066305,3010258733,1176611661622513664,2020-08-15
1294373670090158083,30618356,1345585446,2020-08-14
1294372853287190528,126067099,126067099,2020-08-14
1294372814116585480,363307821,363307821,2020-08-14
1294567771129487360,865972990038724609,918097898570731520,2020-08-15
1294380179440185345,193883484,193883484,2020-08-14
1294380574598209538,1229787355,1278178835721158657,2020-08-14
1294379811079626754,61662979,61662979,2020-08-14
1294381807593496576,1068550397617410049,612758723,2020-08-14
1296306607551258625,937714261,937714261,2020-08-20
1294456847525502976,15214728,962031879292530689,2020-08-15
1294384873956872197,402530400,402530400,2020-08-14
1297933170965446658,1008842448188174337,767123594468028416,2020-08-24
1294510127295475713,228754580,815349318219505664,2020-08-15
1294446943838466049,733060796196904960,16442999,2020-08-15
1294424539963719682,1108517037847048192,26942681,2020-08-15
1294386954415550464,2709505955,78130788,2020-08-14
1294387500149088264,87551311,906422900093206528,2020-08-14
1294387138415546375,4785673762,4785673762,2020-08-14
1294386824476008449,801492317085368320,801492317085368320,2020-08-14
1294386467117117440,71860801,829735015,2020-08-14
1294386332844855297,2930635215,2930635215,2020-08-14
1294401403767717896,1132681939956240391,25914301,2020-08-14
1294386648202051586,1220231701,1220231701,2020-08-14
1294405321042075658,273682711,549434777,2020-08-14
1294406377134202881,878140642794369025,4751116217,2020-08-14
1294393002824273920,21097020,21097020,2020-08-14
1294394675722358784,107106002,107106002,2020-08-14
1294401360201310208,926627535625977856,783643980,2020-08-14
1294397778106482691,1282112706,1282112706,2020-08-14
1294398080150798338,556550439,80944896,2020-08-14
1294459556119154690,16875220,241603172,2020-08-15
1294401439704514562,29308741,29308741,2020-08-14
1294415453838860293,64253558,847092377022091265,2020-08-14
1294403228134768640,80944896,556550439,2020-08-14
1294519961164054528,50664887,14453533,2020-08-15
1294402605549060102,134780431,54625997,2020-08-14
1294459456730869761,16875220,1130538737019097088,2020-08-15
1294400664349609984,2437216230,2437216230,2020-08-14
1294701339189161984,28874354,38928948,2020-08-15
1294406810200350726,1239599332770398214,1095804004347666433,2020-08-14
1294402935225552896,281382037,246486279,2020-08-14
1294436827412213766,456940955,456940955,2020-08-15
1294404828240568320,970888458452520961,4584716476,2020-08-14
1294409367987552256,24964371,1206716441329852416,2020-08-14
1294417256248537088,973252188,176217998,2020-08-14
1294407526042210306,922301845074096128,922301845074096128,2020-08-14
1294412791626043392,47133990,850684358,2020-08-14
1294408516980084743,126062842,126062842,2020-08-14
1294443909704306688,44482299,757341709772599296,2020-08-15
1294445746884882437,44482299,757341709772599296,2020-08-15
1294410664941965312,204766030,204766030,2020-08-14
1294412101038026755,236487888,267813460,2020-08-14
1294411283987673088,204766030,204766030,2020-08-14
1294747207351119872,910826952826802177,2178901116,2020-08-15
1294748465231097857,910826952826802177,2178901116,2020-08-15
1294414760784605186,236487888,594998304,2020-08-14
1294414360639545344,1219073889931677696,1219073889931677696,2020-08-14
1294413952911388686,1280857388191547392,2874521284,2020-08-14
1294412815814602753,3407098161,3407098161,2020-08-14
1294414290703745030,236487888,16440018,2020-08-14
1294415948091289600,2262994542,2262994542,2020-08-14
1294425076700332032,18006842,18006842,2020-08-15
1294418362383179782,1276300483221753857,1129876752136900614,2020-08-14
1294617002099843073,62178788,1290175045382201344,2020-08-15
1294417445646733314,17919393,17919393,2020-08-14
1294421710968696832,1292412122694115329,890735798265552896,2020-08-14
1294436619324231681,17094311,17094311,2020-08-15
1294425201724325889,811619815274254336,242183320,2020-08-15
1294419892070948866,1214998136457977858,1214998136457977858,2020-08-14
1294422789001113600,15976941,1290855567733522432,2020-08-14
1294421151813337088,55919473,55919473,2020-08-14
1294422594247163905,4143225107,1220125647647002625,2020-08-14
1294422996900249600,839483943640510464,839483943640510464,2020-08-14
1294423026138664960,149402723,1280951573321932800,2020-08-14
1294424225672056833,2356999634,3867241095,2020-08-15
1294434148057219074,1037170353020256257,987452787163369472,2020-08-15
1294440701531320320,149402723,1280951573321932800,2020-08-15
1294424657462874113,1150543708078477313,1150543708078477313,2020-08-15
1294425069368889344,143304197,143304197,2020-08-15
1294425185295183879,806873890198843397,806873890198843397,2020-08-15
1294456520818688002,1131088494036684800,1003090426365001728,2020-08-15
1294435112814346242,236487888,869241347001073664,2020-08-15
1294439768173010946,1255122200979558401,17418411,2020-08-15
1294434775277752322,236487888,512519310,2020-08-15
1294433108733890560,1017294810393337857,1017294810393337857,2020-08-15
1294434610575634433,206768149,206768149,2020-08-15
1295108993682202625,45970216,45970216,2020-08-16
1294436878394044418,1491442248,1491442248,2020-08-15
1294454584371564545,432122791,2964985205,2020-08-15
1294439170711195649,1093996255854977025,17834308,2020-08-15
1294440732342669313,1230782925358002176,1230782925358002176,2020-08-15
1294440007818792961,153570691,1154338487501500416,2020-08-15
1294444232573411329,21522338,2955612474,2020-08-15
1294449410647064577,20758567,196008780,2020-08-15
1294460151659814920,260291526,574075165,2020-08-15
1294449290169987072,1294079462410268674,1294079462410268674,2020-08-15
1294988017828913153,912826574621229056,2816404119,2020-08-16
1294487776788795392,996151242240901120,2232317695,2020-08-15
1294568077397389312,826332877457481728,927388044,2020-08-15
1294451779770494976,1959210086,18856754,2020-08-15
1294457002001862656,398710122,19163259,2020-08-15
1294458126918352896,1284143021546770442,1248098108648509440,2020-08-15
1294481997713244160,959254831562018816,36859740,2020-08-15
1294461453303414784,338672074,2628646326,2020-08-15
1294460292550754304,1223384444633067521,1223384444633067521,2020-08-15
1294465379381547008,926627535625977856,783643980,2020-08-15
1294464241446002691,827697609795989505,261010931,2020-08-15
1294470237170147332,193051266,145684204,2020-08-15
1294499803691442177,21522338,728251148956803074,2020-08-15
1294465742935437314,29538085,65803165,2020-08-15
1294472123193233408,149402723,1280951573321932800,2020-08-15
1294498077332484096,1182294310533787649,140097551,2020-08-15
1294470818706206721,248482567,248482567,2020-08-15
1294476786777161729,60946832,326515284,2020-08-15
1294472814121148418,1026505963405299714,1026505963405299714,2020-08-15
1295194115617878017,1176674394564788224,1034355118605561856,2020-08-17
1294473674200948737,1205355260467916805,1288064037348147200,2020-08-15
1294479086069456897,1563473563,539508983,2020-08-15
1294476302028697602,3187557143,3187557143,2020-08-15
1294477784723537920,1240791237642186752,1240791237642186752,2020-08-15
1294487076839264256,1674517422,473096140,2020-08-15
1294486833166868480,926627535625977856,783643980,2020-08-15
1294482512345853953,317893401,21112073,2020-08-15
1294483224358518784,1287834405386555401,1256545534346592258,2020-08-15
1294482331340693506,436486272,436486272,2020-08-15
1294487035525206016,200798390,185543119,2020-08-15
1294483869358526464,955425673107124225,4515734832,2020-08-15
1294486055379337216,762522504,2742287679,2020-08-15
1294879149232922625,968650278101815296,2238608174,2020-08-16
1294486142398554112,1075841518357819393,3950713455,2020-08-15
1294486890788397056,1205734178,1205734178,2020-08-15
1294662574999572480,165178030,165178030,2020-08-15
1294489906434236416,345110600,51147884,2020-08-15
1294489486529835008,16873455,43643958,2020-08-15
1295102583095296008,2954244545,1290028868603125763,2020-08-16
1294489925858086912,1078531367007326209,29729514,2020-08-15
1294490546925436938,1234131282520682497,933476345488789504,2020-08-15
1294490796557819906,17723297,17723297,2020-08-15
1294491091996012546,1280176249457930240,805112204206817280,2020-08-15
1294541301933735936,1115505571908804610,376190658,2020-08-15
1294557711598641152,1115505571908804610,376190658,2020-08-15
1294492597025677312,203218699,203218699,2020-08-15
1294492597877121024,203218699,203218699,2020-08-15
1295850824271196161,18441838,110182402,2020-08-18
1294498306631127040,1239503580354109440,1211651335390515200,2020-08-15
1294498970081718272,1239503580354109440,1211651335390515200,2020-08-15
1294502346421145600,1294478255429423105,158509562,2020-08-15
1294502477161783296,158509562,1294478255429423105,2020-08-15
1295048003242405888,2205851257,2205851257,2020-08-16
1294503722681159680,781115956240101378,781115956240101378,2020-08-15
1294504369463803904,1262865921623748608,1262865921623748608,2020-08-15
1294505846282440704,1233817907731107840,1182773171583365122,2020-08-15
1294505969829859331,572847290,175692750,2020-08-15
1294741146862854145,2988503129,1639563326,2020-08-15
1294512651708575744,1017883924976898049,516551233,2020-08-15
1294510118516789248,1288337410149974016,1288337410149974016,2020-08-15
1295251058789191682,930722458868600832,1523059298,2020-08-17
1294607310359339008,1083755620552110085,51251785,2020-08-15
1294607757648236544,1083755620552110085,51251785,2020-08-15
1294514383050043393,1046249197257646085,49489453,2020-08-15
1294702516547067904,14128086,358498266,2020-08-15
1294519415241879553,570085943,570085943,2020-08-15
1294522130391080960,181564913,181564913,2020-08-15
1294587256443830272,374197810,21297180,2020-08-15
1294520957525086208,1216793775265050626,29364386,2020-08-15
1294520310297894912,2181761890,2181761890,2020-08-15
1294520666486714368,1319210605,947893827775246336,2020-08-15
1294524197029515264,836800970617147397,836800970617147397,2020-08-15
1294528923762597888,1155144825265631232,34439235,2020-08-15
1294534003236585473,826550703258791937,5209571,2020-08-15
1294532817859166209,1202648441148469250,1202648441148469250,2020-08-15
1294534424135118848,3246319010,3246319010,2020-08-15
1294603091954868226,1609125409,3293661355,2020-08-15
1294536480862490625,24381278,966988688864444416,2020-08-15
1294630688302469120,1221453233480183808,3183194794,2020-08-15
1294566251445071874,806304970429657088,876832508536430596,2020-08-15
1294537829855506432,966988688864444416,24381278,2020-08-15
1294652825763340288,15760637,906026676219289600,2020-08-15
1294540669814558722,785832445350408192,785832445350408192,2020-08-15
1294541810698682368,528626327,1694233753,2020-08-15
1294630262178033664,1242561770423713794,19274683,2020-08-15
1294555455457566720,836350213,1978529714,2020-08-15
1294630507800604672,759835979582623745,20513812,2020-08-15
1294567349518049281,116828005,116828005,2020-08-15
1294588173897564161,389658589,761317635783061504,2020-08-15
1294564375613841409,1004380554601656327,1239975392288501762,2020-08-15
1294568133412507649,715925714864906241,715925714864906241,2020-08-15
1294656765779415040,1208101661048217602,1962082099,2020-08-15
1294751597575188482,1228738127700860928,1061664442423955456,2020-08-15
1294578473068109824,18416164,18416164,2020-08-15
1294578083710803968,22548775,22548775,2020-08-15
1294578500645593089,6822912,14145974,2020-08-15
1294941228253896704,965090066212073472,965090066212073472,2020-08-16
1294661851792519170,2805891835,1262658667,2020-08-15
1294585992213598209,1350625520,284187621,2020-08-15
1294586081531363334,4541141723,4541141723,2020-08-15
1294591637579063296,761317635783061504,389658589,2020-08-15
1294688850900525056,1147178896963452928,1132624446731292673,2020-08-15
1294590362040832000,1207985442987167744,1117827637131513858,2020-08-15
1294661550372990976,2442868698,378953302,2020-08-15
1294590900606296065,1117827637131513858,1207985442987167744,2020-08-15
1294592647718412290,857751069740453888,857751069740453888,2020-08-15
1294593942558846976,4315705875,4315705875,2020-08-15
1294597862597070849,742668154048909312,742668154048909312,2020-08-15
1294596981109776384,219862792,219862792,2020-08-15
1294598745955414016,89845943,3230894695,2020-08-15
1294617285756424194,3540699975,22337413,2020-08-15
1294710199035375616,450322790,101381985,2020-08-15
1294605384704032774,2412988891,2172451141,2020-08-15
1294603047352651776,1350625520,284187621,2020-08-15
1294771353506250753,25832979,385597799,2020-08-15
1294753486823981056,1088015879122472960,393602375,2020-08-15
1294610878399119360,40283095,14629660,2020-08-15
1294606957144420352,16873455,1259193269705113607,2020-08-15
1294623985498456065,1092617981434171398,173941032,2020-08-15
1294608027413360643,147241562,147241562,2020-08-15
1294608321371144192,1047280705431109632,1047280705431109632,2020-08-15
1294609095631220736,1283762764171927559,1283762764171927559,2020-08-15
1294609257686609920,2737901203,2737901203,2020-08-15
1294615483686113280,1025991491204739072,372569683,2020-08-15
1294621221892558848,1115960051989196800,221836999,2020-08-15
1294615377041715201,1025991491204739072,372569683,2020-08-15
1294615407412654082,1025991491204739072,372569683,2020-08-15
1294616075242483712,14629660,40283095,2020-08-15
1294627057280995328,1250161155395502088,1926663954,2020-08-15
1294627339788328960,1250161155395502088,1926663954,2020-08-15
1294612558087892992,1222504113205927937,4322568021,2020-08-15
1294613265792864256,619594389,619594389,2020-08-15
1294618339495616514,806304970429657088,1401077282,2020-08-15
1294618976698404866,798326917,3007941691,2020-08-15
1294643590459789312,761381580745113600,1275863717901750272,2020-08-15
1294621030879764480,2798800812,2798800812,2020-08-15
1294632834653655040,127673747,1069934778,2020-08-15
1294618846767316998,822830320059752448,822830320059752448,2020-08-15
1294619442136129536,2276154282,2276154282,2020-08-15
1294626006993711110,439690992,1924369890,2020-08-15
1294623554689019904,81140833,81140833,2020-08-15
1294646543014821892,1708832059,1708832059,2020-08-15
1294627055057985536,316825646,316825646,2020-08-15
1294626588189958144,410185446,410185446,2020-08-15
1294627924646273027,1267938182026362880,1023082555225133056,2020-08-15
1294633816452001793,1230105309844135936,946393297,2020-08-15
1294999481897881600,211383532,4422507387,2020-08-16
1294630824667566080,321553655,321553655,2020-08-15
1294631694608273408,236487888,623045225,2020-08-15
1294631222497480704,56939984,56939984,2020-08-15
1294990333562896385,962379680601882624,962379680601882624,2020-08-16
1294635716572590083,1197718386685423618,2209024917,2020-08-15
1294635217995665410,1293019279575719938,1293019279575719938,2020-08-15
1294644758753751041,1155144825265631232,34439235,2020-08-15
1294637748092010499,1239670347533860873,1258016220445577217,2020-08-15
1294637248810557441,423195810,47001219,2020-08-15
1294640239919726592,773842138576683012,486027426,2020-08-15
1294641165921222656,1274695414940196865,1150505309405929472,2020-08-15
1294641419978706944,3328863506,3328863506,2020-08-15
1294642752714469378,1159107329771655170,2708723852,2020-08-15
1296114632839634944,4898515481,317240024,2020-08-19
1294736124322222088,798064935486050304,52158579,2020-08-15
1294644995878785027,526602981,526602981,2020-08-15
1294649142778769415,528626327,1283650616015720448,2020-08-15
1294681635259129856,34228009,294852845,2020-08-15
1294648601826689024,16337307,33558901,2020-08-15
1294661283367792647,78942179,58815497,2020-08-15
1294648732433227777,1161674254125060096,939537033621659648,2020-08-15
1294649628604981249,1360364052,1360364052,2020-08-15
1294649672901046273,1266307147643727872,285693924,2020-08-15
1294736785264844801,115308684,1049264508,2020-08-15
1294912449905168386,1024725249701507073,1024725249701507073,2020-08-16
1294652701066829825,963241293483859968,2492041951,2020-08-15
1294652283150405632,798092068811718656,814526412749086720,2020-08-15
1294654015373017092,473709610,913132944918794240,2020-08-15
1294654325462048768,20957644,2432945726,2020-08-15
1294652840795922433,1141376712506257408,2279632345,2020-08-15
1294660562211811329,898231845925646336,1165598070840713220,2020-08-15
1294657422271774721,1266797935116738561,4034466268,2020-08-15
1294657699175526401,2452037023,2452037023,2020-08-15
1294659264380915713,4797583155,1026044424,2020-08-15
1294667040666468354,2215154144,567020622,2020-08-15
1294658763551641600,1254210615394123776,32805375,2020-08-15
1294659273583210496,34986102,34986102,2020-08-15
1294661998588895238,16337307,33558901,2020-08-15
1294662838473101312,520754045,933730934351806464,2020-08-15
1294663464556859395,63591116,1217794634023305217,2020-08-15
1294672088641536005,1210056858,2506548424,2020-08-15
1294719859083939842,63591116,1284572586471501832,2020-08-15
1294683981611511814,48085146,18878287,2020-08-15
1294669389485289483,1231007500541079553,1231007500541079553,2020-08-15
1294664340868653061,1239599332770398214,27633031,2020-08-15
1294672691019030536,938190517,938190517,2020-08-15
1294666206478241793,414366645,414366645,2020-08-15
1294666154926059526,1239599332770398214,27633031,2020-08-15
1294847829043589121,1247449803534954497,1247449803534954497,2020-08-16
1294668764710084608,1239599332770398214,27633031,2020-08-15
1294691270259085323,1277028550433017857,1280626172364115968,2020-08-15
1294704625283551233,3293661355,1609125409,2020-08-15
1294671125251624960,289084770,289084770,2020-08-15
1294671101499527170,4620477495,4620477495,2020-08-15
1294671923482374144,1239599332770398214,27633031,2020-08-15
1294676487971405832,17893690,27862011,2020-08-15
1294671863386382336,474343264,474343264,2020-08-15
1294671733488848896,99360258,99360258,2020-08-15
1294672907336126465,3115278003,3115278003,2020-08-15
1295070992176427009,898614077076918273,26625750,2020-08-16
1294675959136878592,914154385239937025,1255844660444004353,2020-08-15
1294673612352487424,973182044426645505,973182044426645505,2020-08-15
1294673961595396096,583888574,60212414,2020-08-15
1294744415056146432,3170694498,183370172,2020-08-15
1294674570998415360,1256597085618679808,1283465293344518144,2020-08-15
1294675851905306625,909518942699388933,1077979126173188097,2020-08-15
1294675766635102218,1190361679999197184,1201257655777583104,2020-08-15
1294674397274439680,477208408,477208408,2020-08-15
1294676898782629895,922253149972451330,2735490764,2020-08-15
1294676094113767425,118963083,1119218035,2020-08-15
1294677527252701185,45953264,2983481291,2020-08-15
1294676425832828928,162470443,162470443,2020-08-15
1294677065359224837,45953264,2983481291,2020-08-15
1294676570582515713,1353277550,1353277550,2020-08-15
1294679378543161346,1101855528865673222,501959101,2020-08-15
1294678518073237504,238416651,238416651,2020-08-15
1294679884288016384,1272251086007492608,1042966412527108096,2020-08-15
1294679283114356736,60212414,583888574,2020-08-15
1294682770804035585,1914067015,852987569054912512,2020-08-15
1294682145215193090,807812802761158656,2973278758,2020-08-15
1294682820602769410,1294470569333678082,1294470569333678082,2020-08-15
1294686606549561346,1260622147896119296,1260622147896119296,2020-08-15
1294711227071868928,16523575,311814690,2020-08-15
1294715308284944385,822913722897178624,1281559836363231232,2020-08-15
1294688500026167303,1251832030784106497,371902216,2020-08-15
1294688184803221504,4002348743,4002348743,2020-08-15
1294690571630653440,1131715664559972352,1131715664559972352,2020-08-15
1294690772491673602,865047051209510913,865047051209510913,2020-08-15
1294692063317909504,361654513,431023940,2020-08-15
1294706396466831362,615543962,104161979,2020-08-15
1294706740567711746,21327035,2253606535,2020-08-15
1294692856943325184,1024794220400451590,1024794220400451590,2020-08-15
1294722918086303746,16337307,33558901,2020-08-15
1294704920206049280,1177597202761302018,1252395777676021761,2020-08-15
1295136802114695168,361654513,431023940,2020-08-16
1294705103920934915,829466221145911297,571317314,2020-08-15
1294713573352955906,45953264,2983481291,2020-08-15
1295029923728338944,30376726,865425920957358082,2020-08-16
1294700435647979521,583923033,1081074702,2020-08-15
1294838630339543040,1043340761268477952,84008317,2020-08-16
1295742551211806720,2942835707,1909322172,2020-08-18
1294719579717906432,267522807,148495856,2020-08-15
1294706454931419140,894073584,894073584,2020-08-15
1294704004556038146,583923033,1235285040604602369,2020-08-15
1294709642690519046,434285206,990583009194795008,2020-08-15
1294720482311372800,4579015152,312946987,2020-08-15
1294706407489634311,3303070788,3303070788,2020-08-15
1294765499063185408,460246990,460246990,2020-08-15
1294709076165885958,896828255373848576,896828255373848576,2020-08-15
1294709673015353345,727933551526748161,727933551526748161,2020-08-15
1294710470763376640,172473768,172473768,2020-08-15
1294711743478808576,615543962,17144229,2020-08-15
1297375096835694592,16136152,134449730,2020-08-23
1294715243134885895,17558837,998228681016328193,2020-08-15
1294722544810037248,2805891835,14550673,2020-08-15
1294715539441557504,844296273645780992,4846951329,2020-08-15
1294715545422639104,1096305609325113344,1096305609325113344,2020-08-15
1294717954622287872,1294686378488262656,1294702508829544449,2020-08-15
1294718052769071105,190028514,190028514,2020-08-15
1294718528151597064,1234913290100334595,747171816850993152,2020-08-15
1294725056887586816,796953934132838400,1287810629135409156,2020-08-15
1294720675211440130,18316360,5447242,2020-08-15
1294725152878596099,1266579244169211905,573637753,2020-08-15
1294746717896794126,1011677469160722433,1011677469160722433,2020-08-15
1294723186467250181,987390778380095488,258432569,2020-08-15
1294753969596661761,902694098607493120,282656648,2020-08-15
1294723046398398465,3452796137,3452796137,2020-08-15
1294745566300327937,840066050,3255952285,2020-08-15
1294726122366816258,275381319,41150609,2020-08-15
1298654036334383104,1163629375,1163629375,2020-08-26
1294729779925651457,3201121997,783841916764950529,2020-08-15
1294802184719052802,141776827,82209814,2020-08-16
1294729775492235264,400585782,1174355032109649920,2020-08-15
1295428854849441796,860825714,1035852061181730816,2020-08-17
1294731552438411265,1244464308248952832,251008339,2020-08-15
1294732975741911041,179453498,179453498,2020-08-15
1294736169352089600,896481520021647360,1318711884,2020-08-15
1294792578999750656,2910719740,263780292,2020-08-16
1294738091408855041,809504329723940864,3377350281,2020-08-15
1294740994987102209,211235269,1261720923557842945,2020-08-15
1294738087528919040,27688800,27688800,2020-08-15
1294739667338891265,3377350281,809504329723940864,2020-08-15
1294739679481344005,2805891835,17958185,2020-08-15
1295023273680543745,209264681,209264681,2020-08-16
1294739493082337282,1140675256522354688,3241418992,2020-08-15
1294739447934865409,702371545168142336,702371545168142336,2020-08-15
1294742295208755202,4883533047,4883533047,2020-08-15
1294743149907066881,490916004,490916004,2020-08-15
1294811490223042565,1033797289,129252987,2020-08-16
1294753670463094785,819461811275698176,298498537,2020-08-15
1294748725064216578,45573874,45573874,2020-08-15
1294841114164371456,3382362215,278289543,2020-08-16
1294749659534110720,24658277,24658277,2020-08-15
1294752202628591616,902117934,1247474190229241856,2020-08-15
1294750530867097600,14976428,14976428,2020-08-15
1294751020484947969,220913717,220913717,2020-08-15
1294757435853373441,255137097,501221555,2020-08-15
1294752273243938816,18281132,18281132,2020-08-15
1294755528191741958,324163222,1285287638535155714,2020-08-15
1294755438810914816,992843835225997312,992843835225997312,2020-08-15
1294760282322083841,27993137,34724768,2020-08-15
1294755518389448704,233846028,4175463178,2020-08-15
1294754821061451778,17919393,17919393,2020-08-15
1294807925882593280,23872093,255678271,2020-08-16
1294762190575218688,4175463178,233846028,2020-08-15
1294755896099250178,747159120046923776,22205104,2020-08-15
1295046047065145345,116843810,796735657855033344,2020-08-16
1294755858472206341,3965496853,3965496853,2020-08-15
1294756892573667333,822567453519728640,36767444,2020-08-15
1294757200997560320,386780765,386780765,2020-08-15
1294758587995168769,811660085101400064,3014278743,2020-08-15
1294757784735670282,1174552301945741312,1174552301945741312,2020-08-15
1294768671840243713,1268708537204707328,2990112332,2020-08-15
1294758921735933953,1212560022623776769,2368482738,2020-08-15
1294758881382498310,1235562214960046080,1235562214960046080,2020-08-15
1294765371237507080,809504329723940864,3377350281,2020-08-15
1294800505986854917,34724768,27993137,2020-08-16
1294833115123183619,1221878335929643008,1272684701149364224,2020-08-16
1294763273888251904,233846028,4175463178,2020-08-15
1294776255523573763,2962955644,807741894,2020-08-15
1294766386863058944,888240081865232384,888240081865232384,2020-08-15
1294767986062966786,882693129953869824,882693129953869824,2020-08-15
1294772696740503554,14128086,3239536342,2020-08-15
1294773591201001472,1268143084468142082,800172057371680768,2020-08-15
1294770367211479042,27328777,27328777,2020-08-15
1295099271969230849,255804172,255804172,2020-08-16
1294771772181696520,163971799,825363143702540288,2020-08-15
1294772265733828615,1140675256522354688,987358254249529344,2020-08-15
1294773980511928320,492359999,492359999,2020-08-15
1294773841734955008,796953934132838400,1287810629135409156,2020-08-15
1294774900587200513,1880149171,1880149171,2020-08-15
1294779927628218368,27013347,1019031247186743298,2020-08-15
1294775004052115457,1271212564874223617,825551895796264962,2020-08-15
1294816487249780737,923303740551172102,369154504,2020-08-16
1294777182976344076,1259663114221621248,1259663114221621248,2020-08-15
1294781207662727175,2935489123,2935489123,2020-08-15
1294779432423632902,1150155951716085760,929571129446027265,2020-08-15
1294780075238404096,1009115489585565696,1009115489585565696,2020-08-15
1294786781934747655,1172242189,721700286155329537,2020-08-16
1294787630513688583,2228878592,185257231,2020-08-16
1294782934277214208,814259546545799168,814259546545799168,2020-08-15
1295050235308171265,1207755089584123904,1251716523867009026,2020-08-16
1294783423664410625,3497730012,117536372,2020-08-15
1294783345029652480,273308671,273308671,2020-08-15
1294784759827111936,11239092,11239092,2020-08-15
1294795020105584642,2569111134,2569111134,2020-08-16
1294805059339980805,1026044424,4797583155,2020-08-16
1294990580561448960,206180546,1287550015590850560,2020-08-16
1294789949099659264,31898136,31898136,2020-08-16
1294790091152355329,101689793,101689793,2020-08-16
1294801829788815360,3241418992,3263113257,2020-08-16
1294792894084034560,15218699,1212291159004860416,2020-08-16
1294803577492459527,980751483837861894,1265737209610670088,2020-08-16
1294820896843210752,63591116,313682742,2020-08-16
1294827741230112770,1014249685,532931730,2020-08-16
1294793650669596673,16661097,16661097,2020-08-16
1294796290488967177,1215543379,1215543379,2020-08-16
1294794648897036289,1537312639,1537312639,2020-08-16
1294798984708415489,134876979,134876979,2020-08-16
1294808888810835969,1245551843209592834,35047209,2020-08-16
1294801515970879488,932461306833133569,1157261811999076352,2020-08-16
1294799016257937408,883399345101459457,883399345101459457,2020-08-16
1295134286891364353,74588180,74588180,2020-08-16
1294800807041196032,1601988421,137729941,2020-08-16
1294800346242572288,59674605,4038961403,2020-08-16
1294801491669049344,348138733,348138733,2020-08-16
1294801283614998528,15604825,15604825,2020-08-16
1294801747156676608,1006695033783775232,1006695033783775232,2020-08-16
1294868244482813958,1372710282,1372710282,2020-08-16
1294803709747224576,87612386,766483825,2020-08-16
1294803482004922368,1018927609193910276,1018927609193910276,2020-08-16
1294809900040716288,46376090,1273111523611881472,2020-08-16
1294805540930027521,93122313,1244449302761496576,2020-08-16
1295041383233814529,824267960,904878312471875585,2020-08-16
1294807819393404930,1230574875707953152,1230574875707953152,2020-08-16
1294835907921612801,2800961987,1623764450,2020-08-16
1294811809820499968,3035461622,3035461622,2020-08-16
1294815298999275521,191124551,219460441,2020-08-16
1294810726486487045,2455469132,2455469132,2020-08-16
1294857890147241984,565873727,565873727,2020-08-16
1294854172701949953,43643958,1111803390458126336,2020-08-16
1294811922878144517,1033797289,1033797289,2020-08-16
1294921382246019077,160083138,160083138,2020-08-16
1294812150251356160,1033797289,1033797289,2020-08-16
1294812334989414400,1033797289,1033797289,2020-08-16
1294824042164359169,1026044424,4797583155,2020-08-16
1294812455567327232,1033797289,1033797289,2020-08-16
1294812566749880320,1033797289,1033797289,2020-08-16
1294918619441307650,1261978725006086145,2455120802,2020-08-16
1294814622235623424,960304283337052160,1236118710101970944,2020-08-16
1294815026805501953,501583288,16661863,2020-08-16
1294817276739366915,17790667,319152325,2020-08-16
1294817265158823937,501583288,239499464,2020-08-16
1295004015764344833,840066050,3255952285,2020-08-16
1294819912444084224,319152325,17790667,2020-08-16
1294820320231272449,960304283337052160,1236118710101970944,2020-08-16
1294833085150896131,3351210604,2413443007,2020-08-16
1294823749070381056,47506214,47506214,2020-08-16
1294824309307748352,501583288,387760036,2020-08-16
1294838675222794243,19346439,862741,2020-08-16
1294825704001957888,971631607994986496,971631607994986496,2020-08-16
1294830904016285699,485240930,372019779,2020-08-16
1294827712130023424,284219323,635032312,2020-08-16
1294830211909943297,4419690323,2218437631,2020-08-16
1294828407235149824,635032312,284219323,2020-08-16
1294868803801812992,1260747703488851977,1172327938571653121,2020-08-16
1294828907800264704,1291313099430154241,1291313099430154241,2020-08-16
1294986693511184384,1272147606429368320,1034520104111927298,2020-08-16
1294836231864541186,326460801,1274777462413709313,2020-08-16
1294831274679574528,18588943,262669462,2020-08-16
1294834893122408448,345110600,1185604783765278720,2020-08-16
1294832618853281792,56903308,56903308,2020-08-16
1294832983963131904,3291991989,1224860277142884352,2020-08-16
1294835970274021376,112297589,112297589,2020-08-16
1294839266166681611,1289251420873658368,1289251420873658368,2020-08-16
1294847269867528193,1248512852492779520,4065022577,2020-08-16
1294847732985856000,1242581424525447168,1127034647857074176,2020-08-16
1294837383922200576,51779817,188421267,2020-08-16
1294845275459051525,704439746345324544,255650850,2020-08-16
1294850888453050368,1190361679999197184,1243182137294991360,2020-08-16
1294982184688852992,1520953578,46782042,2020-08-16
1294846182242627585,820577460886458368,1287785640466305025,2020-08-16
1294838909042675714,2526741,1196219382118191109,2020-08-16
1294840592690806786,20297092,20297092,2020-08-16
1294842328205664258,268892855,712486927849508864,2020-08-16
1294841773748113413,528072190,204202468,2020-08-16
1294841817259802626,1052665856,1052665856,2020-08-16
1294849644552433665,1290347248249909248,953062338151702528,2020-08-16
1294991894418685958,204202468,528072190,2020-08-16
1294944808486699014,1242511,1191589745626959872,2020-08-16
1294844633588084736,214254848,1268237888283705345,2020-08-16
1294845084941185025,60379292,1162517527802499073,2020-08-16
1294869405948502021,1238603201084944384,3008523740,2020-08-16
1294847612466724864,539643395,539643395,2020-08-16
1294955728772509701,269940084,1248341698784174081,2020-08-16
1294845003181756417,3508417816,3508417816,2020-08-16
1294894275046629376,255650850,704439746345324544,2020-08-16
1294870677145624577,444111099,460812927,2020-08-16
1294848447917568000,30779596,1252393496889171968,2020-08-16
1294847944772988928,64097093,26672220,2020-08-16
1295103069064241153,1154961400177090561,1179739666037133312,2020-08-16
1294848487280898048,104309271,45892601,2020-08-16
1294850387158036480,1178501200125157376,1104378110714236928,2020-08-16
1294850157394178050,1230587465326571526,1230587465326571526,2020-08-16
1294852475061702662,217194463,276711781,2020-08-16
1294850391092453379,15947342,2578093897,2020-08-16
1294872334713724928,1022041506104926208,786749334138281985,2020-08-16
1294851506114646016,2526741,16846679,2020-08-16
1294851240887644160,1178501200125157376,1104378110714236928,2020-08-16
1294969651370303488,987166183676940288,16032453,2020-08-16
1294853135492509697,104309271,1344623624,2020-08-16
1294867606936014848,1092748036529254400,874197526404005889,2020-08-16
1294981005678444545,956738114516606976,714655239790530561,2020-08-16
1294856589590106112,12143482,12143482,2020-08-16
1294860708988047360,213328267,2762411758,2020-08-16
1294887798277697536,1973402070,405988782,2020-08-16
1294867732236705793,1283072340750827520,757107000857628672,2020-08-16
1294865403789836288,908475217097510913,827965206542311426,2020-08-16
1294872868447301633,2843685004,1324923235,2020-08-16
1294874790876987392,1248456818457604097,2760278687,2020-08-16
1294868619784884224,874197526404005889,1092748036529254400,2020-08-16
1295006359860260864,4498897287,800114219592990720,2020-08-16
1294876938708819969,874197526404005889,1248549087223447552,2020-08-16
1294871546545094661,18441838,135517010,2020-08-16
1294926463846633474,66649601,66649601,2020-08-16
1294874398978187264,1172327938571653121,1260747703488851977,2020-08-16
1294876163991572480,1218390157944131584,67389191,2020-08-16
1295203626965762048,1218390157944131584,1139763463570329600,2020-08-17
1294900635243094016,1177700090108141568,23274444,2020-08-16
1294887526298263555,732902160158035969,732902160158035969,2020-08-16
1294887555226390528,66204061,66204061,2020-08-16
1294933986108735491,3372691222,1081178315300446208,2020-08-16
1294889440796717057,1035575631306735616,1035575631306735616,2020-08-16
1294904947163705345,2516160012,1281470222340366336,2020-08-16
1294896861258579968,938464541788209152,952266878831022080,2020-08-16
1294949104448090112,3308046974,618649555,2020-08-16
1294896815616204800,747159120046923776,889538408237944833,2020-08-16
1294896819252731904,1094305807049678849,1228063557662760989,2020-08-16
1294896886881624064,1228063557662760989,1094305807049678849,2020-08-16
1294966495282229250,1251170849761067008,203437004,2020-08-16
1294901128748965889,88357443,88357443,2020-08-16
1294902332841504770,747159120046923776,1028644003124862978,2020-08-16
1294902028586463234,18441838,298655865,2020-08-16
1294965900823724033,1011006225390145537,541766750,2020-08-16
1295376420261318658,1047616676928397312,141446233,2020-08-17
1294906556836970497,1249791698177265669,1249791698177265669,2020-08-16
1294906626869202944,4067710432,4067710432,2020-08-16
1294907696043433984,105819313,809597420,2020-08-16
1294909824938004480,809597420,105819313,2020-08-16
1294964826670653440,802378181130874880,955970244,2020-08-16
1294911877336702978,1140675256522354688,747159120046923776,2020-08-16
1294921046940880899,728747154,1123521930240434176,2020-08-16
1294916159872081921,908259107190296576,908259107190296576,2020-08-16
1294923308098560000,1242873730495320066,724215730896556032,2020-08-16
1294921824032239616,747159120046923776,22205104,2020-08-16
1294934266107899904,285089873,180781572,2020-08-16
1294924386185617408,146374545,1242683466631839746,2020-08-16
1294976813735780352,910595198186438656,3278949571,2020-08-16
1294925177038311425,1242683466631839746,146374545,2020-08-16
1295916881937862658,2910719740,2910719740,2020-08-19
1294932441237524481,939172847280447488,939172847280447488,2020-08-16
1294933910598623237,1483341222,1483341222,2020-08-16
1294934833802682368,1251477123811946496,959377713604767744,2020-08-16
1294935845368193024,910826952826802177,910826952826802177,2020-08-16
1294943149987635200,1174083617024356352,23524797,2020-08-16
1295036323011665922,728747154,36105457,2020-08-16
1294942064535154688,17243913,4157939543,2020-08-16
1295227474423365633,2836454576,35285995,2020-08-17
1294996732871286792,1158815825094033408,962171187345281024,2020-08-16
1294942803105992704,1091595146150449154,1180670815781568512,2020-08-16
1294943839413776384,4541141723,4541141723,2020-08-16
1294947775164055552,115308684,76934554,2020-08-16
1294945270137004032,3263113257,2619572922,2020-08-16
1294946905919754242,4541141723,836721050008313857,2020-08-16
1294951863704604672,2619572922,956461939344990208,2020-08-16
1294951987906252802,806304970429657088,1098413398386192384,2020-08-16
1294950190324027392,479581233,479581233,2020-08-16
1294957836410269696,295214245,1114319185411096577,2020-08-16
1294959083024457729,295214245,773660430778630144,2020-08-16
1294951386787045376,4541141723,4541141723,2020-08-16
1294953730320859136,17999815,17999815,2020-08-16
1294955724443983872,115308684,195107917,2020-08-16
1294961245037133824,4871544759,1169280293422940160,2020-08-16
1294960178186469381,1122067317964378113,1281123895073005571,2020-08-16
1294955921697837057,779516434305191936,779516434305191936,2020-08-16
1294972637454708737,487699810,487699810,2020-08-16
1294959013529096193,56323023,56323023,2020-08-16
1294957997832232963,1222866234322178049,1222866234322178049,2020-08-16
1294959285340983301,179487856,179487856,2020-08-16
1295200668731482112,1218390157944131584,1012160374098055168,2020-08-17
1295032718678515712,246165172,308394043,2020-08-16
1295006364008415234,2477205531,2895278448,2020-08-16
1294968764790968322,251895418,251895418,2020-08-16
1294972511818600448,1241143393562091520,550288757,2020-08-16
1294972121215578112,1176865170267824128,1909070352,2020-08-16
1294973511979732997,22074698,1222104955961540608,2020-08-16
1294979182645125120,2619572922,956461939344990208,2020-08-16
1294973258962317314,1285287638535155714,324163222,2020-08-16
1294973000350142464,331571319,331571319,2020-08-16
1295404615245209600,1150186877493923841,1266715432217649153,2020-08-17
1294994799594962944,324163222,1285287638535155714,2020-08-16
1294978025038196736,1077942995742347264,1252176587841245184,2020-08-16
1294991202631049220,148655479,112366796,2020-08-16
1294998969303662594,339840888,1636326139,2020-08-16
1294991065330655232,1230871278304755712,965261286362763265,2020-08-16
1294978331138564096,744738129702072321,744738129702072321,2020-08-16
1294979687014375424,120098686,120098686,2020-08-16
1294980895225655300,799010005655633922,25738478,2020-08-16
1294989195799396352,583923033,888110508,2020-08-16
1294982722830688256,56903308,1053291998,2020-08-16
1294982360329592832,46782042,1520953578,2020-08-16
1294985452018110464,1422039536,2893133624,2020-08-16
1294985182165041154,1003072759042314240,1003072759042314240,2020-08-16
1294987068293210112,16732997,16732997,2020-08-16
1294990951589580809,421431606,16736586,2020-08-16
1294987754720374784,56903308,56903308,2020-08-16
1295006115848163328,2843685004,1294780256608333824,2020-08-16
1294990333718204416,2238151791,2238151791,2020-08-16
1294989905068568576,806936159586652161,806936159586652161,2020-08-16
1295007531916550147,21042518,21042518,2020-08-16
1295057560047890432,927637426721390593,405001399,2020-08-16
1294991397800607746,2238151791,2238151791,2020-08-16
1294992247394467840,13132342,54705109,2020-08-16
1294994259708264450,932365571638706178,466855516,2020-08-16
1294994964221440000,803270430366765056,803270430366765056,2020-08-16
1294996427475689472,728534447843323906,728534447843323906,2020-08-16
1294996099497971714,29844907,370229523,2020-08-16
1294998288010182656,302887026,1241750619876179968,2020-08-16
1295061024668708864,3975435886,17550579,2020-08-16
1294997292374724608,586038433,586038433,2020-08-16
1294998398165188614,370229523,29844907,2020-08-16
1295008122319364096,798064935486050304,1205903295757406208,2020-08-16
1295001890271498240,19115409,1413475964,2020-08-16
1295008173615702016,806304970429657088,75739978,2020-08-16
1295155998282452992,1274777462413709313,326460801,2020-08-17
1295085449413824519,1276719309155258368,1145484824334995462,2020-08-16
1295002115610476544,1280915025486544897,1280915025486544897,2020-08-16
1295073836174540801,1294360108554686464,948324357226496002,2020-08-16
1295087391997407233,58273574,870920476205301760,2020-08-16
1295007253242814466,2895278448,2477205531,2020-08-16
1295024210918674434,3378306652,2991104351,2020-08-16
1295007386948849664,1359858536,1149983096,2020-08-16
1295048844921765889,2913210161,803806129,2020-08-16
1295008174718713856,2477205531,2895278448,2020-08-16
1295008429111640069,2477205531,2895278448,2020-08-16
1295012784422477825,2895278448,2477205531,2020-08-16
1295008804430581760,402979957,78508280,2020-08-16
1295127005516582914,76221829,192538987,2020-08-16
1295009072614432770,78508280,402979957,2020-08-16
1295009736912510976,1359858536,746533737509195776,2020-08-16
1295010136755515393,1076544925574090754,3539191576,2020-08-16
1295011659212259330,812699906582474752,1053069704418324480,2020-08-16
1295011137247944705,917461450117079050,917461450117079050,2020-08-16
1295017379920044033,1262511479779180546,2910462377,2020-08-16
1295012188726452224,3190339799,635684293,2020-08-16
1295129469166866432,23896511,744229576486707200,2020-08-16
1295178692310839298,15736424,26127066,2020-08-17
1295015369334296576,807812802761158656,704014123860946944,2020-08-16
1295019604734095366,820309949565714432,554778851,2020-08-16
1295018995289133062,199295073,896080601509498882,2020-08-16
1295017432193601536,1158015663002308609,480727660,2020-08-16
1295016876481839104,194879900,626199651,2020-08-16
1295017756446859269,798064935486050304,1205903295757406208,2020-08-16
1295017681163231233,247222241,21681190,2020-08-16
1295020235007959046,4833135104,900008955900043264,2020-08-16
1295018830171983875,1516801658,1516801658,2020-08-16
1295018675997519872,171191577,932241800751751169,2020-08-16
1295019099974770688,1041740457406078976,26656309,2020-08-16
1295020316364804097,87612386,766483825,2020-08-16
1295020301332381697,330393416,1261533411115556867,2020-08-16
1295024317747597313,38917236,1636425300,2020-08-16
1295021955406532608,24484939,24484939,2020-08-16
1295036992816910341,1149893167153647617,1166064037911834626,2020-08-16
1295023950624260097,829536330275188737,1150534939496067074,2020-08-16
1295024847895093248,802089701293363200,1125341789286572032,2020-08-16
1295023799134556162,770017066883616768,770017066883616768,2020-08-16
1295038598597816323,1224912776243634177,3294577540,2020-08-16
1295026090642030592,1255194466354229248,1119435942115323905,2020-08-16
1295035903501570049,972260882586787842,893114779547709440,2020-08-16
1295083877111742464,316846572,969283186176933889,2020-08-16
1295030359533539328,2738347889,64619903,2020-08-16
1295026008014258178,1388168900,812057340841078784,2020-08-16
1295026512144543744,1290717765066788865,1248019077794271234,2020-08-16
1295032689863675912,1293637627850174464,1087240742,2020-08-16
1295026052805414912,341277040,1105863286455709697,2020-08-16
1295026592704585730,417425594,3190176368,2020-08-16
1295027391631417348,93959333,34521445,2020-08-16
1295027538482192390,446822996,446822996,2020-08-16
1295188116177920000,61591041,2982386446,2020-08-17
1295027634980626433,1249203522953867264,1249203522953867264,2020-08-16
1295054645258268672,1189682095532183552,31255195,2020-08-16
1295029927058616324,22596600,1236103862177501184,2020-08-16
1295041496333324293,3230198245,3230198245,2020-08-16
1295030339367079936,22596600,1236103862177501184,2020-08-16
1295033090000199681,1140379748268466176,1140379748268466176,2020-08-16
1295030975857123330,116835497,116835497,2020-08-16
1295032090149425153,1246351550714437633,1246351550714437633,2020-08-16
1295033269621100544,22596600,1236103862177501184,2020-08-16
1295033077681528834,2370721916,1003369716264652800,2020-08-16
1295032381112381440,13606542,13606542,2020-08-16
1295034314304958465,963153382335827968,1069422303816138752,2020-08-16
1295041640420212741,1069018852963557376,476485208,2020-08-16
1295034844762710017,829536330275188737,1343052415,2020-08-16
1295047198342877191,800570658929262592,1247221267,2020-08-16
1295035914754887680,870749903252635648,318843297,2020-08-16
1295037667214684160,829536330275188737,1343052415,2020-08-16
1295037315321155589,84734907,84734907,2020-08-16
1295063779055742982,893114779547709440,972260882586787842,2020-08-16
1295036262751956992,3317271798,3317271798,2020-08-16
1295037251404136450,988588219376832512,988588219376832512,2020-08-16
1295198172428394496,1240838396752195584,1264285748292915200,2020-08-17
1295038921798111232,2729061,88974227,2020-08-16
1295043330837897221,2882491766,1166413809747185664,2020-08-16
1295041218901049344,2343130812,1033400176470355968,2020-08-16
1295041491560280070,855977717409472512,1116793681758040067,2020-08-16
1295041638935355393,946959968049160192,1243386249127190531,2020-08-16
1295045749965762560,487699810,720261961,2020-08-16
1295040811902607360,3040072501,3040072501,2020-08-16
1295040754960588801,1334812615,1334812615,2020-08-16
1295048999469285376,1014229720169316352,1035687764531011584,2020-08-16
1295105806233415687,1253091184207159305,1257790813867847681,2020-08-16
1295043769885167616,1145080857159512065,1164013468854431744,2020-08-16
1295046107463114752,1271568481012588547,48819659,2020-08-16
1295053033563332610,1088054464160956417,230004052,2020-08-16
1295049491309981696,15797346,15797346,2020-08-16
1295055394906284033,1267566255181004803,347547067,2020-08-16
1295051397751349248,728747154,1133487847455875072,2020-08-16
1295053034385321984,829536330275188737,1343052415,2020-08-16
1295052962641911809,811660085101400064,1462919173,2020-08-16
1295052274582999040,18828839,18828839,2020-08-16
1295055352342470656,1240010382464430082,1240010382464430082,2020-08-16
1295068799901761541,1078531367007326209,29729514,2020-08-16
1295054096743964672,1239599332770398214,2894262712,2020-08-16
1295061896282832896,466145570,1118617845246644230,2020-08-16
1295054969280790538,747159120046923776,261755439,2020-08-16
1295068684226932736,187413029,864572938007322625,2020-08-16
1295057535804809217,47155799,369870261,2020-08-16
1295057771361116166,2913210161,1174464209490448384,2020-08-16
1295084639225356290,3610845743,452739360,2020-08-16
1295080796798087168,1155301379595833344,51849318,2020-08-16
1295063075888873472,848591867092410368,848591867092410368,2020-08-16
1295070030837710849,1245901213255811074,1268433865397473281,2020-08-16
1295065008766947328,23259015,57115332,2020-08-16
1295066203153510401,829536330275188737,848069830548668416,2020-08-16
1295065784369262593,36623,36623,2020-08-16
1295068299609493506,223169047,2774414284,2020-08-16
1295068114028310528,341277040,2304677622,2020-08-16
1295074275595034630,1009545496418021382,819465258226094081,2020-08-16
1295072551228641280,1141459330807545857,3585488054,2020-08-16
1295069154479869953,806304970429657088,4891981774,2020-08-16
1295080275421155329,18019204,846511261651259392,2020-08-16
1295097343080116224,423195810,26545118,2020-08-16
1295071991892910081,829536330275188737,1072116309679316992,2020-08-16
1295071066193367041,43641554,43641554,2020-08-16
1295196025867718656,726873022603362304,1241426634026057729,2020-08-17
1295085175223865344,1249895321737539584,862767233730215941,2020-08-16
1295074148910346240,583923033,888110508,2020-08-16
1295075052275281925,583923033,1081074702,2020-08-16
1295076132585275393,829536330275188737,1231275520148549632,2020-08-16
1295083041203851265,986619506842882048,1170005871474032642,2020-08-16
1295077569910407168,203725188,203725188,2020-08-16
1295076455794331649,557559865,557559865,2020-08-16
1295959283532615680,2180773862,746211887096836096,2020-08-19
1295077347968917506,373269007,373269007,2020-08-16
1295078400533692417,9166762,602036446,2020-08-16
1295078048430272514,2187197353,2192854579,2020-08-16
1295083024296574977,1125362672,2971538541,2020-08-16
1295079925091840000,1572159853,881598753634779136,2020-08-16
1295079388153708544,911645346421342208,911645346421342208,2020-08-16
1295124491996205056,460233029,1172292222764503040,2020-08-16
1295087266822578176,2602031004,937024348065599488,2020-08-16
1295181291768492032,2818295215,2818295215,2020-08-17
1295103078404849665,188945392,551947047,2020-08-16
1295080091848806400,881598753634779136,1572159853,2020-08-16
1295081364589608963,937523095392440320,223024903,2020-08-16
1295081325255434240,809539160147107840,1876927196,2020-08-16
1295086403282509824,583923033,888110508,2020-08-16
1295082850555842560,984605262999732225,219201178,2020-08-16
1295083621322170368,728398479605661696,1192093231342858240,2020-08-16
1295091297292816389,1261150741558775808,1938873528,2020-08-16
1295085837705715712,1938873528,1277721431074357248,2020-08-16
1295084681826885632,1142149607385915393,902543892,2020-08-16
1295105956800421888,856778773810659328,1136355226888286208,2020-08-16
1295085278248316928,454606104,19303469,2020-08-16
1295090383500779521,55525160,880096255220830208,2020-08-16
1295085566556602370,3152725373,2616137396,2020-08-16
1295103500079300614,950717304253370370,18858273,2020-08-16
1295087851705688065,45379272,846360560455335936,2020-08-16
1295089579326930944,19303469,454606104,2020-08-16
1295089884642840576,840647696562155520,70544000,2020-08-16
1295086947254390784,4875114297,3368665990,2020-08-16
1295086929466347525,3393186119,494411032,2020-08-16
1295086993471414273,1123431740809318400,1123431740809318400,2020-08-16
1295088565223862276,1125362672,254290159,2020-08-16
1295087553863995405,74777399,74777399,2020-08-16
1295088489428549634,2304677622,2166224224,2020-08-16
1295089047417712640,2865907814,877266639653294080,2020-08-16
1295103551652237312,631540093,631540093,2020-08-16
1295105930380685312,30106647,1921265666,2020-08-16
1295094786467205120,1142149607385915393,902543892,2020-08-16
1295091438766755842,3112701491,995319406325616640,2020-08-16
1295098291856838657,1125362672,406364156,2020-08-16
1295095230253928449,937523095392440320,730256470051192837,2020-08-16
1295093983790501888,2646568622,2646568622,2020-08-16
1295093678059532291,70544000,840647696562155520,2020-08-16
1295094430970589185,1125362672,2989201961,2020-08-16
1295094559337263104,771328767193124865,260981347,2020-08-16
1295094713079521281,479568408,479568408,2020-08-16
1295096010793000964,479568408,479568408,2020-08-16
1295097717430136836,479568408,479568408,2020-08-16
1295097719439134721,479568408,479568408,2020-08-16
1295099730800902147,1067002452925448192,908475217097510913,2020-08-16
1295108937528807426,128942118,14343690,2020-08-16
1295101428667752452,729152628,729152628,2020-08-16
1295101809434869760,179684226,2500271612,2020-08-16
1295106658020896768,310620955,1263864569363148800,2020-08-16
1295107112872431616,88934626,302950985,2020-08-16
1295106444245839872,17226335,17226335,2020-08-16
1295106500038406146,1195564964641230848,1195564964641230848,2020-08-16
1295499729040596992,2747341140,2747341140,2020-08-17
1295120911750909952,284631754,439521134,2020-08-16
1295110259267244034,779306848021250048,276966717,2020-08-16
1295112670304231427,898946995,862680659852238848,2020-08-16
1295143542310858753,9955362,21030807,2020-08-16
1295110772205395968,829536330275188737,20404806,2020-08-16
1295117843512664064,358904706,103892662,2020-08-16
1295394634680668160,2468470636,2581791612,2020-08-17
1295111106373902338,1272918670323224577,41044194,2020-08-16
1295115644795527168,811660085101400064,1462919173,2020-08-16
1295122437303140354,1193355651088408581,2922268545,2020-08-16
1295112288454795269,34983607,1263619043854028802,2020-08-16
1295117748725587969,2581791612,1206307930020040704,2020-08-16
1295232618317799424,974801657358819328,974801657358819328,2020-08-17
1295113321725796353,814373143,814373143,2020-08-16
1295114299644555264,3152725373,384074872,2020-08-16
1295114343269511169,3152725373,928986448870682624,2020-08-16
1295135298997944321,958773503527964673,1211283132428611585,2020-08-16
1295116591911383040,3152725373,292108262,2020-08-16
1295116709750165506,19483125,19483125,2020-08-16
1295133297341870083,53156029,745668816412221440,2020-08-16
1295117368977489927,373727950,2987502709,2020-08-16
1295117741339410432,42236763,42236763,2020-08-16
1295120104397713412,1162625780943339521,1203897179229831168,2020-08-16
1295121461515091973,28417631,143914401,2020-08-16
1295123816427991040,1732832239,2717834801,2020-08-16
1295387011348668421,21327043,823593453112229889,2020-08-17
1295125600315809793,2581791612,2483258168,2020-08-16
1295126711793627136,348138733,348138733,2020-08-16
1295127170767966208,71414799,71414799,2020-08-16
1295133250067804162,32964416,1157344482356015108,2020-08-16
1295127933913309190,3322710906,3322710906,2020-08-16
1295128615475175424,71860801,257336262,2020-08-16
1295129686037729289,213766032,213766032,2020-08-16
1295131557980770306,2581791612,49137779,2020-08-16
1295129497528872966,310893721,310893721,2020-08-16
1295129498984341504,310893721,310893721,2020-08-16
1295138489089036288,898946995,329167688,2020-08-16
1295166928802197506,56903308,1087406052,2020-08-17
1295151472196431872,21522338,421509548,2020-08-17
1295159515567075328,864640796,34221355,2020-08-17
1295850369826914309,330062125,779520929265176577,2020-08-18
1295155010419003394,888240081865232384,888240081865232384,2020-08-17
1295133484336349190,829536330275188737,63346429,2020-08-16
1295257607670824960,1267566255181004803,347547067,2020-08-17
1295133341843324929,2581791612,2624154219,2020-08-16
1295133670483927048,236487888,198357693,2020-08-16
1295148086361128960,1157388784301793280,879506521297735680,2020-08-16
1295137634680016900,2581791612,1205654030527143936,2020-08-16
1295295485574549504,876867028929445888,932677633728499713,2020-08-17
1295138254614859777,2581791612,1205654030527143936,2020-08-16
1295139400196722690,1279832675323449350,806390224955867136,2020-08-16
1295142976889528326,898946995,1157106291803906055,2020-08-16
1295141218951733248,995448283555233793,995448283555233793,2020-08-16
1295141638730285056,1211283132428611585,958773503527964673,2020-08-16
1295142300973019136,786277162265354240,786277162265354240,2020-08-16
1295142164020834310,958773503527964673,892343833056468992,2020-08-16
1295142470523789312,958773503527964673,1211283132428611585,2020-08-16
1295142260577886213,1211283132428611585,958773503527964673,2020-08-16
1295142596407447553,2581791612,211554970,2020-08-16
1295145227951448066,2581791612,3308512029,2020-08-16
1295149224288559111,626834435,955840182930067457,2020-08-17
1295145420839149568,877495409740050432,560014133,2020-08-16
1295147956262166528,786277162265354240,786277162265354240,2020-08-16
1295149773847244800,1083563858403438594,19131018,2020-08-17
1295146004166123528,1239599332770398214,236919777,2020-08-16
1295146993900109824,21990762,274701213,2020-08-16
1295147418858786817,2581791612,32251516,2020-08-16
1295149129459470337,877495409740050432,560014133,2020-08-17
1295152233772773376,157257134,621569373,2020-08-17
1295211724765831170,40740469,1243876693955080192,2020-08-17
1295154790452924424,1441971834,34684816,2020-08-17
1295152671607857152,1228415516110245889,212092445,2020-08-17
1295153900614492165,775884789089918976,775884789089918976,2020-08-17
1295157834666201095,1236089975894138880,766909639,2020-08-17
1295172747493089286,1215036445850832896,2981776113,2020-08-17
1295172989504245763,2430454650,1170464073059901440,2020-08-17
1295159275891949568,906701868319039488,853019849957793792,2020-08-17
1295157328443060224,186961616,742821961601056768,2020-08-17
1295178594356953088,417230948,488560615,2020-08-17
1295164380473102341,909172753,1049650730301366272,2020-08-17
1297007234518528001,1291735234405335041,936564603810611200,2020-08-22
1295157693028732928,271089294,844586742988652545,2020-08-17
1295852369276788736,330062125,1606384586,2020-08-18
1295163805870284801,521571923,521571923,2020-08-17
1295159169746690050,1063216476776267776,1063216476776267776,2020-08-17
1295159969164263426,1193355651088408581,1276131522182090752,2020-08-17
1295160803155419137,1086976130819809280,818582157341769729,2020-08-17
1295161376743268352,17226335,388637914,2020-08-17
1295160878048960513,840711722,840711722,2020-08-17
1295162668899340288,1172242189,81798712,2020-08-17
1295161761063206912,1249654706667995137,1295028981511663617,2020-08-17
1299276265040613376,3434121513,3434121513,2020-08-28
1295163919317848065,1279389578542100489,1279389578542100489,2020-08-17
1295165076622782465,4315705875,4315705875,2020-08-17
1295165669709930496,2581791612,1128698663004512256,2020-08-17
1295166700493647872,388871363,388871363,2020-08-17
1295184664647401473,825468354819289088,1220985323532050433,2020-08-17
1295171309819670528,1280604263648055301,1280604263648055301,2020-08-17
1295171740553875457,72451941,956337455677964288,2020-08-17
1295174271577108481,1196317855756800000,107298125,2020-08-17
1295171355726487557,1531372454,1531372454,2020-08-17
1295174841277059076,41448115,2716105723,2020-08-17
1295173792327663616,181274720,912524255656636416,2020-08-17
1295172736696741888,1014590611540676609,779879391606087680,2020-08-17
1295362405229305860,222367884,18108116,2020-08-17
1295173959630102528,186961616,742821961601056768,2020-08-17
1295178452245643265,1126160624151662592,2362050348,2020-08-17
1295177661619134464,926627535625977856,874000786279333890,2020-08-17
1295174885153669120,185915667,185915667,2020-08-17
1295174855155908608,972954922454061058,1143730815907631104,2020-08-17
1295181014214553600,969943029112025089,85712269,2020-08-17
1295210791956656129,37044982,984376054088437760,2020-08-17
1295285413205204992,1108216667266605058,780233666110685184,2020-08-17
1296108080870985728,2474749586,2474749586,2020-08-19
1295179120956014592,2513669860,2513669860,2020-08-17
1295181513772892163,2228878592,171653078,2020-08-17
1295315416575651841,19519704,756732674912296961,2020-08-17
1295182653411323911,615543962,1008724626581618689,2020-08-17
1299932029539229697,921854431,1016149566159286272,2020-08-30
1295213334770278401,13132342,1051622330512928773,2020-08-17
1295185348381691904,346948294,928578721,2020-08-17
1295184322568298496,16297707,16297707,2020-08-17
1295184756267786240,16297707,16297707,2020-08-17
1295185332862763008,615543962,1008724626581618689,2020-08-17
1295188255915286528,792706023312064512,911766854494035969,2020-08-17
1295288357753430017,1259822952473694210,4824556899,2020-08-17
1295191760793214981,58308770,24451835,2020-08-17
1295189868734283777,16297707,16297707,2020-08-17
1295189839906836481,1125362672,2467663507,2020-08-17
1295191598054203394,1126160624151662592,2362050348,2020-08-17
1295190904588963840,8446712,420426926,2020-08-17
1295191248337137665,1077790895783653377,1219273569491918848,2020-08-17
1295191368747192320,1077790895783653377,891643310,2020-08-17
1295205855185367040,1077790895783653377,1219273569491918848,2020-08-17
1295194005366603779,792706023312064512,911766854494035969,2020-08-17
1295209761797939201,2474749586,1106589774607835136,2020-08-17
1295196046721785856,222554961,222554961,2020-08-17
1295194515297521664,16297707,16297707,2020-08-17
1295204720911495168,792706023312064512,911766854494035969,2020-08-17
1295198407603232769,16297707,16297707,2020-08-17
1295199471173697537,1450536576,1450536576,2020-08-17
1295229160638631938,935867179995672576,1139578125124296704,2020-08-17
1295199738904469504,1267981669195079680,1267981669195079680,2020-08-17
1295209240944971777,2474749586,559760248,2020-08-17
1295228139254288385,115290030,146546844,2020-08-17
1295208914376519681,2474749586,1044999416447262720,2020-08-17
1295206448578859008,273469398,2428160305,2020-08-17
1295202753262882816,16297707,16297707,2020-08-17
1295240027933478913,115290030,146546844,2020-08-17
1295212518005039104,839985545287720965,839985545287720965,2020-08-17
1295204287652532224,1121530727517044736,186882613,2020-08-17
1295204262369275906,2581791612,910922806438834176,2020-08-17
1295205730690248709,1242613765679591424,876648977692856322,2020-08-17
1295208791378497536,213078185,1901583451,2020-08-17
1295208398464589824,147961626,147961626,2020-08-17
1295208387970576384,1509120486,717870482188402688,2020-08-17
1295211942135595008,1186490337633673219,1295060639635984384,2020-08-17
1295213943800070144,521571923,521571923,2020-08-17
1295211946837454849,837475440931397632,1870013934,2020-08-17
1295211818449862657,2835609500,32638159,2020-08-17
1295212778731561001,2835609500,32638159,2020-08-17
1295332410947764229,831265754808979456,22712177,2020-08-17
1295249787910893568,109064246,34221201,2020-08-17
1295212807886188544,1243569441725693955,1243569441725693955,2020-08-17
1295215435542147073,475906106,475906106,2020-08-17
1295376158364663810,2581791612,1155612897864769542,2020-08-17
1295358190033534976,34643610,34643610,2020-08-17
1295217331304448001,52157153,52157153,2020-08-17
1295239484800299008,984605262999732225,2358303461,2020-08-17
1295221660023435264,215444341,215444341,2020-08-17
1295222013775056898,2970576573,2970576573,2020-08-17
1295225668846968832,595905556,595905556,2020-08-17
1295226194800107520,905216064983793664,905216064983793664,2020-08-17
1295427053840248832,15716568,526667237,2020-08-17
1295234594095038464,124585685,2910561478,2020-08-17
1295228813950029829,949168023868493824,949168023868493824,2020-08-17
1295230146153025536,1262681012120752129,1195760414375596035,2020-08-17
1295234065247936513,624075829,624075829,2020-08-17
1295231123224530944,1262681012120752129,1162010263702233088,2020-08-17
1295231742547128320,1195760414375596035,1262681012120752129,2020-08-17
1295235124615839744,1279798278910103553,1279798278910103553,2020-08-17
1295235053065248769,3156674265,2506294747,2020-08-17
1295236357988573184,1286407153830342656,25629880,2020-08-17
1295243102274240514,2941012524,2941012524,2020-08-17
1295244979091038214,25235151,1240672426624798721,2020-08-17
1295244971629514752,21522338,1108518645175447552,2020-08-17
1295253957523243008,21522338,3279955086,2020-08-17
1295258022650851329,1127709697803292672,170602304,2020-08-17
1295246168541167618,933157680033579008,1107454087610728448,2020-08-17
1295327970832285696,728747154,1123521930240434176,2020-08-17
1295250134255562752,38717590,38717590,2020-08-17
1295253106859671555,1190267587780841472,900029453094580225,2020-08-17
1295269914601615360,14548167,14548167,2020-08-17
1295313681471995904,19870490,486362572,2020-08-17
1295255997431177216,1592434279,1592434279,2020-08-17
1295357080891805697,1121263292071260161,1294082477552672770,2020-08-17
1295399251128782849,42079976,1280906578518880258,2020-08-17
1295270960703168512,1281433041894871046,1186659239005167621,2020-08-17
1295276762474086401,72058741,1006589734548799489,2020-08-17
1295277084542214144,1051545854924996609,1051545854924996609,2020-08-17
1295279441212563459,1038177795694841860,1038177795694841860,2020-08-17
1295802807337926657,123868727,4838075657,2020-08-18
1295287949102387200,1266138493933293569,1266138493933293569,2020-08-17
1295287528086360064,1092703286912737280,1092703286912737280,2020-08-17
1295292280471842816,49575053,3187498791,2020-08-17
1295300113963851776,1313675448,1313675448,2020-08-17
1295301063336230913,725775900877443074,726082861,2020-08-17
1295304062498291712,920933590833213440,919121358407241728,2020-08-17
1295314217868955648,32251437,2381303322,2020-08-17
1295313478631198720,1264298628480409600,15808831,2020-08-17
1295310015847309312,1134306024,1134306024,2020-08-17
1295311983772868608,1225619130675535873,1225619130675535873,2020-08-17
1295312248936620032,920933590833213440,919121358407241728,2020-08-17
1295314610225061888,48427307,132745629,2020-08-17
1295315124266426369,920933590833213440,1251228877004955648,2020-08-17
1295318367482580992,3195419603,1079441404353495041,2020-08-17
1295478176550998016,84622160,161689838,2020-08-17
1295323637030031362,876867028929445888,1039779494708432896,2020-08-17
1295323327322566656,1150092183074217984,1150092183074217984,2020-08-17
1295323328908009474,1150092183074217984,1150092183074217984,2020-08-17
1295325383651450881,397423049,384657056,2020-08-17
1295326481741156357,127223775,569872967,2020-08-17
1295326160801456129,4854107289,4854107289,2020-08-17
1295327620121399296,1285465911504392192,1285465911504392192,2020-08-17
1295328277691850752,47506068,845252162183729152,2020-08-17
1295328079397548032,1286989518948544512,1246425706285780998,2020-08-17
1295330141422391296,1055673638,331656337,2020-08-17
1295329809078210560,366498596,783701993067991040,2020-08-17
1295355895422099456,42034114,1591948196,2020-08-17
1295332459257659392,38751027,38751027,2020-08-17
1295332615113900033,38751027,38751027,2020-08-17
1295397759575625729,1259822952473694210,4824556899,2020-08-17
1295340829037465600,3152725373,1049981233613234176,2020-08-17
1295398253928865792,42079976,1062343300378750976,2020-08-17
1295333486195118080,372518997,372518997,2020-08-17
1295333288467410944,219862792,219862792,2020-08-17
1295351252830871552,150999483,150999483,2020-08-17
1295335097705660416,803801513583722496,1134848690538012673,2020-08-17
1295357214345977868,1198390503932219393,65117136,2020-08-17
1295336934231900161,876867028929445888,1039779494708432896,2020-08-17
1295350762193793025,65510734,1240712182263930880,2020-08-17
1295443793248845824,1272353890055237632,871390545368711171,2020-08-17
1295337763701690370,2249531,2249531,2020-08-17
1295338652336304129,17919393,17919393,2020-08-17
1295342671020666880,1277989705829830662,1277989705829830662,2020-08-17
1295338795294851073,17164263,17164263,2020-08-17
1295339133309771776,732768811,1255868954578468864,2020-08-17
1295343413743820800,269833812,269833812,2020-08-17
1295365886929494020,2187063098,1294725617288728577,2020-08-17
1295343118993313792,2249531,2249531,2020-08-17
1295343619080163329,1125362672,221906396,2020-08-17
1295350641267802114,156325048,1195009697683791873,2020-08-17
1295356871981830144,1148580144845639680,168802166,2020-08-17
1295522390919786496,1249812482,1249812482,2020-08-18
1295365474318987265,45424010,97187811,2020-08-17
1295524848823918592,305420344,369599908,2020-08-18
1295348670410432512,273469398,1104074304222826496,2020-08-17
1295349986994139136,20076659,20076659,2020-08-17
1295350218586718209,286985249,2669636285,2020-08-17
1295356521853976576,76682484,257332880,2020-08-17
1295355646540427264,540979801,585550943,2020-08-17
1295448516358221824,4869713890,1035890966794829824,2020-08-17
1295353012697931783,27638362,27638362,2020-08-17
1295355794138030081,821446911320264704,821446911320264704,2020-08-17
1295363483354226689,1250161155395502088,51779655,2020-08-17
1295381180838281216,2581791612,1047854297101291520,2020-08-17
1295355897829560320,23183412,23183412,2020-08-17
1295366295039422464,585550943,540979801,2020-08-17
1295356491805884417,28635386,28635386,2020-08-17
1295363733628256256,1702046966,1702046966,2020-08-17
1295356994350653440,2316328753,2758276586,2020-08-17
1295367459717881856,565944301,33068152,2020-08-17
1295359215578603522,728747154,1123521930240434176,2020-08-17
1295371313327026179,16160352,16160352,2020-08-17
1295367807014547456,1714581456,1714581456,2020-08-17
1295366045369339904,2377337666,11862072,2020-08-17
1295366591903936512,1263214681398939651,1263214681398939651,2020-08-17
1295381706913067008,2581791612,852653803786706944,2020-08-17
1295368145822199809,1141337523718885381,2910625067,2020-08-17
1295366991486885888,343019754,343019754,2020-08-17
1295367559374688258,2894809227,2894809227,2020-08-17
1295367130632904711,18227438,18227438,2020-08-17
1295367775465156613,478167487,478167487,2020-08-17
1295369627950895104,177799554,2738139020,2020-08-17
1295448375802957825,827813052804378625,827813052804378625,2020-08-17
1295371768203554819,4898760924,813229782947209216,2020-08-17
1295370525267509248,1272918670323224577,1268397047511564288,2020-08-17
1295371532500336646,709654056,709654056,2020-08-17
1295373468964466690,813229782947209216,4898760924,2020-08-17
1295372625712222212,2752362687,2752362687,2020-08-17
1295372464176930818,45180093,45180093,2020-08-17
1295374918767583237,4821206555,900217942339706881,2020-08-17
1295382134052593665,2581791612,43477564,2020-08-17
1295380195923369987,958678725360607233,2507456791,2020-08-17
1295391150174547968,1275737919215603717,796491458018738177,2020-08-17
1295382396041334784,2581791612,972897724206080000,2020-08-17
1295374316503281665,1167921094688464896,1167921094688464896,2020-08-17
1295375133008429059,18294521,18294521,2020-08-17
1295377223189372928,2740426550,63993923,2020-08-17
1295376725271027712,230855347,230855347,2020-08-17
1295382359416725504,2724400534,253668804,2020-08-17
1295379184198574080,1015497445340516352,1015497445340516352,2020-08-17
1295379705349181440,570448842,239649135,2020-08-17
1295381269216468994,16523905,1271616115689418752,2020-08-17
1295389932328869888,471831519,1253720660418969610,2020-08-17
1295383055767666688,986378527577604098,986378527577604098,2020-08-17
1295384294911815685,1226034123019636736,1245234538424360962,2020-08-17
1295383246277140480,1240668212884377600,1240668212884377600,2020-08-17
1295383831311192067,993368199755218949,993368199755218949,2020-08-17
1295383629976293377,155624905,155624905,2020-08-17
1295427722664173573,4072249648,1014294844624252928,2020-08-17
1295385898612330496,942540739,572706703,2020-08-17
1295384421965737988,273469398,1150787044253347840,2020-08-17
1295384729404022790,46127300,46127300,2020-08-17
1295398176485191682,766719206247108608,3087713648,2020-08-17
1295386623232925707,1132852107978117121,2559369776,2020-08-17
1295388810449223687,2581791612,1047854297101291520,2020-08-17
1295388851494629377,2581791612,302966544,2020-08-17
1295389196287463426,133819524,133819524,2020-08-17
1295392340006391809,2581791612,1154391018353168385,2020-08-17
1295390575554961408,1259658833808502784,1158317666706370562,2020-08-17
1295392271257436160,1030001237608083457,282679044,2020-08-17
1295393236824064000,1158317666706370562,1259658833808502784,2020-08-17
1295392321022783490,10438002,10438002,2020-08-17
1295391988171366401,1429425091,1429425091,2020-08-17
1295394317662642178,811660085101400064,1462919173,2020-08-17
1295393667600048129,1259658833808502784,1158317666706370562,2020-08-17
1295393759354642433,37904694,1893040825,2020-08-17
1295403223881310208,374788786,374788786,2020-08-17
1295598499283820549,192388940,91623824,2020-08-18
1295475984922300417,1294268101689843712,1286840127449436162,2020-08-17
1295397273749397504,2468470636,2581791612,2020-08-17
1295403412830511109,993071697241759749,1250730036078018560,2020-08-17
1295402185191313409,13951732,13951732,2020-08-17
1295397664478113792,147757088,147757088,2020-08-17
1295417303258075137,1125440554316259328,468181483,2020-08-17
1295397839988838409,2459724638,719975030633816064,2020-08-17
1295397784565276675,2581791612,2468470636,2020-08-17
1295399780928163840,569872967,127223775,2020-08-17
1295402160235126788,214489972,214489972,2020-08-17
1295401002070413319,2581791612,2468470636,2020-08-17
1295416516561838081,520665722,520665722,2020-08-17
1295403396258832386,2581791612,3318167645,2020-08-17
1295408650090090497,583923033,888110508,2020-08-17
1295404297803517952,610349817,610349817,2020-08-17
1295404616759287808,764476890,764476890,2020-08-17
1295404920489771008,2581791612,3318167645,2020-08-17
1295405935628779521,339790727,2743161547,2020-08-17
1295411124582711305,19870490,486362572,2020-08-17
1295405779781124097,2581791612,2468470636,2020-08-17
1295456194706931712,21829908,21829908,2020-08-17
1295496914775941120,858756450,22063600,2020-08-17
1295407460799467520,2626655253,2626655253,2020-08-17
1295407168959549440,820853389,820853389,2020-08-17
1295408607333191680,1146662502933127168,54737497,2020-08-17
1295409737878708224,56458698,45372296,2020-08-17
1295442177238216705,544023192,265208778,2020-08-17
1295412745735532545,1274304574904348674,1286602325625200640,2020-08-17
1295412519922786304,1287985217869840384,1287985217869840384,2020-08-17
1295412915881816065,1022788259120906241,1022788259120906241,2020-08-17
1295416873073479681,386349435,20231907,2020-08-17
1295415497136242689,108931553,108931553,2020-08-17
1295415454178189314,1295354103724482561,716864041126391808,2020-08-17
1295416278358716416,1238554268035997696,2970143157,2020-08-17
1295419963025612801,16533459,16533459,2020-08-17
1295424768922066945,467931380,1256646553017737222,2020-08-17
1295426097002106880,1199425957150330880,2348873464,2020-08-17
1295417821632045056,273469398,997654415384481798,2020-08-17
1295418137421262849,273469398,997654415384481798,2020-08-17
1295417137708883969,41194235,21892247,2020-08-17
1295815743267840000,114633938,114633938,2020-08-18
1295422290268741633,385204922,57229559,2020-08-17
1295421348400050178,19000808,76164865,2020-08-17
1295421235325800451,15950707,15950707,2020-08-17
1295424591981092869,1295019123613798400,1295019123613798400,2020-08-17
1295533780661239808,33143291,95885709,2020-08-18
1295519057190543361,1687076912,2821838769,2020-08-18
1295795679282049026,720729295,720729295,2020-08-18
1295422959646105600,19000808,92823452,2020-08-17
1295439154860482562,2383991174,1163648925338759168,2020-08-17
1295423398517125126,449032295,449032295,2020-08-17
1295423840361811970,18695134,18695134,2020-08-17
1295426399726182401,1046170556893155328,3310943306,2020-08-17
1295424185901228032,40573993,219163989,2020-08-17
1295424356194168832,19000808,27272814,2020-08-17
1295618210964705281,1263046626408566784,1263046626408566784,2020-08-18
1295428515047837698,1295019123613798400,1295019123613798400,2020-08-17
1295425518641262597,804432955980464129,804432955980464129,2020-08-17
1295426721244733440,2844446171,146846995,2020-08-17
1295426429232979968,2336171532,2336171532,2020-08-17
1295508115396362247,413773321,38620918,2020-08-17
1295428517858029568,1022118808797032450,1022118808797032450,2020-08-17
1295431184042856450,113554351,113554351,2020-08-17
1295429929979523073,859087548,329970565,2020-08-17
1295431058079518721,864595401818689536,864595401818689536,2020-08-17
1295434225324179456,1280503435306156035,426005237,2020-08-17
1295436502445555714,273469398,1274703601009647621,2020-08-17
1295468439285334016,160642637,4143424276,2020-08-17
1295450702026686464,1151158621859790849,1265719426168520705,2020-08-17
1295441705651417088,967465623507759105,3325921306,2020-08-17
1295438267920285697,100323796,100323796,2020-08-17
1295439280722984960,1072000800270901248,1072000800270901248,2020-08-17
1295439285437358080,157218414,2323090682,2020-08-17
1295439964969283584,1223827097933750273,1223827097933750273,2020-08-17
1295453196740169733,1268838050798452742,1119226683192692736,2020-08-17
1295954925080330240,1221870527079272449,1156854296882884608,2020-08-19
1295440634178871303,100390281,100390281,2020-08-17
1295442741502119942,17085596,17085596,2020-08-17
1295769453922312198,950544858233606150,1024756216013185031,2020-08-18
1295444364684980224,285704458,90681475,2020-08-17
1295449802541416449,762522504,984452855858900993,2020-08-17
1295442652658388994,16228337,16228337,2020-08-17
1295446900729053184,806304970429657088,1060969783787540480,2020-08-17
1295656587978108928,327825918,3133774975,2020-08-18
1295468872636805121,255679559,375824505,2020-08-17
1295443504320184321,1138525944140959744,1138525944140959744,2020-08-17
1295445442197688322,16798096,16798096,2020-08-17
1295449003736301574,2725640474,2725640474,2020-08-17
1295505600655302656,4485449067,1236129570723635200,2020-08-17
1295450871745126407,150009764,150009764,2020-08-17
1295450506320519168,382499641,824343957647884289,2020-08-17
1295451609137205248,52423655,1226143123920891905,2020-08-17
1295450884739076102,28437034,28437034,2020-08-17
1295451543190278144,22975495,22975495,2020-08-17
1295451515252092928,10335822,10335822,2020-08-17
1295455271737647104,764000448,137548555,2020-08-17
1295452046968131585,137752344,137752344,2020-08-17
1295460905409486848,982377732230254599,982377732230254599,2020-08-17
1295453295893520392,1265815797731135488,1265815797731135488,2020-08-17
1295477677432934402,867217880,867217880,2020-08-17
1295517957825728525,137548555,764000448,2020-08-18
1295457299339845633,3083284065,404798638,2020-08-17
1295472384212951046,470656805,822632308264013824,2020-08-17
1295456085201915904,2891800176,2891800176,2020-08-17
1295460547962343424,1213027567227113472,1213027567227113472,2020-08-17
1296194941127995392,706474578,706474578,2020-08-19
1295460754418626560,1100841476966146048,753306672672628736,2020-08-17
1295463982065684493,824787330493972480,824787330493972480,2020-08-17
1295463733481832449,2172163683,2172163683,2020-08-17
1295465627956572160,1039892963185254401,855005389,2020-08-17
1295609477790662656,424516390,244149052,2020-08-18
1295463962339946497,1125362672,720105797066354689,2020-08-17
1295464478415388677,1078697670192041984,1078697670192041984,2020-08-17
1295466538493976576,417180795,2862696095,2020-08-17
1295467788820189184,492702318,492702318,2020-08-17
1295534079539122176,820355193749590016,1588996561,2020-08-18
1295468645112455169,62065766,158960716,2020-08-17
1295680404465299456,4541141723,26426586,2020-08-18
1295485415915307008,1141090089373536256,1141090089373536256,2020-08-17
1295470385757028355,158857454,158857454,2020-08-17
1295473570890612738,1007665297682296832,1007665297682296832,2020-08-17
1295473509083369472,1179355562229796864,1179355562229796864,2020-08-17
1295476403236999168,135344339,135344339,2020-08-17
1295475813480050689,731858636,1157640366,2020-08-17
1295475261593583618,1120154696658882567,1120154696658882567,2020-08-17
1295550239806377986,988776445328744448,1254045944187957254,2020-08-18
1295477490568265728,3317480753,3317480753,2020-08-17
1295832445405757445,165869956,776043518498377728,2020-08-18
1295485396269244416,188227110,1286450649232703489,2020-08-17
1295480499855437825,4105010958,4105010958,2020-08-17
1295480519912693760,256386293,1609154186,2020-08-17
1295480705288417280,168833076,168833076,2020-08-17
1295480969751920644,168833076,168833076,2020-08-17
1295501882161532931,2910719740,2910719740,2020-08-17
1295481865135161344,1286311663671496707,1286311663671496707,2020-08-17
1295482690213302272,84198582,84198582,2020-08-17
1295485983593566210,1055405245449322496,104351395,2020-08-17
1295503374134149120,1241143393562091520,550288757,2020-08-17
1295484833070829568,774690013527154688,774690013527154688,2020-08-17
1295485483116625929,557330916,1281412393927663616,2020-08-17
1295485178811310080,255073628,255073628,2020-08-17
1295485573403033601,1070083706822438912,1070083706822438912,2020-08-17
1295486902359883776,254814034,1204097225774817283,2020-08-17
1295491761033359365,3152725373,514644298,2020-08-17
1295488295523291137,21903459,21903459,2020-08-17
1295487074280394753,628379288,628379288,2020-08-17
1295490562955440128,1210331026699911168,856974956,2020-08-17
1295496866558222337,116042984,1295472675163385858,2020-08-17
1295535467933433856,2433233743,2433233743,2020-08-18
1295625838113718274,2536884700,431104386,2020-08-18
1295705595593592835,825468354819289088,1220985323532050433,2020-08-18
1295512008343732225,1288992941583736833,793842253,2020-08-18
1295495152241463297,21522338,3287770974,2020-08-17
1295492916971020288,42084373,42084373,2020-08-17
1295495260450238464,213682797,801871916,2020-08-17
1295493875734384640,1074347987852320768,773948964,2020-08-17
1295496374339993600,792521479,792521479,2020-08-17
1295497515903614976,3152725373,39520389,2020-08-17
1295505236031938561,268409903,2914478018,2020-08-17
1295498968928002048,116835497,116835497,2020-08-17
1295498305732874242,708861759029977089,592328928,2020-08-17
1295499231277481985,195335296,22651526,2020-08-17
1295498623711510528,3350923527,3350923527,2020-08-17
1295498244676517888,781235054919946240,781235054919946240,2020-08-17
1295676900027830277,4013935647,4013935647,2020-08-18
1295498998682284033,870119863,29526509,2020-08-17
1295503094185263104,43846520,703061637482225664,2020-08-17
1295500274073849857,386219860,386219860,2020-08-17
1295501300830892033,1278137950430048256,831438121,2020-08-17
1295518131348287488,108103504,2161521325,2020-08-18
1295501464345800704,762522504,902476398576721924,2020-08-17
1295504739489046529,1278137950430048256,831438121,2020-08-17
1295754432035119104,15946100,15946100,2020-08-18
1295516086360846336,1708304768,1708304768,2020-08-18
1295506692348747776,1118309603849191424,1266056640207486977,2020-08-17
1295509313797201920,36037213,257111729,2020-08-17
1295511350890893312,17667706,17667706,2020-08-18
1295511306926059520,954511552136146944,954511552136146944,2020-08-18
1295511948633743361,254147536,254147536,2020-08-18
1295515166684205062,160726477,160726477,2020-08-18
1295515560256528384,1267322006665457669,1267322006665457669,2020-08-18
1295524714757017601,16794538,1045464293599145985,2020-08-18
1295517407776145409,1250132103779344384,547762691,2020-08-18
1295518645125341186,926226611741052928,17642409,2020-08-18
1295518928240668672,1030947907065659393,63636245,2020-08-18
1295525952517074944,1283167889416056832,2683585764,2020-08-18
1295519045647765504,1023287944029908992,1023287944029908992,2020-08-18
1295523796351365127,3216823053,215021949,2020-08-18
1295523025870364673,190103929,243690543,2020-08-18
1295540239528873984,728751455730073602,1263466274304245760,2020-08-18
1295533228753932293,137548555,764000448,2020-08-18
1295612642707546114,21522338,241748669,2020-08-18
1295525592884887552,1030947907065659393,8317872,2020-08-18
1295863307598024705,778902517,778902517,2020-08-18
1295604806036475905,838379981910724612,77455180,2020-08-18
1295528510166110210,965572655343693826,877603622917464065,2020-08-18
1295530873991962628,1118309603849191424,1266056640207486977,2020-08-18
1296921155404693506,2344400456,2344400456,2020-08-21
1295649157005242371,1285818362484776961,1285818362484776961,2020-08-18
1295530532218925057,16794538,1045464293599145985,2020-08-18
1295625700976648193,976839101260423176,1063583917,2020-08-18
1295534193015808001,1294253441649262592,27516458,2020-08-18
1296019873496281088,805430712878788609,1243741700285177856,2020-08-19
1296132111552974848,805430712878788609,1243741700285177856,2020-08-19
1295534479268872192,461652793,2182478876,2020-08-18
1295533873032499207,41448115,925745681574387712,2020-08-18
1295533507050196993,14313203,3301686212,2020-08-18
1295534598705876993,1106927792099418112,310139396,2020-08-18
1295544337217069056,36022906,36022906,2020-08-18
1295536731631030278,23721130,1279183436,2020-08-18
1295537068081373185,21387044,21387044,2020-08-18
1295700415795933185,3140629292,22932416,2020-08-18
1295535854522445825,575068198,575068198,2020-08-18
1295537427315122177,41448115,466148253,2020-08-18
1295548309151584256,375364258,1294457197833998338,2020-08-18
1295538249235083264,33965716,33965716,2020-08-18
1295543566291345408,1659152678,464216405,2020-08-18
1295548866037653505,65717105,65717105,2020-08-18
1295539567580372997,205392468,205392468,2020-08-18
1295539225614585857,174319345,174319345,2020-08-18
1295539618113368075,627643516,627643516,2020-08-18
1295539613386252288,1280876290120151042,1280876290120151042,2020-08-18
1295539924633096195,1955967595,17532113,2020-08-18
1295540300321034242,1122968377759285254,467758710,2020-08-18
1295540730786717698,1239599332770398214,1260028052664233985,2020-08-18
1295541003638788096,3675085705,3675085705,2020-08-18
1295541960804048897,745866841,745866841,2020-08-18
1295541523115778048,1072912068,1072912068,2020-08-18
1295542287024480259,20713247,20713247,2020-08-18
1295544461439700992,1312560673,1312560673,2020-08-18
1295545253362049025,27512619,27512619,2020-08-18
1295542068551483392,196697157,196697157,2020-08-18
1295542318846681091,17779335,17779335,2020-08-18
1295542324005687298,17779335,17779335,2020-08-18
1295546413405876229,33446666,239437594,2020-08-18
1295543710789271552,892980289617760256,892980289617760256,2020-08-18
1295545370618015744,746468684156198912,3318095221,2020-08-18
1295545471746932737,48391014,740988637555359744,2020-08-18
1295547127972745217,129275251,1280167534025637889,2020-08-18
1295546800934281216,900236552034496512,425702131,2020-08-18
1295567566555893761,425702131,900236552034496512,2020-08-18
1295551220522921985,853229442,853229442,2020-08-18
1295549374651494400,3553149338,3553149338,2020-08-18
1295550054149881857,16743886,16743886,2020-08-18
1295551208522948608,20013113,20013113,2020-08-18
1295558683057782784,20064323,20064323,2020-08-18
1295551674363392003,43962715,43962715,2020-08-18
1295727268145303553,410423225,72575850,2020-08-18
1295626018921775105,21522338,6304862,2020-08-18
1295552521008799744,1271813939685359617,1271813939685359617,2020-08-18
1295556112683540482,487724195,473242001,2020-08-18
1295552312283246592,57405911,57405911,2020-08-18
1295585207131742208,67989500,34124396,2020-08-18
1295554782757900288,497454641,260422985,2020-08-18
1295552755755622400,15650636,381725263,2020-08-18
1295688641457590272,1291650635092418560,1022651188372627458,2020-08-18
1295555609551675394,1189908024661598210,828084526408536065,2020-08-18
1295555050169827329,260422985,497454641,2020-08-18
1295555654342541312,45573874,45573874,2020-08-18
1295555755970457601,2905628988,2905628988,2020-08-18
1295556720312295425,828084526408536065,1189908024661598210,2020-08-18
1295556909454561285,159583068,878025997,2020-08-18
1295557386371989506,288277167,288277167,2020-08-18
1295560109595254784,828037655489228800,1723517101,2020-08-18
1295560331738193921,1449986335,1470729164,2020-08-18
1295567359672025088,832414616,832414616,2020-08-18
1295559412388700163,1045152173166919680,1160215753724956672,2020-08-18
1295691181859405824,748992510232391681,748992510232391681,2020-08-18
1295640659060236289,937422446323314688,794175271,2020-08-18
1295562783732490241,1106927792099418112,439853979,2020-08-18
1295570484994555904,93559769,710811064687042560,2020-08-18
1295569904561721344,1074487791747301376,1074487791747301376,2020-08-18
1295565746651779078,1106927792099418112,2913076514,2020-08-18
1295569411772997638,1272196034769412100,398285000,2020-08-18
1295615242223968256,17776340,3219633794,2020-08-18
1295572226868215808,19346439,742148363991322624,2020-08-18
1295567209633386497,209605257,209605257,2020-08-18
1295569635580841984,3045419370,4347919396,2020-08-18
1295569957992849408,785042904234549248,785042904234549248,2020-08-18
1295574047829491715,19346439,742148363991322624,2020-08-18
1295574417712398337,42859515,872288123744657409,2020-08-18
1295576631642165249,489716862,3392906020,2020-08-18
1295576878598754304,1191862600411336704,1191862600411336704,2020-08-18
1295576061036695554,1280643450875121665,1213842352072060928,2020-08-18
1295576622339223553,35769315,35769315,2020-08-18
1295696003753021447,3081983657,936699831363473409,2020-08-18
1295579413770391554,4516557441,423523485,2020-08-18
1295619552747937792,1251462627735351297,1251462627735351297,2020-08-18
1295579317104029696,1077790895783653377,4052840597,2020-08-18
1295581980654891008,1164280563487801344,39193037,2020-08-18
1295586472242950144,822800071033032708,354682944,2020-08-18
1295649181684518912,873870952941203456,1157806649622618123,2020-08-18
1295707653964992514,807838866,1287077155730595848,2020-08-18
1295585401424482304,108433481,283848496,2020-08-18
1295770221920137217,854520708415672321,248078134,2020-08-18
1295587290324938752,218261461,14965418,2020-08-18
1295587051153190912,42859515,872288123744657409,2020-08-18
1295589626204139520,1083804334419103745,1145918349072748544,2020-08-18
1295654370105856000,4274093008,3757684703,2020-08-18
1295591519278313473,1294126296562360321,776786807937609728,2020-08-18
1295616226052333568,2273676134,990901412409229317,2020-08-18
1295599072582275072,14774228,14774228,2020-08-18
1295599272570781697,21522338,14088332,2020-08-18
1295597765423058945,23786281,283890017,2020-08-18
1295596015039516672,1659152678,464216405,2020-08-18
1295598082919469057,21522338,1229552088956293120,2020-08-18
1295762300524273665,20319057,15128652,2020-08-18
1295596259194134528,160621977,160621977,2020-08-18
1295650287680655360,2588167693,36524859,2020-08-18
1295600380252786688,98496752,98496752,2020-08-18
1295767434612428812,124528960,1219080637375811585,2020-08-18
1295606523108917249,1294639141548957702,1294639141548957702,2020-08-18
1295612555306643457,1274328944540635136,2827867689,2020-08-18
1295609116505919489,371223749,4656849994,2020-08-18
1295680636313915392,1242561770423713794,474822811,2020-08-18
1295613514682445824,1154952166815281157,1154952166815281157,2020-08-18
1295608846283677696,713075251320631296,713075251320631296,2020-08-18
1295610476412506113,243586130,569928506,2020-08-18
1295610311374852096,71669770,71669770,2020-08-18
1295617464638808065,569928506,243586130,2020-08-18
1295653916626104320,20617846,33537475,2020-08-18
1295614426901487617,3060075937,405561109,2020-08-18
1295622405855957003,2813826504,1242295207581736962,2020-08-18
1295620568914550784,8378532,8378532,2020-08-18
1295622580037210113,230554921,1528972226,2020-08-18
1295625487172206592,221470412,221470412,2020-08-18
1295710305251659776,289878366,554495365,2020-08-18
1295630308264407041,16088941,1220696402944282625,2020-08-18
1295630929277472768,3589106594,1310207084,2020-08-18
1295683053143109632,528626327,2408028362,2020-08-18
1295630974814838784,37847195,37847195,2020-08-18
1295731094977949697,906573669417275392,2566064281,2020-08-18
1295661455660867584,15910202,892596118436978689,2020-08-18
1295775645146939404,2566702514,15859878,2020-08-18
1295763693016293376,1262202172445466625,2923564406,2020-08-18
1295646645174956037,1206298156364754944,987143513073733632,2020-08-18
1295646890793476098,1206298156364754944,987143513073733632,2020-08-18
1295640311209787392,583923033,888110508,2020-08-18
1295699949724872704,1265323343609282561,342553803,2020-08-18
1295679594314575873,108951721,108951721,2020-08-18
1295692224135606275,1267790514415378433,854045671581765632,2020-08-18
1295662013482377216,1282275874025304065,530829398,2020-08-18
1295659163377426433,117644657,1100386497838993408,2020-08-18
1295673913859604481,4365847755,14793072,2020-08-18
1295660542602776576,1100386497838993408,117644657,2020-08-18
1295693236514824192,859087548,1431074060,2020-08-18
1295668755289092096,1206298156364754944,987143513073733632,2020-08-18
1300310320884391936,530829398,1282275874025304065,2020-08-31
1295667327195844608,1183131308635148288,1414900302,2020-08-18
1295667594863816705,3881863108,3881863108,2020-08-18
1295677912473980928,1295661418855841793,1295661418855841793,2020-08-18
1295668184750665729,571713390,571713390,2020-08-18
1295669698265264128,1057799351894982661,86740642,2020-08-18
1295683005986541568,400194064,400194064,2020-08-18
1295683772998922241,18803299,18803299,2020-08-18
1295674984929558529,518469622,7530762,2020-08-18
1295674992844132358,722300275,82047471,2020-08-18
1295676376180195328,732768811,2384003454,2020-08-18
1295676734663208966,51891679,1032298832992845824,2020-08-18
1295681405016592384,834084575022288897,834084575022288897,2020-08-18
1295701338635075587,538984228,78558123,2020-08-18
1295681056717393920,217801164,217801164,2020-08-18
1296046951964839937,247975042,247975042,2020-08-19
1295688269510914048,198910545,1246360831832571904,2020-08-18
1295682038163542018,49046312,949978384045608961,2020-08-18
1295717532108820480,1254976016143060992,3232821153,2020-08-18
1295686657564381184,22639515,24707450,2020-08-18
1295695802208260097,3709172656,3709172656,2020-08-18
1295685307279564801,2336236598,2336236598,2020-08-18
1295685758792204295,250690720,250690720,2020-08-18
1295775399482241024,717811156207796224,1076515666570735619,2020-08-18
1295728459155738624,2504426557,1160674750789816320,2020-08-18
1295690884923772928,3335550603,3335550603,2020-08-18
1295691592221761540,764478075400654848,855110291297841152,2020-08-18
1295693328030277632,186961616,1237914437086072834,2020-08-18
1295695656955379712,2744844937,1128434083971911686,2020-08-18
1295696845855842305,964236964554686464,964236964554686464,2020-08-18
1295704710423478272,3305821185,1208431516641947648,2020-08-18
1295702055928180736,3597856037,3597856037,2020-08-18
1296795016908726272,969786374,969786374,2020-08-21
1295702730078654464,806304970429657088,774629438608637955,2020-08-18
1295729609598816257,1266176728004730886,1413482756,2020-08-18
1295702374519115777,35467771,24548652,2020-08-18
1295701945504735232,806304970429657088,1272316943870177281,2020-08-18
1295702838396571648,1106927792099418112,281263381,2020-08-18
1295702907074093065,73153145,34368219,2020-08-18
1295715026955907072,22382135,46934049,2020-08-18
1295702471206150144,585550943,3026912828,2020-08-18
1295731102405951488,188227110,1293679811471212545,2020-08-18
1295704538612224002,732768811,864487727105847297,2020-08-18
1295725920548818945,1242944806763892736,1242944806763892736,2020-08-18
1295713225716236291,797127998164107264,231472780,2020-08-18
1295709575056850944,761381580745113600,60593293,2020-08-18
1295755111889874946,853565917,295987623,2020-08-18
1295706595947683840,2393562482,1022135232949104640,2020-08-18
1295707619844403201,1250730036078018560,993071697241759749,2020-08-18
1295810625348739073,51199642,51199642,2020-08-18
1295774235093340167,43236742,27324583,2020-08-18
1295879741740929027,1252136327581229062,40945491,2020-08-19
1295712371592310786,1703676193,18151778,2020-08-18
1295779882933329925,733415288113238016,1276894883085717513,2020-08-18
1295715696089763840,493627970,493627970,2020-08-18
1295714472796082185,1048191192792551425,1117364397305925632,2020-08-18
1295858949338537984,3434121513,3434121513,2020-08-18
1295824044500094976,706474578,706474578,2020-08-18
1295714081589071874,36246939,36246939,2020-08-18
1295777727945904128,1076515666570735619,22063415,2020-08-18
1296077894851141632,881965056329646084,766801418,2020-08-19
1295715970099499008,34983607,1666000508,2020-08-18
1295734442602795008,1498828848,787848726,2020-08-18
1295718445326180353,2214652482,2214652482,2020-08-18
1295718489597120526,526481002,251924446,2020-08-18
1295718748175966210,14947030,1249560290573733889,2020-08-18
1295719410309697537,714921092985528321,714921092985528321,2020-08-18
1295720184196534277,17919393,17919393,2020-08-18
1295753230731948034,1287461711407198210,3439162715,2020-08-18
1295721482266394624,1254460918412410880,905758664,2020-08-18
1295722082010103817,1002209749327400960,1002209749327400960,2020-08-18
1295742364007333889,1171285414545506304,589610520,2020-08-18
1295723307824799744,281572253,281572253,2020-08-18
1295949592001777665,3238394196,826882279398060032,2020-08-19
1295728641750392833,836350213,6691762,2020-08-18
1295724380543225856,977223672564940800,977223672564940800,2020-08-18
1295726251416723461,1053309451,14564419,2020-08-18
1295752351031144448,1280699765777477633,857415830803542017,2020-08-18
1295726835762855937,66829366,66829366,2020-08-18
1295728514881081344,858323610422853633,858323610422853633,2020-08-18
1295729051244650501,1000121898,37657284,2020-08-18
1295728787104182272,1208840866854559745,1208840866854559745,2020-08-18
1295728975541604352,18782005,18782005,2020-08-18
1295813436232863745,836970490656882689,1573671516,2020-08-18
1295729461887983617,18782005,18782005,2020-08-18
1295730163733483525,971443619650469890,971443619650469890,2020-08-18
1295735013686644736,41448115,286383617,2020-08-18
1295734273723387905,18956073,18956073,2020-08-18
1295733353380028416,1178580480171614209,183861868,2020-08-18
1295733993116241921,1487070786,836891359,2020-08-18
1295733733950185475,1278624774,1227333289,2020-08-18
1295735377026863104,1053309451,14564419,2020-08-18
1295736119468777472,21446951,785139332814344192,2020-08-18
1295736145192591360,3057759609,3057759609,2020-08-18
1295738438151544834,1040626579121025025,214021538,2020-08-18
1296147188649779203,763892778069741568,763892778069741568,2020-08-19
1295739585578897409,3083422234,3400837739,2020-08-18
1295739419979403265,14246644,14246644,2020-08-18
1295739911736303621,1112381349611081733,1112381349611081733,2020-08-18
1295739546894831618,13678962,13678962,2020-08-18
1295739461830094851,1230576844388388865,1230576844388388865,2020-08-18
1298619511013289984,62829818,1189941378228224000,2020-08-26
1295740272467415046,300652558,300652558,2020-08-18
1295740885007826949,15604572,15604572,2020-08-18
1296325044696752128,40972252,17723517,2020-08-20
1296512415136231425,2574160196,826238163215544320,2020-08-20
1295869497786675204,1232436885160710147,426835681,2020-08-18
1295753694038949888,2875685303,942409478787534849,2020-08-18
1295758069683630082,1132685199056277505,1280695893772038145,2020-08-18
1295754511772983299,1267648272652533762,3393831795,2020-08-18
1295754121480474630,1013241804773318656,1013241804773318656,2020-08-18
1295754848051163136,796953934132838400,20568677,2020-08-18
1295824929007566848,886239052936163330,950099860262473728,2020-08-18
1295752737016229888,496376698,496376698,2020-08-18
1295753627253051393,31583882,31583882,2020-08-18
1295755300218208256,75311987,498676286,2020-08-18
1295754397650231297,758951470653771776,758951470653771776,2020-08-18
1295755064406085632,1249822761041768448,1249822761041768448,2020-08-18
1295755916059574273,404951858,404951858,2020-08-18
1295755713365581825,295987623,853565917,2020-08-18
1295757046210535433,18423141,1335111612,2020-08-18
1295755811252248576,2154088153,2154088153,2020-08-18
1295759373373968384,114988834,114988834,2020-08-18
1295772367512313859,712963017303060480,1256171996989345792,2020-08-18
1295759490856427521,216067608,216067608,2020-08-18
1295757641612963842,1464921007,1464921007,2020-08-18
1295760171961061377,1148235738535911425,3444121822,2020-08-18
1295758416003072000,130409268,999507000,2020-08-18
1295759207556247554,18340526,18340526,2020-08-18
1295762664673677313,1101621901,1101621901,2020-08-18
1295763673076531200,539566673,1248762078170669057,2020-08-18
1295852092117209090,505362782,505362782,2020-08-18
1295770941041938432,1267209173944557569,879414539460202496,2020-08-18
1295763243659649024,779306848021250048,303056916,2020-08-18
1295764052745113600,779306848021250048,334131548,2020-08-18
1295766287965200384,14925817,573956797,2020-08-18
1295766287445090305,18680314,254814034,2020-08-18
1295767550614048768,3008391016,3008391016,2020-08-18
1295768090349916162,779306848021250048,737894533057351680,2020-08-18
1296317824227393537,4502891354,837827174799409153,2020-08-20
1295768319841034241,841100683801591808,841100683801591808,2020-08-18
1295770800478474253,74409768,759485450331578368,2020-08-18
1295772651307315201,1344539976,1295477927547678720,2020-08-18
1295772170954723332,779306848021250048,1293547908554534912,2020-08-18
1295776771770667008,281464648,281464648,2020-08-18
1295773092090974210,968758391169527808,968758391169527808,2020-08-18
1296084109047955458,1018096851851997184,909600473073688577,2020-08-19
1295774083687292940,1286837304229863424,1485716220,2020-08-18
1295801603539308544,2326364802,2326364802,2020-08-18
1295777554109018116,3051551999,279669376,2020-08-18
1295774506712170500,4797361833,4797361833,2020-08-18
1296054116972670978,1186621486074925058,1186621486074925058,2020-08-19
1295777014624870405,1282436384146386944,1282436384146386944,2020-08-18
1295792919857725440,806304970429657088,755421492767252480,2020-08-18
1295776568799891456,213076634,213076634,2020-08-18
1295776582234181632,950097884,950097884,2020-08-18
1295776593873375232,950097884,950097884,2020-08-18
1295777927133638665,313545488,313545488,2020-08-18
1296146913826353158,25114279,25114279,2020-08-19
1295779140675633153,588466643,588466643,2020-08-18
1295779240336658437,94218938,94218938,2020-08-18
1295780897749270528,164407518,164407518,2020-08-18
1295862223898923015,794370796982517762,794370796982517762,2020-08-18
1295783224531128321,1243709908434014209,1243709908434014209,2020-08-18
1295804230998134787,2804431698,293033625,2020-08-18
1295788953250025474,376395371,3296494765,2020-08-18
1295788750858063872,806304970429657088,31155868,2020-08-18
1295787401965645829,779306848021250048,851416041959895040,2020-08-18
1295792926484815872,625593151,389123762,2020-08-18
1295789268397367296,1158736674744086529,1158736674744086529,2020-08-18
1295787324362563584,167885119,167885119,2020-08-18
1295792097346424834,303904703,840647239,2020-08-18
1295850616577839106,549799144,919837719827812352,2020-08-18
1295796325389340675,806304970429657088,408853331,2020-08-18
1295791047726043138,1009397060091678720,1009397060091678720,2020-08-18
1295813353319923719,1256747547412103168,1295787472018866176,2020-08-18
1295791141414227968,779306848021250048,1008346949026766848,2020-08-18
1295791246376611840,2942308314,2942308314,2020-08-18
1295793547090841605,408915161,250503931,2020-08-18
1295805199722975244,952959480353845249,492556294,2020-08-18
1295793087508291584,727150541260906498,727150541260906498,2020-08-18
1295793712858103810,87394134,87394134,2020-08-18
1295941867465392129,13132342,1291116716504817664,2020-08-19
1296074735726366729,1093367053526822916,1189916268943593472,2020-08-19
1295796180358770688,490276190,1260519302282784769,2020-08-18
1295795206210584579,2303689315,2303689315,2020-08-18
1295848289645006848,376395371,3296494765,2020-08-18
1295803718743597057,1270423516060549123,781279281993383940,2020-08-18
1295801385133449218,53007813,1251944656402776064,2020-08-18
1295799410463518720,1009764538403704832,540967916,2020-08-18
1295814622864379905,521571923,72316937,2020-08-18
1295801839766704130,40694154,40694154,2020-08-18
1295808241012740097,895509798,952866348,2020-08-18
1295801312110678017,317980134,317980134,2020-08-18
1295808941910134784,825638649341452288,2273448300,2020-08-18
1296135240809885701,15952856,15952856,2020-08-19
1295901986693537795,3004269184,329847978,2020-08-19
1295803996129701894,1270423516060549123,781279281993383940,2020-08-18
1295821020574621696,2294954497,1292474360578572288,2020-08-18
1295805641899094019,936366742049382400,2469696024,2020-08-18
1295804774613487617,363814323,363814323,2020-08-18
1295818432815017986,137740967,277917478,2020-08-18
1295806570538758144,28837984,1059111840700137476,2020-08-18
1295806301717422080,25225535,25225535,2020-08-18
1295807244764839938,932821980952383488,932821980952383488,2020-08-18
1295811540969500676,1285742758985162752,1056693928492068865,2020-08-18
1295810650770419713,30096963,23919197,2020-08-18
1295815172532113411,1294308131812642817,2284156782,2020-08-18
1295811120066899969,895267264802541572,895267264802541572,2020-08-18
1295821935130161152,1187075774219718657,494997906,2020-08-18
1295811925394194437,143001600,102308119,2020-08-18
1295909703298494465,1207875495989272576,2969385358,2020-08-19
1295864687020646401,84091971,74099000,2020-08-18
1297192272069627904,2942835707,806321880789454848,2020-08-22
1295832371946807296,900168022870155268,2464107339,2020-08-18
1295812880353427460,109663580,109663580,2020-08-18
1295813319241203717,102308119,143001600,2020-08-18
1296029779553132544,2360637179,716170936,2020-08-19
1295816487228383232,31583882,31583882,2020-08-18
1295816941605728256,1017071376707055618,1017071376707055618,2020-08-18
1295816705281646593,1892442162,1892442162,2020-08-18
1295816992625221632,776786807937609728,926595925203615746,2020-08-18
1295817209894309891,34855661,34855661,2020-08-18
1295824143636500481,1187744623185158144,2947635655,2020-08-18
1295818578944565249,378279588,378279588,2020-08-18
1295821869334102016,4541141723,4541141723,2020-08-18
1295820538884087810,809519928126607360,833868916396941312,2020-08-18
1295818924941082625,15973721,15973721,2020-08-18
1295851346713817090,206180546,1050105588682805248,2020-08-18
1295841874352078848,4871961853,173247432,2020-08-18
1295820963364442112,802029931827961856,465389132,2020-08-18
1295825207634956288,140582265,1060668523054354432,2020-08-18
1295820771831484417,2853548058,2591958392,2020-08-18
1295822018705752067,1052306374661689344,1071711283559440384,2020-08-18
1295825321615396867,2225560470,1087723402226487297,2020-08-18
1295835787762774018,153151272,153151272,2020-08-18
1295828868574728199,725549906,154558859,2020-08-18
1295823796889362436,25245378,25245378,2020-08-18
1295843774644604929,1408541419,14904569,2020-08-18
1295825189167599617,4541141723,1015029427284127745,2020-08-18
1295854217308053504,707728513697079297,331894844,2020-08-18
1295826224103776260,21421710,21421710,2020-08-18
1296079786037501954,1093367053526822916,1189916268943593472,2020-08-19
1296073131115909122,1251203159911010305,1251203159911010305,2020-08-19
1295843348398444547,799439044274954240,35651297,2020-08-18
1295841779112181760,1649395076,1551083863,2020-08-18
1295870584241430537,277476561,2563840456,2020-08-18
1295836116667502594,615609332,1263283804124438533,2020-08-18
1295927692718673920,27476961,1293304234860052483,2020-08-19
1295835243820261377,2469696024,936366742049382400,2020-08-18
1295832896301826048,67372194,67372194,2020-08-18
1295832729595060227,18921903,2361232213,2020-08-18
1295835103587901441,1623081391,348688915,2020-08-18
1295834124427567104,765720026737352704,141352655,2020-08-18
1295835766011068418,2818295215,2818295215,2020-08-18
1295834943046610944,1272353890055237632,1294340385569792000,2020-08-18
1295835019311710210,1062377377311977474,140582265,2020-08-18
1295840469038104576,936366742049382400,2469696024,2020-08-18
1296802824584605696,21731632,3201282898,2020-08-21
1295854601300844549,707728513697079297,1278899597243539457,2020-08-18
1296058765008162817,102008349,264666949,2020-08-19
1295838735066714112,132175226,1205201600,2020-08-18
1295837122457288704,1280585659699224576,1280585659699224576,2020-08-18
1295842672196845569,197611472,197611472,2020-08-18
1295838748375220229,1187075774219718657,494997906,2020-08-18
1295840580791132160,2728574147,1266483726105575427,2020-08-18
1295850596503699456,845008742,364070365,2020-08-18
1295843879774609408,539566673,1248762078170669057,2020-08-18
1295851619649753089,1194247644270473218,1219577722034278403,2020-08-18
1295971396376563713,20670368,49687720,2020-08-19
1295849016601669632,1272353890055237632,1294340385569792000,2020-08-18
1296061842658402304,342822229,381302464,2020-08-19
1295848513759150080,1228415516110245889,1295833429297082368,2020-08-18
1295845726979850242,14737588,14737588,2020-08-18
1296148431271079936,1204480029855551489,57982595,2020-08-19
1295850938142343168,109756637,54454272,2020-08-18
1295848427952246787,1279068096,1279068096,2020-08-18
1295850800766361602,759251,759251,2020-08-18
1296454675835781126,990042669937242112,990042669937242112,2020-08-20
1295909663196807170,21522338,188133381,2020-08-19
1295862606427807744,21522338,1956240763,2020-08-18
1295860416543948802,859140699144556550,859140699144556550,2020-08-18
1295852260036096000,21540462,21540462,2020-08-18
1295862607723847692,21522338,110926946,2020-08-18
1295853086163034112,149763376,149763376,2020-08-18
1295868428712939520,1141090089373536256,1141090089373536256,2020-08-18
1296257038616596480,1294442600586387456,18338058,2020-08-20
1295854392239960064,1197174056417660928,1197174056417660928,2020-08-18
1295891339268235264,1098167936,1056756281061662720,2020-08-19
1295871703570976768,15062352,1136262329279156224,2020-08-18
1295860797592215562,470656805,822632308264013824,2020-08-18
1295871600248737793,1062377377311977474,140582265,2020-08-18
1295865109135450113,1283515200356982786,1114630584192634881,2020-08-18
1295863043310661632,18782005,936680779085578240,2020-08-18
1295870445711814656,395264215,367057975,2020-08-18
1295863193840111617,16291163,16291163,2020-08-18
1295863196784484353,18782005,18782005,2020-08-18
1295900949446307840,3372819652,358196511,2020-08-19
1295881659401805828,21522338,1956240763,2020-08-19
1295877949564960768,247977494,2410068528,2020-08-19
1295884507283886080,40728175,361734346,2020-08-19
1295889726965194752,3351210604,2413443007,2020-08-19
1295873848555036677,1283515200356982786,22451602,2020-08-19
1296135038623518728,1899311851,759110604456095746,2020-08-19
1295874308036648961,1144414397424492544,27005666,2020-08-19
1295874685486465026,988174876761608192,1019753972276613120,2020-08-19
1295939415223799810,400194064,325517086,2020-08-19
1295877836813762561,17929151,1012372681960906752,2020-08-19
1295877684665475072,1037087125966151682,1037087125966151682,2020-08-19
1295888965510275072,3425325802,3425325802,2020-08-19
1295883454828224513,55965846,1254224777755136000,2020-08-19
1295884682504990720,1147178896963452928,1164948686,2020-08-19
1295886987866583041,955210828453761024,1228131211861725184,2020-08-19
1295883198266662913,15062352,1136262329279156224,2020-08-19
1295884090449813504,353429316,1197611385229889537,2020-08-19
1295884041204318209,836651137,56131808,2020-08-19
1295929666046496770,874828182,757098344254627840,2020-08-19
1295903109261090816,712011839651979264,2401922784,2020-08-19
1295887872634093568,47837094,55965846,2020-08-19
1296332678812205056,1213027567227113472,1213027567227113472,2020-08-20
1295888234938064900,1466174058,247567140,2020-08-19
1295888057820950528,746488971732127744,746488971732127744,2020-08-19
1295888551880658946,47837094,55965846,2020-08-19
1295890114741186560,3032393326,3032393326,2020-08-19
1295889824491212807,55965846,47837094,2020-08-19
1295891110485561345,288971290,288971290,2020-08-19
1295891884980797442,1278521063006183424,1257109889975009282,2020-08-19
1296087039448932352,16595981,16595981,2020-08-19
1295892036193783809,2422343682,2422343682,2020-08-19
1295892579200925697,47837094,55965846,2020-08-19
1295893460575289345,23509204,23509204,2020-08-19
1295893369613410304,1098167936,1056756281061662720,2020-08-19
1296027751271608320,788019030372282368,1837293084,2020-08-19
1295893744219312128,1278521063006183424,1257109889975009282,2020-08-19
1295894103616520195,78377098,57488955,2020-08-19
1295900750464331776,1266918789230268416,1282740412017520641,2020-08-19
1295897351115214848,34377792,34377792,2020-08-19
1295895946149191682,45573874,45573874,2020-08-19
1295898815669719040,64591872,64591872,2020-08-19
1295897278704693253,21168541,21168541,2020-08-19
1296085856978182144,259449303,1197558708290482176,2020-08-19
1295899411357278209,275104144,476197885,2020-08-19
1295902289450934277,210870124,2422263974,2020-08-19
1295909511727849475,324727144,324727144,2020-08-19
1295904267996286976,1243316692278628353,822647145249574912,2020-08-19
1295940904059052032,926909484,619619343,2020-08-19
1295901542143291392,344140145,344140145,2020-08-19
1295923867966246912,15798010,39212821,2020-08-19
1295902648688955392,1132852107978117121,1276584292831936513,2020-08-19
1295925606685839362,16305686,548004325,2020-08-19
1296064044126871552,358196511,3372819652,2020-08-19
1295902050291785728,168532460,27277770,2020-08-19
1295916310413471746,3885598279,3885598279,2020-08-19
1295903852823076865,90988994,90988994,2020-08-19
1295910396717608961,73280895,73280895,2020-08-19
1295937915856523264,2422263974,210870124,2020-08-19
1295903151627763712,15729207,15729207,2020-08-19
1295904481130024960,38339557,1254964130953465858,2020-08-19
1295904737728978944,1228929207394127872,879380882754338816,2020-08-19
1295907211734966272,258176399,37737536,2020-08-19
1295908483649290240,27540852,27540852,2020-08-19
1295923587333984258,709207687918059520,1295757960531017728,2020-08-19
1295914567927828481,227406960,227406960,2020-08-19
1295909759120486400,1135550140511596545,1135550140511596545,2020-08-19
1295911197477351425,3734916796,1188978320756658178,2020-08-19
1295911441363374082,172895855,172895855,2020-08-19
1295911685308506119,41448115,1468663206,2020-08-19
1295911703952207878,353429316,829234538345820160,2020-08-19
1295912611251466240,1147518921307774976,1147518921307774976,2020-08-19
1295913609520803840,4072482575,1568858138,2020-08-19
1295916946525888512,1268518310855008256,73389251,2020-08-19
1295914155686461440,34919856,9967822,2020-08-19
1295917371627118592,229545252,1237405339911442432,2020-08-19
1295916154721046528,1003692505316118528,1567009506,2020-08-19
1295957812028170240,68333413,843656121743216640,2020-08-19
1295990427171069955,6459442,2688294342,2020-08-19
1295915656982953984,1425928752,1425928752,2020-08-19
1295918079197810695,1097044338,128305178,2020-08-19
1295921551712428032,761111202541948928,761111202541948928,2020-08-19
1295923081358303232,919021098133524486,3950712737,2020-08-19
1295920306314522631,381515624,381515624,2020-08-19
1295926725142917120,701120214155468800,2612139595,2020-08-19
1295924993616801793,762449955185266689,1952353728,2020-08-19
1296062042726641666,1248820657242193921,2972810884,2020-08-19
1295926024937635841,526567024,526567024,2020-08-19
1295928234832302080,712011839651979264,1270269096072900609,2020-08-19
1295926223537938434,1020095184,1020095184,2020-08-19
1296036960902025216,384836955,1378908883,2020-08-19
1295929265242820613,945012234215755776,85723812,2020-08-19
1296103285795979271,1219029572324413451,268944183,2020-08-19
1295932847543517184,21791956,2837204570,2020-08-19
1295933135713005569,809299145760509954,809299145760509954,2020-08-19
1295933843258646529,1254174914384461826,1254174914384461826,2020-08-19
1296091242376249346,1251920652199739400,2193774044,2020-08-19
1295940226821619714,1231694799532707840,130913220,2020-08-19
1295935488650432512,2855576624,2855576624,2020-08-19
1296036302887047168,22782434,2937121267,2020-08-19
1295937512880451584,802029931827961856,465389132,2020-08-19
1295937539061284865,39671678,39671678,2020-08-19
1295939525793976321,278020702,1211876528125988865,2020-08-19
1295940168524980225,2340921186,2340921186,2020-08-19
1295938372515639296,722904163227607040,722904163227607040,2020-08-19
1295940807892099073,115308684,253378564,2020-08-19
1295942429842055169,2805891835,1017632466977189888,2020-08-19
1295940684399161345,628988629,628988629,2020-08-19
1295949729449349121,3081983657,936699831363473409,2020-08-19
1295997221943443456,1473654680,3019759383,2020-08-19
1295944819475349506,17210387,1085215215581421568,2020-08-19
1295946169131110400,4847979194,29385162,2020-08-19
1296070524414590976,926909484,1253891304515223553,2020-08-19
1295948163161841665,1163061822246871042,4065331874,2020-08-19
1295945775793483776,1286837304229863424,862513537071038464,2020-08-19
1295947121552572416,319276747,319276747,2020-08-19
1295980843236618240,290705093,44539018,2020-08-19
1296023555797393409,14947030,865334879101308930,2020-08-19
1295954865135349760,4871961853,2262962874,2020-08-19
1296071433676873728,926909484,619619343,2020-08-19
1295961227844300800,17136847,1203388535727906816,2020-08-19
1295967359061172224,1283515200356982786,19768292,2020-08-19
1295958125074419713,776110471459897344,776110471459897344,2020-08-19
1296037339177852929,56470622,15280197,2020-08-19
1296713769964277760,934621782501359616,934621782501359616,2020-08-21
1297201557595807744,12893142,100827317,2020-08-22
1295968226929594368,2332977098,2332977098,2020-08-19
1295972406432010240,1012354673448235009,704566396127154176,2020-08-19
1296138136502833153,1582165440,2701586553,2020-08-19
1295974496763916288,305928252,996525770,2020-08-19
1295975388896780288,18366084,18366084,2020-08-19
1296085898254311424,3081983657,387450219,2020-08-19
1295977373763080192,53007813,1251944656402776064,2020-08-19
1296009492442648576,305928252,996525770,2020-08-19
1295980667491295232,198910545,3471032837,2020-08-19
1296212872016670720,803742900,860586664422293504,2020-08-19
1295982629137690628,1242306883492311040,1242306883492311040,2020-08-19
1295983573288321025,121483018,796073573110677504,2020-08-19
1296091524233666560,37904694,365635604,2020-08-19
1296067532185632768,818695087144079360,1081224425431801857,2020-08-19
1295990755069231104,787827450772348932,1215834125522870272,2020-08-19
1295997508376657920,2931030924,883954146394734592,2020-08-19
1298032290073780224,2944233488,1201376133867917312,2020-08-24
1296065174282088449,1181078900,740555964374487040,2020-08-19
1296067990224396288,951483075854155776,951483075854155776,2020-08-19
1296032416012935169,4849898158,1020614280759201792,2020-08-19
1296000828352929794,1275347134615863296,1152525364780048385,2020-08-19
1295994024525012992,310266754,310266754,2020-08-19
1296051247200579586,278020702,1238905012568428545,2020-08-19
1296048566797062145,278020702,1238905012568428545,2020-08-19
1296002671917309957,1204675751578091520,75775942,2020-08-19
1296147593454596098,22700670,1180523650463813632,2020-08-19
1296004759392985088,1219419324361789440,1292924176282660870,2020-08-19
1296010524447178752,307483852,307483852,2020-08-19
1296059114305527808,23243723,1187175297721831424,2020-08-19
1296012063224016897,844930596166160384,566171531,2020-08-19
1296013215659208705,744808724,300635401,2020-08-19
1296014141358891009,809299145760509954,809299145760509954,2020-08-19
1296045308795924480,2775942496,289924336,2020-08-19
1296019345772961794,809299145760509954,809299145760509954,2020-08-19
1296019969092788224,899676418044563458,899676418044563458,2020-08-19
1296021872665010176,508589291,112349084,2020-08-19
1296029761844764672,27795145,27795145,2020-08-19
1296031309773643776,299307944,22357045,2020-08-19
1296031329201598466,1295377671837429760,1295377671837429760,2020-08-19
1296031399250624513,1295377671837429760,1295377671837429760,2020-08-19
1296220679193468928,169318063,2830609866,2020-08-19
1296033703899156481,4849898158,25223772,2020-08-19
1296046193911508992,3709172656,3709172656,2020-08-19
1296037301437509632,280000329,1068702606,2020-08-19
1296035525887963137,1295377671837429760,1295377671837429760,2020-08-19
1296038276197883904,873307117,59371284,2020-08-19
1296103301830901760,2740258198,1193271298677510149,2020-08-19
1296072709651206145,926909484,1142924279631081472,2020-08-19
1296258289852809217,1097647746,18003678,2020-08-20
1296050085982281728,471962496,471962496,2020-08-19
1296041791838355456,842612424,842612424,2020-08-19
1296041146444128256,1295377671837429760,1295377671837429760,2020-08-19
1296090827580735491,17776340,3219633794,2020-08-19
1296042024253247489,1295377671837429760,1295377671837429760,2020-08-19
1296399933529116672,289530033,289530033,2020-08-20
1296049385722322946,734771575384346625,734771575384346625,2020-08-19
1296060766127132672,1228415516110245889,846588649,2020-08-19
1296069395073118214,470656805,822632308264013824,2020-08-19
1296097029895069696,1027362710130843648,709032213694644224,2020-08-19
1296057685603827712,3259399981,3259399981,2020-08-19
1296059835008659463,589914443,268569851,2020-08-19
1296060380205264898,971443619650469890,971443619650469890,2020-08-19
1296060805558013953,971443619650469890,971443619650469890,2020-08-19
1296074246939082753,817884018,21968889,2020-08-19
1296064888410902529,579620232,773164576523165696,2020-08-19
1296062786376622081,856969871023890433,856969871023890433,2020-08-19
1296728494236250112,949947816624865280,949947816624865280,2020-08-21
1296068342797807617,3299091211,1257380725243944960,2020-08-19
1296136518591852545,705441738391838720,1042442748132044801,2020-08-19
1296070898194108422,776994955,773973954,2020-08-19
1296065410660536324,1147518921307774976,1147518921307774976,2020-08-19
1296064966244675588,35646496,461257639,2020-08-19
1296079286051512322,1248820657242193921,2972810884,2020-08-19
1296070380772298753,4871544759,1229396045446156289,2020-08-19
1296069294124437511,1144921688141959168,948222823239208961,2020-08-19
1296071913664651264,66692990,368678575,2020-08-19
1297964311579508736,2944233488,1215357848625901568,2020-08-24
1296111010852614146,1177710723499266048,1268300944942432259,2020-08-19
1296069520625471490,15965292,15965292,2020-08-19
1296072729335156737,2615213118,2615213118,2020-08-19
1296084091121446914,1235638267732688896,440539061,2020-08-19
1296075506752905217,810169595139125248,810169595139125248,2020-08-19
1296075627624308742,187669836,175438396,2020-08-19
1296093791435317248,1188281749446545408,4530780739,2020-08-19
1296077314086903808,113468433,113468433,2020-08-19
1296079156334166017,3299091211,4676337558,2020-08-19
1296078999857303553,28635386,28635386,2020-08-19
1296085084475404288,2436028716,797617357363572736,2020-08-19
1296081602678669315,1291626433878482947,1291626433878482947,2020-08-19
1296082266754490368,17382983,17382983,2020-08-19
1296081385749266433,1017883562450849794,1017883562450849794,2020-08-19
1296081769742192641,60059160,60059160,2020-08-19
1296089695978496001,3081983657,936699831363473409,2020-08-19
1296082238573027329,116579971,3656836876,2020-08-19
1296083164025298944,28635386,28635386,2020-08-19
1296133127153352711,35501142,1292209872671514630,2020-08-19
1296086155906162688,28635386,28635386,2020-08-19
1296084648703950849,3299091211,428640641,2020-08-19
1296085043610365954,806304970429657088,939062069311160320,2020-08-19
1296084444072349701,1181463296991547394,1181463296991547394,2020-08-19
1296084994570555392,82915738,181976255,2020-08-19
1296084554361589761,14165481,1294622213535145984,2020-08-19
1296088020358254600,114120864,2369765876,2020-08-19
1296092552131743744,1892506526,235210728,2020-08-19
1296085749398491144,1080515866255593472,1080515866255593472,2020-08-19
1296089757181771776,41448115,303970010,2020-08-19
1296089072566493189,1242536856014721024,1242536856014721024,2020-08-19
1296088131255468033,832290811,564238517,2020-08-19
1296089332487397378,2369765876,114120864,2020-08-19
1296089126136164352,3299091211,2770456209,2020-08-19
1296095429214576640,859087548,7412062,2020-08-19
1296089163406639105,4760041273,4760041273,2020-08-19
1296102285970472960,1277383891905589250,65345320,2020-08-19
1296090194278375424,155470237,155470237,2020-08-19
1296093280577486848,3299091211,2770456209,2020-08-19
1296092742410534912,3299091211,2780131006,2020-08-19
1296094778837340162,3299091211,957767341982519296,2020-08-19
1296095352055947264,14448314,8184102,2020-08-19
1296097051810451457,3299091211,428640641,2020-08-19
1296096170012483586,113721008,113721008,2020-08-19
1296100857071706112,919465362999119872,919465362999119872,2020-08-19
1296097493038649350,116138640,1291900395401482242,2020-08-19
1296118701155065856,1056011291603673088,1079845712257601536,2020-08-19
1296810863131729920,1261681366871076864,2815796853,2020-08-21
1296103078303682566,23554832,965346876529688576,2020-08-19
1296101438913822721,57198679,16014761,2020-08-19
1296101982474838016,41448115,1134683828822433792,2020-08-19
1296102751177383937,294145954,1402371320,2020-08-19
1296107582797434882,1890686964,1890686964,2020-08-19
1296470471043690499,1176674394564788224,2206124689,2020-08-20
1296102362386497536,71701378,71701378,2020-08-19
1296109304433516545,1286837304229863424,3182110567,2020-08-19
1296112884657860609,134670752,838569665060290562,2020-08-19
1296109911089115137,1246870023802482688,2808650785,2020-08-19
1296175310648619009,487724195,180190472,2020-08-19
1296110161833201667,44196464,1248241025165869060,2020-08-19
1296107737470795777,1689081,16885937,2020-08-19
1296107885269848064,1281709220442800129,781328799845720064,2020-08-19
1296107965326462976,4247542528,1252291770433572870,2020-08-19
1296107844106944512,45617221,60166913,2020-08-19
1296137848068796416,1890686964,1890686964,2020-08-19
1296108912656240640,1267037382,1267037382,2020-08-19
1296110498589663234,707979091,801038304,2020-08-19
1296109324088094726,720233296534355968,720233296534355968,2020-08-19
1296109521333436427,1182868406678126592,1168693205761691654,2020-08-19
1296110799857975297,1689081,16885937,2020-08-19
1296109797138411520,20373535,20373535,2020-08-19
1296112218539347968,25467052,20650984,2020-08-19
1296110294108966912,2361510153,2361510153,2020-08-19
1296126452153212928,1219577722034278403,1194247644270473218,2020-08-19
1296112185907843073,750386497,750386497,2020-08-19
1296113469192896521,2153442012,2153442012,2020-08-19
1296114001219264513,1182868406678126592,1168693205761691654,2020-08-19
1296163379330129921,838569665060290562,134670752,2020-08-19
1296116145263697920,97214512,261875432,2020-08-19
1296123057484881920,24433200,40118524,2020-08-19
1296119530687737857,67378554,67378554,2020-08-19
1296123189467262982,1129042003889672192,15640774,2020-08-19
1296128955246768130,188227110,17838510,2020-08-19
1296120550838775808,1190323329317535744,4443482241,2020-08-19
1296128289275355140,92379402,1898392754,2020-08-19
1296121175635103745,877495409740050432,560014133,2020-08-19
1296121163295358977,779306848021250048,1126270024224858112,2020-08-19
1296122641208815616,1074858906726350849,1293851540785160193,2020-08-19
1296439420942458882,2443015953,1138312074738765824,2020-08-20
1296122762000584705,275104144,4444090637,2020-08-19
1296125441934127106,1213238538847653889,873766546891575296,2020-08-19
1296127903776649216,2323912447,185941149,2020-08-19
1296215160496037888,1275063317569196032,1093572840480231424,2020-08-19
1296124851715846144,23554832,1228496602660134912,2020-08-19
1296126786263228416,154363154,1634031786,2020-08-19
1296127593335476224,578868186,578868186,2020-08-19
1296129159358488576,59351766,70279712,2020-08-19
1296215947422896128,19199193,19199193,2020-08-19
1296128725126451200,23321019,23321019,2020-08-19
1296128665085005824,111884684,325184488,2020-08-19
1296129759915773952,26275704,26275704,2020-08-19
1296137830071246849,14642871,14642871,2020-08-19
1296151455011950598,1199316753551106048,1685855250,2020-08-19
1296132174413008896,1045781052155940864,351821359,2020-08-19
1296130992302780418,1292668543280902144,841712078737960960,2020-08-19
1296131030622052358,948946378939609089,948946378939609089,2020-08-19
1296147529399185410,2171261060,52324807,2020-08-19
1296149029689196545,2171261060,52324807,2020-08-19
1296144275529506816,97108419,160790679,2020-08-19
1296132346903531520,1292668543280902144,273583052,2020-08-19
1296132864879329286,399156540,1215701736482054149,2020-08-19
1296134453320974338,1045781052155940864,895756699751133185,2020-08-19
1296142076229201920,780973175815278592,1111094413667848192,2020-08-19
1296142564441985026,1186516851439931392,58950221,2020-08-19
1296137675095846914,1405465094,1405465094,2020-08-19
1296135721506557955,17911099,17911099,2020-08-19
1296157706513010688,17325149,17325149,2020-08-19
1296143188923682819,1230555837715951616,1193229802896908293,2020-08-19
1296142912300945409,1045781052155940864,351821359,2020-08-19
1296139764152840194,351821359,854516476899987456,2020-08-19
1296138659712962560,532459682,532459682,2020-08-19
1296148510346223622,1045781052155940864,1133503974970220544,2020-08-19
1296141387381997568,22318863,22318863,2020-08-19
1296230483882323971,2748240700,108262650,2020-08-19
1296142971142725632,780973175815278592,1111094413667848192,2020-08-19
1296142730880356353,706474578,706474578,2020-08-19
1296144292231036928,2247523105,1029360172551098368,2020-08-19
1296294874178654208,829905913767006208,2649411908,2020-08-20
1296322299231117312,1367409444,4826178274,2020-08-20
1296144149612290048,369315927,194982172,2020-08-19
1296144860932702208,109691382,118154377,2020-08-19
1296144662407925760,257180565,257180565,2020-08-19
1296146262295797761,312382472,312382472,2020-08-19
1296165371842564096,29756321,29756321,2020-08-19
1296146849628401664,147375992,148859972,2020-08-19
1296147185395015680,39788659,42122827,2020-08-19
1296147285085126665,312382472,338779219,2020-08-19
1296148387062923264,1127767501591302144,1020768286970171398,2020-08-19
1296148269941358593,1134247569352200193,313699132,2020-08-19
1296148696069836800,1099809954431549440,725417676932284416,2020-08-19
1296149459261251585,1292668543280902144,110953899,2020-08-19
1296149844285952007,1045781052155940864,327516526,2020-08-19
1296197060509736962,1283515200356982786,14873711,2020-08-19
1296152062686908417,788661027936370688,1904971686,2020-08-19
1296156009564712960,138728457,244037636,2020-08-19
1296157179196723200,21568468,21568468,2020-08-19
1296486650814640131,30769284,30769284,2020-08-20
1296159998087659522,1020768286970171398,980166319566864384,2020-08-19
1296627555928346625,1247795994147696645,1456951992,2020-08-21
1296159168018231298,17410779,17410779,2020-08-19
1296159977917362177,25308629,2602578528,2020-08-19
1296160354716848129,1904971686,4705017584,2020-08-19
1296160214434091008,2842600490,2842600490,2020-08-19
1296161612693372929,172960872,701059801976086528,2020-08-19
1296162388971053058,25308629,2602578528,2020-08-19
1296161693278535681,995401129205776384,995401129205776384,2020-08-19
1296164453994631176,4315705875,4315705875,2020-08-19
1296165211737665536,983370776983298048,983370776983298048,2020-08-19
1296163623203741697,3969765436,16713619,2020-08-19
1296182146453970947,1012948460050550784,2918934395,2020-08-19
1296166124208500736,4013935647,4013935647,2020-08-19
1296167256846729219,701059801976086528,172960872,2020-08-19
1296167142476460033,805339280,3060116109,2020-08-19
1296430633598750722,2590217898,10658072,2020-08-20
1296167899980353536,1232717082212667395,1232717082212667395,2020-08-19
1296201696125870080,835542998926622721,19993673,2020-08-19
1296168483940638731,4247542528,124787013,2020-08-19
1296184984886181889,121490412,168848966,2020-08-19
1296170652341166081,1213458497267847173,1213458497267847173,2020-08-19
1296170718778945536,1213458497267847173,1059890609706590208,2020-08-19
1296173253195517953,402091536,2398969500,2020-08-19
1296172756623482880,2365268912,2365268912,2020-08-19
1296174790676566017,946640653,1282226024,2020-08-19
1296174017607536640,152498788,877448748191764481,2020-08-19
1296173489259524097,2911220314,2911220314,2020-08-19
1296181296784449536,1211059187121180677,1056675282,2020-08-19
1296174838277701634,285671694,285671694,2020-08-19
1296183011889819648,2202236365,1347853345,2020-08-19
1296182060042813441,1045781052155940864,1632153948,2020-08-19
1296175785854881793,1282226024,946640653,2020-08-19
1296179072700223489,1957187125,1957187125,2020-08-19
1296180941510119426,1045781052155940864,36500042,2020-08-19
1296175980009197575,152498788,25182129,2020-08-19
1296184728064843776,883269265721262080,1295934298269327360,2020-08-19
1296177501513940992,610542212,610542212,2020-08-19
1296179832938803200,2476382005,2476382005,2020-08-19
1296179931911786498,3772311803,3772311803,2020-08-19
1296181866245095426,1277383891905589250,65345320,2020-08-19
1296182236253949957,801038304,998599412,2020-08-19
1296183404518506496,1213458497267847173,1287379907505459202,2020-08-19
1296187645140369409,845317795,25118696,2020-08-19
1296187611971588097,191938035,1294860307723104256,2020-08-19
1296186327915008003,3336023655,3336023655,2020-08-19
1296186364413857793,1016882632896937984,1016882632896937984,2020-08-19
1296187771057573888,1275799899825676288,903701153824874496,2020-08-19
1296187844247957505,1071252725952860162,1071252725952860162,2020-08-19
1296188970439782401,1263046777,1263046777,2020-08-19
1296191824449753090,37712997,37712997,2020-08-19
1296191260999299072,1293306671909883904,876200255917785089,2020-08-19
1296191404876718081,1263046777,3951196097,2020-08-19
1296191355010473984,2868353169,2868353169,2020-08-19
1296199788409618432,295412130,15623357,2020-08-19
1296194215353946115,978288840292085761,978288840292085761,2020-08-19
1296196960668524546,811660085101400064,3014278743,2020-08-19
1296195333060427777,316090462,2958544757,2020-08-19
1296194635543580672,19346439,824468247097606144,2020-08-19
1296196699703189507,19502995,19502995,2020-08-19
1296199145850626048,1018920134,925943268105318400,2020-08-19
1296197369432879105,1189281498295345158,1206571163528450051,2020-08-19
1296199295557947392,1230555837715951616,1193229802896908293,2020-08-19
1296199133666000896,21704373,21704373,2020-08-19
1296199248149610501,1266531980310536192,1266531980310536192,2020-08-19
1296203338661470208,67361032,863510026610253825,2020-08-19
1296202482255790081,13951732,13951732,2020-08-19
1296205713488982017,796907311,51754033,2020-08-19
1296202215888007168,1287421579521974273,1287421579521974273,2020-08-19
1296204449355051008,2321197453,2321197453,2020-08-19
1296216535158194179,845317795,25118696,2020-08-19
1296208555675131904,582255307,2775640705,2020-08-19
1296208715289210881,42383529,313762790,2020-08-19
1296207487901655042,15368940,15368940,2020-08-19
1296212475210162176,1293306671909883904,1069093242145132544,2020-08-19
1296209679572439040,2249531,2249531,2020-08-19
1296209766633607169,792783356,792783356,2020-08-19
1296208963738824704,1240784057316696065,1240784057316696065,2020-08-19
1296209494741934083,78742546,78742546,2020-08-19
1296210901448630274,15228276,15228276,2020-08-19
1296212086155075584,474326132,2318393834,2020-08-19
1296210925741998080,16916445,131652747,2020-08-19
1296212932724957187,822667288214142977,816107772,2020-08-19
1296211630548824067,92242395,92242395,2020-08-19
1296211222334001153,917680644,917680644,2020-08-19
1296242504325648386,912504643355381762,508006873,2020-08-20
1296241758045712385,554694745,210602936,2020-08-20
1296216711780167680,3480694337,14691333,2020-08-19
1296213803005292546,1175005904380596225,1175005904380596225,2020-08-19
1296221201203896324,154004188,301058026,2020-08-19
1296214883332169728,1157296218,23870670,2020-08-19
1296214067770785792,316825646,316825646,2020-08-19
1296614803318935554,1024044290123735041,765522632120737792,2020-08-21
1296214639357853701,5639832,21980816,2020-08-19
1296237640426061824,1269039316921208834,739895754,2020-08-20
1296219981647171585,51754033,1294828007874592768,2020-08-19
1296232816133513218,802688617957171200,882456098,2020-08-19
1296221295412228099,264388483,92495992,2020-08-19
1299160522227556353,978719743786991616,979785950564794368,2020-08-28
1296224208549081088,1289396750650810369,366292393,2020-08-19
1296224755230617603,397599104,397599104,2020-08-19
1296225442240897025,1222780829665021952,1222780829665021952,2020-08-19
1296494248922091522,58894855,1206808632354058240,2020-08-20
1296226119260057600,4921912946,4921912946,2020-08-19
1296228172665466880,105681147,354131581,2020-08-19
1296229179978022918,732981985854038016,3193073724,2020-08-19
1296229084457046018,143869671,143869671,2020-08-19
1296260687661076480,1108014713856774144,1246984497687601153,2020-08-20
1296231751753244673,1046316084897308672,768304039515738112,2020-08-19
1296475184799547393,1175432790919303172,1175432790919303172,2020-08-20
1296235862343245825,52094248,1181989498223300609,2020-08-20
1296238848763142144,1257756927532113921,277437611,2020-08-20
1296233105682989057,1036690108123172865,264388483,2020-08-19
1296243539932839938,16973333,16973333,2020-08-20
1296236049455181824,1538864564,35148049,2020-08-20
1296235760245448704,2909845271,1091496895015313409,2020-08-20
1296241929978404864,200251961,200251961,2020-08-20
1296259317771825152,233830625,1039239496636747779,2020-08-20
1296237681622634496,1086976130819809280,20354037,2020-08-20
1296237775512109056,1086976130819809280,20354037,2020-08-20
1296239163294060547,48266056,285819899,2020-08-20
1296243886118121472,434285206,1585806756,2020-08-20
1296238871802531840,33987859,1705965984,2020-08-20
1296239070356676611,1036690108123172865,264388483,2020-08-20
1296242809251536896,306187678,2155230680,2020-08-20
1296241213494837249,368703778,368703778,2020-08-20
1296242948846354433,1222780829665021952,1222780829665021952,2020-08-20
1296243531145781249,1045781052155940864,538570707,2020-08-20
1296244032247562240,1153840037093621760,1153840037093621760,2020-08-20
1296246812161060864,109912907,1498609195,2020-08-20
1296244773863514113,4854910361,4854910361,2020-08-20
1296369471066693632,1328123774,1220491477928873984,2020-08-20
1296370335017820160,1328123774,1220491477928873984,2020-08-20
1296252366975578113,877495409740050432,560014133,2020-08-20
1296252749416402945,26871459,26871459,2020-08-20
1296251385999060992,18939358,18939358,2020-08-20
1296251707412733952,1222601029805580288,2561309879,2020-08-20
1296260423860150274,887086996685864960,887086996685864960,2020-08-20
1296252203817037825,1030073227,1030073227,2020-08-20
1296257945013907456,18076440,18076440,2020-08-20
1296302550459670528,1130623492217401346,2170420038,2020-08-20
1296257100704882688,2397984153,3980034233,2020-08-20
1296253382886395905,978684389340123136,978684389340123136,2020-08-20
1296253511940767746,279811405,279811405,2020-08-20
1296256260841648128,192619926,192619926,2020-08-20
1296255830807912448,15368940,15368940,2020-08-20
1296255826080993283,1014006989486198784,1014006989486198784,2020-08-20
1296257700846690306,87910012,21641788,2020-08-20
1296263117379260417,10252962,10252962,2020-08-20
1296394566677954560,64447086,1087213555,2020-08-20
1296259113521799168,741768131232694272,741768131232694272,2020-08-20
1296263072672370688,770759270,770759270,2020-08-20
1296262887003037697,1224876115031928832,1224876115031928832,2020-08-20
1296426722875912195,1246984497687601153,1108014713856774144,2020-08-20
1296432291745587202,1048297204530778113,2845968132,2020-08-20
1296264986898108417,737319243566305281,737319243566305281,2020-08-20
1296263333985820673,32421337,20121674,2020-08-20
1296264489550086147,2940798980,2940798980,2020-08-20
1296281313922691072,1261018200315244546,47408060,2020-08-20
1296298801246896128,1282009279562756097,469604096,2020-08-20
1296280965896175616,45573874,45573874,2020-08-20
1296284288703279104,765934823399624706,24042574,2020-08-20
1296394554380357632,1239013129838886913,1239013129838886913,2020-08-20
1296494482440040455,1275617869016039426,369307681,2020-08-20
1296282685791506437,24653332,104898685,2020-08-20
1296425561351479297,830135742332542976,424511268,2020-08-20
1296286238081609728,15729207,15729207,2020-08-20
1296291635878334464,85867265,85867265,2020-08-20
1296286493959364608,14167331,14297336,2020-08-20
1296290533233451009,289456743,1033844480883929089,2020-08-20
1296299844655603714,1002392672647237632,40740469,2020-08-20
1296297533812215810,1129936532683579392,1129936532683579392,2020-08-20
1296289217086205952,44532533,44532533,2020-08-20
1296291696259428352,1226325787063635969,1274035155368361985,2020-08-20
1296469736251969537,784454880576495616,784454880576495616,2020-08-20
1296293457003188224,21104432,21104432,2020-08-20
1296410493851230209,26526639,31922787,2020-08-20
1296294379737550849,202411127,202411127,2020-08-20
1296407465039405056,564111558,564111558,2020-08-20
1296295857218707458,186546153,971232355,2020-08-20
1296295175849947137,2225214364,1275899827910565888,2020-08-20
1296396180474257408,230313502,10058602,2020-08-20
1296408103165059074,346682382,785999961301344256,2020-08-20
1296683044787683328,786293415394811907,1034381201820151808,2020-08-21
1296297194929168386,603262337,603262337,2020-08-20
1296444244677328897,1290978466192662528,2687105648,2020-08-20
1296297312134631424,1689081,16885937,2020-08-20
1296300181764182017,14167331,14297336,2020-08-20
1296458876359979008,109392255,2194816652,2020-08-20
1296300047655632896,1105862880979750912,1105862880979750912,2020-08-20
1296299261907226624,1292668543280902144,1295772198091857920,2020-08-20
1296297749600784386,1137171177280016384,1213688621561044992,2020-08-20
1296299865484529664,14268812,21829480,2020-08-20
1296422950246260737,1114232180887162880,939371069558812673,2020-08-20
1296302751773626374,1160332114052521986,1160332114052521986,2020-08-20
1296302459183341568,584992354,786592319109816320,2020-08-20
1296302460097695744,4847623841,4847623841,2020-08-20
1296303487861395457,752437303,1149513277707186176,2020-08-20
1296411849404055553,110032749,152142811,2020-08-20
1296312222805831681,1269488517639528448,1305766010,2020-08-20
1296305486107750401,39115570,1272219678,2020-08-20
1296305196482670592,557559865,557559865,2020-08-20
1296305288975458314,574824241,574824241,2020-08-20
1296307892832935936,1038177795694841860,1038177795694841860,2020-08-20
1296307249934032897,877360567022792704,84156639,2020-08-20
1296393912337170432,31420632,5240,2020-08-20
1296307885924921344,62168114,926524340203433984,2020-08-20
1296312874516787203,437595841,1406652294,2020-08-20
1296308535479787520,877360567022792704,746565464495525888,2020-08-20
1296392375573643265,1152439069957382144,1080378310755057665,2020-08-20
1296309254090043394,3035980588,850959472616919040,2020-08-20
1296309601223278592,818693356868014080,2912654307,2020-08-20
1296608150808928258,36823,36823,2020-08-21
1296467963185434624,220471898,1020359957907234817,2020-08-20
1296311324503429126,62168114,926524340203433984,2020-08-20
1296312260864991232,400194064,400194064,2020-08-20
1296312143973818370,1266716012503687169,1163532015007875072,2020-08-20
1296368398461308928,230966305,230966305,2020-08-20
1296313003827175424,1226214199866658816,1111981876028137472,2020-08-20
1296313224564862977,12231932,10696102,2020-08-20
1296314013370867719,926524340203433984,850211957583958016,2020-08-20
1296317095249149953,1045781052155940864,1181022574173515776,2020-08-20
1296316337615179776,848433180,1251906050271436800,2020-08-20
1296315303501000704,141584822,141584822,2020-08-20
1296320311911161856,51794441,716498065411149824,2020-08-20
1296316192945254400,3035980588,26452697,2020-08-20
1296317637270495236,1279245010869686274,170369342,2020-08-20
1296318806839693314,62168114,836783556424781827,2020-08-20
1296319116832366593,62168114,836783556424781827,2020-08-20
1296319718484144130,260291526,2664694905,2020-08-20
1296317132049973248,872240436,793644116785508353,2020-08-20
1296317264459964421,872240436,793644116785508353,2020-08-20
1296320187784978434,2829103602,1186159609020436480,2020-08-20
1296348067847966720,75483117,934979276,2020-08-20
1296321930497335296,1045781052155940864,1181022574173515776,2020-08-20
1296328806328758272,1008040940,779061480,2020-08-20
1296319632085618688,171191577,93777871,2020-08-20
1296320062140424192,779061480,17783799,2020-08-20
1296321937547776000,1191801063705210880,1120042936551395328,2020-08-20
1296322143609905152,1138287733321998337,1153916836028637185,2020-08-20
1296323086447308801,51775663,29223084,2020-08-20
1296349069170933761,1254004947491983363,805808932186980352,2020-08-20
1296348110038466560,581920805,38652546,2020-08-20
1296324664617181184,21059255,158128765,2020-08-20
1296349739060023296,1045781052155940864,1181022574173515776,2020-08-20
1296349027521515522,1045781052155940864,1181022574173515776,2020-08-20
1296325749100535813,805646017265700868,174069619,2020-08-20
1296326059512795136,62168114,836783556424781827,2020-08-20
1296341954867929088,158128765,1291229422981222400,2020-08-20
1296330275777966080,1191801063705210880,1120042936551395328,2020-08-20
1296723704446148609,3066542791,20108321,2020-08-21
1296328330262859776,62168114,836783556424781827,2020-08-20
1296330654074859520,1036138824277970945,1036138824277970945,2020-08-20
1296329447264661505,955957890799538176,1265658054873354241,2020-08-20
1296389243619745792,14448830,19610036,2020-08-20
1296330725806022658,47219360,47219360,2020-08-20
1296450554365976579,813643373961572353,155036671,2020-08-20
1296353290406580224,2473900885,300796129,2020-08-20
1296341501803466753,1073906616624472064,1073906616624472064,2020-08-20
1296366159416221699,1020359957907234817,1034717963969064960,2020-08-20
1296342722727628802,180786162,1269599553612906498,2020-08-20
1296341926006779904,182094372,1074083185141547009,2020-08-20
1296348099082883074,434084488,434084488,2020-08-20
1296414152953667586,1292682196793294848,1292682196793294848,2020-08-20
1296348020699590656,1294607740178968583,1295331563178254336,2020-08-20
1296468231088152578,837789136899579904,117795507,2020-08-20
1296348462741684224,806304970429657088,252023455,2020-08-20
1296354479156023298,25251938,988328511361314816,2020-08-20
1296353041369702400,979220870555099136,979220870555099136,2020-08-20
1296432365166833664,1130162667711324161,1275150844502118401,2020-08-20
1296353213327781889,1283390810445291520,538370777,2020-08-20
1296381053649772544,300796129,2473900885,2020-08-20
1296358643324063745,622996777,3028039900,2020-08-20
1296360128661188608,177352493,177352493,2020-08-20
1296363882349355009,839985545287720965,839985545287720965,2020-08-20
1296359869671305217,2299996561,2299996561,2020-08-20
1296360865772367875,3243855896,96706870,2020-08-20
1296386297335029761,2216973661,1233626103446528000,2020-08-20
1296377988142051329,3163896839,3163896839,2020-08-20
1296381962978914307,25049056,25049056,2020-08-20
1296386863528206337,188665937,1287219013064380416,2020-08-20
1296382161222737920,1264058140288376832,1264058140288376832,2020-08-20
1296386572615655424,182602963,232347274,2020-08-20
1296388265298341888,84220971,84220971,2020-08-20
1296389307826143232,84220971,84220971,2020-08-20
1296390800226627588,53402092,1538344350,2020-08-20
1296393220218208256,1292682196793294848,1292682196793294848,2020-08-20
1296395211514548224,341577536,240709712,2020-08-20
1296732556788981765,8199432,8199432,2020-08-21
1296535593489399809,1125466842821218305,768010928428318720,2020-08-20
1296399989158170625,233241801,2257737920,2020-08-20
1296757467272159233,22551896,27322611,2020-08-21
1296632373207896064,1290971129167765504,1290971129167765504,2020-08-21
1296404399607222273,400194064,1191652052444815362,2020-08-20
1296411553198153728,322508749,322508749,2020-08-20
1296496192885592067,15273295,25273566,2020-08-20
1296404630591676417,2201413656,2201413656,2020-08-20
1296408169313456131,899541944057159681,32144273,2020-08-20
1296407043990073344,1598386543,1598386543,2020-08-20
1296412304750387200,441558077,634853997,2020-08-20
1296411069561352192,1142371275811250176,1215834974919766016,2020-08-20
1296411620495761410,821033772799954945,821033772799954945,2020-08-20
1296411416719761409,885137321229733888,115784097,2020-08-20
1297270096369508360,767096280594120704,1238051417497186304,2020-08-22
1297597240668762112,1220116678475943943,1296403840858820610,2020-08-23
1296415804418920449,391274973,2870813823,2020-08-20
1297256679894069250,1638443989,549425616,2020-08-22
1296452122884616194,701946578,2429850402,2020-08-20
1296418385987805186,480828218,1294564661589942272,2020-08-20
1296416880912142349,37782239,3266377448,2020-08-20
1296423681976078336,1038592065851064320,988217754829381632,2020-08-20
1296559272621473794,391274973,955200977346465792,2020-08-20
1296421830425812996,1045781052155940864,29274805,2020-08-20
1296420791865745410,1098271248688340992,875526202118852609,2020-08-20
1296422176980180992,897275352388644865,1171558260412952577,2020-08-20
1296438700142927872,727277754,740131021442682884,2020-08-20
1296425701487370241,1171558260412952577,897275352388644865,2020-08-20
1296452251469459458,187057747,2849857343,2020-08-20
1296472457948397568,4514322802,37721047,2020-08-20
1296430710732001281,918830061834391552,829368565174239234,2020-08-20
1296424382294876164,1271897503278006273,1044260385023504384,2020-08-20
1296426110482370560,771328767193124865,2961204100,2020-08-20
1296453777457807360,803742900,2453014725,2020-08-20
1296428287955263488,1487070786,985847015027478528,2020-08-20
1296440106564358150,729263404549058560,1140979524869529601,2020-08-20
1296428696962818048,784374695751720960,514987251,2020-08-20
1296430771998208000,2228878592,1077503712,2020-08-20
1296432400407375873,115308684,114833786,2020-08-20
1296432233029533696,193055295,193055295,2020-08-20
1296433965109325824,35837862,2787130851,2020-08-20
1296433531955052545,975116927386431494,1287178471614152720,2020-08-20
1296434402013184001,1171510996914982915,391274973,2020-08-20
1296435097839828992,2228878592,36652119,2020-08-20
1296505625384542208,707717654245728257,2620123260,2020-08-20
1296434666363408384,391274973,1171510996914982915,2020-08-20
1296440386727161856,452196244,236377257,2020-08-20
1296473771981836288,1130623492217401346,3530757132,2020-08-20
1296435738129707012,27397450,798034514,2020-08-20
1296434818989928459,1134522652687773696,1134522652687773696,2020-08-20
1296436915567243264,894923298374651904,894923298374651904,2020-08-20
1296559100449271810,1025991491204739072,3043459837,2020-08-20
1296560043844726784,1025991491204739072,3043459837,2020-08-20
1296441596498583555,63722380,896331516845768704,2020-08-20
1296438300039942144,4159388057,4159388057,2020-08-20
1296477381671124994,67225979,128596015,2020-08-20
1296474753205665793,1138312074738765824,2443015953,2020-08-20
1296463335865626625,2549112632,155988802,2020-08-20
1296441597517860866,384150675,2946850719,2020-08-20
1296441714455064576,1196121130584563712,1196121130584563712,2020-08-20
1296689340081418240,1631308484,3625334902,2020-08-21
1296444943821606912,63722380,896331516845768704,2020-08-20
1296444396943167488,11435642,10914642,2020-08-20
1299685811210915842,1616200598,301287089,2020-08-29
1296446557294866433,172109720,1278437109943209984,2020-08-20
1296477007300239360,2610791188,3328832277,2020-08-20
1296445757613121536,63722380,896331516845768704,2020-08-20
1296446297252257794,896331516845768704,63722380,2020-08-20
1296451355255672832,20013113,20013113,2020-08-20
1296478631032762370,1265206466543321088,25773156,2020-08-20
1296446915811450882,893209143888269312,893209143888269312,2020-08-20
1296470894924136449,1582165440,822898216832147456,2020-08-20
1296500438234271745,4374454882,15485914,2020-08-20
1296634966516748288,791679762,1000713986424401921,2020-08-21
1296464742199042055,17919393,17919393,2020-08-20
1296509012322779142,235306534,218636946,2020-08-20
1296451105912750081,78817562,78817562,2020-08-20
1296450871988035586,62305136,62305136,2020-08-20
1296499621984899076,3284510328,44247112,2020-08-20
1296453213718274048,21925564,3764689043,2020-08-20
1296457767083966464,4709494393,734522933800902656,2020-08-20
1296452979437064194,993943513371947008,993943513371947008,2020-08-20
1296465338033410049,11975622,1272884844859719686,2020-08-20
1296457096532238336,884455440293269505,1240458678735699968,2020-08-20
1296455039431712769,1234699623505199106,328960427,2020-08-20
1296551957251883008,900021957424447488,2320171298,2020-08-20
1296455665125412864,36823,17942280,2020-08-20
1296454766751604738,893209143888269312,893209143888269312,2020-08-20
1296469230729207816,32972137,40678173,2020-08-20
1296463339741216771,4247542528,1130162667711324161,2020-08-20
1296488262987657216,1045781052155940864,1174586166303055872,2020-08-20
1296463714053390338,21010417,1280577023728123906,2020-08-20
1296459154928828428,551983269,1034698841357017089,2020-08-20
1296615026145603584,1034698841357017089,551983269,2020-08-21
1296552265994711040,900021957424447488,1081105410,2020-08-20
1296460926510563329,331202888,1266487995739172864,2020-08-20
1296460844658765826,251235171,602932764,2020-08-20
1296460627771363328,1246870023802482688,2808650785,2020-08-20
1296460186937430016,1063259842448642048,1063259842448642048,2020-08-20
1296461133663162379,29330891,29330891,2020-08-20
1296461179460755457,602932764,251235171,2020-08-20
1296474015922618373,602932764,251235171,2020-08-20
1296462232444862470,29330891,29330891,2020-08-20
1296465410792009730,908895548,1247247639508406272,2020-08-20
1296487255717089280,1045781052155940864,1174586166303055872,2020-08-20
1296795183510626304,1671571724,1671571724,2020-08-21
1296499238684233729,2902110405,1128443444270108672,2020-08-20
1296466958951632898,310139396,175280852,2020-08-20
1296472912065699840,1293306671909883904,1272750883164438528,2020-08-20
1296468332867198976,4369784413,490001260,2020-08-20
1296465853689536513,41448115,1252049311627530240,2020-08-20
1296473560198905858,470523802,1884620384,2020-08-20
1296476261817122816,818695087144079360,1035968623293001728,2020-08-20
1296468304496922625,109728907,782901720636612608,2020-08-20
1296471935371665413,2152647488,289446800,2020-08-20
1296469057806442496,808108063,808108063,2020-08-20
1296470636236288001,206851564,432847129,2020-08-20
1296471754030940162,802456716,802456716,2020-08-20
1296470585292324864,808108063,808108063,2020-08-20
1296472483277791234,271981001,271981001,2020-08-20
1296471511142928385,2865907814,345605160,2020-08-20
1296486630572929027,797663995,23875419,2020-08-20
1296494118319861762,174672235,882220629860253696,2020-08-20
1296523865628139525,1258766749559918593,1208087264334622726,2020-08-20
1296495022230167553,84788121,20812427,2020-08-20
1296495633768030216,2887061783,4087253302,2020-08-20
1296475706248048642,816979609916993536,826103151455514624,2020-08-20
1296475688418062337,499649886,499649886,2020-08-20
1296481500075118599,2345482132,983980325989646337,2020-08-20
1296477492878938113,1582165440,2434355688,2020-08-20
1296477142688182272,1488713251,1488713251,2020-08-20
1296488888215773186,3328832277,2610791188,2020-08-20
1296477699855323139,788661027936370688,219867731,2020-08-20
1296478393551261699,467050190,467050190,2020-08-20
1296481021349765121,779782057723584512,1274851110617047049,2020-08-20
1296577961131413504,297468582,847183396275138562,2020-08-20
1296574671211700227,399072161,381239292,2020-08-20
1296480705032134657,808108063,808108063,2020-08-20
1296566413889396737,998769709620150273,2345942821,2020-08-20
1296515074731970562,820042644004933632,317746593,2020-08-20
1296482228248162306,251235171,602932764,2020-08-20
1296487540745220107,870749903252635648,197315465,2020-08-20
1296484030792294402,1148235738535911425,1158901414149677057,2020-08-20
1296486261818036226,112333217,369334421,2020-08-20
1296486181497188353,20765816,62859251,2020-08-20
1296486566882414597,369334421,112333217,2020-08-20
1296489042104799234,1239599332770398214,791307339399884805,2020-08-20
1296488466419679232,2607995856,24247327,2020-08-20
1296488224005726210,1294104261110796288,1294104261110796288,2020-08-20
1296490192417828864,50300854,1486636874,2020-08-20
1296498170973782016,2464376390,344386631,2020-08-20
1296489996933828613,800707492346925056,800707492346925056,2020-08-20
1296488935787552772,199404341,199404341,2020-08-20
1296489407772590081,28820629,21708786,2020-08-20
1296490236462141442,1083848601397284864,1681279160,2020-08-20
1296500338254655489,3219723100,1264976002964508672,2020-08-20
1296490887061676035,26284001,26284001,2020-08-20
1296502086754951169,63779712,630225968,2020-08-20
1296492231868776452,21925564,3764689043,2020-08-20
1296553247491198978,900021957424447488,3968940508,2020-08-20
1296493950744899584,1139185796991389696,1233081829013544960,2020-08-20
1296493767399223296,1296488161217060864,1296488161217060864,2020-08-20
1296497024926457862,960920794288218112,360980183,2020-08-20
1296495063258877952,4786056794,4786056794,2020-08-20
1296496643068624897,1284126255496015872,1284126255496015872,2020-08-20
1296524602437402629,544289204,823194894684581890,2020-08-20
1296496407315189762,402978872,402978872,2020-08-20
1296498822038708225,865494108,865494108,2020-08-20
1296499001274048517,287944320,287944320,2020-08-20
1296710245713170433,340268907,340268907,2020-08-21
1296499625352769543,1173384470361063424,1173384470361063424,2020-08-20
1296504826495471616,1254460918412410880,3251213406,2020-08-20
1296501453058711552,310800534,1271319727751610385,2020-08-20
1296503072269709312,52122900,869723537711484928,2020-08-20
1296509412874637313,25912403,25912403,2020-08-20
1296501873592143876,1271319727751610385,310800534,2020-08-20
1296502074796937221,4861611379,1294369571038810112,2020-08-20
1296508016699887617,1274851110617047049,1295543371780554752,2020-08-20
1296501889715056641,2229390769,2229390769,2020-08-20
1296502293831880709,4861611379,1294369571038810112,2020-08-20
1296503029332676608,1086976130819809280,1676309203,2020-08-20
1296504387217457152,588597181,67354753,2020-08-20
1296504574971437058,31420632,5240,2020-08-20
1296505498083241984,37002373,21282207,2020-08-20
1296505304025374720,1280983112139374595,1280983112139374595,2020-08-20
1296505259519549444,1105067006,1105067006,2020-08-20
1296505220382560256,2244101835,2244101835,2020-08-20
1296511839443079169,1175226135426322432,1272665138986913793,2020-08-20
1296515114779238405,3219723100,1264976002964508672,2020-08-20
1296514098998521859,3219723100,1264976002964508672,2020-08-20
1296505770188500995,501943587,501943587,2020-08-20
1296511394104385536,1259265348597092352,1259265348597092352,2020-08-20
1296506418384773122,4191221489,4191221489,2020-08-20
1296568855809073153,726601976,786169772975284224,2020-08-20
1296533081562779650,797893609718747140,1058436727000449026,2020-08-20
1296513077760929792,769702230,2863304846,2020-08-20
1296553943770763264,900021957424447488,823170145493327875,2020-08-20
1296514532802732033,4384481129,1911520267,2020-08-20
1296513943955963904,218325695,218325695,2020-08-20
1296563090801164288,771328767193124865,108981872,2020-08-20
1296514029628743680,12272322,12272322,2020-08-20
1296515857040863232,14526877,14526877,2020-08-20
1296528570815315968,1040626579121025025,145278930,2020-08-20
1296795737867472896,84823872,84823872,2020-08-21
1296540108791980033,966778556733886469,77454805,2020-08-20
1296537401796505600,54607044,2840054254,2020-08-20
1296681884257325056,763493631810347008,1271945873233231879,2020-08-21
1296528154723590148,928113390,27385111,2020-08-20
1296522695119704064,16745361,16745361,2020-08-20
1296522646348275713,952191947426402304,952191947426402304,2020-08-20
1296523517421387778,262360562,262360562,2020-08-20
1296526435159625738,1274851110617047049,1295543371780554752,2020-08-20
1296544490350505984,1279245010869686274,170369342,2020-08-20
1296525079749120001,1185604783765278720,1219802466243502080,2020-08-20
1296525716255899648,4464010673,730550314642726913,2020-08-20
1296525464052400128,1164176203923820544,967439499943907329,2020-08-20
1296525675369644032,762522504,398555379,2020-08-20
1296539918307659776,803742900,364903185,2020-08-20
1296526506387177473,3234829756,3067199684,2020-08-20
1296606766835421185,1167105256435699712,774737407497281536,2020-08-21
1296533615560601604,2375892582,1169205942103101441,2020-08-20
1296530072107487232,893129145034592258,1111284567728484353,2020-08-20
1296530688045273088,317366517,317366517,2020-08-20
1296547271581073410,1008185450,1008185450,2020-08-20
1296537080735178752,732768811,1628279124,2020-08-20
1296532545794789376,1246870023802482688,946344888,2020-08-20
1296537631338057728,1016483906,2574607341,2020-08-20
1296534408908898305,1017294810393337857,1017294810393337857,2020-08-20
1296536796512366592,1040626579121025025,1263286910182731782,2020-08-20
1296541286690955276,806304970429657088,797893609718747140,2020-08-20
1296534673313550336,357120701,357120701,2020-08-20
1296534743484452864,1238316070605410304,1238316070605410304,2020-08-20
1296534911302631429,1163924934365782017,1163924934365782017,2020-08-20
1296538134814089217,261392722,1191797652,2020-08-20
1296536385051074565,908895548,1247247639508406272,2020-08-20
1296536545210621954,11435642,1051269306,2020-08-20
1296545790790438914,797127998164107264,1292949206630567937,2020-08-20
1296539388302823431,394154071,394154071,2020-08-20
1296537796270792708,54066347,54066347,2020-08-20
1296541198765764611,388541172,847105263362609152,2020-08-20
1296540086755000321,17984862,142470578,2020-08-20
1296538505292677121,1417139066,1417139066,2020-08-20
1296539043560394753,732768811,1628279124,2020-08-20
1296540716022345729,398155705,138546092,2020-08-20
1296543634540486656,958924386429386752,1239338484235673600,2020-08-20
1296542608991440898,4439063122,4439063122,2020-08-20
1296543920772591616,175373798,175373798,2020-08-20
1296548507478888462,806304970429657088,797893609718747140,2020-08-20
1296546341426954242,993121645127749632,993121645127749632,2020-08-20
1296545825397583875,1128734332028428289,1128734332028428289,2020-08-20
1296546921864204289,2596016185,1291874331858001921,2020-08-20
1296547544533798924,1293640462809665536,1293640462809665536,2020-08-20
1296550497935998976,889894830721056768,1018111597,2020-08-20
1296560891949772800,761111202541948928,761111202541948928,2020-08-20
1296551190679949313,19198637,1599851004,2020-08-20
1296551187832016898,1219035497688969218,1219035497688969218,2020-08-20
1296566843314864128,1274438272614232065,1858284224,2020-08-20
1296567124782014465,1274438272614232065,1858284224,2020-08-20
1296556243151200257,2318541862,4847158667,2020-08-20
1296551501868019712,1154952166815281157,1154952166815281157,2020-08-20
1296557824881897473,497676852,44698978,2020-08-20
1296558946203779072,21988609,78394114,2020-08-20
1296554980623540225,4562128935,897425565778669568,2020-08-20
1296554112029523968,933345751,1101968499537145856,2020-08-20
1296652451223748608,279728106,123346271,2020-08-21
1296555186144518145,762522504,231440467,2020-08-20
1296554706958000128,403682688,403682688,2020-08-20
1296555887365062658,1288593579343044608,1288593579343044608,2020-08-20
1296556123366072320,403682688,403682688,2020-08-20
1296560354810408961,22204234,882757465535897600,2020-08-20
1296575522470801417,498092598,279086831,2020-08-20
1296561181218439170,15026000,3245479583,2020-08-20
1296557715385442313,1452417348,1239674636511711235,2020-08-20
1296558035905675265,1229869943027634176,1229869943027634176,2020-08-20
1296569301739229185,387836852,817891478932361216,2020-08-20
1296563283932123138,470540654,470540654,2020-08-20
1296562675837796353,2175862011,401724580,2020-08-20
1296560987579887616,979828857342713858,979828857342713858,2020-08-20
1296576773342273537,799010005655633922,45119491,2020-08-20
1296563426765004800,401724580,2175862011,2020-08-20
1296564369099300864,401724580,2175862011,2020-08-20
1296611263276109827,1267312981936930816,554865048,2020-08-21
1296881326319194116,1046586316807446528,1046586316807446528,2020-08-21
1296565168781090816,364481118,364481118,2020-08-20
1296568390723805187,799680967073927168,2192681335,2020-08-20
1296568907441082371,1056701054648270850,1056701054648270850,2020-08-20
1296567296681480208,401724580,3873836657,2020-08-20
1296568466099580931,728146165800148992,3234166441,2020-08-20
1296568335279128577,1254807987576684544,1254807987576684544,2020-08-20
1296570718608474112,1218282785200148481,1218282785200148481,2020-08-20
1296620650195496960,1114702422,100344460,2020-08-21
1296572332962713600,25223772,1673622697,2020-08-20
1296715979100127234,35467771,873312192,2020-08-21
1296575340857434112,1047343399106433024,2815104236,2020-08-20
1296576151788433408,401724580,1064278449005707264,2020-08-20
1296575536974704640,1204930164389556224,210703421,2020-08-20
1296578117625053184,25307983,15096895,2020-08-20
1296582591458488323,388968303,388968303,2020-08-20
1296590210713530368,762522504,731982955543846914,2020-08-20
1296612237243609088,3255233978,3000040306,2020-08-21
1296579440781266944,847183396275138562,297468582,2020-08-20
1296615536441397249,1208387105111658497,1208387105111658497,2020-08-21
1296582716876627968,17189870,895026897574408193,2020-08-20
1296587398206427137,17189870,895026897574408193,2020-08-20
1296592456352489474,806304970429657088,797893609718747140,2020-08-20
1296582699956801536,933345751,3381323351,2020-08-20
1296582475515416578,1204523122008956928,1204523122008956928,2020-08-20
1296585183542509569,754059798145007616,818276294328582145,2020-08-20
1296585710892396549,44513878,44513878,2020-08-20
1296587500488712192,346682382,785999961301344256,2020-08-20
1296588134168363010,1384030603,238671514,2020-08-20
1296586203312140292,2791267670,2791267670,2020-08-20
1296586242080071681,810590628727914496,810590628727914496,2020-08-20
1296590611273912322,943557351080124422,1001215225813782529,2020-08-20
1296592087836655618,154774769,327756219,2020-08-20
1296951559159525377,2691326173,1240436091217477632,2020-08-21
1296603873549975557,1226040799886036992,1226040799886036992,2020-08-21
1296594911530278916,2928965314,191938982,2020-08-20
1296595091591700480,191938982,2928965314,2020-08-20
1296802823376707586,565594239,1892137254,2020-08-21
1296684213866037248,544289204,1240802803888635907,2020-08-21
1296597473096544266,1172901939295719424,1172901939295719424,2020-08-20
1296597905055383553,149763376,149763376,2020-08-21
1296614824189792256,154774769,17839903,2020-08-21
1296615470758596613,25843801,1526734214,2020-08-21
1296606678696316928,283272640,1179234373658447873,2020-08-21
1296604877074894848,1059956605792464902,1059956605792464902,2020-08-21
1296886167263219713,1638443989,549425616,2020-08-21
1296618483460059138,1262168598493245448,283272640,2020-08-21
1296693483684732928,881965056329646084,65218152,2020-08-21
1296689033200971776,1631308484,1135322163634933761,2020-08-21
1296608147428323331,45573874,45573874,2020-08-21
1296609368826413057,2812303213,1293006805342322688,2020-08-21
1296615867371753472,1246870023802482688,2808650785,2020-08-21
1296885968260259846,585828791,1222042783147532288,2020-08-21
1296612614609367040,15729207,15729207,2020-08-21
1296614593700167684,17204067,981362279760515072,2020-08-21
1296615982719524865,1131011302346887173,1131011302346887173,2020-08-21
1296616474396819456,933345751,1460087053,2020-08-21
1296634251501350912,9336672,9336672,2020-08-21
1296626908042584065,2838667575,369613362,2020-08-21
1296619480219619330,308603491,308603491,2020-08-21
1296618793163083777,1228415516110245889,3743134213,2020-08-21
1296751779208601601,169292884,180249233,2020-08-21
1296627885009039361,19790393,19790393,2020-08-21
1296633140467777536,19790393,19790393,2020-08-21
1296637221806551040,231364919,94893851,2020-08-21
1296624740455636993,1254976016143060992,241376730,2020-08-21
1296622361609895944,1131011302346887173,1131011302346887173,2020-08-21
1296626312749211648,732877430,732877430,2020-08-21
1296623390590214145,1441971834,240072627,2020-08-21
1296624070222589952,593813785,593813785,2020-08-21
1296624094906068993,1245176587655528449,2782497124,2020-08-21
1296907600378892288,154774769,30225496,2020-08-21
1296625265062359040,1053650557,1053650557,2020-08-21
1296628261489741824,215001011,175224134,2020-08-21
1296626655595765767,2228878592,1268944736,2020-08-21
1296627995579502594,593813785,593813785,2020-08-21
1296630385879552001,2506473625,2506473625,2020-08-21
1296630382838910976,593813785,593813785,2020-08-21
1296628922050904066,994159554,994159554,2020-08-21
1296848083687559168,1290929342202208257,1296612318185488384,2020-08-21
1296629819006783489,19790393,19790393,2020-08-21
1296630031129743361,1332628602,1736840035,2020-08-21
1296630250718334976,1282376679118319616,1282376679118319616,2020-08-21
1296631342638260225,593813785,593813785,2020-08-21
1296632949048311808,17204067,981362279760515072,2020-08-21
1296806348710129665,2855615704,56933453,2020-08-21
1296634245687934978,1239599332770398214,1489338390,2020-08-21
1296634765332881416,593813785,593813785,2020-08-21
1296640027854884866,51831114,3167706557,2020-08-21
1296635779649806339,6878412,471362430,2020-08-21
1296640202098737154,2228878592,30223403,2020-08-21
1296636500960976897,14667349,1293952163736178689,2020-08-21
1296636380907540480,992895004447334401,992895004447334401,2020-08-21
1296637696731824129,20642255,20642255,2020-08-21
1296638677255368710,2805891835,207308592,2020-08-21
1296698175005360129,366517094,458143137,2020-08-21
1296640892464443394,17919393,17919393,2020-08-21
1296641290319335424,20013113,20013113,2020-08-21
1296642164160638976,1136343516,1136343516,2020-08-21
1296647472823980032,209346077,160265020,2020-08-21
1296664963600326662,2418458313,1258507748,2020-08-21
1296643945531834368,45573874,45573874,2020-08-21
1296644956417740801,1366028426,203684859,2020-08-21
1297009789025816576,434417850,935840869,2020-08-22
1296655967124426758,1173281195834167297,214362385,2020-08-21
1296645766409224193,794274900,794274900,2020-08-21
1296647473566347264,1110475417,362216384,2020-08-21
1296646462789435398,1366028426,203684859,2020-08-21
1296651218954129410,223022239,223022239,2020-08-21
1296655841748062209,19413589,517996085,2020-08-21
1296654089166741508,236487888,198357693,2020-08-21
1296653239891431424,39914615,38661965,2020-08-21
1296663529416790016,1092207965086642176,895789143405539328,2020-08-21
1296654775983931397,1063475666,120240941,2020-08-21
1296656639232155648,3107408184,3107408184,2020-08-21
1296662531788898304,4871194606,1035968464274567168,2020-08-21
1296663573524090881,1201811515223019521,705464513,2020-08-21
1296661041846214658,28674183,416506824,2020-08-21
1296664501895467013,16116288,364655328,2020-08-21
1296708290928287744,4912507513,833737712834330625,2020-08-21
1296700569491578880,1914614430,1914614430,2020-08-21
1296804237188374533,1011771193,1234347203164090369,2020-08-21
1296664733970395136,3366580017,1180268860450234369,2020-08-21
1296670219998564354,895789143405539328,1092207965086642176,2020-08-21
1296670641903501314,846726195857309697,1266643502349389830,2020-08-21
1296668046745120769,21926722,21926722,2020-08-21
1296681577674661892,764347014,764347014,2020-08-21
1296878806578237440,381384409,1000007010052698113,2020-08-21
1296670307818889221,3116185903,304659197,2020-08-21
1296673319773589504,1366886618,1386109172,2020-08-21
1296690292943286273,392441727,111450198,2020-08-21
1296674701054484485,60386464,3774843974,2020-08-21
1296675614611501056,23850184,23850184,2020-08-21
1296675897341349890,892432813487783936,1120387602354515968,2020-08-21
1296675992052752386,28674183,964730856,2020-08-21
1296677066688155648,1204930164389556224,20927235,2020-08-21
1296677546025680896,846726195857309697,1266643502349389830,2020-08-21
1296678980565610496,932365571638706178,1097611526087811073,2020-08-21
1296678839637049345,28674183,964730856,2020-08-21
1296679528220127233,154744106,154744106,2020-08-21
1296680365453479937,762522504,2555980864,2020-08-21
1296680921718853633,28674183,24030952,2020-08-21
1296680981001383936,933946792986767360,1041310363,2020-08-21
1296681025129426945,28674183,964730856,2020-08-21
1296681881690226689,762522504,2555980864,2020-08-21
1296867933952577536,1271945873233231879,763493631810347008,2020-08-21
1296685403169325056,871764794633748486,1275093525051441153,2020-08-21
1296683635202854912,28674183,275515488,2020-08-21
1296684762485018625,28674183,275515488,2020-08-21
1296684821775708161,28674183,486780750,2020-08-21
1296716609424224258,558196983,191720839,2020-08-21
1296703030184701952,705485597717041152,995882022521323520,2020-08-21
1296687078525173760,20642255,20642255,2020-08-21
1296688595609108480,16483747,16483747,2020-08-21
1296688374669914119,1110475417,1059923394328756224,2020-08-21
1296694682676862976,846726195857309697,1266643502349389830,2020-08-21
1296694805884436480,1695954714,1695954714,2020-08-21
1296689497858506754,933946792986767360,1041310363,2020-08-21
1296689545539235840,1263469716896694273,1263469716896694273,2020-08-21
1296690161460350976,17794818,17794818,2020-08-21
1296696122446983171,111450198,392441727,2020-08-21
1296705969653780480,732877430,1010511092638978048,2020-08-21
1296701531081920513,1042275098747707392,386472813,2020-08-21
1296692746179112965,28674183,275515488,2020-08-21
1296697249737707520,1162793355253878784,28509337,2020-08-21
1296873602248130561,2313314246,908788141,2020-08-21
1296698438759981058,48487587,58004011,2020-08-21
1296698479906099200,832426915646562306,3282799303,2020-08-21
1296700923058634753,826550703258791937,20752208,2020-08-21
1296699654935941120,933157680033579008,1142773998557827073,2020-08-21
1296702117965631488,1162793355253878784,28509337,2020-08-21
1296702671215181825,79406971,79406971,2020-08-21
1296704595909947393,826550703258791937,20752208,2020-08-21
1296705749897244672,1143115487850536960,1143115487850536960,2020-08-21
1296707892192489472,1255771864388866048,1038023857595142144,2020-08-21
1296707209498435584,1219010265280282624,17326701,2020-08-21
1296711568202305537,1020359957907234817,223999414,2020-08-21
1296707068921929728,760259571332022273,785339250371813377,2020-08-21
1296730299527835648,400189987,910349216219848704,2020-08-21
1296711152324374529,1255771864388866048,1038023857595142144,2020-08-21
1296712250535948289,163492256,163492256,2020-08-21
1296713134053392384,1020359957907234817,223999414,2020-08-21
1296721397994139650,391274973,1171510996914982915,2020-08-21
1296714438305697793,826550703258791937,20752208,2020-08-21
1296714320009744384,470319318,470319318,2020-08-21
1296716739833602049,1255771864388866048,1038023857595142144,2020-08-21
1296718414749171712,1107130784085753856,3674375489,2020-08-21
1296716959774638082,403682688,403682688,2020-08-21
1296719587447197696,559669682,1135592340951883776,2020-08-21
1296718670970990598,403682688,403682688,2020-08-21
1296718515047628800,1038023857595142144,1255771864388866048,2020-08-21
1296721645738930177,1255771864388866048,1038023857595142144,2020-08-21
1296719639368683520,35467771,1107130784085753856,2020-08-21
1296723754828038146,112259266,355999521,2020-08-21
1296844812981854208,3328675947,1066892243796144128,2020-08-21
1296725350332993536,3156674265,1265231474493739009,2020-08-21
1296725710623703040,1063347020931440640,1063347020931440640,2020-08-21
1296728045466853383,35467771,1107130784085753856,2020-08-21
1296813116379074561,988380540,2157796948,2020-08-21
1296727733138067456,1695293173,1695293173,2020-08-21
1296729197335982080,1063347020931440640,1063347020931440640,2020-08-21
1296735722360184833,21197193,885511824,2020-08-21
1296737115703844867,3156674265,1280818166726307840,2020-08-21
1296736510151208960,3156674265,1265231474493739009,2020-08-21
1296732251883880450,1003702638335217664,1003702638335217664,2020-08-21
1296903085521014788,361063416,769417666373169152,2020-08-21
1296738304151478272,15440049,15440049,2020-08-21
1296738242994278402,300180002,905022548458455040,2020-08-21
1296739327234510848,885511824,56727251,2020-08-21
1296852710440878080,1110475417,2531015644,2020-08-21
1296740003125628928,245331115,245331115,2020-08-21
1296740896118120448,1257352472932298755,3119583858,2020-08-21
1296741110929403905,3119583858,1257352472932298755,2020-08-21
1296744199631429632,1000907481978060800,4573166893,2020-08-21
1296745436330434560,1000907481978060800,4573166893,2020-08-21
1296751388383498241,1039863256490364928,1039863256490364928,2020-08-21
1296753801097965568,1000907481978060800,4573166893,2020-08-21
1296756306154385409,1213828587037458432,30615314,2020-08-21
1297143959152734208,289530033,289530033,2020-08-22
1296804979840299011,21313053,235235930,2020-08-21
1296866927294521345,1271945873233231879,840546867096256512,2020-08-21
1296839924788989954,1460087053,3352165023,2020-08-21
1296802362275827718,999556790,329616836,2020-08-21
1296837523382194176,283272640,1262168598493245448,2020-08-21
1296911718233210880,762522504,15449444,2020-08-21
1296828534091124738,1274542527710978048,2583217066,2020-08-21
1296833874455072769,1020359957907234817,223999414,2020-08-21
1296835766786678784,863033280,863033280,2020-08-21
1296832884758773760,844988202842836994,95118648,2020-08-21
1296826253010440192,87560267,613069742,2020-08-21
1296884722027593729,1919274307,1919274307,2020-08-21
1296800482841825282,1049424311038210055,1153570433720913920,2020-08-21
1296804654890782721,201980592,1281574702822109185,2020-08-21
1296800901714399232,937523095392440320,1404838220,2020-08-21
1296794430066831360,22228428,2567074467,2020-08-21
1296794955969638406,444140632,778345356,2020-08-21
1296796577353420802,28230854,28230854,2020-08-21
1296796982804197376,778345356,444140632,2020-08-21
1296887853004333059,854914644,1196982157610237956,2020-08-21
1296887873292165124,854914644,1196982157610237956,2020-08-21
1296887894859276289,854914644,1196982157610237956,2020-08-21
1296887938433900544,854914644,1196982157610237956,2020-08-21
1296798535510372352,567532294,567532294,2020-08-21
1296798820970516482,328849192,328849192,2020-08-21
1296798925379313665,31565351,31565351,2020-08-21
1296799556416479232,1330575260,1330575260,2020-08-21
1296803975182901249,1330575260,1330575260,2020-08-21
1296858939561132033,3255233978,3000040306,2020-08-21
1296826115252682754,1257756927532113921,1273776371878281219,2020-08-21
1296823096859668481,1892137254,565594239,2020-08-21
1296803122442989568,241820850,241820850,2020-08-21
1296814231254433793,1105145953361776645,1105145953361776645,2020-08-21
1296813509167271937,1189747611265380352,1189747611265380352,2020-08-21
1296817244320735233,19770938,303367151,2020-08-21
1296806954304765952,22086316,22086316,2020-08-21
1296809789859790848,135731648,259386379,2020-08-21
1296808749990961153,93116887,93116887,2020-08-21
1296840998891458561,3446198608,1131283713017487366,2020-08-21
1296811196306391040,259386379,135731648,2020-08-21
1296833139239718912,1168480392267124741,2965124656,2020-08-21
1296819224137158657,4711574655,869787780003618817,2020-08-21
1296906942540124161,301234715,301234715,2020-08-21
1296849306884874240,932365571638706178,179234504,2020-08-21
1296812112711491591,1235004376999227393,1235004376999227393,2020-08-21
1296812313509601280,14345759,14345759,2020-08-21
1296812281464938497,2735174366,2735174366,2020-08-21
1296813067829944322,14345759,14345759,2020-08-21
1296813284478390272,597541684,597541684,2020-08-21
1296823630085619712,2157796948,988380540,2020-08-21
1296813620106530817,45931428,45931428,2020-08-21
1296814688278388739,1189747611265380352,1189747611265380352,2020-08-21
1296816104757555201,1246870023802482688,715331089334599681,2020-08-21
1296845744373145604,126776029,437142722,2020-08-21
1296817767312756737,1156998945211658241,1156998945211658241,2020-08-21
1296819326398365699,2909845271,743627779229388801,2020-08-21
1296826634763476993,1164176203923820544,918892290927669248,2020-08-21
1296820901414141953,728747154,13458022,2020-08-21
1297550399486992384,915428753622421504,172593145,2020-08-23
1296827946402025473,28578194,28578194,2020-08-21
1296832105423310863,23850184,605094585,2020-08-21
1296823381824802816,728747154,13458022,2020-08-21
1296842320579567616,824483045340241921,83096156,2020-08-21
1296827196280119304,24562012,2941749556,2020-08-21
1296824380467683328,728747154,13458022,2020-08-21
1296825895101988865,840220477553426432,751940577248288768,2020-08-21
1296824134798893061,3400236443,3400236443,2020-08-21
1296824201941323776,341196634,341196634,2020-08-21
1296825951029006337,758266808,1052249076954267648,2020-08-21
1296841250549702656,117920172,791090564435443712,2020-08-21
1296832796363755520,40986998,3547993995,2020-08-21
1296826217790939138,44839846,44839846,2020-08-21
1296826511174127616,833566905055055872,833566905055055872,2020-08-21
1296838668309626881,1275834716009172992,32391389,2020-08-21
1296859605990072321,848314070675718144,107906476,2020-08-21
1296880844661981187,3068750655,1033054735488757760,2020-08-21
1296832867188834304,69838817,76923881,2020-08-21
1296940458682339328,113547946,506189242,2020-08-21
1296839451713441792,490276190,2573032351,2020-08-21
1296834699097190400,908157691129982978,908157691129982978,2020-08-21
1296837336848834560,1288215995962871809,760902319148044288,2020-08-21
1296875341114310656,539617171,539617171,2020-08-21
1296839291851755523,56741362,20425832,2020-08-21
1296840201894006787,133368638,1886336239,2020-08-21
1296868764504424448,2225460714,917972406198775808,2020-08-21
1298101214324850688,1294268101689843712,1288272397288853504,2020-08-25
1296842168070475776,283272640,163066526,2020-08-21
1296840322467725313,4439752995,4439752995,2020-08-21
1296840780397633537,1886336239,133368638,2020-08-21
1296841162389696513,34085254,33936011,2020-08-21
1296841209718222848,16285830,16285830,2020-08-21
1296842807550738434,239205042,239205042,2020-08-21
1296844351532929026,59573203,35048855,2020-08-21
1296849405363052544,807194024062939136,1119225999588306944,2020-08-21
1296844186080043010,51581206,51581206,2020-08-21
1296843410914119681,320306282,320306282,2020-08-21
1296844166518001664,180611010,3019892949,2020-08-21
1296844535465684993,3219723100,3219723100,2020-08-21
1296873515493347330,370978274,24296105,2020-08-21
1296846183374020610,1278568154260623360,1278568154260623360,2020-08-21
1296849398547116037,917972406198775808,421380991,2020-08-21
1296847578903060481,1199305119764013056,1199305119764013056,2020-08-21
1296847878669742081,1025241775361814528,1025241775361814528,2020-08-21
1296848317910003718,1131011302346887173,1131011302346887173,2020-08-21
1297352595112185856,793048116,49647865,2020-08-23
1296852591104622592,1288148925820665858,2298020689,2020-08-21
1296851288723017729,1278341189029298176,1278341189029298176,2020-08-21
1296851909979054081,14677919,14677919,2020-08-21
1296875359540064258,488747096,2723142519,2020-08-21
1296854815167909889,2732637112,34171538,2020-08-21
1296855373811310592,3487519632,30562276,2020-08-21
1296854590432915456,2269210963,2269210963,2020-08-21
1296859708180107266,21260090,1340882636,2020-08-21
1296908563823157249,48366401,4515650200,2020-08-21
1296855984263049219,860715570,860715570,2020-08-21
1296933502282108928,1004735058,421290025,2020-08-21
1296869137843654658,273524713,563720164,2020-08-21
1296862350239244295,2855615704,14241428,2020-08-21
1296857715160035328,290114374,290114374,2020-08-21
1296858555723718656,25075158,2292758174,2020-08-21
1296859193152962560,1169448791449034752,1169448791449034752,2020-08-21
1296859537937506305,30755419,30755419,2020-08-21
1296860316861706247,281464648,281464648,2020-08-21
1296867921210167297,16641041,40532762,2020-08-21
1296861506739433472,1110475417,2923856901,2020-08-21
1296880611395854337,1273438393,3350302389,2020-08-21
1296861585827409920,409005839,409005839,2020-08-21
1297189373428015104,102850049,322665786,2020-08-22
1296863561092931587,25075158,2292758174,2020-08-21
1296869009212743681,403089741,2214668338,2020-08-21
1296935570967539712,949472644449128448,949472644449128448,2020-08-21
1296870027161993217,29339063,47151483,2020-08-21
1296881129430159370,32700959,315977058,2020-08-21
1296867732646965249,1070427062182260745,464159332,2020-08-21
1296871715738329089,997675739632816129,804770112179994624,2020-08-21
1296868175850737665,115308684,945073104,2020-08-21
1296881916772327426,3098238547,3098238547,2020-08-21
1296895101227225088,1285554604856479744,372481116,2020-08-21
1296879167225700357,1175226135426322432,254110693,2020-08-21
1296870804421070848,296064957,296064957,2020-08-21
1296890570602840071,516209413,971572056423915520,2020-08-21
1296871263617585152,587205438,587205438,2020-08-21
1296897270152134663,172458462,20612726,2020-08-21
1296884072783007744,871862174733312000,1185562522222387200,2020-08-21
1297287518589718530,1237467168566054912,1237467168566054912,2020-08-22
1296896793054191617,908788141,2313314246,2020-08-21
1296874331922935810,1172901939295719424,1172901939295719424,2020-08-21
1296875823018934276,910826952826802177,910826952826802177,2020-08-21
1296882818514116608,17451441,2304361257,2020-08-21
1296896916073017345,1110475417,64487437,2020-08-21
1296879165031854080,2884614285,2884614285,2020-08-21
1297164258103513089,1175856646205034496,2864153524,2020-08-22
1296891697293647872,378812766,1217088616742125569,2020-08-21
1296878083908214784,984539190930149377,984539190930149377,2020-08-21
1296878472703475713,984539190930149377,984539190930149377,2020-08-21
1297203572111745024,3222792411,4848030406,2020-08-22
1296894383032356866,1207718034707795968,2914227876,2020-08-21
1296878200794963974,3437474410,1259138125604909058,2020-08-21
1296942380835381249,14701144,409189774,2020-08-21
1296880047924621312,1175226135426322432,254110693,2020-08-21
1296880589728030721,369921707,870834253,2020-08-21
1296880672968183812,19087651,760594619641933824,2020-08-21
1296904877931556866,917972406198775808,2225460714,2020-08-21
1296883821787459584,111374956,111374956,2020-08-21
1296883999860645889,1270875406187376641,2440377338,2020-08-21
1296886941078769666,29339063,47151483,2020-08-21
1296883656435404800,1035968464274567168,2507949332,2020-08-21
1296883812622905345,1003702638335217664,1003702638335217664,2020-08-21
1296886663214505985,798611841815642112,798611841815642112,2020-08-21
1296889485792354308,1113103716561969152,1113103716561969152,2020-08-21
1296889603467751424,119980865,119980865,2020-08-21
1296890356869615620,178306125,178306125,2020-08-21
1296895417343336448,1125076653107970048,1319000089,2020-08-21
1297175579989610506,13951732,13951732,2020-08-22
1296898862120984576,1110475417,1223449199754145792,2020-08-21
1296893998909530118,1296674827634446338,1296674827634446338,2020-08-21
1296909802115932161,1919274307,4795645648,2020-08-21
1296907482338484225,549556754,20451299,2020-08-21
1296895728682299392,449254141,449254141,2020-08-21
1296896610165817349,1296674827634446338,1296674827634446338,2020-08-21
1296896109781164033,1172901939295719424,1172901939295719424,2020-08-21
1296902378461868032,910331750001160192,285500234,2020-08-21
1296901158620061697,2502895924,2502895924,2020-08-21
1296903681259053058,1296881505810231298,1296881505810231298,2020-08-21
1296912314172678147,127059183,264321775,2020-08-21
1296906454700625925,51160638,796370958499999745,2020-08-21
1297016960325160961,53540050,962100116432785408,2020-08-22
1296905471530541057,205392468,20776497,2020-08-21
1296912731010928640,1087723402226487297,588153952,2020-08-21
1297070846805250048,28585697,1277944442473725953,2020-08-22
1296908355664056326,1015664509984403456,1265356972666302465,2020-08-21
1296912662022860800,1087723402226487297,1237341882369409025,2020-08-21
1296910541194240000,51312476,51312476,2020-08-21
1296911295724347392,1733076096,1733076096,2020-08-21
1296917424252628993,24427844,1433584531,2020-08-21
1296944724864114693,233001368,233001368,2020-08-21
1296912085973192704,16045536,2473278350,2020-08-21
1296929653513281536,2500055300,943648832784609280,2020-08-21
1296913157810610177,824720523904978944,824720523904978944,2020-08-21
1296914782486966277,54883778,34744900,2020-08-21
1296918087862689792,762522504,15449444,2020-08-21
1296918819424804864,762522504,15449444,2020-08-21
1296917734517809158,1200364102352351238,1200364102352351238,2020-08-21
1297210802504699904,497300437,722586193033064448,2020-08-22
1296918889029197825,38720385,38720385,2020-08-21
1297159440471293953,58517151,1154928598031065088,2020-08-22
1296917732026277888,24352029,2846077231,2020-08-21
1296918307363270657,618578301,17345232,2020-08-21
1296978154288865280,1238189425667915776,1181164780259807232,2020-08-22
1296918873309052928,960920794288218112,526214201,2020-08-21
1296938968060223490,2317599126,133091846,2020-08-21
1296920778194083841,121259042,1315762598,2020-08-21
1296938745644621824,2317599126,133091846,2020-08-21
1296926311177310209,121259042,1315762598,2020-08-21
1296929675441254401,1723977450,3222774775,2020-08-21
1296924607245684737,2527631185,2527631185,2020-08-21
1296985249478594567,1295789127305170944,1064954920632242176,2020-08-22
1296926058487283713,119239372,24965481,2020-08-21
1296925043960819712,45744410,33271745,2020-08-21
1296925600024674304,33271745,1014671100532477952,2020-08-21
1296925435922731009,847382713573056513,847382713573056513,2020-08-21
1297006054904156160,324727144,324727144,2020-08-22
1297125967698243584,2353519171,2353519171,2020-08-22
1296931195524005888,33271745,2376440382,2020-08-21
1296930084306268171,959522756,959522756,2020-08-21
1296932268167094272,2942835707,1186507592081838081,2020-08-21
1296930831148019713,1104789312594300934,1104789312594300934,2020-08-21
1296931330601570304,185991141,1132696154536337408,2020-08-21
1296939151548350464,746874012907757568,1241769566004535297,2020-08-21
1296931975853309952,185991141,1132696154536337408,2020-08-21
1297017552485249024,4502891354,837827174799409153,2020-08-22
1296934149861801999,1288452657745661952,1166720819029934080,2020-08-21
1296947210639118338,1033451952871374848,3696270027,2020-08-21
1296939449243377666,1045248268844847105,390152818,2020-08-21
1296935889491329025,37657489,771825106146459648,2020-08-21
1296942809216245760,1110475417,1217770968,2020-08-21
1296942554261278720,723943596898947072,325154473,2020-08-21
1296937337356800000,184106848,184106848,2020-08-21
1296937746091708421,945807222071848961,945807222071848961,2020-08-21
1297933643877318656,867217880,867217880,2020-08-24
1296944366733283328,1228415516110245889,1376402718,2020-08-21
1296941419572019200,1141090089373536256,1141090089373536256,2020-08-21
1296942034268258305,1293527760942448641,1293527760942448641,2020-08-21
1296946684031885313,1177232992416215040,767008669875576832,2020-08-21
1296948772321153024,889859154764058624,202501315,2020-08-21
1296947041948569600,734021551121661953,734021551121661953,2020-08-21
1296947647375319041,1015655994490343426,1075633020340719616,2020-08-21
1297267963624644609,140286364,140286364,2020-08-22
1296951175011430400,2942835707,1277814841617547265,2020-08-21
1296949159715647490,903583883811278848,3067197345,2020-08-21
1296950378622312450,20826292,903583883811278848,2020-08-21
1296959480975032320,1246217671,72162739,2020-08-21
1296949873737113608,4847623841,4847623841,2020-08-21
1296951115901108224,1152415802026594304,1144714428123762688,2020-08-21
1296952691701297152,90507295,154285848,2020-08-21
1296951584782536704,747782180,323955639,2020-08-21
1296958073454637056,11024702,803808027262349312,2020-08-21
1296952964150689792,898576970543509508,1177232992416215040,2020-08-21
1296954223293272065,947860201,1277765710123429888,2020-08-21
1296954143752499208,1184242423,1184242423,2020-08-21
1296997023028334594,26602128,956105470657417217,2020-08-22
1296956174986870784,227033714,804506292492664833,2020-08-21
1296979528082788352,792957240827187200,731880554338078720,2020-08-22
1296958036821577729,41448115,191958301,2020-08-21
1298811538820784128,335043995,1094775150304735232,2020-08-27
1297123154981085184,720230959124090881,45023441,2020-08-22
1296977849757335552,1135592340951883776,559669682,2020-08-22
1296981679781732352,1281277675181498368,221114529,2020-08-22
1296976940512022529,2225214364,901976110388445184,2020-08-22
1296976439577731072,1273525226580533248,1273525226580533248,2020-08-22
1296978551556788225,236487888,69176047,2020-08-22
1296979251019874305,633976047,28414765,2020-08-22
1296977556575604736,1140270428927250434,1203047771743424520,2020-08-22
1296977858599026691,1203047771743424520,1140270428927250434,2020-08-22
1296977932922093570,1203047771743424520,1140270428927250434,2020-08-22
1297102126485823488,1141444934832185345,1277861698871816193,2020-08-22
1297202274347839490,731880554338078720,792957240827187200,2020-08-22
1296980204875915268,307418812,102151958,2020-08-22
1296981058030895105,102246460,102246460,2020-08-22
1296983026996404224,2195920766,1296971433084559361,2020-08-22
1297009275009748992,1171441202077544448,25933631,2020-08-22
1296986112750022656,1293628690958442496,945511545382907904,2020-08-22
1296988731992236032,1259714472924426241,1259714472924426241,2020-08-22
1297021378936410112,1468919071,1468919071,2020-08-22
1297596360993243137,2319131321,756591750,2020-08-23
1296990144390737922,1262462277208416257,1262462277208416257,2020-08-22
1296990733576966146,279811405,279811405,2020-08-22
1296992673073692673,4806349227,112634955,2020-08-22
1296992842875695104,279811405,279811405,2020-08-22
1297000045473038337,2808112943,1226402977,2020-08-22
1296995108991012864,353365146,353365146,2020-08-22
1296996962475094017,951295508949143552,523407974,2020-08-22
1296997437438078977,2983196111,951069945240211456,2020-08-22
1297005468821393410,951295508949143552,55436114,2020-08-22
1296998507279028224,805259562106245120,805259562106245120,2020-08-22
1297137366902231040,3351210604,2413443007,2020-08-22
1297007202897735681,803012724468936704,803012724468936704,2020-08-22
1297015182477135872,228220050,1120959673,2020-08-22
1297002574466502658,1296604490444017664,1296604490444017664,2020-08-22
1297003764390363136,425373857,17159358,2020-08-22
1297004880289075201,823241203772592130,24270478,2020-08-22
1297004479091322880,631540093,631540093,2020-08-22
1297236023378948104,936564603810611200,1291735234405335041,2020-08-22
1297159990428524544,806304970429657088,1007674331466362880,2020-08-22
1297070869307486208,1164418268154617856,87271106,2020-08-22
1297009624424620033,979135311799255040,979135311799255040,2020-08-22
1297011028996141061,932365571638706178,1906881781,2020-08-22
1297010743510884353,40793553,40793553,2020-08-22
1297019355247587329,1614123668,1542155826,2020-08-22
1297013145639084032,140390268,56462105,2020-08-22
1297019180013826050,324727144,324727144,2020-08-22
1297015215377338373,1216214431757164544,231018263,2020-08-22
1297017878210908162,346893477,47113961,2020-08-22
1297039362115293184,23675062,2518877796,2020-08-22
1297026202834571265,1110475417,708423373,2020-08-22
1297015955680194560,231018263,1216214431757164544,2020-08-22
1297017796602155008,1281277675181498368,221114529,2020-08-22
1297126422792884225,87663908,715945961596592128,2020-08-22
1297140407537733632,2273084771,874036050343075840,2020-08-22
1297023351442087937,922521817717321728,922521817717321728,2020-08-22
1297027632060682246,1178705515523780610,722758200483844096,2020-08-22
1297020237599199234,115308684,122650014,2020-08-22
1297020350203559937,115308684,311197190,2020-08-22
1297023181560061953,1281277675181498368,221114529,2020-08-22
1297237965710606342,30316687,30316687,2020-08-22
1297027090727010305,898923655,898923655,2020-08-22
1297023565754249221,985937940097454083,985937940097454083,2020-08-22
1297023549958262784,166272487,166272487,2020-08-22
1297028354793758722,37904694,2844222959,2020-08-22
1297441641515622400,1098409960105488384,1253026125246345216,2020-08-23
1299355918333870080,1935754873,717240516,2020-08-28
1297031370863267841,41448115,1232980986973081602,2020-08-22
1297034710246469632,295920376,295920376,2020-08-22
1297035940850933761,15253785,15253785,2020-08-22
1297299509177798657,1258227571654717441,1289846514962124800,2020-08-22
1297171809310330880,16315143,16315143,2020-08-22
1297721100361707520,770815583201980416,1027823876,2020-08-24
1297124361753763840,108951721,108951721,2020-08-22
1297230698529554432,2571082455,458677533,2020-08-22
1297074409828622336,251902260,752573359959924737,2020-08-22
1297071044168159232,4838344539,4838344539,2020-08-22
1297076485984059392,2710999739,3127465230,2020-08-22
1297075782624382976,1129880854950551554,1129880854950551554,2020-08-22
1297124588674064384,7268922,448123589,2020-08-22
1297086080471060480,1649527676,1649527676,2020-08-22
1297092543532937216,1267799417140260866,898576970543509508,2020-08-22
1297100934540075008,1015664509984403456,1386813541,2020-08-22
1297186800625213440,100812369,100812369,2020-08-22
1297097266034089984,1167048218082992128,1044856876826062848,2020-08-22
1297098342321672192,28395645,319775674,2020-08-22
1298510136042909696,1022602945,1022602945,2020-08-26
1297105012334632962,2522581557,1275095329088704514,2020-08-22
1297105237803782144,1275095329088704514,2522581557,2020-08-22
1297111626248675328,262052694,3093574304,2020-08-22
1297284655192793088,2907340746,41738451,2020-08-22
1297390299925315584,1268138548928151557,2773922223,2020-08-23
1297126405277351943,1036066076008873984,838502658084331522,2020-08-22
1297119835600502784,786350701,758042588,2020-08-22
1297122427235962880,1266138493933293569,1266138493933293569,2020-08-22
1297253396542640131,348533825,2872197171,2020-08-22
1297185346631938053,795443894037123072,1266946327679811585,2020-08-22
1297122811228631040,1240983104258560003,939803668089622529,2020-08-22
1297126279267917824,520600371,520600371,2020-08-22
1297154280265220097,861230576946352129,780856370086027264,2020-08-22
1297128446032842753,201242877,201242877,2020-08-22
1297133547485044737,3081983657,577078991,2020-08-22
1297152822329442309,729676110,729676110,2020-08-22
1297298267445669888,932365571638706178,536734126,2020-08-22
1297141477894770690,1150666380162871296,34461406,2020-08-22
1300573468174569473,4018528332,1213586179443970049,2020-08-31
1297141319710760962,189934457,189934457,2020-08-22
1297147801659420672,1382601055,3919370661,2020-08-22
1297148665673453568,18000919,18000919,2020-08-22
1297149935553478662,24121662,174389477,2020-08-22
1297589366034964481,1087723402226487297,1615343196,2020-08-23
1297721613425811456,1723977450,1268332063096217601,2020-08-24
1297152121771630593,45119339,154118426,2020-08-22
1299391968779223041,1265643754242797569,1175344947345666049,2020-08-28
1297175032553066497,101990695,66316044,2020-08-22
1297154114376409090,2225214364,1210316408455933952,2020-08-22
1297153100256628738,939235765,1167800326281469952,2020-08-22
1297154007035764736,1167048218082992128,910254325,2020-08-22
1297406958819930113,109064246,17907090,2020-08-23
1297153603485020162,31751326,1083040618270547968,2020-08-22
1297163400959664129,1009516562406141955,48651196,2020-08-22
1297154655923970048,118720412,118720412,2020-08-22
1297171621103509504,2276147186,1017624424198103040,2020-08-22
1297160263762755584,1238370241169616897,1020292529067921408,2020-08-22
1297193611390574593,1036066076008873984,1043190415258730496,2020-08-22
1297156560460943361,25297764,25297764,2020-08-22
1297173512071925761,98409381,1634414485,2020-08-22
1297161426373685248,964052107941859329,4020838979,2020-08-22
1297170492944797696,511780469,224160131,2020-08-22
1297159371378499585,421679254,421679254,2020-08-22
1297161264586731523,1086976130819809280,1157642310169047040,2020-08-22
1297240400181129217,1294845061126066176,362417571,2020-08-22
1297165414284361728,939856490659237888,3201886811,2020-08-22
1297170755201798145,109064246,17907090,2020-08-22
1297166791177834497,27598503,27598503,2020-08-22
1297168641339928577,3195419603,3384291022,2020-08-22
1297167927070818306,1309013910,871142823264964608,2020-08-22
1297187574377861128,223022239,1055197789473390592,2020-08-22
1297172218472853507,839985545287720965,839985545287720965,2020-08-22
1297171669728006145,1293368666025799680,1293368666025799680,2020-08-22
1297171140218060802,743848285270642688,743848285270642688,2020-08-22
1297171472062926848,890123113270321152,1711663602,2020-08-22
1297173789218807808,1711663602,890123113270321152,2020-08-22
1297347806055657472,839985545287720965,839985545287720965,2020-08-23
1297172492818223104,41591401,41591401,2020-08-22
1297192482782945287,1277082423487053826,977682734,2020-08-22
1297245458583244802,983014282055958529,65883722,2020-08-22
1297183811428483074,21010417,754551066209816576,2020-08-22
1297189016341798912,49039371,17889250,2020-08-22
1297190834056683520,25843801,3894175343,2020-08-22
1297185107762016256,463499584,707842246,2020-08-22
1297203742886912001,707842246,463499584,2020-08-22
1297197238481977345,1352367002,1084577957660774400,2020-08-22
1297316827891023873,748262536483577856,283655374,2020-08-22
1297186540695691265,108114974,108114974,2020-08-22
1297187350792077313,198910545,454070304,2020-08-22
1297188992966893569,4774369766,4774369766,2020-08-22
1297188679413313536,2570615502,2369061817,2020-08-22
1297188221886111744,1264104971521478656,981857290444820480,2020-08-22
1297188844316454912,1031732698333634560,1031732698333634560,2020-08-22
1297190972921585665,257641845,1071836865790205952,2020-08-22
1297190668620701697,302857218,109156884,2020-08-22
1297191943248674816,368360694,368360694,2020-08-22
1297207757465165824,408941058,2190987764,2020-08-22
1297192453557104642,885761066,885761066,2020-08-22
1297743810483585024,1137014383920525312,392481617,2020-08-24
1297193725651812354,2488933489,951618562325733376,2020-08-22
1297197464525643783,950423466817224709,1047900240899002368,2020-08-22
1297256478722719744,937961195599953921,35578020,2020-08-22
1297195618364874758,257641845,403005610,2020-08-22
1297225676496535552,15468458,30387340,2020-08-22
1297197200720703490,797127998164107264,818153380522639360,2020-08-22
1297197246807670785,2823365080,1175225935383158786,2020-08-22
1297227869823864838,947975107913441280,787916617,2020-08-22
1297202168978497536,620227353,16083062,2020-08-22
1297199425345982464,842712051114020864,750416505775460352,2020-08-22
1297196856167010305,1239599332770398214,2944033058,2020-08-22
1297246416113369088,21522338,1272960935267876866,2020-08-22
1297199759942463493,1147270653231403010,16181546,2020-08-22
1297199455532441602,52426384,33951364,2020-08-22
1297198530734575617,424323759,424323759,2020-08-22
1297221827438108672,1153570433720913920,135706360,2020-08-22
1297200707590926336,105719039,389256397,2020-08-22
1297203412434591745,811514954159443968,48368510,2020-08-22
1297210309929652225,82298541,104200176,2020-08-22
1297204512772501504,598844965,5637462,2020-08-22
1297235879312982022,1018528668,3308164914,2020-08-22
1297205195202592773,1227023311554646016,1260152202,2020-08-22
1297875269898760199,786704913447395328,596095318,2020-08-24
1297205413079728128,149402723,1234299796615303168,2020-08-22
1297206357553184770,1140362928,2838393762,2020-08-22
1297382711275991041,1289433877149290496,1244860401818284034,2020-08-23
1297208676478984192,802688617957171200,882456098,2020-08-22
1297662987420008448,1053309451,38192140,2020-08-23
1298469463042461697,137201667,137201667,2020-08-26
1297213585056243712,900021957424447488,396706065,2020-08-22
1297207867406262273,1213862422588489734,1264036751833694209,2020-08-22
1297211481675579392,21010417,2706819415,2020-08-22
1297228123906482176,1250445433,868896734,2020-08-22
1297249761980899328,33271745,1122465625920634885,2020-08-22
1297209314323488770,89532344,1293614870286434314,2020-08-22
1297212715254140935,42765853,1561288958,2020-08-22
1297212920137281536,2861658449,2861658449,2020-08-22
1297212562426273792,344834191,823642236,2020-08-22
1297213467116466176,1021103464590454784,1295023773574402050,2020-08-22
1297214612161490944,815575346992943104,416316055,2020-08-22
1297255157424623617,24641308,395630587,2020-08-22
1297230939962171395,917390576542113792,961965240043950080,2020-08-22
1297215099602706433,848314070675718144,137640556,2020-08-22
1297216737264508929,245047135,981326653535244288,2020-08-22
1297216076401586177,1479082987,1479082987,2020-08-22
1297387539389530117,1234396603265552384,2496759462,2020-08-23
1297227533771870208,838071437235642368,1259394356844261377,2020-08-22
1297218863550074880,19346439,3231982123,2020-08-22
1297218839227371523,1479082987,1479082987,2020-08-22
1297220094565777409,1283086926409617417,1297105901564780546,2020-08-22
1297227086961180674,2824598695,117424407,2020-08-22
1297221791476322304,808108063,808108063,2020-08-22
1297232070507364352,2855615704,1115002193428590593,2020-08-22
1297221958522806275,224160131,511780469,2020-08-22
1297222411142615040,32658528,32658528,2020-08-22
1297223183720947712,1042405564540768256,46106360,2020-08-22
1297224359292149760,22712293,22712293,2020-08-22
1297251565439340546,1073459031124004864,968679574845321216,2020-08-22
1297226173718691842,50410135,50410135,2020-08-22
1297229871287066627,1267949325079982081,1132315078886215680,2020-08-22
1297304781342507008,1288983175897780224,804832024657821701,2020-08-22
1297232096285532160,838071437235642368,1259394356844261377,2020-08-22
1297251085615235074,220555482,1032011947,2020-08-22
1297358733396324352,15468458,30387340,2020-08-23
1297231069918515200,891301300536836096,891301300536836096,2020-08-22
1297234952103305222,369777525,1556273586,2020-08-22
1297232548498755586,1291021164677038080,250656073,2020-08-22
1297232021199007748,86810384,733934101133037568,2020-08-22
1297233269130506241,1224397950207582208,1224397950207582208,2020-08-22
1297235074841063425,360611439,360611439,2020-08-22
1297235657413156869,1188294864,2571082455,2020-08-22
1297256571295215622,2870192452,961041448945758208,2020-08-22
1297263587077963777,903001849,1159646022865477632,2020-08-22
1297237371495186432,1188294864,2571082455,2020-08-22
1297237039373602817,2384446050,2384446050,2020-08-22
1297239891063918592,2240361812,2240361812,2020-08-22
1297240967389548544,54810096,726542254731448320,2020-08-22
1297239607965229056,1296168868486901761,1296168868486901761,2020-08-22
1297265410631520256,1268977341071491078,4541125577,2020-08-22
1297244405242507264,1280275608493338626,2260870241,2020-08-22
1297240709716750336,1023144625987575810,985618618468663296,2020-08-22
1297240897197871104,985618618468663296,1023144625987575810,2020-08-22
1297248112122253314,33420515,33420515,2020-08-22
1297243442527866881,937422446323314688,364571941,2020-08-22
1297247941820702720,1294845061126066176,362417571,2020-08-22
1297600392558260224,22217443,934838202510307328,2020-08-23
1297245846342336518,1202219827206770688,3177823241,2020-08-22
1297246795127328768,1202219827206770688,3177823241,2020-08-22
1297247026003038209,879768064857972736,1731567380,2020-08-22
1297274927075201031,18086368,1449022357,2020-08-22
1297246870318854145,198910545,82605445,2020-08-22
1297258114186649601,3195419603,3384291022,2020-08-22
1297253800533729280,1220753812773900293,1133797906895560704,2020-08-22
1297314634978992128,26420906,26420906,2020-08-22
1297251061166743555,3303070788,3303070788,2020-08-22
1297258409851584512,1032011947,220555482,2020-08-22
1297254497392050176,811514954159443968,950710129,2020-08-22
1297267951960293377,1248762078170669057,959213379851137025,2020-08-22
1297258228217241600,369777525,1252698446395572226,2020-08-22
1297262175791259649,1195392556047249408,2511523698,2020-08-22
1297259038854598656,471677441,471677441,2020-08-22
1297259817984241666,979409904,979409904,2020-08-22
1297263329686282240,61637834,2798747557,2020-08-22
1297264358473564166,15034492,1295863787011137537,2020-08-22
1297264364509106177,3195419603,3384291022,2020-08-22
1297267294339567616,1270533744005390336,3154147845,2020-08-22
1297263683756855296,369777525,840777650,2020-08-22
1297271401095798785,716796416,941537052,2020-08-22
1297267393719197696,2500055300,1140659626444070912,2020-08-22
1297267830409183232,19426419,19426419,2020-08-22
1297266798564343808,2823365080,1175225935383158786,2020-08-22
1297296389513281537,23899482,318642543,2020-08-22
1297267999276240902,1260251840664436742,1260251840664436742,2020-08-22
1297269597670985731,1017294810393337857,1017294810393337857,2020-08-22
1297271683565465600,21522338,1699038312,2020-08-22
1297285945662877696,39597691,107771796,2020-08-22
1297274169370050562,322134017,322134017,2020-08-22
1297283202193776640,1254869477746978817,4796247801,2020-08-22
1297278780738662400,912724813969481728,1267896875899932672,2020-08-22
1297275292659200007,103371622,853176291910180868,2020-08-22
1297277944059105280,18294521,18294521,2020-08-22
1297491686986260484,22290536,15251884,2020-08-23
1297278925442297862,18294521,18294521,2020-08-22
1297280526529830913,1549093266,2892859091,2020-08-22
1297279208511565824,59376872,59376872,2020-08-22
1297375194579980288,1289433877149290496,249760568,2020-08-23
1297279916409589761,219862792,219862792,2020-08-22
1297280939857338368,28674183,325994885,2020-08-22
1297282086408200194,17921569,2255898620,2020-08-22
1297287694544965633,3375809956,3375809956,2020-08-22
1297319194652839936,41738451,2907340746,2020-08-22
1297286060213514240,1904971686,1017875789096931329,2020-08-22
1297286022217314305,154774769,156827612,2020-08-22
1297286624246726656,253147434,253147434,2020-08-22
1297287168977776640,253147434,253147434,2020-08-22
1297287554149031938,253147434,253147434,2020-08-22
1297303558795038720,1141090089373536256,1141090089373536256,2020-08-22
1297287629650776064,1017294810393337857,1017294810393337857,2020-08-22
1297288109160304642,253147434,253147434,2020-08-22
1297288676972670976,253147434,253147434,2020-08-22
1297288619732893698,1266859397344628736,1037141231510474754,2020-08-22
1297288362739372032,360611439,360611439,2020-08-22
1297289077004304395,253147434,253147434,2020-08-22
1297291913092124682,2823365080,1175225935383158786,2020-08-22
1297304940654854149,1703676193,1189313479787892737,2020-08-22
1297290524496482304,369777525,1197362737501872128,2020-08-22
1297290784811737090,2254565539,2254565539,2020-08-22
1297296333150224384,1038592065851064320,1155601234704908290,2020-08-22
1297300375741980673,762522504,1027282364861440001,2020-08-22
1297296413945208833,186223123,186223123,2020-08-22
1297297468489596928,1297292924963688449,1297292924963688449,2020-08-22
1297297428807405569,2823365080,1175225935383158786,2020-08-22
1297299587129114624,1293704981812477953,1170043240692797440,2020-08-22
1297310519465062400,236487888,514564994,2020-08-22
1297318682750619648,1061081135315222528,34138920,2020-08-22
1297299812916834305,369777525,1177485715589910528,2020-08-22
1297305124390547461,1239599332770398214,263412568,2020-08-22
1297744181650022400,578315945,2768272126,2020-08-24
1297311497601912834,31187228,2959400344,2020-08-22
1297302140487110657,48978765,820041159913390080,2020-08-22
1297305590964813824,2823365080,1175225935383158786,2020-08-22
1297388667938447360,377556175,377556175,2020-08-23
1297305628130471936,932365571638706178,2425964491,2020-08-22
1297304938549305344,437780503,971223073,2020-08-22
1297308517737668609,767414154206466049,411832401,2020-08-22
1297306218952884230,2823365080,1175225935383158786,2020-08-22
1297308666119561216,1254869477746978817,2463165810,2020-08-22
1297305754106392576,28665916,49149989,2020-08-22
1297312853796327424,932365571638706178,77094749,2020-08-22
1297306831585521665,2823365080,1175225935383158786,2020-08-22
1297307780596957184,7192292,297525686,2020-08-22
1297307752956649473,2225214364,887876131759603712,2020-08-22
1297308425920151552,620136960,620136960,2020-08-22
1297309494968373249,712757789567758336,1230653192901464064,2020-08-22
1297420245343375360,103371622,771854524981968896,2020-08-23
1297366587692003330,272716463,3222921301,2020-08-23
1297315557503639555,1293704981812477953,1138635804572508160,2020-08-22
1297312747886059521,28674183,1473364880,2020-08-22
1297314313628262401,1143490066095976448,1143490066095976448,2020-08-22
1297316463196409856,3296494765,111711962,2020-08-22
1297317623034650625,3020138827,3020138827,2020-08-22
1297358512591380480,14128086,1247461578561081344,2020-08-23
1297332317711740928,4060784235,766384991261626372,2020-08-23
1297495290140930049,2865493781,1494568999,2020-08-23
1297354097868386307,142462847,15888261,2020-08-23
1297335182685622272,1117621186626633728,1127680171883028481,2020-08-23
1297323891115909120,630594122,484183001,2020-08-23
1297747039741251584,103371622,2964831691,2020-08-24
1297323762564702208,1293704981812477953,1138635804572508160,2020-08-23
1297330221696327680,748708851873095680,2362712023,2020-08-23
1297324890379309057,25250613,25250613,2020-08-23
1297896892597186563,721107509872889856,2512192688,2020-08-24
1297327026781782023,155048058,1143969472656695296,2020-08-23
1297327243295731712,3097061712,146724111,2020-08-23
1297327255362797568,2918089872,56649139,2020-08-23
1297326505186426880,185305711,783698442610679808,2020-08-23
1297422056544440321,228754580,1004149005826252800,2020-08-23
1297328318245724160,56649139,2918089872,2020-08-23
1297333959429361664,21833728,10684992,2020-08-23
1297328520792870912,1017294810393337857,1017294810393337857,2020-08-23
1297397607128420352,1157388784301793280,156034612,2020-08-23
1297334116950695938,779207187365236736,2374735736,2020-08-23
1297337679231811586,911853587009024000,249410508,2020-08-23
1297359482801053698,1163355523019878401,1040592434,2020-08-23
1297339431565893633,64097093,3031450706,2020-08-23
1297339924719575042,64097093,3031450706,2020-08-23
1297346231820320773,64097093,3031450706,2020-08-23
1297345172565635073,369777525,1020479419947847680,2020-08-23
1297356264826183680,820014675542806528,1131265925817229314,2020-08-23
1297343117696233472,28674183,850414350,2020-08-23
1297344320282988546,369777525,1020479419947847680,2020-08-23
1297345054801932288,2244651308,1267560286669635590,2020-08-23
1297354705144877056,2353972315,1260620376213782528,2020-08-23
1297354429591621633,1144392827956355073,3043903840,2020-08-23
1297345237321482240,798500424194134016,798500424194134016,2020-08-23
1297550772796821511,1125119661945884672,2311522365,2020-08-23
1297350071923568640,2244651308,1267560286669635590,2020-08-23
1297353998958317568,394642242,1100462352749772800,2020-08-23
1297348657914744839,100827317,260818906,2020-08-23
1297355266225102848,770126460,157218414,2020-08-23
1297419573097123847,1254869477746978817,730221151859949568,2020-08-23
1297388906795511814,263355677,20968681,2020-08-23
1297351160005681153,366498596,1139297142630178816,2020-08-23
1297351703923240960,64097093,3031450706,2020-08-23
1297351869174558720,926848969539497990,926848969539497990,2020-08-23
1297355674309890049,2244651308,1267560286669635590,2020-08-23
1297466144270495745,1031839285933219840,3385000241,2020-08-23
1297383602179780608,1900765154,1135687857815732224,2020-08-23
1297356646075768833,1171441202077544448,1584522674,2020-08-23
1297357253033504768,1171441202077544448,1584522674,2020-08-23
1297356994710560768,989704556048199680,989704556048199680,2020-08-23
1297360546564419584,4885624032,1228727718017142784,2020-08-23
1297360627728617473,155048058,1403105180,2020-08-23
1297361306404651009,1228727718017142784,88978366,2020-08-23
1297363152997437440,1171441202077544448,1584522674,2020-08-23
1297383668717981697,946248802771509248,3303895020,2020-08-23
1298094339717988352,115308684,154708648,2020-08-25
1297366018302582792,196019025,196019025,2020-08-23
1297369304178888705,21402057,1077253848320794625,2020-08-23
1297368220001808386,2251127928,2277801440,2020-08-23
1297366871256248320,96149284,96149284,2020-08-23
1297371487704199168,23554832,2275848403,2020-08-23
1297458935570608128,34747487,178760129,2020-08-23
1297374185652510720,980071615986716672,850338641171841024,2020-08-23
1297395929390014464,808879093391368192,1250484098,2020-08-23
1297372016828440577,329136750,329136750,2020-08-23
1297488484253433856,1266133942102634499,522846025,2020-08-23
1297376808799817729,36207238,1458695514,2020-08-23
1297375592682266630,799010005655633922,1195492193512886273,2020-08-23
1297377790430523395,212840455,904387451984248832,2020-08-23
1297378898594979840,21522338,2286022980,2020-08-23
1297379498988417024,70183342,3290223170,2020-08-23
1297381517174419463,1045781052155940864,3014442664,2020-08-23
1297396780070506496,96207584,96207584,2020-08-23
1297385625944035328,21522338,137395584,2020-08-23
1297385371093925888,1096205744532307969,876157973000724480,2020-08-23
1297391838488190976,839985545287720965,839985545287720965,2020-08-23
1297387647124611073,317980134,317980134,2020-08-23
1297542375334543362,1266962533849591808,2901906341,2020-08-23
1297393136747110401,1285916076933619713,15714128,2020-08-23
1297393412300144640,52423655,893149760655212545,2020-08-23
1297401515192340480,179529875,578234529,2020-08-23
1297524523030294529,1248356866385731585,192981863,2020-08-23
1297414973090459648,1279245010869686274,170369342,2020-08-23
1297396277643284481,1018506859106496512,1018506859106496512,2020-08-23
1297396698340237314,1105065349991489540,1105065349991489540,2020-08-23
1297398147627356160,300408759,386079719,2020-08-23
1297399237777543170,1193355651088408581,1232080396231331841,2020-08-23
1297401295758745601,386079719,90489658,2020-08-23
1297401244365987842,864897844871745536,864897844871745536,2020-08-23
1297401462893371394,386079719,300408759,2020-08-23
1297403529464819713,3979623923,3979623923,2020-08-23
1297403178082861056,1172901939295719424,1172901939295719424,2020-08-23
1297404470075170816,78822403,1348041709,2020-08-23
1297409662849912833,565925650,565925650,2020-08-23
1297410463895097345,1038177795694841860,1038177795694841860,2020-08-23
1297410712692822021,1254976016143060992,725089865809952768,2020-08-23
1297412229923368963,341453244,341453244,2020-08-23
1297422090149203968,1852669202,3866126173,2020-08-23
1297415581621198848,2276147186,1017624424198103040,2020-08-23
1297416739857334272,103371622,103371622,2020-08-23
1297535391780741120,1248238163384053763,1325943979,2020-08-23
1297532188691501061,1265675779721048064,859529254987595776,2020-08-23
1297422325093023744,18954213,1296291684570079233,2020-08-23
1297545929193594880,1196105925905571840,1203549413433626625,2020-08-23
1297427268797685761,302887026,1117593619714670592,2020-08-23
1297427810160705536,302887026,1117593619714670592,2020-08-23
1297428823118667776,16441645,548981761,2020-08-23
1297430283155910656,302887026,1117593619714670592,2020-08-23
1297430502073405442,302887026,1117593619714670592,2020-08-23
1297918149946486785,38041754,1186061624999854081,2020-08-24
1298324654239690752,820691192195190784,1267148162109542400,2020-08-25
1297439860794384387,762522504,2747063468,2020-08-23
1297442147478704135,398046826,398046826,2020-08-23
1297446989312000001,1249059258303463424,1249059258303463424,2020-08-23
1297448725405548545,1107181727233921024,338633208,2020-08-23
1297449786606592005,873590369509937153,873590369509937153,2020-08-23
1297478784522825728,37904694,1217406927203962881,2020-08-23
1297457291353088000,525595860,1176624759208955905,2020-08-23
1297460098995019776,302999107,1483912172,2020-08-23
1297478504125267968,37904694,1296933103253020674,2020-08-23
1297638997762531328,783192504,3916929736,2020-08-23
1297460542831919105,1483912172,302999107,2020-08-23
1297460874094010368,1483912172,302999107,2020-08-23
1297465310212218881,46216668,34571857,2020-08-23
1297467464310304769,103371622,103371622,2020-08-23
1297646299022598145,970029860885278720,791314342033649665,2020-08-23
1297524859405131776,2549505211,2549505211,2020-08-23
1297471146124869643,1154952166815281157,1154952166815281157,2020-08-23
1297471364589182978,1483912172,263028152,2020-08-23
1297476615874719744,917390576542113792,1268118256319000578,2020-08-23
1297539572562145280,1325943979,1289230678840578048,2020-08-23
1297477550332088320,573921084,1256302190320386049,2020-08-23
1297567757131812864,1051146793,14057402,2020-08-23
1297528484231819267,789355024597909504,1262084301224542209,2020-08-23
1297486687363190787,877987128,877987128,2020-08-23
1297485732450377729,897271522544439296,897271522544439296,2020-08-23
1297487346028425216,897271522544439296,897271522544439296,2020-08-23
1297493489781858304,1107181727233921024,1497105828,2020-08-23
1297949156473032706,434285206,122972707,2020-08-24
1297496676085764098,1309079066,1713237840,2020-08-23
1297496788472037376,2865493781,1494568999,2020-08-23
1297498616626634755,1007489056807243776,1007489056807243776,2020-08-23
1297502300076945408,115308684,119113140,2020-08-23
1297533518738649088,5411042,20799692,2020-08-23
1297508005018296325,2711780581,1037205428546035712,2020-08-23
1297503092506853376,2784992492,2784992492,2020-08-23
1297507395619479553,3296494765,789198578,2020-08-23
1297506851337232384,30844417,30844417,2020-08-23
1297509475272794112,1285613770069467136,953374112453406727,2020-08-23
1297510061800148992,30844417,30844417,2020-08-23
1297509633154850818,755846181641748481,893080604,2020-08-23
1297509925955018753,1226864764955045888,1226864764955045888,2020-08-23
1297575456452104192,1264946856414654464,19202153,2020-08-23
1297512185153888256,115308684,111342974,2020-08-23
1297511443760324609,736168568488927232,736168568488927232,2020-08-23
1297512488511176704,25248934,4825047051,2020-08-23
1297513671892099072,1266138493933293569,1266138493933293569,2020-08-23
1297513962947436548,1045669283131523073,1045669283131523073,2020-08-23
1297557443883524097,956324523007070208,4757040267,2020-08-23
1297622306919862272,1051627922878910464,32492837,2020-08-23
1297517278259486721,93707130,93707130,2020-08-23
1297535824473600001,2870986967,163766968,2020-08-23
1297523640079196160,156602374,18098009,2020-08-23
1297577178352062464,898934738,898934738,2020-08-23
1297533262148116480,176059849,554021284,2020-08-23
1297522332156796930,1086976130819809280,1249209723586560001,2020-08-23
1297543924685271040,163882771,249361274,2020-08-23
1297527773230247937,1254869477746978817,48996169,2020-08-23
1297527962737074176,1226077113666551809,1215291635870752768,2020-08-23
1297527715642384390,371482443,1267765026665803776,2020-08-23
1297528066634375168,3053978610,35017134,2020-08-23
1297528253977108482,979293529490018304,979293529490018304,2020-08-23
1297530294841597952,3453338260,1196140701572091904,2020-08-23
1297551702757969921,62007387,3058623296,2020-08-23
1297549045423058945,84294254,35148693,2020-08-23
1297533194246459392,486111271,486111271,2020-08-23
1297536716035592194,1520997890,2450540618,2020-08-23
1297538595956244482,1018882930007949312,1018882930007949312,2020-08-23
1297540157638422530,113721008,1283940657720107008,2020-08-23
1297551355666669568,2449674942,225056879,2020-08-23
1297554902369972233,24474744,1218014042553569281,2020-08-23
1297539133397708801,2314349042,65335866,2020-08-23
1297537787474915333,813554102168850432,813554102168850432,2020-08-23
1297541673208049664,1184859684940894208,887593442162991106,2020-08-23
1297550172839464976,65335866,2314349042,2020-08-23
1298010947349549057,4153854796,1106252593276309504,2020-08-24
1297540542000254978,176059849,554021284,2020-08-23
1297570198690693121,2374332835,266980832,2020-08-23
1297542078340173826,39697259,139458531,2020-08-23
1297542215779131392,339476128,85923052,2020-08-23
1297556570302222338,1015659370124840960,1296808140386820099,2020-08-23
1297545738063417346,64097093,166248414,2020-08-23
1297597428497965056,485282911,19462479,2020-08-23
1297563049776353288,22061830,1132723018361462784,2020-08-23
1297585622773792776,1073216193534853120,3168759061,2020-08-23
1297560001406435328,3319452519,877653259703336960,2020-08-23
1297698948015038464,3254505727,1100866552356921350,2020-08-24
1297551869481562118,113721008,113721008,2020-08-23
1297557461696733184,724755506137563137,724755506137563137,2020-08-23
1297559782182645760,28665916,20606844,2020-08-23
1297713186397982720,155048058,2755259466,2020-08-24
1297756192417157123,13951732,13951732,2020-08-24
1297561554385338376,118720412,556890790,2020-08-23
1297620921847631873,1034048556494213121,1117915458831835136,2020-08-23
1297563662031425536,1151842300944928768,2235256447,2020-08-23
1297558977413349378,1007263892450496513,1007263892450496513,2020-08-23
1297561147630145537,593813785,593813785,2020-08-23
1297583955382697984,1003241066986786816,822785151822217216,2020-08-23
1297562335393939456,786350701,758042588,2020-08-23
1297577947608559616,4541141723,44672556,2020-08-23
1297561305117794304,1063909425742790656,1063909425742790656,2020-08-23
1297562366234828801,971443619650469890,971443619650469890,2020-08-23
1297876596448276480,1169060601815076865,1156596868958367745,2020-08-24
1297639450239840256,81168539,2329158114,2020-08-23
1297564887036633089,22015611,22015611,2020-08-23
1297564391529996289,64097093,166248414,2020-08-23
1297565253144727552,786350701,758042588,2020-08-23
1297628071370006528,740713342264705025,404198241,2020-08-23
1297597850256396289,263708316,924999377919279104,2020-08-23
1297567338212945920,138340071,138340071,2020-08-23
1297773098549178368,1293895047436410881,719335864501817344,2020-08-24
1297568892043362305,861371647,861371647,2020-08-23
1297571940148944899,1189824906,819036562318991360,2020-08-23
1297746931628879872,194982172,1225106824795435010,2020-08-24
1297572275802255365,1294507181019201536,1294507181019201536,2020-08-23
1297572539070177283,320571217,320571217,2020-08-23
1297573217842987008,22731100,1087825937549455361,2020-08-23
1297573909907283968,22731100,1087825937549455361,2020-08-23
1297591577456582656,1247360255790583808,1059939675077513216,2020-08-23
1297577154813796352,827713107854245889,827713107854245889,2020-08-23
1297579857292021761,1249822878851371013,1249822878851371013,2020-08-23
1297585378266943488,748239688792682498,1166579881007820805,2020-08-23
1297587533761712134,1284843711508119553,281320629,2020-08-23
1297587776192483328,1284843711508119553,281320629,2020-08-23
1297578355345305606,1188903683909660672,1188903683909660672,2020-08-23
1297611424001413121,1266859397344628736,1153921189087240192,2020-08-23
1297591785850576896,1244311993,1243026564230545408,2020-08-23
1297580925430235138,1189747611265380352,1189747611265380352,2020-08-23
1297587461774860289,1125119661945884672,2311522365,2020-08-23
1297588791465705474,92825421,66885899,2020-08-23
1297582950511513601,200189200,22490158,2020-08-23
1297587570130456578,16116288,57524530,2020-08-23
1297585155406802944,11266352,11266352,2020-08-23
1297592376979062785,1267322072,22026616,2020-08-23
1297610034961154050,1390643754,61240246,2020-08-23
1297594123004923904,1029422156004950018,631852258,2020-08-23
1297597547528228868,37904694,1217406927203962881,2020-08-23
1297598375827853314,1015664509984403456,1107278268,2020-08-23
1297663411023683586,15475638,900131527727734784,2020-08-23
1297598324090867712,932365571638706178,1414634802,2020-08-23
1297597371984027650,1293686197236228096,1180745726248312833,2020-08-23
1297597673319682048,882779017857912832,882779017857912832,2020-08-23
1297600678462808064,786350701,758042588,2020-08-23
1298281699105574913,334189709,334189709,2020-08-25
1297632239568785413,860713921,860713921,2020-08-23
1297611712301015050,544455548,544455548,2020-08-23
1297625745993469953,3177383879,1242149984708984837,2020-08-23
1297613316433612802,1266859397344628736,1153921189087240192,2020-08-23
1297614628961300481,1266859397344628736,1153921189087240192,2020-08-23
1297616310629576705,2838117555,2838117555,2020-08-23
1297617602676756481,992849710770786305,992849710770786305,2020-08-23
1297618232598245376,848314070675718144,4889252981,2020-08-23
1297621812914737158,797477526234771456,797477526234771456,2020-08-23
1297623659469832193,797127998164107264,810690977811861504,2020-08-23
1297627166482423808,4872075542,4872075542,2020-08-23
1297629701444313088,829802804734734336,1160724679306416128,2020-08-23
1297626734054060034,1242149984708984837,3177383879,2020-08-23
1297628812570746881,3050494977,3050494977,2020-08-23
1297633610720321536,1285267615548690435,933770109167869952,2020-08-23
1297649084845744136,174710713,126420663,2020-08-23
1297632104872845312,1079885853827186688,1006728698173616129,2020-08-23
1297631531972923393,1708391016,1238853234246275079,2020-08-23
1297631165789151232,1262863641352851458,3274547677,2020-08-23
1297632474437160960,1169276655740866560,345461869,2020-08-23
1297633411297882113,830656006388588545,1270755002101923847,2020-08-23
1297638241034805248,892470661,810351173001682948,2020-08-23
1297635156585480192,830656006388588545,830656006388588545,2020-08-23
1297635303876890624,59824714,59824714,2020-08-23
1297701920744906753,298681398,906301239364931584,2020-08-24
1297636137415016448,723965951511646208,723965951511646208,2020-08-23
1297640701732298753,18294521,18294521,2020-08-23
1297642187761410049,1077790895783653377,45418948,2020-08-23
1297645928799707143,115308684,196020329,2020-08-23
1297642880069058561,1222532264615002113,61626134,2020-08-23
1297642187933376512,56878214,56878214,2020-08-23
1297644002683113483,824322787640745984,246078574,2020-08-23
1297701661184602113,132773081,713537947,2020-08-24
1297644846526603265,1222532264615002113,764878285,2020-08-23
1297645643222134784,18294521,18294521,2020-08-23
1297658842357141504,1193355651088408581,1283232569073569793,2020-08-23
1297874604283891713,25163231,25163231,2020-08-24
1297654906195791872,4903419047,4903419047,2020-08-23
1297930381606490112,421967381,421967381,2020-08-24
1297653871108476928,1249022608634306565,1249022608634306565,2020-08-23
1297655472720404480,21522338,848601957979885573,2020-08-23
1297818507393015810,64471796,30555317,2020-08-24
1297655919183110150,1091520810207141889,1091520810207141889,2020-08-23
1297854183853436928,1013084447518986242,1013084447518986242,2020-08-24
1297660017089404935,807383923839893504,1172319353938698241,2020-08-23
1297678566629339137,1279245010869686274,170369342,2020-08-23
1297661086284603392,1218358275135221761,1187806519951269888,2020-08-23
1297686812530368517,2352565165,2497711687,2020-08-24
1297661168677462017,1187806519951269888,1218358275135221761,2020-08-23
1298245683112226817,154909422,154909422,2020-08-25
1297668660694151168,2321698520,966720841642778626,2020-08-23
1297723785706184713,1296268550689247240,1296268550689247240,2020-08-24
1297665476227559426,858758002467377156,858758002467377156,2020-08-23
1297664987289313282,169735800,1243967092635963392,2020-08-23
1297682354056511488,137530414,1056840295,2020-08-23
1297679079940874240,1116105642068987905,1116105642068987905,2020-08-23
1297674835817046016,1129578304720261122,1258165972843802624,2020-08-23
1297669464524234752,573866808,1090524396,2020-08-23
1297669192020381697,2439069144,2439069144,2020-08-23
1297670993633214464,1172729166212587520,1106172950,2020-08-23
1297714077968539650,2669988953,1246302450920931328,2020-08-24
1297670913534484480,1157458506615672832,1232506699451371521,2020-08-23
1297672311114473472,1207357186827005953,1091857220424400896,2020-08-23
1297849723559313408,4261171756,121226400,2020-08-24
1297674572519608320,2910719740,2910719740,2020-08-23
1297675038720774144,2315586823,2315586823,2020-08-23
1297675965888430082,271432134,309164571,2020-08-23
1298214037906432000,41572283,1167115306063540225,2020-08-25
1297677084932878341,18294521,18294521,2020-08-23
1297677255896895490,18294521,18294521,2020-08-23
1297679071003004934,818733968,818733968,2020-08-23
1298395585985351682,1257864624004829184,1257864624004829184,2020-08-25
1297679540244815873,1272918670323224577,820103426,2020-08-23
1297688098562875397,61342056,411058138,2020-08-24
1297681234433368064,1248356866385731585,1295796771629731841,2020-08-23
1297683225041485827,1272918670323224577,1296168421227237376,2020-08-23
1297681646083362819,66209943,1017008344350027777,2020-08-23
1297682152847482881,236541422,2792928860,2020-08-23
1297684356182532096,66209943,115462009,2020-08-23
1297684799323217923,737232025,737232025,2020-08-23
1297685215242903553,98486683,98486683,2020-08-24
1297689490773901312,458971684,34825509,2020-08-24
1297690465152593920,16533888,16533888,2020-08-24
1297691262691217408,1264405231082889216,709377344583155712,2020-08-24
1297691292944797696,1511018348,1511018348,2020-08-24
1297692478506663936,751510293746839552,21711444,2020-08-24
1297694830412341249,817797491869544448,101358164,2020-08-24
1297692669355778049,1116105642068987905,1116105642068987905,2020-08-24
1297753781220909058,2905288750,46401540,2020-08-24
1297697231257165825,1442079912,19520342,2020-08-24
1297697422827753474,19520342,1442079912,2020-08-24
1297698342328315909,64274721,254193995,2020-08-24
1297700098269417475,751178561390772224,22082339,2020-08-24
1297700381800071168,17971455,53725673,2020-08-24
1297700397524480001,1214795652892225537,3008312892,2020-08-24
1297848577801166849,1232548762335137795,1232548762335137795,2020-08-24
1297704828110610438,1153403707758993410,944047639871582218,2020-08-24
1297702595704889344,1258469242845921281,1258469242845921281,2020-08-24
1297746725537558530,259725229,99841555,2020-08-24
1297706709260140545,1618140146,1294593050719801345,2020-08-24
1297704209983377408,375835655,375835655,2020-08-24
1297704314958417920,23522932,23522932,2020-08-24
1297965266509406209,375929895,516118504,2020-08-24
1297727612379369477,1235076927586586624,3142411708,2020-08-24
1297707072310714368,297009930,297009930,2020-08-24
1297707140958707712,16383118,16383118,2020-08-24
1297713963942252545,1332791461,1676126712,2020-08-24
1297708794647138304,487609091,24514244,2020-08-24
1297719036579635200,1726667976,2172478415,2020-08-24
1298054572179705856,1156359559901900800,1247977620932878337,2020-08-25
1297714084281036801,934049237628841984,934049237628841984,2020-08-24
1297710873151016961,2185190036,2185190036,2020-08-24
1297712343372247042,286699384,97863902,2020-08-24
1298617025359687683,69806348,3311523135,2020-08-26
1297716394516197376,17919393,17919393,2020-08-24
1297718477151666180,15021343,18854910,2020-08-24
1297714906578522113,242359655,242359655,2020-08-24
1297843340654915584,53073316,2896483406,2020-08-24
1297719311323275264,65698096,65698096,2020-08-24
1297721485549801472,234971812,234971812,2020-08-24
1297722163206787072,1294335506495475713,1294335506495475713,2020-08-24
1297726772914671617,16116288,138833772,2020-08-24
1297723298734903296,1147295534551580673,1155838569057005571,2020-08-24
1297966356336386049,797127998164107264,37242393,2020-08-24
1297726156918185984,231164042,879095592,2020-08-24
1297810159234764801,826332877457481728,927388044,2020-08-24
1297746816923049986,22639515,24707450,2020-08-24
1297742355173216256,1025991491204739072,102194283,2020-08-24
1297735524199944194,817772132549750786,112092367,2020-08-24
1297735406725861376,45788259,827769733281837056,2020-08-24
1297735283761324033,360611439,360611439,2020-08-24
1297741806969540611,115308684,311197190,2020-08-24
1297738736881418240,1144555773063618561,1144555773063618561,2020-08-24
1297742094287560705,932365571638706178,1121734666698887168,2020-08-24
1297903905511288834,1226184694234075136,872240436,2020-08-24
1297743812102631426,115308684,311197190,2020-08-24
1297746068172615680,931672035398438917,931672035398438917,2020-08-24
1297744123357802496,1239599332770398214,2598799058,2020-08-24
1297744989066342409,1137014383920525312,392481617,2020-08-24
1297845552244305925,475180174,1079536523526238208,2020-08-24
1297888160811307008,1167819735825883137,2318175079,2020-08-24
1297863991906246656,1065306614293561344,821931630268805120,2020-08-24
1297809547244048384,821496654566223874,821496654566223874,2020-08-24
1298043242823462919,1232046216541868040,1232046216541868040,2020-08-24
1297751212561817601,257641845,3177005245,2020-08-24
1297751786745257984,257641845,3177005245,2020-08-24
1297754854790766592,123466968,123466968,2020-08-24
1297757128334114816,1176870582421471233,1176870582421471233,2020-08-24
1297762167161323522,746499078,196571499,2020-08-24
1297762392521277445,67442251,67442251,2020-08-24
1297763265938886656,1009546724,1009546724,2020-08-24
1297765715093729280,1036066076008873984,838502658084331522,2020-08-24
1297766005255450624,782770951888904192,782770951888904192,2020-08-24
1297768262378426370,808289413818105856,2331287820,2020-08-24
1297780860238868485,838502658084331522,1036066076008873984,2020-08-24
1297768271924604928,1100217483284361216,863191637886984194,2020-08-24
1300302260518363136,803173306216001538,803173306216001538,2020-08-31
1297774053382594560,400194064,955982012,2020-08-24
1297779613238788096,709509298653626368,709509298653626368,2020-08-24
1297915576661225474,4828854406,1394827801,2020-08-24
1297772916528930817,15445129,15445129,2020-08-24
1297773183555104768,620710122,620710122,2020-08-24
1297783841931829249,1204770198773018625,3458433321,2020-08-24
1297781350313758720,98486683,98486683,2020-08-24
1297791674479828993,1219419324361789440,1179047014136311814,2020-08-24
1297795835053445121,1365301831,1365301831,2020-08-24
1297797668584869888,1939879202,1939879202,2020-08-24
1297940014316376066,45441194,45441194,2020-08-24
1297803934766108674,2815155763,2815155763,2020-08-24
1297915221017800705,369777525,1020479419947847680,2020-08-24
1297805779790168064,387231469,387231469,2020-08-24
1297808327259369472,2300282864,2300282864,2020-08-24
1297809009144193024,336650278,336650278,2020-08-24
1297815856148287488,94417274,94417274,2020-08-24
1297818268162555905,2582682120,2582682120,2020-08-24
1297818941293830146,786681441971232770,786681441971232770,2020-08-24
1297932151351107585,1254976016143060992,31203504,2020-08-24
1297822545387884545,1222812324299509760,1222812324299509760,2020-08-24
1297819058474225665,1043144850743410688,1043144850743410688,2020-08-24
1297884503554179073,257641845,215601191,2020-08-24
1297864571844255746,344375185,702521033870458880,2020-08-24
1297825220687024130,2883945809,2883945809,2020-08-24
1297828260500377600,1056449791247466496,1168890714341724161,2020-08-24
1297827346796380161,1093938146419580929,1093938146419580929,2020-08-24
1297833945648836611,21522338,4673242603,2020-08-24
1297830639438372872,792465891040587777,57772859,2020-08-24
1297831101491220480,1296811299721142283,1296811299721142283,2020-08-24
1297840014152421377,1220116678475943943,1296403840858820610,2020-08-24
1297930314384199680,267337153,882699927951998976,2020-08-24
1297904974018613249,4892363374,702214381023731716,2020-08-24
1297846706122436612,69950319,69950319,2020-08-24
1297847449134878720,221799722,221799722,2020-08-24
1298018131760287746,539306360,15878464,2020-08-24
1297874110555369472,1119516540880080898,1281434238827429889,2020-08-24
1297855009862766593,4834084636,4834084636,2020-08-24
1297856756228513792,3135101087,3135101087,2020-08-24
1297858083696324611,2990976207,2990976207,2020-08-24
1297901233395687424,1158954442412179456,176065159,2020-08-24
1298165868526960641,1242746270684516352,1242746270684516352,2020-08-25
1297863454653644803,1106632781914927104,1106632781914927104,2020-08-24
1297864444802891776,1135650153468182529,1220494641864302592,2020-08-24
1297868748507041796,1297187292797448192,8220042,2020-08-24
1297885531980922880,1297187292797448192,8220042,2020-08-24
1297866257908236288,277369961,277369961,2020-08-24
1297868036544880641,728747154,833978025876258816,2020-08-24
1297877912641650688,1277224546752327694,523838329,2020-08-24
1298159496582365184,388991750,1401733428,2020-08-25
1297897102580895747,90830064,43655697,2020-08-24
1297880174231539713,930722458868600832,1270645529068941312,2020-08-24
1297881455155130368,930722458868600832,1270645529068941312,2020-08-24
1297882334352613383,70544000,126416700,2020-08-24
1297882139619360768,930722458868600832,1270645529068941312,2020-08-24
1297916483457212421,811619815274254336,1189317042857316354,2020-08-24
1297893139768905728,2228644813,2228644813,2020-08-24
1297895271343562753,302438373,365037078,2020-08-24
1297887054471155712,169005494,169005494,2020-08-24
1297887563412385797,1112077858422296582,1112077858422296582,2020-08-24
1297905811524481027,45757903,557199671,2020-08-24
1297890359448567809,1258900402961035268,319868479,2020-08-24
1297890701452115968,262953068,1014407526203428864,2020-08-24
1297991772107345923,277476561,1084103669493186561,2020-08-24
1297956572279246850,1153403707758993410,944047639871582218,2020-08-24
1297911818686550016,930722458868600832,2869579697,2020-08-24
1297895475421511682,766039340724158465,2562804806,2020-08-24
1297898576966803458,487609091,48768372,2020-08-24
1297900697845993473,798064935486050304,86064053,2020-08-24
1297899721357512705,43345731,43345731,2020-08-24
1297918308205891590,2229041119,1003105392774262784,2020-08-24
1297901121739137025,78445977,78445977,2020-08-24
1298762235133624320,974474115535925248,1242004320649990147,2020-08-26
1297903429940125698,143798379,143798379,2020-08-24
1297918430419603456,2228644813,785641421692743680,2020-08-24
1297903328987197443,1295848547103805440,1295848547103805440,2020-08-24
1297903580033224705,1243169647911985154,1243169647911985154,2020-08-24
1297904386400833538,427043715,427043715,2020-08-24
1297904926169935872,1145995020,1145995020,2020-08-24
1297907183917572097,811514954159443968,1123867778946097153,2020-08-24
1297907218768113665,20560294,20560294,2020-08-24
1297908121566756866,1295848547103805440,1295848547103805440,2020-08-24
1297910845050150913,930722458868600832,1270645529068941312,2020-08-24
1297911522069553152,274144542,1283150203919441922,2020-08-24
1297911247350820864,870105766794993665,870105766794993665,2020-08-24
1297918905659396097,66209943,928028118677368832,2020-08-24
1297915151325245440,4534193952,4534193952,2020-08-24
1297916416281247746,1207357186827005953,1264503829057470464,2020-08-24
1297919447689244676,353250041,114018526,2020-08-24
1297919340692602881,434285206,14153779,2020-08-24
1297917224796258310,4534193952,4534193952,2020-08-24
1297920832660963328,21522338,241640955,2020-08-24
1297919451195744258,434285206,14153779,2020-08-24
1297917982648291329,492721984,457628890,2020-08-24
1297928151557984257,115308684,492675070,2020-08-24
1298235460293025794,47163481,47163481,2020-08-25
1297925456189108225,1289433877149290496,3907764746,2020-08-24
1297921220319629314,1279525154046050311,12804432,2020-08-24
1297924330261708800,1262008183498969094,1262008183498969094,2020-08-24
1297926481260183552,1262008183498969094,1262008183498969094,2020-08-24
1297924454425571330,776685916026867712,776685916026867712,2020-08-24
1297925060041342977,1293276459923120129,1293276459923120129,2020-08-24
1297927567371100163,807812802761158656,3227885689,2020-08-24
1297927387708104708,807812802761158656,2825399923,2020-08-24
1298181680113606657,2597865152,2597865152,2020-08-25
1297927237799485441,1283062006937985026,1283062006937985026,2020-08-24
1297927749768798209,2538317437,2538317437,2020-08-24
1297929322020315137,295586633,295586633,2020-08-24
1297930076768608256,18225400,1203045162022309888,2020-08-24
1297929177207840769,64944576,235121743,2020-08-24
1297934082756796423,794596190100869121,2705062382,2020-08-24
1297960131372539906,784454880576495616,784454880576495616,2020-08-24
1297936896233017344,1202654231490109440,413374229,2020-08-24
1297930705796763649,1097037050128318464,1097037050128318464,2020-08-24
1297931374511501319,807812802761158656,2825399923,2020-08-24
1297934072770166791,735132714798551042,735132714798551042,2020-08-24
1298133354307559424,41401553,3296219929,2020-08-25
1297933630589861896,53380112,53380112,2020-08-24
1297934621917749249,249564983,249564983,2020-08-24
1298139252694421504,1266280025063485440,1034601211406831617,2020-08-25
1298128246475599872,48109973,1270315787295887360,2020-08-25
1297938999378575361,17919393,17919393,2020-08-24
1297940415514017793,807812802761158656,3409081054,2020-08-24
1297939557770563585,807812802761158656,14074252,2020-08-24
1297943732306747392,163738506,163738506,2020-08-24
1297942700931428352,1267294274736893953,979403903149203458,2020-08-24
1297944897912266755,788661027936370688,437635028,2020-08-24
1297949235732795393,434285206,19440657,2020-08-24
1298558362116857858,866801099264729088,261790050,2020-08-26
1297947583814471682,636693268,636693268,2020-08-24
1297950626458955777,914729936249774080,914729936249774080,2020-08-24
1298011486543949824,13951732,13951732,2020-08-24
1297950138120331264,917972406198775808,41058376,2020-08-24
1297969575892586496,1436919157,70771738,2020-08-24
1297950733061554181,1267239807786369025,1006319392907563014,2020-08-24
1297950627356532736,1209353406621638656,35175054,2020-08-24
1297951041548431365,35175054,1209353406621638656,2020-08-24
1298956593258692610,1552448954,441623904,2020-08-27
1297951665904115713,709905230,709905230,2020-08-24
1297958575529234434,434285206,122972707,2020-08-24
1297956122545061889,2441055814,1205998019239383040,2020-08-24
1297973007663665152,1195099071293382662,2558953269,2020-08-24
1297960932673544198,3296494765,1285661020346884098,2020-08-24
1297954218158911489,160126711,160126711,2020-08-24
1298425791630516225,493499520,1261883750788395008,2020-08-26
1297957343741779971,930722458868600832,1116736522898890752,2020-08-24
1297972664393297920,18809668,18809668,2020-08-24
1297957366508421120,3379740699,3379740699,2020-08-24
1297958507749285888,197551832,197551832,2020-08-24
1297961766689873920,2842795666,1297734025138917381,2020-08-24
1297958569309081602,1035181525,1035181525,2020-08-24
1297962032092807169,10086382,1095406487118192646,2020-08-24
1297959443888582656,754303703893422080,354993050,2020-08-24
1297960360427663360,1278743597169295361,1186292855553134592,2020-08-24
1297964021686116352,1233574092734894081,1500110022,2020-08-24
1297961943118954496,2500055300,550738636,2020-08-24
1297960990240206848,1201565288879116288,1201565288879116288,2020-08-24
1297961211204472833,124309063,5266951,2020-08-24
1297966468655722501,3195419603,696482342282645505,2020-08-24
1297961851985301505,46398654,46398654,2020-08-24
1297962700329422851,921965882,921965882,2020-08-24
1298001848285052928,257641845,1282777130804404230,2020-08-24
1297963125111574529,1256635785450668033,1256635785450668033,2020-08-24
1297969995989819393,46398654,46398654,2020-08-24
1297992857035341831,4871691736,1248365263617171462,2020-08-24
1297967589520482304,516118504,375929895,2020-08-24
1298152914310107136,221745634,1397037368,2020-08-25
1297968199707824128,574129370,574129370,2020-08-24
1297970381228212224,85984411,167932876,2020-08-24
1298006243429085184,1483912172,45776070,2020-08-24
1297977114763894784,1090345329860505601,1095908443775557633,2020-08-24
1298033418911981568,233830625,1157409568869273601,2020-08-24
1298027988592676864,1243019886533545985,810371064522047488,2020-08-24
1298010226155757569,1659152678,464216405,2020-08-24
1297992228158267392,1286925638,1286925638,2020-08-24
1298190032193216513,1633560414,23670398,2020-08-25
1298024798661087234,22639515,24707450,2020-08-24
1298105857297862656,350547508,192032881,2020-08-25
1297989870615494656,4247542528,2361242006,2020-08-24
1297992901666852864,958552041307062272,1194210313,2020-08-24
1297993141891604480,751542960131411968,338657565,2020-08-24
1297990854271959042,1649395076,111984163,2020-08-24
1297991478858395657,1952408444,35845938,2020-08-24
1297994489173344257,1248365263617171462,4871691736,2020-08-24
1297996848733421568,1151345828,2868544624,2020-08-24
1298022587969265664,244730641,244730641,2020-08-24
1297994666474762240,98486683,98486683,2020-08-24
1297995218004959232,1110366266718670858,2372428596,2020-08-24
1297998656809967617,4548089901,1258458665037762560,2020-08-24
1298178852666081283,205671613,2250534022,2020-08-25
1298001289033506816,301170383,301170383,2020-08-24
1298079982871142401,4759721948,23601705,2020-08-25
1298015790902308865,1141090089373536256,1141090089373536256,2020-08-24
1298007208907747331,259300516,259300516,2020-08-24
1298008171848568835,91490249,863434764,2020-08-24
1298011434820018176,314257139,3619352295,2020-08-24
1298010043212849155,1629152486,56197959,2020-08-24
1298016690324865024,959534115321208832,116878432,2020-08-24
1298015502984413184,895347487233462272,961817767,2020-08-24
1298009546812796936,1058581537984311296,1058581537984311296,2020-08-24
1298034371920908288,728747154,1214590439824797696,2020-08-24
1298012105124315141,295557152,760574375892574209,2020-08-24
1298011798554189824,1200429972688642048,3257654416,2020-08-24
1298015233047330817,13951732,13951732,2020-08-24
1298015586803482624,755846181641748481,2432397453,2020-08-24
1298027459854696450,50563940,44733050,2020-08-24
1298017609871491075,208006752,2859830030,2020-08-24
1298015635927162880,810590628727914496,810590628727914496,2020-08-24
1298125476561649664,788661027936370688,437635028,2020-08-25
1298024579122827264,1264263025823035393,1012900593533243393,2020-08-24
1298021992910794758,948484658,1074932954638548992,2020-08-24
1298020238466912262,1280906053023080448,1280906053023080448,2020-08-24
1298020780312272897,2839772333,1225748677261774848,2020-08-24
1298020993668177920,3830061,3830061,2020-08-24
1298024473115779072,898001866881216515,703997514,2020-08-24
1298025903079841792,52423655,772760440224911360,2020-08-24
1298031906555072512,3049995394,3049995394,2020-08-24
1298141571523674113,1275347134615863296,1275347134615863296,2020-08-25
1298026425317036034,3233845779,3233845779,2020-08-24
1298025848063238145,898001866881216515,703997514,2020-08-24
1298137467300851713,1204480029855551489,877951148618940417,2020-08-25
1299419773068075019,247047968,804988735,2020-08-28
1298027902982860802,1174354665695264768,1174354665695264768,2020-08-24
1298624361977597953,70797085,70797085,2020-08-26
1298032884209549315,1224321439538565120,999673612532617218,2020-08-24
1298032869567209472,1050085153865953281,713121708308180993,2020-08-24
1298186344057905157,1160332114052521986,1160332114052521986,2020-08-25
1298035020473479171,25658510,1050823861443411969,2020-08-24
1298034763291332608,1221133872819331085,349957968,2020-08-24
1298034713571909633,3289530364,1592100684,2020-08-24
1298038931527737344,1276732723340759041,1276732723340759041,2020-08-24
1298040785854636033,16457364,16457364,2020-08-24
1298042508681895937,823015510006755330,128387510,2020-08-24
1298046274881675267,228183609,342910848,2020-08-24
1298047304616816640,14947030,1116169240195862528,2020-08-24
1298049180124971008,35024829,244299661,2020-08-25
1298047262216663047,3422384260,3422384260,2020-08-24
1298047704472399873,1294412813688025099,1294412813688025099,2020-08-25
1298054059597987854,715175617,715175617,2020-08-25
1298049335700140037,77063603,77063603,2020-08-25
1298050800984510465,452196244,8406572,2020-08-25
1298217913816682496,726779486,266273858,2020-08-25
1298059402239500288,728747154,802774000942415872,2020-08-25
1298050780562427905,1689686322,1689686322,2020-08-25
1298059620083261445,728747154,802774000942415872,2020-08-25
1298206386531307520,841619868923314177,2523454430,2020-08-25
1298077154043977728,1055405245449322496,1296326464003084291,2020-08-25
1298055715303510016,64320068,64320068,2020-08-25
1298062258367606787,115308684,115308684,2020-08-25
1298061245216587776,115308684,109047243,2020-08-25
1298080118905036800,887086996685864960,887086996685864960,2020-08-25
1298070736364503042,946982768,17849391,2020-08-25
1298064549917204482,27971357,27971357,2020-08-25
1298078907665612800,3351342568,706596731354537984,2020-08-25
1298063740626243584,2848879473,2848879473,2020-08-25
1298067331713847296,999796014918778880,505796751,2020-08-25
1298064630460362752,115308684,114005207,2020-08-25
1298065058942062598,14389212,765997334618574848,2020-08-25
1298070487432601600,14389212,765997334618574848,2020-08-25
1298067037877493760,1019699211120578561,1019699211120578561,2020-08-25
1298095443780481025,15554809,162501671,2020-08-25
1298069936938659840,1200465785627586561,740623646574710784,2020-08-25
1298393767813304322,2818295215,2818295215,2020-08-25
1298078176929697795,583517629,3224463214,2020-08-25
1298068477823991809,1213147363444834304,64218261,2020-08-25
1298073256356847618,1213147363444834304,64218261,2020-08-25
1298069745426718720,64218261,1213147363444834304,2020-08-25
1298069373874143232,236573780,820444712699969536,2020-08-25
1298071833758113799,1076860390485708803,795485,2020-08-25
1298071043215699968,599743275,599743275,2020-08-25
1298071453070512130,17631666,118708493,2020-08-25
1298076043077718017,999796434252779521,46419461,2020-08-25
1298071792641351680,1257400718283112453,1257400718283112453,2020-08-25
1298072930329464834,43078558,2372437896,2020-08-25
1298074972632514566,64218261,1258211087599706113,2020-08-25
1298348934797168646,1268592237945868290,36715753,2020-08-25
1298075636263600128,1213147363444834304,64218261,2020-08-25
1298076760551165952,46419461,999796434252779521,2020-08-25
1298088472645898240,931286316,1259714432,2020-08-25
1298079527839469568,1213147363444834304,64218261,2020-08-25
1298094442495131648,1147178896963452928,936331452328837120,2020-08-25
1298079346092056581,102796180,102796180,2020-08-25
1298094029930987521,202371049,908710118216179712,2020-08-25
1298194922709946369,19202915,1184479760413577217,2020-08-25
1298082321749495813,466143879,891466498434379776,2020-08-25
1298083322774487043,1213147363444834304,64218261,2020-08-25
1298082862399455233,64218261,1258211087599706113,2020-08-25
1298085726828089344,227406960,227406960,2020-08-25
1298083733459918853,777233447416832000,850083436408717312,2020-08-25
1298083557030723584,41448115,52069182,2020-08-25
1298086577575309313,583517629,86805687,2020-08-25
1298155166420488194,875331036468527104,2859651616,2020-08-25
1298087718216507392,1239599332770398214,999832346797850624,2020-08-25
1298141063270604805,973322893890392064,856042501483909120,2020-08-25
1298088513737555968,761111202541948928,761111202541948928,2020-08-25
1298089598606868482,1239599332770398214,999832346797850624,2020-08-25
1298089765011623936,17500076,1270357968119369729,2020-08-25
1298376361329848321,27202261,27202261,2020-08-25
1298094535592087557,1004053092109832192,2263224073,2020-08-25
1298098153971945472,21522338,37039736,2020-08-25
1298138005350371331,1001982547000258567,747066889,2020-08-25
1298093700271280128,761111202541948928,761111202541948928,2020-08-25
1298226803035774981,1210271335378833410,810335113795932160,2020-08-25
1298107110174142464,1018319901793095681,773687568,2020-08-25
1298100885923549185,49007014,715552639128182786,2020-08-25
1298100352131010560,770561500951916544,770561500951916544,2020-08-25
1298101106338275332,2742460966,2742460966,2020-08-25
1298101318419193858,1263537169647505410,1263537169647505410,2020-08-25
1298103882103455744,19426419,19426419,2020-08-25
1298103768274415618,115308684,430173089,2020-08-25
1298104113729638401,2389476140,22519151,2020-08-25
1298103804286644224,41448115,78174048,2020-08-25
1298185009669578758,997595758114365440,1130546757748875264,2020-08-25
1298105861089370113,1246094495143231489,1246094495143231489,2020-08-25
1298111630442520578,747932406049443840,1278176577243631616,2020-08-25
1298113114446028802,52423655,1290796992134811648,2020-08-25
1298111857954131969,565925650,53548789,2020-08-25
1298165877569806336,898934738,898934738,2020-08-25
1298147842456875008,710355652418252800,854073144767860737,2020-08-25
1298141314811215872,394046792,1214697743374880768,2020-08-25
1298125281300033536,19782609,19782609,2020-08-25
1298239520207446016,1235697765554049025,1248022357886636032,2020-08-25
1298147889630208001,1147178896963452928,936331452328837120,2020-08-25
1298132550469050368,41242848,1033600298458259456,2020-08-25
1298137030875058176,1029751401734451200,1029751401734451200,2020-08-25
1298362720732020737,747066889,1001982547000258567,2020-08-25
1298258442306502656,2773435505,64578817,2020-08-25
1298277721185845248,490276190,834645716228272129,2020-08-25
1298149684414803970,876782309302714369,876782309302714369,2020-08-25
1298152673066319872,181877490,35034459,2020-08-25
1298153022313439233,2335560009,742835179,2020-08-25
1298154393968226305,14226860,14226860,2020-08-25
1298161341258178560,2335560009,742835179,2020-08-25
1298159969804713984,1401733428,388991750,2020-08-25
1298162727739953154,2335560009,742835179,2020-08-25
1298162446037786624,61709756,61709756,2020-08-25
1298263517762424833,296978647,1273380497104740354,2020-08-25
1298166369003937792,4072786517,4072786517,2020-08-25
1298230079684784133,2597865152,2597865152,2020-08-25
1298169078050324480,1155287095,1213169016098844672,2020-08-25
1298207549603414018,396861422,1196210463438098432,2020-08-25
1298269740335394825,68804052,2605771165,2020-08-25
1298180761137360896,454423746,225168723,2020-08-25
1298178868818345985,996239400773259267,996239400773259267,2020-08-25
1298194476398071811,3182217265,21209583,2020-08-25
1298180972161257472,21522338,2865840367,2020-08-25
1298182977822887937,21522338,834959346962477056,2020-08-25
1298185383105232896,860211464782655490,2930273720,2020-08-25
1298183796450185216,211277534,211277534,2020-08-25
1298218090249912320,756029780,42979284,2020-08-25
1298586659315830784,2844870645,2844870645,2020-08-26
1298196559855845382,224063770,1193301427118125056,2020-08-25
1298898545244688384,1263046626408566784,1263046626408566784,2020-08-27
1298190385865469953,121259222,121259222,2020-08-25
1298204509488009217,115308684,155515764,2020-08-25
1298269726313832450,583517629,138138032,2020-08-25
1298211749825515520,797127998164107264,1242927501912854528,2020-08-25
1298286517127790593,1011064104419766272,3949492933,2020-08-25
1298215976798949376,115308684,139241586,2020-08-25
1298221702820900865,2461005242,842516348899155971,2020-08-25
1298216663146356736,1196210463438098432,396861422,2020-08-25
1298227682811969538,1302159823,1036901116963741696,2020-08-25
1298223024789848071,1297396113498988545,1297396113498988545,2020-08-25
1298246339470360576,34656478,2344223106,2020-08-25
1298231361774460928,37738073,37738073,2020-08-25
1298232412477034497,2597865152,2597865152,2020-08-25
1298234020438966272,2597865152,2597865152,2020-08-25
1298230455620206592,219862792,219862792,2020-08-25
1298251406483378176,21181460,1139022774188544000,2020-08-25
1298233825324150784,109092941,109092941,2020-08-25
1298234633834897409,3081983657,2421431117,2020-08-25
1298237749338742796,3031740566,903697224,2020-08-25
1298234551655976969,748826932817457152,748826932817457152,2020-08-25
1298236599491207168,922692204547604481,922692204547604481,2020-08-25
1298235786375069696,445586377,445586377,2020-08-25
1298242220303110144,24998491,169949875,2020-08-25
1298270882448605184,1228415516110245889,741089054066921474,2020-08-25
1298352709339406342,16523905,1454591749,2020-08-25
1298236819889426432,219862792,219862792,2020-08-25
1298238192991248387,1086976130819809280,1283835271528800260,2020-08-25
1298238438316093441,2892710886,15824837,2020-08-25
1298315343413350402,933069975677472773,1090039695160021002,2020-08-25
1298243279042097159,142790607,2774297030,2020-08-25
1298250569145032705,21522338,28943046,2020-08-25
1298245483803160578,64502932,2384051004,2020-08-25
1298271218580074498,1244018935361568769,823590875498512385,2020-08-25
1298319564032417793,1719873062,195441305,2020-08-25
1298249887499378689,1148239730884120577,94635442,2020-08-25
1298259091056291841,40011174,1266581300812689414,2020-08-25
1298252897554030593,40011174,1034851919301423105,2020-08-25
1298438516414742529,283363779,23393318,2020-08-26
1298255358977163266,1086976130819809280,862419118921846784,2020-08-25
1298255292036153344,110326494,110326494,2020-08-25
1298254765579743232,1267846254463201281,1267846254463201281,2020-08-25
1298326551893807104,1257660442027196418,568195343,2020-08-25
1298257827157307395,779207187365236736,1274791269462675460,2020-08-25
1298258564713127937,870387683864055808,392529441,2020-08-25
1298263065603923974,1125119661945884672,1537401469,2020-08-25
1298259998628147201,16158639,16158639,2020-08-25
1298261275076489217,281464648,281464648,2020-08-25
1298263218456936448,2768119705,250955897,2020-08-25
1298262210771161093,121490412,286862328,2020-08-25
1298262622265946120,1272841110021304321,1159419228170014720,2020-08-25
1298262586018783242,1298260597704781824,1298260597704781824,2020-08-25
1298262877929746433,1159419228170014720,1272841110021304321,2020-08-25
1298263603980558337,281464648,281464648,2020-08-25
1298267665471909890,26780373,1252285126526095360,2020-08-25
1298280236627312641,8536952,25673882,2020-08-25
1298264853275058184,846761335543287810,846761335543287810,2020-08-25
1298266780733812740,115308684,1273161516,2020-08-25
1298265929457926144,573921084,782210774181744640,2020-08-25
1298273145137188865,573921084,782210774181744640,2020-08-25
1298266821829595144,445832459,445832459,2020-08-25
1298271989702959109,4034179299,1219959217471262722,2020-08-25
1298278377888133120,1154891637874671616,1154891637874671616,2020-08-25
1298272500384583681,367125853,367125853,2020-08-25
1298273603914330113,115308684,992291401,2020-08-25
1298278823293792259,834624054099337216,797502729103011845,2020-08-25
1298274694584569856,1086976130819809280,862419118921846784,2020-08-25
1298326476283150337,1248365263617171462,35794470,2020-08-25
1298376174238752768,1273754649716195328,1239532575015809025,2020-08-25
1298337054154280962,4541141723,707007215475957760,2020-08-25
1298281274105159680,66649601,66649601,2020-08-25
1298282858906300428,806304970429657088,947679282,2020-08-25
1298279765137166338,258855957,258855957,2020-08-25
1298280260123926528,1096142537495056385,1096142537495056385,2020-08-25
1298281952328527872,870387683864055808,1292692174904143872,2020-08-25
1298285896102551552,866801099264729088,261790050,2020-08-25
1298409547430862849,1268232520753168386,1912584542,2020-08-25
1298282254246875136,931286316,1894778892,2020-08-25
1298864052110626817,126846117,899058169,2020-08-27
1298295024572960768,1228415516110245889,741089054066921474,2020-08-25
1298321917846401029,25308772,1266086878941503490,2020-08-25
1298294372048482306,23228290,1282165759750234114,2020-08-25
1298288222926118913,835360311850983424,835360311850983424,2020-08-25
1298285622063505410,182049540,182049540,2020-08-25
1298285781186994176,845252162183729152,24317947,2020-08-25
1298329938001571843,490276190,1268607468285964296,2020-08-25
1298288950168227846,1250819837309456384,1250819837309456384,2020-08-25
1298291023475605505,325543945,1071605291324723200,2020-08-25
1298289874391511040,2381273774,740873466807783424,2020-08-25
1298292117257814016,1275367670582476800,1275367670582476800,2020-08-25
1298411547140603904,18956073,18956073,2020-08-26
1298291644454887424,115308684,60155737,2020-08-25
1298291866253885443,41640047,41640047,2020-08-25
1298292851093184512,17918065,17918065,2020-08-25
1298295012204085248,2225214364,1212251275015774211,2020-08-25
1298300001638965249,3293661355,1228414303801401346,2020-08-25
1298297879375872000,1100158705151209472,821482001370849281,2020-08-25
1298298256611573761,827528323899207681,827528323899207681,2020-08-25
1298299576483483648,752839557188456448,325364838,2020-08-25
1298300902869262337,1100158705151209472,821482001370849281,2020-08-25
1298428942009929729,715190944006586368,715190944006586368,2020-08-26
1298300817984765952,923676260,51129469,2020-08-25
1298302598173413381,1566650000,1566650000,2020-08-25
1298302388378447874,16042891,16042891,2020-08-25
1298303599336808448,1074114103814189056,840744319,2020-08-25
1298306615431426049,1244041814400569344,3090351886,2020-08-25
1298304751445127168,1042405564540768256,1202611515897131008,2020-08-25
1298335367289020417,748652227712024578,748652227712024578,2020-08-25
1298638281697947649,443461865,118314540,2020-08-26
1298305868069396480,20246682,1236369178841550849,2020-08-25
1298306088698249223,56107900,56107900,2020-08-25
1299407537079496706,1216083823949230081,1216083823949230081,2020-08-28
1298308905399984129,973322893890392064,1152952135811661825,2020-08-25
1298309879980064769,3346658163,193035891,2020-08-25
1298310836986028032,973322893890392064,856042501483909120,2020-08-25
1298314565923401728,1279837942509236224,1116827666974486529,2020-08-25
1298313122533367809,1217747408081211392,1217747408081211392,2020-08-25
1298674181761118215,1454501,1454501,2020-08-26
1298315566420238336,1101855528865673222,19821744,2020-08-25
1298313654681636874,755309715287138304,755309715287138304,2020-08-25
1298329041318150144,3116665937,999226155394879488,2020-08-25
1298315272777019394,1282961943293235207,3394597769,2020-08-25
1298315693247606787,997422615907184640,3629210912,2020-08-25
1298318373193838593,3087610824,906531026192748546,2020-08-25
1298434871031992323,2279692243,31486748,2020-08-26
1298318041462255618,1188932094694739968,52523463,2020-08-25
1298327506437709826,487609091,44758561,2020-08-25
1298345016771969025,1470411882,2521570944,2020-08-25
1298321976243585024,3610590974,3610590974,2020-08-25
1298327235024347137,870387683864055808,3082778916,2020-08-25
1298331456503263232,1280125550393274368,1467838428,2020-08-25
1299091341432049664,1292131618027692034,1292131618027692034,2020-08-27
1298408493410594816,2329483728,2329483728,2020-08-25
1298327783421042688,1272369471487803392,1272369471487803392,2020-08-25
1298335070005207046,876000815365980160,3083942121,2020-08-25
1298339503824928771,71860801,3000611915,2020-08-25
1298334938442342400,583517629,138138032,2020-08-25
1298349148769406977,583517629,1144696842250326019,2020-08-25
1298337844579250177,870387683864055808,870387683864055808,2020-08-25
1298337233192263682,188335086,188335086,2020-08-25
1298338460449857537,61056562,61056562,2020-08-25
1298340180298997767,561603242,1963665618,2020-08-25
1298344101604200450,1267925527605755905,1267925527605755905,2020-08-25
1298345105556987909,1063216476776267776,1063216476776267776,2020-08-25
1298350001584844802,298681398,1081209533253537792,2020-08-25
1298346896138932225,763208946249113600,465630680,2020-08-25
1298360479199432704,45176933,408275407,2020-08-25
1298347875441803264,1470411882,2521570944,2020-08-25
1298347715596890112,154566620,154566620,2020-08-25
1298357898628792323,1247151866129133570,1036628029,2020-08-25
1298348422974644230,2376154909,2376154909,2020-08-25
1298349279656976391,1297108931999866882,1245726165299531777,2020-08-25
1298352464765292545,433131750,597004934,2020-08-25
1298492775915282432,14149346,77542606,2020-08-26
1298353012579041280,1242306883492311040,1242306883492311040,2020-08-25
1298350297715277824,1245726165299531777,1297108931999866882,2020-08-25
1298352099663773697,19346439,236487888,2020-08-25
1298351459495485444,2904152099,2904152099,2020-08-25
1298378180240314373,392645836,3289699401,2020-08-25
1298352582331699202,579460337,579460337,2020-08-25
1298353422580633600,1157388784301793280,1157388784301793280,2020-08-25
1298357491995152384,1293704860026777606,1293704860026777606,2020-08-25
1298356361722388480,4839872717,4839872717,2020-08-25
1298365419443503104,879834908243369984,978794270999146496,2020-08-25
1298359726439268354,1110972656025776128,1110972656025776128,2020-08-25
1298360215616790529,87584526,118899840,2020-08-25
1298362009138987008,1086976130819809280,1209903980001865729,2020-08-25
1298364218996150272,47435872,904097911209938948,2020-08-25
1298361689994194946,98486683,98486683,2020-08-25
1298363374040952832,1227518581467951104,911158794520027137,2020-08-25
1298381160746278917,1155425718546968577,1247151866129133570,2020-08-25
1298362576884170759,2942308314,2942308314,2020-08-25
1298362797320011777,41300650,41300650,2020-08-25
1298366266521026562,911158794520027137,1227518581467951104,2020-08-25
1298364174280556544,2348915510,1219623594,2020-08-25
1298366935403569158,900016235924074496,900016235924074496,2020-08-25
1298366775139106816,911158794520027137,1265699201956171778,2020-08-25
1298367517463924736,1086976130819809280,475006030,2020-08-25
1298373085595402242,1248232073263022080,1225315996086476800,2020-08-25
1298377136147857408,576896763,707639136799350784,2020-08-25
1298375543386185729,1227518581467951104,976320384,2020-08-25
1298381008631291905,1855797450,135971839,2020-08-25
1298372110864330753,339129605,339129605,2020-08-25
1298373079865925632,193055295,193055295,2020-08-25
1298374157932146689,1126140240543002625,1126140240543002625,2020-08-25
1298378504019546112,1043423847708590081,1043423847708590081,2020-08-25
1298383895487021061,707639136799350784,576896763,2020-08-25
1298419863334064128,1511018348,1511018348,2020-08-26
1298418535006445574,420411751,4002666257,2020-08-26
1298381439881412612,4642966709,4642966709,2020-08-25
1298393474325086208,1113248549842509826,4295610501,2020-08-25
1298389249457303552,16685301,14416109,2020-08-25
1298393513483091969,3025160151,1493059178,2020-08-25
1298390533463662592,4542673513,4542673513,2020-08-25
1298392802540302336,487609091,1259362778537574402,2020-08-25
1298423497236992000,533465215,293449689,2020-08-26
1298584532430524416,1135456737941696512,540422120,2020-08-26
1298401379007037440,49398752,1491548239,2020-08-25
1298995958034739200,49007014,821028936977174532,2020-08-27
1298399694155063298,957243115978584066,315125423,2020-08-25
1298396098399285249,3068629209,2673329399,2020-08-25
1298704346461294592,904618781187514368,897473511572119553,2020-08-26
1298397291133448196,4463594867,435540777,2020-08-25
1298408977689190401,105810396,41594003,2020-08-25
1298412431354531843,236487888,15445158,2020-08-26
1298443727816384514,1228415516110245889,32881612,2020-08-26
1298407092777136129,302368554,1190031607215853568,2020-08-25
1298409752263897088,779032864750985217,1291913958056697861,2020-08-25
1298420137792614405,1147518921307774976,1147518921307774976,2020-08-26
1298405356863971329,20776147,20776147,2020-08-25
1298470225768112130,1113248549842509826,563335464,2020-08-26
1298413196777160704,258083601,73290422,2020-08-26
1298412086620573700,222481411,222481411,2020-08-26
1298409364064219142,348733976,931056164,2020-08-25
1298409688648888321,348733976,1291833145352953859,2020-08-25
1298411309139206144,1126808042,1297289260165410816,2020-08-26
1298554400030547970,799010005655633922,1248619444068184064,2020-08-26
1298410407254732800,348733976,931056164,2020-08-26
1298552937447292931,799010005655633922,1248619444068184064,2020-08-26
1298411222199607297,348733976,931056164,2020-08-26
1298411386985484288,348733976,1599137665,2020-08-26
1298470208147947520,3950434095,714954364146683904,2020-08-26
1298415007688994827,303424850,1084864406775885824,2020-08-26
1298414475138277382,17621578,17621578,2020-08-26
1298414597926293505,181605606,181605606,2020-08-26
1298415290351591424,1193336452433747969,3320005752,2020-08-26
1298415575534841863,1102597288835325953,1102597288835325953,2020-08-26
1298417932679159813,1272479759897972736,1272479759897972736,2020-08-26
1298504393382338562,824378326571696137,351920394,2020-08-26
1298420599694524418,149504801,149504801,2020-08-26
1298425076115628032,2276946528,190965211,2020-08-26
1298421729191243776,3044602665,2614255879,2020-08-26
1298421752415031298,1259265348597092352,1259265348597092352,2020-08-26
1298423041819639809,1244782610565541889,14864641,2020-08-26
1299041370741633024,2614255879,3044602665,2020-08-27
1298427442399412230,33965716,33965716,2020-08-26
1298426448068456449,1244782610565541889,14864641,2020-08-26
1298433457463451650,1648244402,75183933,2020-08-26
1298433144828420097,348733976,200989181,2020-08-26
1298435200381321218,1040626579121025025,145278930,2020-08-26
1298437792008040449,42068515,273610505,2020-08-26
1298451280965361671,1141509654855520256,1141509654855520256,2020-08-26
1298439393334759426,2963425413,2795335441,2020-08-26
1298439642275098624,142066500,142066500,2020-08-26
1298443013241233408,4871961853,818272504749789185,2020-08-26
1298442337543000064,818799985,49161256,2020-08-26
1298447039487832066,818799985,49161256,2020-08-26
1298443382411403266,403170646,403170646,2020-08-26
1298445489306828800,1081957779403878401,1081957779403878401,2020-08-26
1298445886012428288,962604378858426369,962604378858426369,2020-08-26
1298447002397814785,1297530676762337280,1297530676762337280,2020-08-26
1298452644147728386,66383631,717793218897649664,2020-08-26
1298448814714560513,94419492,47153475,2020-08-26
1298450437948014592,21104432,21104432,2020-08-26
1298451295133667332,894902923854979073,894902923854979073,2020-08-26
1298453071694049280,115308684,154314087,2020-08-26
1298454247286210561,2196363844,902999737728688132,2020-08-26
1298454691605618688,19870490,404116801,2020-08-26
1298456317351399424,120180668,120180668,2020-08-26
1298454789324406785,870387683864055808,870387683864055808,2020-08-26
1298455752080646145,1390491979,194294321,2020-08-26
1298456219749883909,61753775,78946991,2020-08-26
1298457711168888834,296939494,2720800274,2020-08-26
1298459698333724673,115308684,154314087,2020-08-26
1298460628441391104,1188917356799516672,1188917356799516672,2020-08-26
1298495227712475136,16913956,1218804474199756800,2020-08-26
1298466811281903616,1298453319279673346,1298411097444110337,2020-08-26
1298465670288596992,242029111,231179859,2020-08-26
1298466819758489600,1148235738535911425,1297913273443131393,2020-08-26
1298468438285979648,2910719740,2910719740,2020-08-26
1298469366539812864,1186781236120846336,941421345535078401,2020-08-26
1298471109696737280,121259042,17232342,2020-08-26
1298471190982426628,840325065669541888,354369266,2020-08-26
1298584127088873474,143300767,635561192,2020-08-26
1298473544834101248,1186781236120846336,807113425,2020-08-26
1298609117179924480,2967100787,874619323159019520,2020-08-26
1298525969079324672,87825618,338806195,2020-08-26
1298593172835180546,986057749367795717,813018057744547840,2020-08-26
1298588134838611969,933345751,15704265,2020-08-26
1298562289667203072,1252576835084226562,2657994214,2020-08-26
1299072727991558144,14827344,3256931,2020-08-27
1298513790640717824,797908112246185990,119869528,2020-08-26
1298502917834432512,1240825853090521088,2861181096,2020-08-26
1298622305510100992,911988865673474048,146322201,2020-08-26
1298604801752694787,1199072829607690240,1035133912341798917,2020-08-26
1298503901281320960,333847448,333847448,2020-08-26
1298505358512664576,1280668620998279170,1280668620998279170,2020-08-26
1298506530984263681,1948039580,120570076,2020-08-26
1298583147915902984,3950434095,714954364146683904,2020-08-26
1298584577850716162,3950434095,714954364146683904,2020-08-26
1298603925113839616,3111809865,701879259,2020-08-26
1298657646010982400,44737698,101129542,2020-08-26
1298586272554983430,3950434095,714954364146683904,2020-08-26
1298587031401050118,3950434095,714954364146683904,2020-08-26
1298521266966745088,35142791,35142791,2020-08-26
1298647960679415808,360611439,467863537,2020-08-26
1298525868470554624,89652207,113679783,2020-08-26
1298531068149104641,1022879632998055936,1022879632998055936,2020-08-26
1298531584912416768,18582653,18582653,2020-08-26
1298542739596943360,1239969860941217792,909481509802905606,2020-08-26
1298551949374001154,45176933,483133032,2020-08-26
1298554965116559361,1169381747236245504,1169381747236245504,2020-08-26
1298561428291489792,1186061624999854081,750247836868939777,2020-08-26
1298580733599129600,1167874845994037248,948029150052237312,2020-08-26
1298568527318855680,18584266,3309273343,2020-08-26
1298581217428701185,839985545287720965,839985545287720965,2020-08-26
1298593869278392323,399210952,399210952,2020-08-26
1298581440096083968,933726695051481093,884782095893188608,2020-08-26
1298580432519405568,1167222192452624389,1167222192452624389,2020-08-26
1298591219212328960,1076056544389881859,1253746949150445576,2020-08-26
1298642097029943296,3045072338,922602613534789632,2020-08-26
1298590993424490498,15076064,15076064,2020-08-26
1298591772076134400,970373395136303105,970373395136303105,2020-08-26
1298625659959414789,1276631269003182082,1242185486766047234,2020-08-26
1298605861665935361,876146616255860737,269692317,2020-08-26
1298602245202808832,1037098863981723648,173807805,2020-08-26
1298600565925126144,2963623381,1042946810279473152,2020-08-26
1299134045406687235,1220083797422559232,1296562745547149312,2020-08-27
1298602431354490881,632265872,632265872,2020-08-26
1298786053193707523,923117164181176320,823901672699269121,2020-08-27
1298607662347833350,254151768,254151768,2020-08-26
1298609125501407232,1260328936719998984,853952494673813504,2020-08-26
1298647546751926273,997848174806032390,4209686774,2020-08-26
1298610199155093516,853952494673813504,1260328936719998984,2020-08-26
1298614960088592387,3950434095,714954364146683904,2020-08-26
1298615462541107203,3950434095,714954364146683904,2020-08-26
1298616023369895936,3950434095,714954364146683904,2020-08-26
1298612426133446657,221243466,221243466,2020-08-26
1298614218208444423,876146616255860737,878721808098353152,2020-08-26
1298650179818725377,1287497483099213831,823441010,2020-08-26
1298616954278891528,806304970429657088,1227840498057920512,2020-08-26
1298617199834390528,1185232614023729154,1185232614023729154,2020-08-26
1298656151593091072,468151337,738179193247170560,2020-08-26
1298657633189138436,2870986967,2550483787,2020-08-26
1298619583507632133,1560545406,711210194806706177,2020-08-26
1298621593497694208,963869922840395776,2583095011,2020-08-26
1298622873586798593,1078655602992263168,67720213,2020-08-26
1298621873245302788,2583095011,963869922840395776,2020-08-26
1298627113268809728,963869922840395776,2583095011,2020-08-26
1298630005044502529,1178723839313887233,1734407850,2020-08-26
1298682981100457988,436753331,951902513216700416,2020-08-26
1298998189777809415,1890686964,1890686964,2020-08-27
1298629305635921920,1560545406,927560460462907393,2020-08-26
1298880688372973574,108951721,108951721,2020-08-27
1298629117760417794,779306848021250048,2887860875,2020-08-26
1298670190608166912,3296234380,3296234380,2020-08-26
1298630505017950209,79269066,79269066,2020-08-26
1298631680723427329,1964475200,35875869,2020-08-26
1298650001263013888,35088689,204185036,2020-08-26
1298633280393228290,353209277,28289936,2020-08-26
1298638006107029504,141847755,67403575,2020-08-26
1298637742641950720,1560545406,927560460462907393,2020-08-26
1298766486954217473,1195481196295335938,182562805,2020-08-26
1298640314912186369,1248048975820787713,1281622251842961412,2020-08-26
1298739582788407297,1266280025063485440,958368465160691712,2020-08-26
1298642447409569793,1566650000,1566650000,2020-08-26
1298642494163423233,714951722,109618376,2020-08-26
1299738202023120896,1264667584932216833,707779595773353984,2020-08-29
1298642819796684802,896226625,896226625,2020-08-26
1298646328705028096,1113248549842509826,563335464,2020-08-26
1298647052876996610,16523905,1129787088562532354,2020-08-26
1298647185895100416,16927345,16927345,2020-08-26
1298948298133340160,1266280025063485440,1034601211406831617,2020-08-27
1298650339273592832,948292146,292580300,2020-08-26
1298653278205612032,105633714,105633714,2020-08-26
1298676591191453697,1045500096299773952,1298503942943342593,2020-08-26
1298661527310999555,526481002,1270942851229089792,2020-08-26
1298781675665514496,722274356223565824,1264598258904514560,2020-08-27
1298651479360917505,714951722,109618376,2020-08-26
1298655141126496263,1159553444371402753,876794657669353472,2020-08-26
1298653512314880001,424323759,424323759,2020-08-26
1298655186106355712,1190938959247003648,963995047778713600,2020-08-26
1298654786024353797,281464648,281464648,2020-08-26
1298655274778198016,1276245533145927680,1276245533145927680,2020-08-26
1298657624448282626,99193891,2148322622,2020-08-26
1298665587942592513,296468932,296468932,2020-08-26
1298663502324916229,859346907180617728,2489097798,2020-08-26
1298656707766300673,1098333066781696001,1098333066781696001,2020-08-26
1298658070843858946,14712692,21271209,2020-08-26
1298657620438290432,1128147829606600706,1128147829606600706,2020-08-26
1298658598109827073,1015985263212888064,1015985263212888064,2020-08-26
1298659016873332738,2228878592,1173297636,2020-08-26
1298662752865718272,779306848021250048,2425954952,2020-08-26
1298663703022379008,188335086,188335086,2020-08-26
1298664580701237248,26920684,1120360329685368832,2020-08-26
1298665550856327169,26920684,1120360329685368832,2020-08-26
1298667946437423105,874672779907526658,1006962567296835584,2020-08-26
1298668724921102337,916146228,916146228,2020-08-26
1298669357271310341,295586633,295586633,2020-08-26
1298673401087897600,497676852,21812133,2020-08-26
1298676357564715008,2230488524,2230488524,2020-08-26
1298673322457260032,885968793406763009,444484989,2020-08-26
1298779611476697088,1297108931999866882,514251056,2020-08-27
1298674085459718145,26920684,3968979867,2020-08-26
1298674977516826625,118314540,755133009595101184,2020-08-26
1298676669780299777,50563940,44733050,2020-08-26
1298680568692051969,1147518921307774976,1147518921307774976,2020-08-26
1298721906065997827,35512572,1242501007038222337,2020-08-26
1298682925429465095,1266091927348359175,3314507488,2020-08-26
1298759693687492608,711291354,473299290,2020-08-26
1298707064017973249,403089741,2409669944,2020-08-26
1298680175933001728,775800032159117312,775800032159117312,2020-08-26
1298681247322046464,2295638705,2295638705,2020-08-26
1298682584352907266,96042413,96042413,2020-08-26
1298681629741850625,611904857,611904857,2020-08-26
1298690214563635209,85741735,1270322743779745796,2020-08-26
1298683075740815361,790447626,87364233,2020-08-26
1298683500875276288,1246870023802482688,894588814177521664,2020-08-26
1298685468385644546,575798248,2810181372,2020-08-26
1298685460592590851,3408528436,1294696781067018242,2020-08-26
1298689819187523584,1270602733,965642270887342084,2020-08-26
1298692885190189060,1543999796,1034868411354861568,2020-08-26
1298696021338468358,1018791918,4492117573,2020-08-26
1298686958374465536,1279863835613188098,1279863835613188098,2020-08-26
1298687611700236289,1086976130819809280,1289931955300192262,2020-08-26
1298686921368113154,186575135,186575135,2020-08-26
1298688082187882502,1048508346511372289,950343113884749824,2020-08-26
1298824741432721414,223157885,296367458,2020-08-27
1298689623087087617,965642270887342084,1270602733,2020-08-26
1298689189173657604,82167518,82167518,2020-08-26
1298699799273799681,1147518921307774976,1147518921307774976,2020-08-26
1298692218887254018,1191912171632054272,776858779954675713,2020-08-26
1298720635640659977,1312395158,2990516949,2020-08-26
1298695666042957824,1186781236120846336,798716970778722304,2020-08-26
1298737907495251970,872125560,872125560,2020-08-26
1298696057761804289,1251267843838160898,2887143262,2020-08-26
1298695980607578115,2843685004,1007336863957385218,2020-08-26
1298700025439059969,49642420,2867243805,2020-08-26
1298698660079972355,2375892582,223578116,2020-08-26
1298698617168048129,1172901939295719424,1172901939295719424,2020-08-26
1298698959821643777,713377689743335424,1626407845,2020-08-26
1298700292704407553,236487888,103369600,2020-08-26
1298700411055026176,67771614,67771614,2020-08-26
1298704371652452359,708019110,708019110,2020-08-26
1298729370643619840,34656478,2344223106,2020-08-26
1298703410838069256,3176409736,2807953020,2020-08-26
1298703339421667329,3133769516,3220645590,2020-08-26
1298714467341987847,1178015691200434176,1256497275863474176,2020-08-26
1298847463424458752,425172790,425172790,2020-08-27
1298705935226089473,1275195264647737349,938077700295725057,2020-08-26
1298813108304084992,2162825861,2938716703,2020-08-27
1298708975613915138,1251514143615614978,1251514143615614978,2020-08-26
1298706814436024320,23908154,23908154,2020-08-26
1298716263795945473,3314507488,544945691,2020-08-26
1298716715937755139,333391147,1334372875,2020-08-26
1298819664525570049,66099788,71252602,2020-08-27
1298707201234788352,34622379,34622379,2020-08-26
1298709239146221569,105819313,1125116098964226053,2020-08-26
1298775689567629337,1185334463317921792,1185334463317921792,2020-08-27
1298712342218170368,374984622,3070954493,2020-08-26
1298716529148588034,1197275734823391234,1055194830698102785,2020-08-26
1298712361503567874,3413618374,3413618374,2020-08-26
1298712869777752064,974165564762423296,1001858625214799872,2020-08-26
1298762901453332481,111627001,111627001,2020-08-26
1298714122578612224,437304470,437304470,2020-08-26
1298716796220923904,1199072829607690240,1035133912341798917,2020-08-26
1298717559168983043,2843685004,1007336863957385218,2020-08-26
1298717427375550464,1083499576030572545,1083499576030572545,2020-08-26
1298718570524811271,1030519688248229888,1281570026563108864,2020-08-26
1298719242942963715,16358225,1378204124,2020-08-26
1298775683557072897,2500055300,1275120185071075332,2020-08-27
1298720675151015938,76268480,355137280,2020-08-26
1298723071319093248,3314507488,218833534,2020-08-26
1298722908936650757,3284820050,3284820050,2020-08-26
1298724348979605510,833141501232345088,1056876331,2020-08-26
1298724392680034305,532528594,1231230347330949121,2020-08-26
1298723973807521792,1107667773763649536,1107667773763649536,2020-08-26
1298728283513556992,928799491087466497,4113496332,2020-08-26
1298726028039172096,1071252725952860162,1071252725952860162,2020-08-26
1298725446532689921,63996778,741785108,2020-08-26
1298725779090444288,800487528994258944,944909653,2020-08-26
1298727392463081473,33960130,33960130,2020-08-26
1298732464592941057,27202261,27202261,2020-08-26
1298730313053429760,1071252725952860162,1071252725952860162,2020-08-26
1298730210293096448,115308684,356425566,2020-08-26
1298740132053430277,24752952,24752952,2020-08-26
1298733706421694470,1211742277376208896,1006407457575440384,2020-08-26
1298732197617303565,829187922683318272,1101481727434858496,2020-08-26
1298732444275937282,3098238547,3098238547,2020-08-26
1298735884699938817,1122146650519109638,967563883421601794,2020-08-26
1298737379902193665,374984622,1175118905884499970,2020-08-26
1298735688536514560,277169512,1208074380804149249,2020-08-26
1298741241673330688,1403642906,1298645342573989894,2020-08-26
1298742088436072449,360611439,4837058652,2020-08-26
1298737364513296385,532528594,1231230347330949121,2020-08-26
1298737678582771712,715346429988843520,539969895,2020-08-26
1298738463605493760,532528594,1231230347330949121,2020-08-26
1298787913388433408,1293623087007752192,3415807744,2020-08-27
1298740809974476800,2957644256,2957644256,2020-08-26
1298739750380003329,3060917158,26606267,2020-08-26
1298802821467435010,919695567109926912,32043471,2020-08-27
1298742707293044737,254110693,4062295937,2020-08-26
1298744017824428033,13951732,13951732,2020-08-26
1298744011407134726,439616973,439616973,2020-08-26
1298746351828824069,703707332342124544,1060996893696815104,2020-08-26
1298746168394964995,144531738,910268239,2020-08-26
1298768964571590670,11135352,1093576915997392897,2020-08-26
1299366054448320513,2449674942,32315927,2020-08-28
1298766107654983680,1613222576,1613222576,2020-08-26
1298798896831922176,187931746,35342056,2020-08-27
1298767136504950784,1141090089373536256,1141090089373536256,2020-08-26
1298768048602509314,1141090089373536256,1141090089373536256,2020-08-26
1299040783022960640,1217117673277947906,3228579159,2020-08-27
1298759166337712129,1700462526,1191158484118704130,2020-08-26
1298757504155910144,1176652180352376832,1253457044541263874,2020-08-26
1298759258721394689,1253457044541263874,1176652180352376832,2020-08-26
1298803061465350145,15594996,759852845244047360,2020-08-27
1298783968175652864,221530405,1177372844956762112,2020-08-27
1298765854558085121,1222303459879391233,19410877,2020-08-26
1298764251956379654,17893690,906193308208300033,2020-08-26
1298765246002274307,1253457044541263874,923199401333547008,2020-08-26
1298765088019689472,972480927279534083,972480927279534083,2020-08-26
1298767948509634561,1285802369813368833,1284440567154462721,2020-08-26
1298857577032245248,822813237473226753,980991878207164417,2020-08-27
1298769038227668993,912209396,1727183251,2020-08-26
1298771882280398848,316094143,316094143,2020-08-26
1298771852303556608,302368554,41690206,2020-08-26
1298772210107248641,1269255618256343041,1226049538302992390,2020-08-26
1298774438822006786,1204770198773018625,1195589085714366464,2020-08-27
1298774184252698628,539566673,1256304492254986241,2020-08-27
1298773213015498752,341107145,226305830,2020-08-27
1298773069184593922,219862792,219862792,2020-08-27
1298774235406462976,1157388784301793280,1157388784301793280,2020-08-27
1298776907035574272,4301491936,611275436,2020-08-27
1298775308263477248,249643085,249643085,2020-08-27
1298801292043640834,2461320262,2425072692,2020-08-27
1298775521942097921,1248879418530881537,1205273127661572096,2020-08-27
1298776835279511554,3418385619,3418385619,2020-08-27
1298785449012535296,2493602402,744173766,2020-08-27
1298776479656886273,15777645,382381442,2020-08-27
1298784479679479809,1178723839313887233,1734407850,2020-08-27
1298779507562819585,1266280188116996097,1266280188116996097,2020-08-27
1298835598585860097,1100217483284361216,821317272912412672,2020-08-27
1298936629336342528,40490973,726232929769115648,2020-08-27
1298785116836302848,2493602402,364481087,2020-08-27
1298780356162842626,1086976130819809280,350065144,2020-08-27
1298788069374451712,2914321414,843867077597417472,2020-08-27
1298782509061361667,1095381918911217664,875016914342465536,2020-08-27
1298784014140993537,320571217,1239663268978929667,2020-08-27
1298798644972453890,1263046777,1286400016454692864,2020-08-27
1298784762887319552,3261658009,634240214,2020-08-27
1298785838772285440,19790393,19790393,2020-08-27
1298786127504171008,2817344965,2817344965,2020-08-27
1298803339585564673,2493602402,910872656756592646,2020-08-27
1298787341092483072,785305726013014017,1276071372335153152,2020-08-27
1298803047515271168,2493602402,744173766,2020-08-27
1298933516382674944,2921185275,37904694,2020-08-27
1299018843394682880,3259650247,1570388162,2020-08-27
1298792265788395527,3540699975,1288568609963495426,2020-08-27
1298792393890820096,1006395350880382976,1006395350880382976,2020-08-27
1298800480751980545,14194527,744258937,2020-08-27
1298822768369250304,242155297,1181950308861321217,2020-08-27
1298794361874976770,1090688222823415811,1090688222823415811,2020-08-27
1299009349520629761,2335642412,2335642412,2020-08-27
1298795753914146817,758951470653771776,758951470653771776,2020-08-27
1298802493904678912,1660651466,972692132766117888,2020-08-27
1298797036532310016,1193355651088408581,116189968,2020-08-27
1298797072234229761,23539658,23539658,2020-08-27
1298799043586527232,1166810239355801607,1292561396484280320,2020-08-27
1298799566335160322,871147961941712898,1255673312220532737,2020-08-27
1298833862928117760,334010682,334010682,2020-08-27
1298892389491314688,2959400344,1156576149193003009,2020-08-27
1298822174371983360,1282431625071075328,1869106616,2020-08-27
1298800538880892932,588466643,588466643,2020-08-27
1298807146700836866,1581151478,1057762342883155968,2020-08-27
1299171255392763906,1014526149051932672,1014526149051932672,2020-08-28
1298805063784243200,78796586,1260410728634363906,2020-08-27
1298833191927779328,3442699455,1648022887,2020-08-27
1298808929170919431,21441287,54424240,2020-08-27
1298833778668974081,1252618055026442248,1095427325183717377,2020-08-27
1298809949783560197,394642242,1100462352749772800,2020-08-27
1298808340076736512,17919393,17919393,2020-08-27
1298809955982536704,205146039,493666444,2020-08-27
1298809257505193984,17919393,17919393,2020-08-27
1298809783382835204,1260410728634363906,78796586,2020-08-27
1298871723245350912,1269255618256343041,1275407150010044417,2020-08-27
1298811784439136257,3885853092,963562417732177921,2020-08-27
1298810562105626624,72717049,72717049,2020-08-27
1298830131998257152,1467228402,1269293281399189504,2020-08-27
1298815138091405313,4192138695,4192138695,2020-08-27
1298828087728070657,17789776,16804541,2020-08-27
1298819161997467648,748192653007675392,217225994,2020-08-27
1298819227982364672,2206283731,2206283731,2020-08-27
1298820103472132098,2493602402,83688753,2020-08-27
1298825874490322944,206151619,206151619,2020-08-27
1298822369964748800,218286256,1052233628221169665,2020-08-27
1298851449623830528,2500055300,20416297,2020-08-27
1298824090095153152,487609091,1197907760752549888,2020-08-27
1298824760332296194,129822601,826938155328745473,2020-08-27
1298825538493124608,1196184062983122944,1189326775639252994,2020-08-27
1298830753866842113,145344704,145344704,2020-08-27
1298828651706937344,129822601,826938155328745473,2020-08-27
1298830212004626432,2378085150,217229418,2020-08-27
1298832767334088714,726144700273537024,1214617412114497537,2020-08-27
1298829190267957249,320571217,320571217,2020-08-27
1298830530566225920,809299145760509954,809299145760509954,2020-08-27
1298855590429626369,324727144,324727144,2020-08-27
1298838692660998144,1018319901793095681,773687568,2020-08-27
1298835892249849856,320571217,129822601,2020-08-27
1298835897727807493,129822601,1176617966,2020-08-27
1298839553113980928,1154220507883069441,4229223492,2020-08-27
1298838499945263105,155048058,466452600,2020-08-27
1298840951658512384,3008797333,2975965028,2020-08-27
1298855430286913538,12667682,1656269966,2020-08-27
1298842675790061568,1260319124401479680,143666294,2020-08-27
1298843071530954752,1148819186845536256,1148819186845536256,2020-08-27
1298843991190974464,350676366,437693536,2020-08-27
1298990124483489794,2493602402,948242313674883072,2020-08-27
1298843574822346753,1283185987258966018,1283185987258966018,2020-08-27
1298995359230726144,1098624511195385858,28765702,2020-08-27
1298846214851616768,281464648,281464648,2020-08-27
1298849474006134784,56308041,56308041,2020-08-27
1298850244722122752,281464648,281464648,2020-08-27
1298852447969042432,1024736022,1024736022,2020-08-27
1298851123885826049,320571217,320571217,2020-08-27
1298852329374937089,320571217,320571217,2020-08-27
1298854167457312768,320571217,320571217,2020-08-27
1298859251478061056,360611439,4837058652,2020-08-27
1298854963792277505,1172901939295719424,1172901939295719424,2020-08-27
1298856250340528128,147483902,222979797,2020-08-27
1298857506903666689,110022999,826253640033775617,2020-08-27
1298856600703299584,281464648,281464648,2020-08-27
1298856694798143488,1186781236120846336,838409763440361472,2020-08-27
1298858028310003712,1186781236120846336,838409763440361472,2020-08-27
1298861736762781696,110022999,826253640033775617,2020-08-27
1299000111100579841,774813210155167744,1613797440,2020-08-27
1298880387532423170,1199695813729030145,231528039,2020-08-27
1298864420421074950,900379938,1195381648893923337,2020-08-27
1298989676678615044,2493602402,304732906,2020-08-27
1298864439228354560,110022999,826253640033775617,2020-08-27
1298863387670175744,946066556731166720,1276582302550831112,2020-08-27
1298866397368418304,21522338,1229552088956293120,2020-08-27
1298867398372515840,110022999,826253640033775617,2020-08-27
1298873814957330433,375835655,375835655,2020-08-27
1298881081068920833,3282981146,3282981146,2020-08-27
1298880124817825794,14340664,14340664,2020-08-27
1298883467996991488,1499297004,1228334468,2020-08-27
1298881394240712704,1270006523427602434,1270006523427602434,2020-08-27
1298892176743641088,377176513,377032968,2020-08-27
1298882214583767040,1243569441725693955,1243569441725693955,2020-08-27
1298980945614143491,43087910,39578646,2020-08-27
1299015163157213184,1186781236120846336,798716970778722304,2020-08-27
1298887405970300928,21522338,1231059979844456448,2020-08-27
1298888745681330176,908193824475938816,908193824475938816,2020-08-27
1298942812394790913,1379643769,409996450,2020-08-27
1298941644578979846,818584896,1078900402781913088,2020-08-27
1298991371454279689,930754078044491776,930754078044491776,2020-08-27
1298892055368863744,1201515361612554240,1191233988,2020-08-27
1298891825755885569,25363325,25363325,2020-08-27
1298895549215772672,1008185450,1008185450,2020-08-27
1298938761020149761,2400319578,1694956722,2020-08-27
1298990081588359171,1209233550463164416,1233011987333947392,2020-08-27
1298903811126329344,85741735,196258355,2020-08-27
1298905858760466432,1199695813729030145,231528039,2020-08-27
1298908165229158401,17893690,82180883,2020-08-27
1298907196441481216,866783786826174464,1245994267,2020-08-27
1298910995125907456,39548416,39548416,2020-08-27
1298910766133805056,375835655,375835655,2020-08-27
1298913096107425792,1170989545153794048,1170989545153794048,2020-08-27
1298962439896260608,177113737,1205375392925782016,2020-08-27
1298924511597916161,866783786826174464,1245994267,2020-08-27
1298926100656119808,19822406,19822406,2020-08-27
1298946235936706562,115308684,83685334,2020-08-27
1298928030665109504,3180719313,3180719313,2020-08-27
1298938045312331781,27202261,27202261,2020-08-27
1298937184624484352,697833790257893376,1012397056017739778,2020-08-27
1298983122982195201,163856131,1270380840439160833,2020-08-27
1299080678924058624,529331509,529331509,2020-08-27
1298937636011126784,3011847324,3011847324,2020-08-27
1298941091920707584,2777102431,217841972,2020-08-27
1298989801463455748,795256890699694080,827633935458979840,2020-08-27
1299074514374983681,172060501,3420190719,2020-08-27
1298944247048142849,2777102431,217841972,2020-08-27
1298944766344867841,2777102431,217841972,2020-08-27
1300152946458583040,910862420553420801,1280873191821529089,2020-08-30
1298968468767858688,2312866680,2685920184,2020-08-27
1298956180442800129,809065116448616448,36941005,2020-08-27
1298992536157999106,1262961421312196610,1260296997992620032,2020-08-27
1298954759534149634,250892340,250892340,2020-08-27
1298957372044521472,813621102,813621102,2020-08-27
1298956986785169408,80150407,80150407,2020-08-27
1299553812471074816,705252002121568257,1258493548082724866,2020-08-29
1298962365686439938,85741735,1295663391533445120,2020-08-27
1298964267966713856,98882952,1083534104648433669,2020-08-27
1299048389422780417,832753135496077312,874672779907526658,2020-08-27
1298965447841177607,320571217,306939535,2020-08-27
1298975312135548929,9713982,267707212,2020-08-27
1298969218109648896,888462978571526144,888462978571526144,2020-08-27
1298972513880465408,3406617493,86257772,2020-08-27
1299042089875804160,30316687,30316687,2020-08-27
1298971848315736064,795145922594349060,795145922594349060,2020-08-27
1298973934629474309,822913722897178624,1281559836363231232,2020-08-27
1298973908293410817,822913722897178624,1281559836363231232,2020-08-27
1299013482298384386,2909845271,235132532,2020-08-27
1298974988821815298,1172901939295719424,1172901939295719424,2020-08-27
1298976037779406849,1187843213882732545,1231358323863232514,2020-08-27
1298980755809263617,1102253772800172032,1064314368,2020-08-27
1298981035749720067,1057479569832325121,248978473,2020-08-27
1298999971455414272,1133118626905677830,1140305913309466629,2020-08-27
1298986758080626692,373727950,1293659381976797186,2020-08-27
1298986939505209346,373727950,1293659381976797186,2020-08-27
1299026788149080064,247975042,247975042,2020-08-27
1299018137547898880,140390268,751935236854968320,2020-08-27
1298991685729284106,438843965,100792474,2020-08-27
1299144147694219264,1008185450,1008185450,2020-08-28
1299029404274786305,25365699,25365699,2020-08-27
1298994135693586437,1006211272399048706,1006211272399048706,2020-08-27
1298994278719320070,13951732,13951732,2020-08-27
1298995550998507525,24878730,42589787,2020-08-27
1298996165074067458,1000388532819685381,1058255840967241728,2020-08-27
1299093817853964289,225635916,50559179,2020-08-27
1298996868811112448,779306848021250048,341075727,2020-08-27
1299014192763150336,1033732648911478786,737360290094796800,2020-08-27
1299318840510181380,1890686964,1890686964,2020-08-28
1299020597192781825,950724096765120512,950724096765120512,2020-08-27
1299003434218160128,1059420115094200320,320208846,2020-08-27
1299130016383545344,1831623289,27938605,2020-08-27
1299007048655437825,1235223909798162432,1182131962745643008,2020-08-27
1299010090448515075,20246682,1236369178841550849,2020-08-27
1299024066683129856,778246271811227648,778246271811227648,2020-08-27
1299008084656955397,995043234995933184,451000250,2020-08-27
1299146313523658753,344922225,1270088881136963584,2020-08-28
1299008378832814081,225921757,225921757,2020-08-27
1299033440549892097,776279308041990144,1288325771313000449,2020-08-27
1299070729217085440,1112776622996930560,1064642821053919233,2020-08-27
1299012217514242049,320571217,129822601,2020-08-27
1299012639104872453,1198731590152728578,1152385957125079040,2020-08-27
1299023317693759489,532528594,1268541813738045449,2020-08-27
1299016744305070080,8362832,8362832,2020-08-27
1299017624756654081,1220515934126866432,1220515934126866432,2020-08-27
1299018407342297089,1471672549,2821620123,2020-08-27
1299017923340558337,320571217,129822601,2020-08-27
1299017779098640384,152046342,152046342,2020-08-27
1299020942119587842,103226956,270549451,2020-08-27
1299833383963557895,950338032,950338032,2020-08-29
1299023121400434692,1079885853827186688,4836118133,2020-08-27
1299026031907680257,1107974486056468481,1097946356814094341,2020-08-27
1299028258403553280,115308684,4883442501,2020-08-27
1299024967091097601,4520698393,245793778,2020-08-27
1299083582921678860,1239599332770398214,88537186,2020-08-27
1299027712808542210,390894163,390894163,2020-08-27
1299026667105669122,13951732,13951732,2020-08-27
1299026934001815552,1079885853827186688,4836118133,2020-08-27
1299029855342931973,598621559,330851713,2020-08-27
1299030205130924032,598621559,330851713,2020-08-27
1299029299572420609,1107974486056468481,1097946356814094341,2020-08-27
1299032921160871939,15368940,26662070,2020-08-27
1299147484908982272,457224405,1157966954302529536,2020-08-28
1299036700107210752,3703320436,781548947298918400,2020-08-27
1299069026946088960,792142610873716736,792142610873716736,2020-08-27
1299061498690629634,3415807744,1162171469704466432,2020-08-27
1299049446903148544,28395645,1129019749554413568,2020-08-27
1299046862201278466,1268332976636661760,1251315776348475392,2020-08-27
1299320218787942403,1268541429242048518,1211306715494223872,2020-08-28
1299045536344010752,4605840082,1054922002383937536,2020-08-27
1299041156055986176,18251085,18251085,2020-08-27
1299046807452946433,129822601,298725551,2020-08-27
1299046564246089728,800487528994258944,944909653,2020-08-27
1299042901385793536,209791562,209791562,2020-08-27
1299090958961635328,172773534,151534667,2020-08-27
1299045540903161857,508053699,18125425,2020-08-27
1299058395190886401,18125425,508053699,2020-08-27
1299048899508871168,1268332976636661760,1251315776348475392,2020-08-27
1299049123816132608,4845113824,104165885,2020-08-27
1299052421788733441,14773632,16428322,2020-08-27
1299051681917865985,1242494896738615303,1242494896738615303,2020-08-27
1299060927262863360,929028496315346944,541020317,2020-08-27
1299053497833455618,2863996955,2863996955,2020-08-27
1299055591617425409,2944407882,841855258817093632,2020-08-27
1299057251953659905,865010687231307776,35782706,2020-08-27
1299058690473906179,1273754649716195328,1010992412330782721,2020-08-27
1299055930290483201,1293683701956505602,48743950,2020-08-27
1299114986745344001,1082737749432643586,1394082926,2020-08-27
1299055397286932481,52226304,52226304,2020-08-27
1299059333905502209,1030181641900175365,2220564712,2020-08-27
1299058043406168064,51617522,51617522,2020-08-27
1299058939858808832,1293683701956505602,1105990333572304896,2020-08-27
1299076076489105414,1079989794,1267829180424548353,2020-08-27
1299060305146847232,14448837,14448837,2020-08-27
1299063784775004160,1370943186,11206802,2020-08-27
1299066892573986816,45573874,45573874,2020-08-27
1299061472379777026,1561900206,1561900206,2020-08-27
1299061806347030529,45573874,45573874,2020-08-27
1299062724983484416,1169798387794882561,999307906603503617,2020-08-27
1299062988213805060,17919393,17919393,2020-08-27
1299078232420036608,3081983657,4063355952,2020-08-27
1299064170663628801,366523519,366523519,2020-08-27
1299065884678303749,1263887223566434308,1482404142,2020-08-27
1299068305005838342,1978660855,159953262,2020-08-27
1299086677860782080,18358771,564276757,2020-08-27
1299320767117701126,2277285773,91681504,2020-08-28
1299070059487178752,1086,67187145,2020-08-27
1299070080987418627,110499717,264970588,2020-08-27
1299093295667314688,34386745,1274587807621644292,2020-08-27
1299071716182888453,2242345062,975426600740294657,2020-08-27
1299154658162692096,1032388244,14531032,2020-08-28
1299072590917427200,37593448,37593448,2020-08-27
1299075571410894851,552305234,552305234,2020-08-27
1299076461358469121,286202651,286202651,2020-08-27
1299078561584820224,34724768,158415677,2020-08-27
1299092010348019713,18634205,383712967,2020-08-27
1299087024364773376,1965508532,49483988,2020-08-27
1299113102424842240,1292644175247179783,1019124482,2020-08-27
1299078349214621698,76904458,776081114,2020-08-27
1299078629788442624,1265815797731135488,1265815797731135488,2020-08-27
1299079523296780299,3396632193,168501404,2020-08-27
1299084807104876544,403089741,1222904933223227392,2020-08-27
1299082782539382784,76904458,776081114,2020-08-27
1299082446999293954,553159128,553159128,2020-08-27
1299084729879330819,2944407882,841855258817093632,2020-08-27
1299087494647087104,386685841,76904458,2020-08-27
1299122941607571456,1295131288345522176,2179042014,2020-08-27
1299087133723037698,860520162939850752,860520162939850752,2020-08-27
1299087220750585863,1246925840304259072,1246925840304259072,2020-08-27
1299087775732387845,916328718838071296,2987771191,2020-08-27
1299088053198352387,1102426475716886529,1102426475716886529,2020-08-27
1299092309972316162,108428278,1055761274,2020-08-27
1299091876415336448,50137416,50137416,2020-08-27
1299127456910041088,18358771,131934628,2020-08-27
1299110839375470592,118530377,118530377,2020-08-27
1299104399160152065,46439501,46439501,2020-08-27
1299106526477475840,1046522227632422912,33141239,2020-08-27
1299105048467660801,20246682,1236369178841550849,2020-08-27
1299104747954331649,885236794270371840,320691971,2020-08-27
1299104902686404614,934893264406065152,2792770435,2020-08-27
1299180102736121856,14267534,87940922,2020-08-28
1299106181458214912,101126626,101126626,2020-08-27
1299112072332980224,375845214,789992294,2020-08-27
1299518915039629313,16017596,16017596,2020-08-29
1299108645259612160,3297800601,3297800601,2020-08-27
1299109549455151104,1116005076382953474,2326086568,2020-08-27
1299109996102389760,1287527838137094146,1287527838137094146,2020-08-27
1299121206852022272,28518805,285073479,2020-08-27
1299111028870057984,789705516,789705516,2020-08-27
1299112017643544578,879871140663087105,4880848939,2020-08-27
1299112297378582529,805966790912262145,1100659902127767552,2020-08-27
1299113206149820419,320571217,466654313,2020-08-27
1299114510926704642,394154071,871434601,2020-08-27
1299123770884530176,2436949293,1228277906,2020-08-27
1299364871650160640,291962644,291962644,2020-08-28
1299124263803211776,320571217,466654313,2020-08-27
1299152843132284929,161548866,92595437,2020-08-28
1299127938877714439,4880848939,879871140663087105,2020-08-27
1299138198241763328,2436949293,1228277906,2020-08-28
1299153035898187776,18358771,131934628,2020-08-28
1299135141361713158,198369980,1265861396056555524,2020-08-28
1299771140559175680,11206802,1370943186,2020-08-29
1299142272693481473,719932634982289408,1439411496,2020-08-28
1299138582951723013,1035085366766854145,20556056,2020-08-28
1299134334872371202,879871140663087105,4880848939,2020-08-27
1299134642738651138,63996778,3035694758,2020-08-28
1299136951484854280,278765621,907391358419251200,2020-08-28
1299370100831600641,33579408,929492539928915968,2020-08-28
1299138216692527105,2148561369,49887925,2020-08-28
1299137908939436032,1391451,1391451,2020-08-28
1299147765776289792,109305532,887853174740197377,2020-08-28
1299185989420630017,752042976,1266205714051141638,2020-08-28
1299163569993453568,1120523294,820205214779265024,2020-08-28
1299142594283343872,1297335672492240896,1297335672492240896,2020-08-28
1299140876682264576,373727950,1229835400287358976,2020-08-28
1299146534991335426,832599380,836299646792237056,2020-08-28
1299146671474044930,1068854690203557888,159939460,2020-08-28
1299145449962483713,809299145760509954,809299145760509954,2020-08-28
1299148380677963777,713445992444473344,1078187281163390976,2020-08-28
1299191894270971904,800075430959071233,473431649,2020-08-28
1299466673167056896,2589468010,841445554097917952,2020-08-28
1299149840857919488,1281860215,943256110726860802,2020-08-28
1299156534451204096,1291031537664827393,128552719,2020-08-28
1299153669481431047,1204818532426534921,1204818532426534921,2020-08-28
1299154833778208768,741977462028926976,921500994281918467,2020-08-28
1299167524660170752,789220187392380928,795220785677946880,2020-08-28
1299156557293330433,25927122,794739160166891520,2020-08-28
1299157236162465792,32578044,18742296,2020-08-28
1299410822968619009,1291405457727389701,1291405457727389701,2020-08-28
1299162716234567680,2200344572,906812324,2020-08-28
1299159628526297088,1006546410064498693,1006546410064498693,2020-08-28
1299160338143891458,950661175,950661175,2020-08-28
1299161438460588032,1298787768877817857,2512720322,2020-08-28
1299180904489742336,15113653,15113653,2020-08-28
1299162499967848454,832599380,836299646792237056,2020-08-28
1299165915813208064,101017453,1187764291245658112,2020-08-28
1299915294228570113,1243569441725693955,1243569441725693955,2020-08-30
1299400674090729472,2527517514,1117511667363930113,2020-08-28
1299166218327388167,1239599332770398214,2174799122,2020-08-28
1299171277480112128,990990576542765056,276277604,2020-08-28
1299173799666094082,1100922398994513921,1178875262617804800,2020-08-28
1299167084069482497,1511018348,1511018348,2020-08-28
1299170841058447360,1082111616856932352,166414119,2020-08-28
1299168248156561409,530839312,1123237821362442241,2020-08-28
1299170888177287173,38914113,38914113,2020-08-28
1299173275356995584,33965716,33965716,2020-08-28
1299173091311058944,972666234,59151161,2020-08-28
1299174257897816064,708151629543919616,937225513,2020-08-28
1299336852219088903,499840041,865041168542736384,2020-08-28
1299361781303914500,546165962,1275541749893607428,2020-08-28
1299176722538139650,115308684,111342974,2020-08-28
1299182301683695617,190908983,1543865803,2020-08-28
1299338204512829442,3343098585,8771162,2020-08-28
1299307645405466625,295214245,752649237356093440,2020-08-28
1299186155858976770,4681111682,1107287178223050753,2020-08-28
1299180297519534081,1482685350,1482685350,2020-08-28
1299180203957268486,719713066485686274,335687686,2020-08-28
1299184381232250881,1449733398,463486531,2020-08-28
1299180401869631488,1239599332770398214,2883612108,2020-08-28
1299180460539392000,996572867318792192,2342864576,2020-08-28
1299181663411412994,1239599332770398214,2883612108,2020-08-28
1299182019721785345,18185913,2331502194,2020-08-28
1299181131250589697,1286322416315011073,1286322416315011073,2020-08-28
1299188239459385345,17771731,368320391,2020-08-28
1299187728337137664,17013258,17013258,2020-08-28
1299182535155437569,1543865803,190908983,2020-08-28
1299216733719400449,213335346,1119440011613626368,2020-08-28
1299217268384071681,117531984,148960593,2020-08-28
1299183119908700161,20013113,20013113,2020-08-28
1299183568032333832,798258929465692164,24343227,2020-08-28
1299392323067899904,1248686860492255234,1159378003,2020-08-28
1299188495349547009,559723625,559723625,2020-08-28
1299185391409541120,20013113,20013113,2020-08-28
1299187702722686977,870387683864055808,870387683864055808,2020-08-28
1299435419776331776,18358771,1244719015722876929,2020-08-28
1299311806838640642,393413396,289382597,2020-08-28
1299190788010717184,823224473738506245,823224473738506245,2020-08-28
1299205603429175297,898946995,1151384158503100416,2020-08-28
1299189579896041477,1274047314726916097,2638154123,2020-08-28
1299189872587014144,762522504,39057521,2020-08-28
1299190321956483072,2763749451,2763749451,2020-08-28
1299196198755217408,49758779,1002779576110583808,2020-08-28
1299191989100052482,761111202541948928,761111202541948928,2020-08-28
1299192521369808896,806210861924630528,474579264,2020-08-28
1299204048055422979,234747894,240637624,2020-08-28
1299200064171077632,71905170,221091168,2020-08-28
1299193345785368578,2396466918,15014097,2020-08-28
1299194544857194498,369287871,462610596,2020-08-28
1299198486769004546,104309271,1196927485914624000,2020-08-28
1299205212603908096,1081242660,136464574,2020-08-28
1299195006578618370,41538183,212025177,2020-08-28
1299196229692383233,3116185903,806592341184303104,2020-08-28
1299198394234105856,373570029,373570029,2020-08-28
1299194546203627520,39656458,39656458,2020-08-28
1299197399991070720,41448115,787893086,2020-08-28
1299196612288233472,41538183,212025177,2020-08-28
1299196705703964673,2396466918,15014097,2020-08-28
1299195843883536384,463486531,1449733398,2020-08-28
1299196432855912448,46375639,46375639,2020-08-28
1299196784162594822,52972745,15294585,2020-08-28
1299227691745308672,1298957616257761281,1205433240271519744,2020-08-28
1299197661770211329,3068724804,3068724804,2020-08-28
1299301769370120192,3081983657,24446753,2020-08-28
1299200652694913025,82664640,203249572,2020-08-28
1299212253196025858,298008474,424690506,2020-08-28
1299200594016526336,1253489489508306945,601100978,2020-08-28
1299199675145351168,1720317768,1720317768,2020-08-28
1299588464170741760,969880908869390336,969880908869390336,2020-08-29
1299224203258925056,1158232950837784576,2184656478,2020-08-28
1299333671602868224,23926300,57566042,2020-08-28
1299201815666278401,15294585,52972745,2020-08-28
1299201938400202757,1088164361561169920,904587538559590400,2020-08-28
1299293968426037250,871495245074006017,830822471842533376,2020-08-28
1299307857997901824,21094793,2907368548,2020-08-28
1299205785663279104,352103699,1049736833393864704,2020-08-28
1299236774045274113,496404509,773766773892145152,2020-08-28
1299206888761053185,161943215,614882076,2020-08-28
1299206167953125376,1051396218,61724729,2020-08-28
1299305919399034882,350676366,2980808726,2020-08-28
1299360839745572865,2561798899,857107730544439297,2020-08-28
1299205565197946885,136464574,1081242660,2020-08-28
1299208721634123777,5639832,253237492,2020-08-28
1299209099989651456,209184137,2852866297,2020-08-28
1299221841643335681,996572867318792192,4759142504,2020-08-28
1299575039415574536,1071980970197295104,1071980970197295104,2020-08-29
1299211315924393985,1217737288983154689,2497468898,2020-08-28
1299211643662991360,816652616625168388,816652616625168388,2020-08-28
1299212010530373632,809299145760509954,809299145760509954,2020-08-28
1299218251445014528,845608229723766785,911744141041659905,2020-08-28
1299214647405342723,796514019721023488,241630878,2020-08-28
1299237333426987008,324727144,962699330888060929,2020-08-28
1299350954114908161,52959549,624843215,2020-08-28
1299218302418386945,1220140259263971328,1073779424451907584,2020-08-28
1299222134112354304,21522338,393208965,2020-08-28
1299219893355716610,1290108664758640640,839086309,2020-08-28
1299220708703309825,3181269157,3181269157,2020-08-28
1299225508173901824,972637334775582720,356873094,2020-08-28
1299546744926031874,4447294285,2357261278,2020-08-29
1299227173866397696,1003163818325958656,1003163818325958656,2020-08-28
1299227061257515009,1221175369178525696,1221175369178525696,2020-08-28
1299294631876853760,1030181641900175365,713166056928333824,2020-08-28
1299228265186390016,1227085009644736512,1262004980384444417,2020-08-28
1299429299267579905,1291452246039785473,713461348034813956,2020-08-28
1299232335959736320,330647152,822158330,2020-08-28
1299231493722714112,1267290429537517572,1046275552716500993,2020-08-28
1299231911328575488,21522338,916753722662805504,2020-08-28
1299237921145466880,497676852,3285534565,2020-08-28
1299232735475630080,762522504,4867506532,2020-08-28
1299392694372818944,1416903757,1416903757,2020-08-28
1299235659954163713,1261890719041703937,178470232,2020-08-28
1299250860162256896,21522338,916753722662805504,2020-08-28
1300305922867200000,1207599834,1207599834,2020-08-31
1299245066968600576,324727144,962699330888060929,2020-08-28
1299304310006788098,19588323,968198691550126081,2020-08-28
1299254515129085953,288146922,46609172,2020-08-28
1299242920038600705,745654987,745654987,2020-08-28
1299321441976975362,79650587,1255815087610265601,2020-08-28
1299250871096602624,19426419,19426419,2020-08-28
1299272536656687104,46609172,288146922,2020-08-28
1299285666132525056,871495245074006017,87459065,2020-08-28
1299295767975342080,343684473,901978933,2020-08-28
1299268873804378113,915906135764246528,915906135764246528,2020-08-28
1299337530941333504,37491880,2237908494,2020-08-28
1299294317387878400,806304970429657088,394641971,2020-08-28
1299270207412682752,3312550860,351737181,2020-08-28
1299269979808788480,2853095113,141644160,2020-08-28
1299273389626945537,140917063,1298853348083240963,2020-08-28
1299315511717761024,288146922,46609172,2020-08-28
1299275853839425539,46609172,343376328,2020-08-28
1299276460134469634,46609172,388613642,2020-08-28
1299284051111665665,287567490,737328626417475588,2020-08-28
1299288679194730497,3116185903,957064396571725824,2020-08-28
1300242231094398979,1247795994147696645,1632813324,2020-08-31
1299280143794483200,22548775,22548775,2020-08-28
1299284724850937856,2853095113,141644160,2020-08-28
1299284878475886592,402231469,402231469,2020-08-28
1299297497777688576,3116185903,38932827,2020-08-28
1299289980544704512,895201270713249792,895201270713249792,2020-08-28
1299291623013183493,3116185903,957064396571725824,2020-08-28
1299295803329085440,3375809956,3375809956,2020-08-28
1299305164302700546,1185250333360033792,617134815,2020-08-28
1299318957602746368,17201184,1162786720473145350,2020-08-28
1299300466698977280,3001552637,1031664158503264256,2020-08-28
1299303654797660165,1077790895783653377,704155196730023937,2020-08-28
1299356344319905792,1238827666410700807,1267668708693962753,2020-08-28
1299309753772933120,346212495,1096208888,2020-08-28
1299308530147758082,285073479,28518805,2020-08-28
1299308613840887808,1266798635511173122,1266798635511173122,2020-08-28
1299532872685060098,1237505748,1854365011,2020-08-29
1299318137360351236,46609172,288146922,2020-08-28
1299313092250263553,861371647,861371647,2020-08-28
1299313191495913473,2788953284,2788953284,2020-08-28
1299327737996414976,770794113277038592,257116417,2020-08-28
1299455322155753473,950516771852763136,1080619026898960384,2020-08-28
1299323169095004161,20989982,20989982,2020-08-28
1299368775435907074,2493602402,1130678296243363840,2020-08-28
1299325593356361728,1025991491204739072,1192354986795114502,2020-08-28
1299333484889157634,59621062,202269436,2020-08-28
1299327171157164035,49631876,49631876,2020-08-28
1299328648454066182,2209098386,3003870533,2020-08-28
1299328439011479558,4210496961,4210496961,2020-08-28
1299329479484018688,35467771,24548652,2020-08-28
1299333991560933379,845086007078797312,309110843,2020-08-28
1299335381356249090,19314298,19314298,2020-08-28
1299331763702059009,13951732,13951732,2020-08-28
1299331541772972032,35467771,24548652,2020-08-28
1299332306541387783,100792474,52495092,2020-08-28
1299332741369131008,13951732,13951732,2020-08-28
1299479857991041027,1273754649716195328,718278225428934657,2020-08-28
1299339466407120903,110022999,1284984684624191489,2020-08-28
1299339044300697602,100168985,975866444,2020-08-28
1299386436978978818,1294441547396780032,2377563118,2020-08-28
1299340840523853825,4871544759,1233107082938683392,2020-08-28
1299340890536902656,216123608,216123608,2020-08-28
1299341582164951040,971443619650469890,971443619650469890,2020-08-28
1299344508950380545,809519928126607360,954852329341112320,2020-08-28
1300564194790703106,969786374,969786374,2020-08-31
1299349440302657540,859908310073585664,1293613252598005761,2020-08-28
1299345467873071104,807812802761158656,361472118,2020-08-28
1299346668211580929,1231170118845116416,55072557,2020-08-28
1299348640847351809,81280437,900583405,2020-08-28
1299383496578920449,1105882652509462528,239361710,2020-08-28
1299351529544208386,297301667,297301667,2020-08-28
1299390893582094336,1193355651088408581,1188288176865067009,2020-08-28
1299355103091187713,949472644449128448,949472644449128448,2020-08-28
1299357107066679298,719521453725638656,826848643135123456,2020-08-28
1299355043674624005,343684473,2319595876,2020-08-28
1299356123712159746,1244782610565541889,63807415,2020-08-28
1299368500046303232,1029096091,1029096091,2020-08-28
1299356222827659265,353429316,2571746571,2020-08-28
1299390568859152386,1193355651088408581,1261754843577888773,2020-08-28
1299360500552093697,14721187,14721187,2020-08-28
1299364151228346369,838760047232573441,1235305707655876614,2020-08-28
1299408803180490755,15253100,1394507982,2020-08-28
1299428735398092800,1111429252958904320,4917094570,2020-08-28
1299358716093845505,815257363892473857,815257363892473857,2020-08-28
1299359988813422592,1070083706822438912,1070083706822438912,2020-08-28
1299364311882780672,1098409960105488384,1098409960105488384,2020-08-28
1299402294686101506,2373106670,217611030,2020-08-28
1299383717157392384,353429316,2571746571,2020-08-28
1299386606474924032,147618542,147618542,2020-08-28
1299369522193817601,761390641800617984,805893924644671488,2020-08-28
1299365477219590145,46503530,903359588417884160,2020-08-28
1299365664956788747,1239599332770398214,3074277980,2020-08-28
1299369568301912064,395791482,395791482,2020-08-28
1299382441799491591,14267534,87940922,2020-08-28
1299367837191077889,14817133,853514173111836674,2020-08-28
1299376066952335361,1238298518080630784,1088862546730340355,2020-08-28
1299384907362435072,353429316,2571746571,2020-08-28
1299370234625757187,310506758,2213337061,2020-08-28
1299369874804715522,331180215,331180215,2020-08-28
1299370459570614274,296468932,296468932,2020-08-28
1299370734670753795,1115960051989196800,221836999,2020-08-28
1299373045434511360,115308684,585979805,2020-08-28
1299372552159191042,306337543,944325141756030977,2020-08-28
1299415236085243906,859908310073585664,1293613252598005761,2020-08-28
1299426665660125185,49356724,985981871082192896,2020-08-28
1299375087985086471,1267179613287059458,233696457,2020-08-28
1299374021713096704,1271319727751610385,402074376,2020-08-28
1299384759257358336,3004225276,3004225276,2020-08-28
1299375985507225600,2493602402,79585679,2020-08-28
1299375439375405057,115308684,585979805,2020-08-28
1299375140870877184,1278137950430048256,36146410,2020-08-28
1299380836136087553,62977683,380046925,2020-08-28
1299375616811315200,357606935,357606935,2020-08-28
1299380948388192258,20957644,40186246,2020-08-28
1299410232498696195,13951732,13951732,2020-08-28
1299392039105236994,1299338062619500544,862205281916379136,2020-08-28
1299379470206369792,14794913,14794913,2020-08-28
1299379648489455619,1014962123087204353,1014962123087204353,2020-08-28
1299380041747488768,75311987,1730302538,2020-08-28
1299444173804908544,34387610,62386950,2020-08-28
1299381383270264833,1271319727751610385,402074376,2020-08-28
1299381549578805250,36146410,1288184335141462016,2020-08-28
1299384002474696704,1271319727751610385,762518971044159488,2020-08-28
1299389375411675141,35258301,29159766,2020-08-28
1299503911414493184,895926637853855744,1299066034784264192,2020-08-29
1299383437627924489,14809059,14809059,2020-08-28
1299383831716392960,1233138489916612608,1233138489916612608,2020-08-28
1299396583931420677,266730229,480569809,2020-08-28
1299384553333612545,1271319727751610385,762518971044159488,2020-08-28
1299388159168454661,784454880576495616,784454880576495616,2020-08-28
1299439951382183941,44201352,44201352,2020-08-28
1299388416736415744,1271319727751610385,1120354080465903617,2020-08-28
1299388671351828480,156179111,1220461388927246337,2020-08-28
1299388593023131648,62977683,380046925,2020-08-28
1299389652093206528,857465379156762624,857465379156762624,2020-08-28
1299398576511082499,438843965,438843965,2020-08-28
1299389771077357570,3690888203,18950957,2020-08-28
1299432133904261123,1098409960105488384,1247141138,2020-08-28
1299390271399120897,326412173,1179175535924174848,2020-08-28
1299392460502704129,1271319727751610385,1120354080465903617,2020-08-28
1299392728938303489,1115776502346452992,337506753,2020-08-28
1299392922354417664,116579971,80626496,2020-08-28
1299413183929692162,933038773398622208,24229904,2020-08-28
1299393512924999687,82664640,61112348,2020-08-28
1299419676859158534,1140826075255201793,1084666321265139713,2020-08-28
1299394144377409537,746687592809242624,1286239933108297730,2020-08-28
1299407595741024256,56263360,56263360,2020-08-28
1299414157918437386,2615390872,23565245,2020-08-28
1299398377378062339,3216696335,3216696335,2020-08-28
1299404424801124353,353429316,2571746571,2020-08-28
1299398876689043457,1053309451,508190100,2020-08-28
1299397050484903936,31864955,31864955,2020-08-28
1299399621760950272,1179175535924174848,1033735057591156736,2020-08-28
1299398448601473024,74878213,74878213,2020-08-28
1299400144417415169,115308684,290042678,2020-08-28
1299408664483295232,1193355651088408581,1271701191349678082,2020-08-28
1299400804584099840,115308684,290042678,2020-08-28
1299409472834752516,353429316,2571746571,2020-08-28
1299402626992349189,820536494813302784,1277663596378456065,2020-08-28
1299402779102834689,727676640,727676640,2020-08-28
1299408600868229127,1253059936076136455,2921821695,2020-08-28
1299405825648205824,1201565288879116288,1201565288879116288,2020-08-28
1299405110280323073,1443908539,1002419335455965184,2020-08-28
1299411583366504449,811514954159443968,3887284153,2020-08-28
1299469150725734410,10967452,16667020,2020-08-28
1299426973333311488,1030186828127760385,796411284141068288,2020-08-28
1299406542370992129,2381060269,733037282236731395,2020-08-28
1299408745093632011,2616851030,1199072829607690240,2020-08-28
1299407606847504386,178704027,776104049032691712,2020-08-28
1299409068939972609,38586582,38586582,2020-08-28
1299407696559366144,709588108111536128,709588108111536128,2020-08-28
1299421799164325893,368738003,375449320,2020-08-28
1299408918171529220,947095321,1034668124572921856,2020-08-28
1299409415657922562,1046744428956790785,1046744428956790785,2020-08-28
1299410039107715075,1199013516377767936,1127492023475290112,2020-08-28
1299411103873667075,1156930918306779140,1156930918306779140,2020-08-28
1299412786796257281,2616851030,1199072829607690240,2020-08-28
1299413436590424066,1199013516377767936,1127492023475290112,2020-08-28
1299413593595744262,2414718644,2414718644,2020-08-28
1299414465000214536,1196397850034229249,1196397850034229249,2020-08-28
1299416472821923841,74964516,74964516,2020-08-28
1299461435165212672,19346439,3455888415,2020-08-28
1299415565929504769,2615390872,23565245,2020-08-28
1299418245670285319,103125965,2463617785,2020-08-28
1299426307034447874,1045898918591115264,1260219909692370948,2020-08-28
1299417463747153920,94419492,844390066621435904,2020-08-28
1299418713817579521,987434983,187608725,2020-08-28
1299420211637088256,3058894086,53959182,2020-08-28
1299419955931361282,2616851030,1199072829607690240,2020-08-28
1299418823779667970,2176254217,500226845,2020-08-28
1299421358670123011,776104049032691712,723673142,2020-08-28
1299421251937726465,1034067505,1034067505,2020-08-28
1299421043988324352,14802013,14802013,2020-08-28
1299423286149947400,1034668124572921856,1149238183,2020-08-28
1299421756512448514,15937949,15937949,2020-08-28
1299422774696513538,1214181815868510208,829674925334134785,2020-08-28
1299424557653282816,201766091,201766091,2020-08-28
1299424835760803840,82664640,1514280482,2020-08-28
1299425371507625986,26846627,26846627,2020-08-28
1299425982517055489,2225214364,887876131759603712,2020-08-28
1300089308129312768,1317384090,136353168,2020-08-30
1299427488817274880,182094372,621986148,2020-08-28
1299437667525033985,3216696335,1293507225663799296,2020-08-28
1299443657515425792,91417306,47101204,2020-08-28
1299431405240430593,1017294810393337857,1017294810393337857,2020-08-28
1299429491219939328,61958562,51256265,2020-08-28
1299505612657758209,741377049605066753,1526105311,2020-08-29
1299698678417022976,19366348,1293865153566519296,2020-08-29
1299439223687307271,17407036,2715808479,2020-08-28
1299707261766365185,179232718,179232718,2020-08-29
1299434994255958027,97748201,176516408,2020-08-28
1299434901117243394,25772752,320594912,2020-08-28
1299433521262596099,1179464402791219206,1179464402791219206,2020-08-28
1299434992217460736,1155248520770666496,211664486,2020-08-28
1299434658782945281,2414261426,710996476781064192,2020-08-28
1299439855726927872,476350924,476350924,2020-08-28
1299436323632160768,67501250,67501250,2020-08-28
1299439643000266755,1086976130819809280,1144334288537739264,2020-08-28
1299439592874094592,25772752,320594912,2020-08-28
1299437796067696641,1201565288879116288,1201565288879116288,2020-08-28
1299438360004620288,1293260780553502721,1293260780553502721,2020-08-28
1299733973237628928,424696854,1260388674010742786,2020-08-29
1299441592659521536,1298283551524376576,1298283551524376576,2020-08-28
1299443443144548352,25772752,320594912,2020-08-28
1299445049223081984,157078263,157078263,2020-08-28
1299448244804747265,59621062,730521928843268096,2020-08-28
1299606596977295362,2389457995,441302148,2020-08-29
1299446716970799109,2645822300,2645822300,2020-08-28
1299448842849521664,276688330,276688330,2020-08-28
1299448751833190401,1180078771472343041,333122239,2020-08-28
1299450225694703617,424760442,424760442,2020-08-28
1299500632005652480,14346159,2793583396,2020-08-29
1299450652158914561,1254807987576684544,1254807987576684544,2020-08-28
1299454488001024000,1180078771472343041,333122239,2020-08-28
1299456288175411200,3216696335,965680534730035202,2020-08-28
1299456664635150336,386215505,80925193,2020-08-28
1299465664286068738,1094791666697940996,417328775,2020-08-28
1299459432145977346,136118119,42711801,2020-08-28
1299501456870047744,2456940154,2683742931,2020-08-29
1299466800749522944,1253059936076136455,2921821695,2020-08-28
1299460687022886912,1377882752,1377882752,2020-08-28
1299460861107597318,58637635,1199290302416203778,2020-08-28
1299460875183632385,136118119,42711801,2020-08-28
1299462125056819200,1151623664854429697,1151623664854429697,2020-08-28
1299471475229982722,1251286672349659136,115946522,2020-08-28
1299470399193976839,1585273422,1234875205018902534,2020-08-28
1299464683829833729,1193355651088408581,1283837396,2020-08-28
1299467241155710983,89115910,552173140,2020-08-28
1299467497880641536,157002232,157002232,2020-08-28
1299468618745307136,63186317,63186317,2020-08-28
1299475869375885312,1189524954,1244734153343545344,2020-08-28
1299473407084343297,320571217,320571217,2020-08-28
1299501543587110913,1159778158897352704,713975197,2020-08-29
1299476291490639874,421798429,421798429,2020-08-28
1299482696297611265,2188261671,972301512142671873,2020-08-28
1299477568039596033,101016021,101016021,2020-08-28
1299477625904205824,2269353927,1016489058233651200,2020-08-28
1299488622861791235,769922822,1038516028911878144,2020-08-28
1299515451932721153,121490412,1009331606,2020-08-29
1299478981679501318,2269353927,1016489058233651200,2020-08-28
1299491156355551232,1141090089373536256,1141090089373536256,2020-08-28
1299480331783823360,19426419,19426419,2020-08-28
1299482844385902593,2353121494,227091033,2020-08-28
1299481403533537280,1121759958608093185,51315542,2020-08-28
1299482922987196418,847105263362609152,1213521106507710469,2020-08-28
1299483376177553413,1121759958608093185,51315542,2020-08-28
1299530763004649472,60381078,363499493,2020-08-29
1299499951118974976,1299338062619500544,38948478,2020-08-29
1299484500506955777,817397136576937984,939600814858960896,2020-08-28
1299490406107951104,4699507879,4699507879,2020-08-28
1299578192580276225,946982768,23259015,2020-08-29
1299489429539627008,257383705,868560501076353024,2020-08-28
1299532053139124226,1294320334448087042,1030956116,2020-08-29
1299492784009863170,2504202560,501499058,2020-08-28
1299494264368439304,221627242,66271308,2020-08-28
1299495225094598656,1205369732968239104,1078894253659410433,2020-08-28
1299498037547499520,2760389162,257383705,2020-08-29
1299497123348721664,369287871,1183987349803425793,2020-08-29
1299509164373311488,1017294810393337857,1017294810393337857,2020-08-29
1299561247357243392,1193355651088408581,487946673,2020-08-29
1299502271944773633,1213118606646468608,22080646,2020-08-29
1299500890714374146,762449955185266689,1211331382405783552,2020-08-29
1299502533082148864,22080646,1213118606646468608,2020-08-29
1299505316560875520,4805892744,4805892744,2020-08-29
1299508367732375552,3021958339,839684628944388096,2020-08-29
1299525494157856768,2614255879,3044602665,2020-08-29
1299506788488880128,80924518,1012096999,2020-08-29
1299531040889937922,183924682,155269007,2020-08-29
1299514152587857921,2920658572,35268182,2020-08-29
1299524386286981127,1017294810393337857,1017294810393337857,2020-08-29
1299509482548899840,1137537819729989637,1137537819729989637,2020-08-29
1299741328989974532,389611747,712079953337126912,2020-08-29
1299551733526405120,1230894857285197824,1230894857285197824,2020-08-29
1299513944093134850,1443908539,894231774800359424,2020-08-29
1299514273706790912,35268182,2920658572,2020-08-29
1299534228535881740,769332782183120896,2951931772,2020-08-29
1299516554850250752,353124814,198768902,2020-08-29
1300196316933431296,1261647984745463808,10664212,2020-08-30
1299537374112694279,1205369732968239104,1119501171423453184,2020-08-29
1299520451773739010,366399813,858510049,2020-08-29
1299518877567602688,3183660548,3183660548,2020-08-29
1299520322320826368,1273754649716195328,1136823137641869312,2020-08-29
1299520756569833472,42305839,42305839,2020-08-29
1299524415412035584,1183219891916038145,1288794632315449344,2020-08-29
1299525971519967233,848185211749904384,1169281638,2020-08-29
1299525553662373889,1008185450,1008185450,2020-08-29
1299525454072774656,833981684,755570702695137284,2020-08-29
1299533367969447936,1242614146170060800,758406643478564864,2020-08-29
1299534475408236544,3270306985,1120821884613009413,2020-08-29
1299678781297299457,3044602665,2614255879,2020-08-29
1299560862462611457,890330945156296704,1233668128044912641,2020-08-29
1299531638406291457,47218163,66952652,2020-08-29
1299539066132852740,2373106670,217611030,2020-08-29
1299538614846730240,1286807592908587013,987508125283635200,2020-08-29
1299535798019207171,896076716510203904,396882607,2020-08-29
1299536887053455360,275585169,1297565095845920768,2020-08-29
1299535797956288512,1120821884613009413,971414806933770241,2020-08-29
1299536740965851137,39448464,39448464,2020-08-29
1299899754244124672,134921337,134921337,2020-08-30
1299549253451173888,1159778158897352704,713975197,2020-08-29
1299550220884291584,1202731481828864001,282433517,2020-08-29
1299542634822799360,1463599280,1463599280,2020-08-29
1299542887986688002,797913677164752896,173261293,2020-08-29
1299546780430774272,21024465,1260677454,2020-08-29
1299697607753768964,777529482991144961,2202405168,2020-08-29
1299545867515572224,224825685,41352031,2020-08-29
1300490177735950337,1884505254,965219844793741316,2020-08-31
1299548580378628096,1221659373748965376,1235409645449236484,2020-08-29
1299571971227815936,480832571,292782527,2020-08-29
1299564912411316230,931286316,2942621660,2020-08-29
1299554939514036224,1001630773684957186,414956242,2020-08-29
1299554820601401346,1240507785474977792,4250521660,2020-08-29
1299587630162563072,1160332114052521986,1160332114052521986,2020-08-29
1299557961883201537,888078932,888078932,2020-08-29
1299558557394767873,888078932,888078932,2020-08-29
1299558696909824001,888078932,888078932,2020-08-29
1299557303830671368,1120821884613009413,988646319504814081,2020-08-29
1299559553374326786,1129578304720261122,1222811928831123458,2020-08-29
1299559369810391040,1105984717185212416,1105984717185212416,2020-08-29
1299564302190346240,1193018717296185346,1060578754903396353,2020-08-29
1299565310928990209,1131548766581002240,1131548766581002240,2020-08-29
1299565686239432704,499649886,499649886,2020-08-29
1299569602448498688,1154952166815281157,1154952166815281157,2020-08-29
1299572661694148608,1120821884613009413,2192456106,2020-08-29
1299587050082111488,2373106670,217611030,2020-08-29
1299719131109953536,806304970429657088,279223672,2020-08-29
1299579643960471552,983946062032490496,2225214364,2020-08-29
1299575809191981056,824023369578188800,1032296672091693056,2020-08-29
1299577219862482950,1254004947491983363,1088464097241387010,2020-08-29
1299642248527839232,878861617110372353,1224570586044588034,2020-08-29
1299649817258479617,490276190,1255954514554826752,2020-08-29
1299769717406736386,217611030,2373106670,2020-08-29
1299587486470074368,1067224244646551559,1067224244646551559,2020-08-29
1299590596982640641,184271181,288458102,2020-08-29
1299590860028473346,81280437,285209290,2020-08-29
1299593332163829760,2777102431,217841972,2020-08-29
1299603885930295297,198910545,1027186881379934208,2020-08-29
1299719004622381057,1176684409635909632,884469749127819265,2020-08-29
1299616178911014913,1242797770827800578,937347418496040961,2020-08-29
1299826314938118144,16377628,70098909,2020-08-29
1299600190933000194,2258888137,2258888137,2020-08-29
1299600850587987970,1182388361379618816,1182388361379618816,2020-08-29
1299622411869081601,138108708,138108708,2020-08-29
1299608931069816832,95543136,95543136,2020-08-29
1299611638849515520,84531982,758581790118440961,2020-08-29
1299719134981353476,1120821884613009413,22346163,2020-08-29
1300025420960669696,89652207,243648321,2020-08-30
1299743299754954752,3060121484,1141361101772169216,2020-08-29
1299620444035780609,47743604,47743604,2020-08-29
1299621959899078657,1251262502177914880,1266008872323444741,2020-08-29
1299623235143610368,1266008872323444741,1251262502177914880,2020-08-29
1299623835336024065,1251262502177914880,1266008872323444741,2020-08-29
1299623933868560384,1251262502177914880,4187676273,2020-08-29
1299635364479418369,1266008872323444741,1251262502177914880,2020-08-29
1299625071628124160,1175327672349745158,1175327672349745158,2020-08-29
1299631289243500544,795950863,947513231630794752,2020-08-29
1299636120406294528,744281884310405120,545401478,2020-08-29
1299634496552210433,31737778,31737778,2020-08-29
1299635720475222016,825018386048499712,825018386048499712,2020-08-29
1299673719288336384,1273744144742129664,2197007439,2020-08-29
1299646006062125056,390021266,1075337032438833157,2020-08-29
1299642379641729026,4473881079,4473881079,2020-08-29
1299649577872691200,100812369,100812369,2020-08-29
1299650408823037952,1190300606218543106,745922735243689984,2020-08-29
1299652843939528704,1188419365735223297,3727257012,2020-08-29
1299654049738952704,1281830368295952384,1281830368295952384,2020-08-29
1299653498892582913,2258888137,2258888137,2020-08-29
1299657925116530689,4855632850,4855632850,2020-08-29
1299759823714693120,93122313,2157350492,2020-08-29
1299662783462682624,1021828922571276290,1021828922571276290,2020-08-29
1299664455022804992,2174664644,900421574377033729,2020-08-29
1299704046857662469,1036809913639555072,32564172,2020-08-29
1299742632785059840,1205369732968239104,1100967378626768897,2020-08-29
1299719397204992000,1120821884613009413,977436085,2020-08-29
1299715412993675265,806304970429657088,3304214598,2020-08-29
1299688620547342336,36958478,537808823,2020-08-29
1299690585444548609,2174664644,4032859115,2020-08-29
1299698402545016832,740695166713892864,142413722,2020-08-29
1299691963504119809,2174664644,4032859115,2020-08-29
1299699660571852800,2174664644,4032859115,2020-08-29
1299695248269021190,1086976130819809280,831334845288570881,2020-08-29
1299695870749876224,1151623664854429697,1151623664854429697,2020-08-29
1299696546800447495,1158367271611502595,1158367271611502595,2020-08-29
1299696101780529160,1261066546459312128,1261066546459312128,2020-08-29
1299697073319825409,4594755038,2884941831,2020-08-29
1299916299880017920,1149492964873441280,50507033,2020-08-30
1299699098187116544,830161024359788547,321257216,2020-08-29
1299699754826256387,3878046030,1240433399032053760,2020-08-29
1299700827104436227,709854203968155648,709854203968155648,2020-08-29
1299702279491158016,64035849,64035849,2020-08-29
1299705744674230272,36958478,2194886321,2020-08-29
1299705455309131777,1151623664854429697,1151623664854429697,2020-08-29
1299707775853895681,1246870023802482688,1287498883,2020-08-29
1299707805696430085,76340584,28162246,2020-08-29
1299707198726053889,1246870023802482688,36520903,2020-08-29
1299942680202444800,1884505254,16899595,2020-08-30
1299710756477435905,2174664644,4032859115,2020-08-29
1299716243285516294,897271522544439296,897271522544439296,2020-08-29
1299713499808104448,917390576542113792,319706498,2020-08-29
1299715288603058176,1068536424561963011,1078073532129705984,2020-08-29
1299735694332624896,1227318571040223234,1064319662,2020-08-29
1299715486888984577,353429316,4617233837,2020-08-29
1299717829755887616,2174664644,4032859115,2020-08-29
1299718577788841985,1068536424561963011,1078073532129705984,2020-08-29
1299718977434812418,64097093,782296442165665792,2020-08-29
1299719638742425600,992740624385404928,992740624385404928,2020-08-29
1299723865254486016,92470180,1291339370767822848,2020-08-29
1299735203875876864,82828746,1100410033550983169,2020-08-29
1299805631684190208,1115901416,494819808,2020-08-29
1299726660426760193,2225214364,218203916,2020-08-29
1299727365040418816,82664640,1198238278773878786,2020-08-29
1300064070402543617,1174712837127716864,91133258,2020-08-30
1299727316445265926,64097093,241634521,2020-08-29
1299728156086145027,2225214364,218203916,2020-08-29
1299829749712392194,1182317601105551360,2162996372,2020-08-29
1299740960671379458,19821049,1375312752,2020-08-29
1299730081628270592,2209098386,3003870533,2020-08-29
1299732000161624066,2225214364,218203916,2020-08-29
1299769306595483648,937422446323314688,2285486323,2020-08-29
1299732142302298115,2225214364,218203916,2020-08-29
1299734059413889024,2209098386,3003870533,2020-08-29
1299734471256801280,861371647,861371647,2020-08-29
1299735904853123074,60335162,60335162,2020-08-29
1299916832913215489,2910719740,2910719740,2020-08-30
1299853203186397185,114788879,1360561069,2020-08-29
1299748094955851776,1246870023802482688,2235436110,2020-08-29
1299743055063416834,3018965853,1257176030504247296,2020-08-29
1299743776055885827,848454590106390530,1001911117034205185,2020-08-29
1299745955407892482,966664203770703873,1219696680494346240,2020-08-29
1299742766499467264,798092068811718656,102941208,2020-08-29
1299748659433811969,746874012907757568,79282790,2020-08-29
1299743371901259776,20281328,20281328,2020-08-29
1299752452472930304,1271593687500365824,2185347648,2020-08-29
1299746868528807939,1268175397398724610,1895436799,2020-08-29
1299836971863470080,2209098386,3003870533,2020-08-29
1300112409219137537,1082452810023751681,828201874889256961,2020-08-30
1299769018337820673,17242660,23572083,2020-08-29
1299747615609892866,1013120949166788608,1180963896645029890,2020-08-29
1299896829669027840,2500055300,907454442185699329,2020-08-30
1299749866109915137,1240556947394514944,1240556947394514944,2020-08-29
1299748790685937664,879834908243369984,833857845107888128,2020-08-29
1299749551633510401,1151623664854429697,1151623664854429697,2020-08-29
1299776417157337094,908893976350089216,1690000568,2020-08-29
1299752148746600451,767812554,1269416085175980034,2020-08-29
1299802571771699201,794294331138015232,822914035343572992,2020-08-29
1299771361355800576,410402655,35719046,2020-08-29
1299766563726397440,2209151465,791808097803173892,2020-08-29
1299756370556669952,1662891,31050008,2020-08-29
1299754789429866498,65215093,65215093,2020-08-29
1299756295227158529,64097093,1240335265346072577,2020-08-29
1299756596076015616,3576203652,1058524614240874496,2020-08-29
1299770931305476096,96906231,16398900,2020-08-29
1299758179916668928,1221188830834962435,1164176203923820544,2020-08-29
1299759037345652736,331202888,553036368,2020-08-29
1299760038584741888,3003870533,2174664644,2020-08-29
1299759757323104256,1172901939295719424,1172901939295719424,2020-08-29
1299776214278778886,17893690,426020783,2020-08-29
1299770439703695363,331202888,553036368,2020-08-29
1299763274779688967,1002706303968477184,2713313506,2020-08-29
1299764145991094272,1253589054932881408,952632876817965057,2020-08-29
1299764296923131907,952632876817965057,1253589054932881408,2020-08-29
1299766406163107841,18942193,18942193,2020-08-29
1299779781454635011,798876594198683648,607954701,2020-08-29
1299766875375706112,3996350415,3996350415,2020-08-29
1299765862795292684,1299720007010656256,1299720007010656256,2020-08-29
1299809581279969280,1231262212259487745,1299758842541158400,2020-08-29
1299767875352363009,1088110026,16124020,2020-08-29
1299785472978411522,110022999,4639473829,2020-08-29
1299769453907861504,806568868525309952,806568868525309952,2020-08-29
1300311842502463490,25776022,313650661,2020-08-31
1299774054958805002,2209151465,791808097803173892,2020-08-29
1299771726574899202,3482647214,1198157497,2020-08-29
1299854969886183425,1269454833544822784,3224582732,2020-08-29
1299773805561225216,2813826504,1298408275365560320,2020-08-29
1299772402818338820,1082650726617239552,1173178097492987905,2020-08-29
1299773202772758529,53229077,53229077,2020-08-29
1299784782159785984,1259271648626323456,1223611520149528578,2020-08-29
1299777698500313088,1274047314726916097,1288888274195484678,2020-08-29
1299842032861679619,123724990,260710775,2020-08-29
1299844198078783488,123724990,260710775,2020-08-29
1299795592957362178,746499078,1101911624607244288,2020-08-29
1299778397187575808,1224976485267668992,1224976485267668992,2020-08-29
1299778399129530368,1224976485267668992,1224976485267668992,2020-08-29
1299778400979214341,1224976485267668992,1224976485267668992,2020-08-29
1299778402778583040,1224976485267668992,1224976485267668992,2020-08-29
1299778404636557312,1224976485267668992,1224976485267668992,2020-08-29
1299778406444412928,1224976485267668992,1224976485267668992,2020-08-29
1299778408197562370,1224976485267668992,1224976485267668992,2020-08-29
1299778409963433987,1224976485267668992,1224976485267668992,2020-08-29
1299778411762679809,1224976485267668992,1224976485267668992,2020-08-29
1299778413671178243,1224976485267668992,1224976485267668992,2020-08-29
1299778417467052034,1224976485267668992,1224976485267668992,2020-08-29
1299778421229318144,1224976485267668992,1224976485267668992,2020-08-29
1299781018262687747,190459794,1264794206515548160,2020-08-29
1299784110123163648,1088110026,16124020,2020-08-29
1299793281207787520,60381078,363499493,2020-08-29
1299782817157730305,2645022321,1270071456,2020-08-29
1299781491568906242,1274047314726916097,1288888274195484678,2020-08-29
1299786720213430272,1082650726617239552,1112411268122587136,2020-08-29
1299786761296642050,87279977,87279977,2020-08-29
1299788145664425988,1274047314726916097,1157300887087247361,2020-08-29
1299823472948936705,882775940069195777,967231827248168961,2020-08-29
1299803388599832581,614539122,760180996503244800,2020-08-29
1299817269003005953,1100182418496081920,3233174600,2020-08-29
1299789447790301184,1082650726617239552,2167133149,2020-08-29
1299844029350375425,447061276,447061276,2020-08-29
1299849174540836867,25527385,38052156,2020-08-29
1300385865575870464,719945158,1238429558837313536,2020-08-31
1299791042749911042,757943114,823033906156871681,2020-08-29
1299791733350260736,28597397,28597397,2020-08-29
1299795269937135620,3950434095,1298836675913822208,2020-08-29
1299795689694810112,3950434095,1298836675913822208,2020-08-29
1299794473447288835,1018266461641551873,1018266461641551873,2020-08-29
1299798077503537152,52258668,1244384089177755648,2020-08-29
1299795506948968452,827713107854245889,827713107854245889,2020-08-29
1299798264036970497,4384481129,16320152,2020-08-29
1299797776159698946,3950434095,1298836675913822208,2020-08-29
1299797857306845186,834098417278320644,834098417278320644,2020-08-29
1299844223592783872,23027198,430281989,2020-08-29
1299859532009664512,212140011,81648499,2020-08-30
1299808469500002304,901063185305882624,901063185305882624,2020-08-29
1299799406833737728,1086976130819809280,828616419772420098,2020-08-29
1299806168848764929,259765165,1444743325,2020-08-29
1299802244175495169,4691189473,49662990,2020-08-29
1299801620180594690,1293578102027804676,1293578102027804676,2020-08-29
1299803385525342208,1164176203923820544,762688888024555520,2020-08-29
1299803739763757056,1164176203923820544,762688888024555520,2020-08-29
1299807715179606017,20866038,20866038,2020-08-29
1299805112882221056,1042910258040111104,1042910258040111104,2020-08-29
1299811374185488388,707983961897611264,81613941,2020-08-29
1299807361230680064,93122313,2157350492,2020-08-29
1299807550649569281,93122313,2157350492,2020-08-29
1299807786772189190,320903052,2186704664,2020-08-29
1299816017770745864,93122313,2157350492,2020-08-29
1299809416724742145,1082650726617239552,919243525967015936,2020-08-29
1299811789266399235,707983961897611264,1299577610305966080,2020-08-29
1299813139152691201,16870567,19625891,2020-08-29
1300236312369270784,435799786,1256827484,2020-08-31
1299925584231960579,466183294,384198299,2020-08-30
1299898439522631680,110636590,899594882,2020-08-30
1299815313861734400,3482647214,1379245795,2020-08-29
1299820122685820930,1250161155395502088,1248640164165046275,2020-08-29
1299817046042124290,40547877,41479697,2020-08-29
1299949010870890503,52338305,174505551,2020-08-30
1299819251340017665,734590850450214912,402039422,2020-08-29
1299819377739603968,3181492996,3181492996,2020-08-29
1299818626258743297,16474781,16474781,2020-08-29
1299821456679940099,1267037382,1267037382,2020-08-29
1299833568571658241,110022999,4639473829,2020-08-29
1299826375747137536,1271593687500365824,2185347648,2020-08-29
1299823296377126915,341508558,723290808372367360,2020-08-29
1299850019403714560,29691526,747797342036832256,2020-08-29
1299832909272997889,800145680794648576,20421603,2020-08-29
1299835701798801408,110022999,48199048,2020-08-29
1299831473600634881,759473283498708992,1112421552438591489,2020-08-29
1299844017736364034,1077633642367721473,1266410745920708611,2020-08-29
1299845087699107841,1077633642367721473,1266410745920708611,2020-08-29
1299838865423970306,4919673348,76950285,2020-08-29
1299838462896603137,1186512686,1723290332,2020-08-29
1299832045699559424,1271593687500365824,2185347648,2020-08-29
1299829467901317121,1082650726617239552,940281482228174848,2020-08-29
1299966100835389440,49915676,1299074045405585408,2020-08-30
1299831510103740417,1082650726617239552,1122183858244419584,2020-08-29
1299837192290828288,110022999,48199048,2020-08-29
1299836258898903040,61356163,1249058960340062208,2020-08-29
1299846356111110146,49642420,620893984,2020-08-29
1299843605654310913,1083933768803602432,1299815136442462208,2020-08-29
1299879441359876097,847589946,2954856884,2020-08-30
1299845130304716800,53531637,53531637,2020-08-29
1299847228673187842,56562803,999484118135009280,2020-08-29
1299847127607029760,416111671,2300326674,2020-08-29
1299847184859516928,1279763101613727745,1279763101613727745,2020-08-29
1299877848103161857,478789339,1299754722958684161,2020-08-30
1299856019753971712,68741593,68741593,2020-08-29
1299856504506515456,1008185450,1008185450,2020-08-29
1299859028412043264,1062567325793050626,1062567325793050626,2020-08-29
1299859195353640961,4786056794,4786056794,2020-08-29
1299867095929294849,88303644,28701355,2020-08-30
1300437183170445318,990961800416931841,990961800416931841,2020-08-31
1299914598863249417,110006946,517412111,2020-08-30
1299861983521513472,282401701,282401701,2020-08-30
1299927627654926336,3003870533,2726575332,2020-08-30
1299865650362494976,17929151,1206932004157186049,2020-08-30
1299873215213232129,1246870023802482688,2808650785,2020-08-30
1299867162904006658,147369902,1253777755419877376,2020-08-30
1299867806041808896,1077633642367721473,1266410745920708611,2020-08-30
1299868564355072000,701965746,701965746,2020-08-30
1299869665456533505,18742884,18742884,2020-08-30
1300002067365400576,217039049,43561270,2020-08-30
1299870247848091649,576917625,576917625,2020-08-30
1299947481640259585,1254907739106619394,1254907739106619394,2020-08-30
1299878542940033026,121490412,850473701397078016,2020-08-30
1299874438683529217,2841879259,2841879259,2020-08-30
1299879326607970310,43078558,766023421729837056,2020-08-30
1299879007379480576,922388821,922388821,2020-08-30
1299879009195634688,922388821,922388821,2020-08-30
1299879010089005057,922388821,922388821,2020-08-30
1299887365469736960,1059504359841652736,926306555213041664,2020-08-30
1300099856682438656,2355457719,930897704208748544,2020-08-30
1300082619766407168,57672544,2469558745,2020-08-30
1300029937806708736,1289015723633844224,1208161508334563328,2020-08-30
1300052254381105153,1246870023802482688,1292607537720647685,2020-08-30
1299908621631971328,258081766,258081766,2020-08-30
1299890458794098693,989002507312685056,997348141,2020-08-30
1300066713237688321,912047541960749056,1125683550,2020-08-30
1299890263821701120,1299721494478630913,1299721494478630913,2020-08-30
1299898103592562688,1064476441,1249080143043272705,2020-08-30
1299911539235991559,393045607,393045607,2020-08-30
1299909053418622977,1090785745,24415426,2020-08-30
1299898703818485760,2975823401,2975823401,2020-08-30
1299946554082557954,784454880576495616,784454880576495616,2020-08-30
1300226590278811652,134921337,134921337,2020-08-31
1299901529701396485,4431838456,1859189581,2020-08-30
1299903509203124225,194984676,2779263262,2020-08-30
1299903517814124545,842818670,1299806442711666688,2020-08-30
1300103825534128128,933475356232835072,1213329635393490944,2020-08-30
1300110681635725314,933475356232835072,1213329635393490944,2020-08-30
1299904543594106880,1096602802120478723,1096602802120478723,2020-08-30
1299967664874500097,806304970429657088,90949460,2020-08-30
1299905494677508096,762449955185266689,991909735422033920,2020-08-30
1299906206610284544,15754900,15754900,2020-08-30
1299911073760514048,940076078462246912,45079880,2020-08-30
1299909082619416577,762449955185266689,991909735422033920,2020-08-30
1299918617589551104,1978660855,1298682610974175236,2020-08-30
1299919050567553025,110022999,4639473829,2020-08-30
1299911151984226305,4862165451,4862165451,2020-08-30
1299917151504007168,933232156645584896,933232156645584896,2020-08-30
1299918886691770369,113781741,113781741,2020-08-30
1300186968953741313,1213027567227113472,1213027567227113472,2020-08-30
1299923525076123648,575726010,2302155379,2020-08-30
1300030236076077056,3013755145,3013755145,2020-08-30
1299922593797959680,13423382,13423382,2020-08-30
1299924262589886469,1221692148166230016,1221692148166230016,2020-08-30
1299931820910211072,4638735194,2944445851,2020-08-30
1299931699481059330,1147518921307774976,1114775145183367169,2020-08-30
1300076494363021314,795220785677946880,1299160358914056197,2020-08-30
1299929424062750726,178235191,3631827503,2020-08-30
1299934865698074624,99590213,1195559838,2020-08-30
1299930679971635200,75311987,1207108200358653953,2020-08-30
1299936524847382529,466179387,466179387,2020-08-30
1299938364410531845,1025940267764011009,1263239762808320006,2020-08-30
1299940116228648960,497676852,844910459966930945,2020-08-30
1299938558199975938,1263239762808320006,1025940267764011009,2020-08-30
1299940868833644544,2783478295,2783478295,2020-08-30
1300087233165357058,55918758,865528429822713857,2020-08-30
1299948798785986560,784098236,1293894220269252619,2020-08-30
1299944893695967234,2943003606,17735075,2020-08-30
1299943768091774976,1172901939295719424,1172901939295719424,2020-08-30
1299944300378087424,908162616941359105,908162616941359105,2020-08-30
1300099317118705664,119515287,4749570962,2020-08-30
1299947553031585792,375835655,375835655,2020-08-30
1299951643753099264,16523905,7578742,2020-08-30
1299959359292796929,2759210903,413787155,2020-08-30
1299963398961025024,1279114128477519872,2274500544,2020-08-30
1299983321074675712,1082737749432643586,16871229,2020-08-30
1299977474797785088,1235462444824199168,1235462444824199168,2020-08-30
1299984169725026305,1082650726617239552,414949511,2020-08-30
1299991421689171968,985422457,1270377178987986951,2020-08-30
1299985317294944258,1291382658052784128,1269477049921609730,2020-08-30
1299985776827015171,144531738,2380806134,2020-08-30
1299991445382799360,868297606816026624,16952174,2020-08-30
1299990825510731776,1270562426841255936,335145255,2020-08-30
1299993466823471104,1054292248249200641,1251263567917125633,2020-08-30
1300103539453120514,449325245,915082891356491777,2020-08-30
1300026074085183489,19346439,105474616,2020-08-30
1300004137036283910,19346439,871504250014224389,2020-08-30
1299998674785832961,18842793,62597577,2020-08-30
1300035225024634886,43561270,217039049,2020-08-30
1300054705444466690,320482822,1969902686,2020-08-30
1300016590428217345,632808228,632808228,2020-08-30
1300046077983223808,4639656854,33079273,2020-08-30
1300015615311327232,2168751354,99172332,2020-08-30
1300019169975468038,3435795754,1323495961,2020-08-30
1300020221651169280,632808228,632808228,2020-08-30
1300058112716611584,1153464636,133244252,2020-08-30
1300018674355646464,327950298,310771131,2020-08-30
1300020552493682688,310771131,69423291,2020-08-30
1300022409953767424,530795961,530795961,2020-08-30
1300024209297625088,1161807476079173638,1161807476079173638,2020-08-30
1300027079405309952,1295017854044078081,275275437,2020-08-30
1300028477903642624,1161807476079173638,1161807476079173638,2020-08-30
1300029889664487424,455230284,455230284,2020-08-30
1300072708441505792,536515621,46305708,2020-08-30
1300033001745678337,1086976130819809280,1064411803982094336,2020-08-30
1300033933762007041,1086976130819809280,1064411803982094336,2020-08-30
1300037225955037185,1159419228170014720,1284669146660089857,2020-08-30
1300035080556085248,1086976130819809280,1064411803982094336,2020-08-30
1300036103555162112,26100660,26100660,2020-08-30
1300036476466413568,387700945,387700945,2020-08-30
1300036398200819714,35467771,1296535115636436992,2020-08-30
1300038947536592897,375835655,375835655,2020-08-30
1300047371401863170,108951721,108951721,2020-08-30
1300041522029699072,1478172901,1478172901,2020-08-30
1300059274844884992,881774617819365377,1296943884736569344,2020-08-30
1300044684115554304,35051304,36253702,2020-08-30
1300044772854431745,1043076373,75413160,2020-08-30
1300045340712763392,2722605959,1298266215723356160,2020-08-30
1300072762766168064,1246267063447977991,1048370973341143040,2020-08-30
1300109411130564608,541529471,792848845415804928,2020-08-30
1300084951849762816,1357268574,1281076859111796736,2020-08-30
1300053818646900736,277238264,1213027448,2020-08-30
1300066352020049920,917390576542113792,1232412729333338112,2020-08-30
1300070721109057537,1181041280257794050,1238212304711356421,2020-08-30
1300053538312196096,35051304,18733287,2020-08-30
1300057712420679680,317169321,317169321,2020-08-30
1300062011766845442,2290688453,1173075144014794753,2020-08-30
1300059727527915523,2843685004,3939222881,2020-08-30
1300079320325451777,2802238046,1018891236780978185,2020-08-30
1300061594530058240,45645232,45645232,2020-08-30
1300063484906930178,1079935370,1079935370,2020-08-30
1300064497814638592,2260444266,2260444266,2020-08-30
1300065370825392128,1205742221825171457,1205742221825171457,2020-08-30
1300069909192478727,1267890080997412865,1079523007842926599,2020-08-30
1300068567770107906,1038895492904767488,274829556,2020-08-30
1300068645079523329,14313228,1036685505545547776,2020-08-30
1300070852176891904,81985578,35544739,2020-08-30
1300073337700388865,1172322130437931008,1856047723,2020-08-30
1300116534249963520,1246870023802482688,1106210690623131648,2020-08-30
1300074758680260609,9336672,9336672,2020-08-30
1300075235568476161,24816997,1300067866830671878,2020-08-30
1300271062794477568,1246870023802482688,1106210690623131648,2020-08-31
1300107122596696064,1299338062619500544,14843479,2020-08-30
1300074004875825154,1618140146,1163129480224956417,2020-08-30
1300073941046878208,2330409604,22178432,2020-08-30
1300074468837142528,452931555,1250617361780146176,2020-08-30
1300075234402471938,452931555,1250617361780146176,2020-08-30
1300078298790350849,308639864,308639864,2020-08-30
1300075882397171713,452931555,1250617361780146176,2020-08-30
1300079832722800643,931286316,43454621,2020-08-30
1300082747831189505,1172322130437931008,1278721795290529792,2020-08-30
1300080064399388672,341196634,341196634,2020-08-30
1300116840488873996,452196244,8406572,2020-08-30
1300091225442324480,2818295215,2818295215,2020-08-30
1300089295928205314,1357268574,744894764042981376,2020-08-30
1300089668193652737,1357268574,744894764042981376,2020-08-30
1300089293210152960,197332232,197332232,2020-08-30
1300092468101341184,136353168,1317384090,2020-08-30
1300091650820263944,931286316,1259714432,2020-08-30
1300091471245332480,610919499,610919499,2020-08-30
1300094007016476675,1357268574,127622643,2020-08-30
1300093729429127169,35671627,506683287,2020-08-30
1300101370423529472,2228878592,2400284491,2020-08-30
1300093807178940416,707584797808402432,707584797808402432,2020-08-30
1300095053206114305,2525179719,3158077691,2020-08-30
1300096395223982081,423471015,423471015,2020-08-30
1300131919833845760,1161082230778802186,2988388383,2020-08-30
1300095802522689537,23177299,23177299,2020-08-30
1300101615467274242,34628648,166699198,2020-08-30
1300154614545870854,1164148199214505984,97593942,2020-08-30
1300120017791520771,35671627,506683287,2020-08-30
1300114882273181696,245864291,712337131725725696,2020-08-30
1300098825315651586,1266138493933293569,1266138493933293569,2020-08-30
1300119887076110337,1151530143179071488,1256961969254535168,2020-08-30
1300156611105705984,585968484,374362912,2020-08-30
1300101476489064448,224698363,224698363,2020-08-30
1300103152323227649,413407657,1129443690135605248,2020-08-30
1300103555534249987,18188979,18188979,2020-08-30
1300163543925501953,1115342545,46224180,2020-08-30
1300203507652403200,1235690285709041670,214618734,2020-08-30
1300102520279388161,4813973172,4813973172,2020-08-30
1300102957682380805,1167381477866258434,1167381477866258434,2020-08-30
1300103998272344064,766531602,253598168,2020-08-30
1300104836759912448,441113596,48459241,2020-08-30
1300104612977008640,43561270,282888198,2020-08-30
1300110969708847111,22596600,214286708,2020-08-30
1300293223168970753,292779292,765760874028105734,2020-08-31
1300134834178850817,2614255879,3044602665,2020-08-30
1300114103013445632,1259257977686626307,1259257977686626307,2020-08-30
1300111089745539074,1103804368602591232,417393801,2020-08-30
1300111361951674369,2521872698,991472006406303744,2020-08-30
1300111319056613376,16358225,1268194572183748609,2020-08-30
1300113296146575365,182524533,182524533,2020-08-30
1300150002895863808,828201874889256961,1082452810023751681,2020-08-30
1300113844467937280,16358225,1268194572183748609,2020-08-30
1300113744077492224,1269986713855840258,1269986713855840258,2020-08-30
1300279980908253189,1237250028479156224,718930349,2020-08-31
1300116012835188737,3291739758,1223707787504574465,2020-08-30
1300466132785135617,47163481,47163481,2020-08-31
1300132175170490369,2614255879,3044602665,2020-08-30
1300116142154022914,1214988687089516544,1214988687089516544,2020-08-30
1300117340206448640,16358225,1268194572183748609,2020-08-30
1300118181839765506,549776944,867978736611676160,2020-08-30
1300238516262072321,17404378,715758613,2020-08-31
1300118616591994880,2358672325,56159824,2020-08-30
1300118868749320192,1070945245075046400,1070945245075046400,2020-08-30
1300121693998940163,5931862,816277272013537280,2020-08-30
1300120889284079618,1269986713855840258,1269986713855840258,2020-08-30
1300122110279462914,952359075643355136,948336480082153473,2020-08-30
1300149620945768448,15770843,1201020626,2020-08-30
1300125637492068353,21522338,1920976129,2020-08-30
1300128072054837250,48003100,1214023639,2020-08-30
1300124256219607040,1717363603,927184278722678784,2020-08-30
1300136836422078471,1172322130437931008,1203875121368387590,2020-08-30
1300142560640487424,1095642690363015168,369606653,2020-08-30
1300126112698245120,3401937021,21678792,2020-08-30
1300158342833344513,361050129,43273113,2020-08-30
1300125695658602497,1269986713855840258,1269986713855840258,2020-08-30
1300126171888316416,713620826558308352,771063395365720064,2020-08-30
1300127254014496770,21522338,384929431,2020-08-30
1300131993116700674,35051304,3785592372,2020-08-30
1300128439140261890,1269986713855840258,1269986713855840258,2020-08-30
1300131342307463171,35051304,11692802,2020-08-30
1300129580364242945,95756080,95756080,2020-08-30
1300131919787708418,2918667400,213339184,2020-08-30
1300130490209447937,1269986713855840258,1269986713855840258,2020-08-30
1300131984979632129,1102274342,84706687,2020-08-30
1300133393535885312,1258227571654717441,1177315593004953600,2020-08-30
1300133367858552837,43014978,797105636941135872,2020-08-30
1300133154817216512,1018916780918665217,1243598228190302208,2020-08-30
1300137434051641346,996543251027972098,1158438459704532993,2020-08-30
1300134816856174592,1258227571654717441,1177315593004953600,2020-08-30
1300383617298857987,3044602665,2614255879,2020-08-31
1300137000482217985,1025991491204739072,780199892,2020-08-30
1300138852330491906,1299289771,1299289771,2020-08-30
1300166493263605762,929830634113118208,929830634113118208,2020-08-30
1300139067682762755,2160973969,915865389418065920,2020-08-30
1300161351248228352,136011082,149700619,2020-08-30
1300142196096729089,1051276076,891803972,2020-08-30
1300143088833355778,1978660855,1003055753224073217,2020-08-30
1300148371806658561,976489851485900807,1233348272426803200,2020-08-30
1300147287000317953,23745608,12708032,2020-08-30
1300146436818890753,615804545,615804545,2020-08-30
1300148569488461825,84294254,35148693,2020-08-30
1300148775420407811,1229869943027634176,1229869943027634176,2020-08-30
1300152237700780032,1593896905,935488838,2020-08-30
1300152222181920773,1190816829058568192,2467006676,2020-08-30
1300153569535029249,1107974486056468481,1152772688580108288,2020-08-30
1300153827409063936,1593896905,935488838,2020-08-30
1300154706313064448,870387683864055808,870387683864055808,2020-08-30
1300157101176623104,1276778698931179520,816622134789308416,2020-08-30
1300180246981992448,965752886155202561,981360121912680448,2020-08-30
1300159417330040833,18975347,18975347,2020-08-30
1300159720561336320,937548914,24012917,2020-08-30
1300159087536222208,412390560,1119429036911026176,2020-08-30
1300159213411463168,630610738,2908771263,2020-08-30
1300159843316228098,441113596,1002005398726037505,2020-08-30
1300185272001466369,177799554,770160581361995776,2020-08-30
1300165915745624067,1253540671706804225,20271215,2020-08-30
1300425220952674308,3472038015,3472038015,2020-08-31
1300169950485676034,847281372,847281372,2020-08-30
1300168430717460481,838694936,838694936,2020-08-30
1300169478987284480,1229869943027634176,1229869943027634176,2020-08-30
1300169498608242688,1033664889947086848,191193002,2020-08-30
1300169379603243010,110905570,110905570,2020-08-30
1300170638263496706,782733789277609984,1297877821768060929,2020-08-30
1300177521166688258,3373858493,822186813343182848,2020-08-30
1300177076335423489,735876040921210880,735876040921210880,2020-08-30
1300176776241590272,214765161,1241155073788395520,2020-08-30
1300182110045646850,1172322130437931008,1278721795290529792,2020-08-30
1300180125921681408,1241155073788395520,214765161,2020-08-30
1300179383248879617,2433701576,2433701576,2020-08-30
1300182342418468865,1127715383098650625,1063619420579352576,2020-08-30
1300183080578228227,25248934,9097142,2020-08-30
1300185211624448000,996543251027972098,1158438459704532993,2020-08-30
1300185317585100801,1142047175112908800,1376293687,2020-08-30
1300202151570935809,281061240,1007654402847473664,2020-08-30
1300341520210579457,1109118849738252288,913569765662355457,2020-08-31
1300188465741672449,26337806,2981574094,2020-08-30
1300215045234753538,2820931758,65653137,2020-08-30
1300187357090664448,1431211646,1431211646,2020-08-30
1300189744064794637,245864291,1242418797958610945,2020-08-30
1300189715640004608,1116337234821681154,1116337234821681154,2020-08-30
1300192758498459651,214765161,1241155073788395520,2020-08-30
1300191218157203462,827620664,272990891,2020-08-30
1300194765368066049,21522338,1172652648597774336,2020-08-30
1300196598329176065,17542901,20952823,2020-08-30
1300215939460284416,926782951,1186843634915627008,2020-08-30
1300201795143180289,1219419324361789440,430515209,2020-08-30
1300209137675120643,106914683,106914683,2020-08-30
1300201506063302657,194036269,2784805029,2020-08-30
1300207720398815235,1093679098910724097,1299843185716256768,2020-08-30
1300379879733592065,3044602665,2614255879,2020-08-31
1300481155058339840,3044602665,2614255879,2020-08-31
1300373503405895681,214618734,1235690285709041670,2020-08-31
1300207017274028035,1274290693406679040,958381221578444802,2020-08-30
1300245211071893505,808289413818105856,808289413818105856,2020-08-31
1300209918025240577,121259042,1296279229500469249,2020-08-30
1300222802851704840,1115347291,1115347291,2020-08-31
1300264844612993025,56050598,1253540671706804225,2020-08-31
1300222616217645060,915242549417099264,73824868,2020-08-31
1300214794709016576,854155012309700608,854155012309700608,2020-08-30
1300216366360821767,915400999304663040,3369858011,2020-08-30
1300218172453330946,65653137,2820931758,2020-08-30
1300219866104954880,935230548305436673,981183486009794560,2020-08-30
1300231378651537408,2291452638,151995371,2020-08-31
1300220180828762112,303904703,782966198497456128,2020-08-30
1300219857519214592,1363018597,1071624553451917313,2020-08-30
1300220332574486531,149700619,136011082,2020-08-30
1300222438979121153,136011082,149700619,2020-08-31
1300223202053021698,1016138526247849984,506955444,2020-08-31
1300223950933417991,1717363603,1293328408861188096,2020-08-31
1300258341063516160,398285000,3125524881,2020-08-31
1300227299753644032,1051549915233447936,286186563,2020-08-31
1300226834685218816,1221133872819331085,384632648,2020-08-31
1300226911142989824,16022717,199026062,2020-08-31
1300233401534873600,927388044,4705129256,2020-08-31
1300228569319141376,1140950581,31573751,2020-08-31
1300257984149250054,66104090,256845469,2020-08-31
1300231252528766977,1086976130819809280,2860667382,2020-08-31
1300232365256716288,947920868809814016,947920868809814016,2020-08-31
1300581730437353472,356959852,356959852,2020-08-31
1300240329631764480,23384223,713599723899379712,2020-08-31
1300239202517282817,23554832,95081645,2020-08-31
1300240440793485312,1016138526247849984,506955444,2020-08-31
1300241027240873986,4639017267,4639017267,2020-08-31
1300241192483917824,18956073,18956073,2020-08-31
1300244769830969346,78622104,2335866816,2020-08-31
1300241550312644609,711932636,711932636,2020-08-31
1300244036213600256,757069695610654721,508368054,2020-08-31
1300244456478838785,2300348886,925081906470965248,2020-08-31
1300252344072970240,798968815774269440,3408783897,2020-08-31
1300254582933794816,1205355260467916805,915189088902373376,2020-08-31
1300248186364329989,808289413818105856,808289413818105856,2020-08-31
1300252880608223232,1257490920359907328,1257490920359907328,2020-08-31
1300255090356498433,396873814,425455967,2020-08-31
1300253697847504896,341070524,341070524,2020-08-31
1300395086614851585,1231170118845116416,1300240956713730048,2020-08-31
1300255874783551489,175898510,33768870,2020-08-31
1300418787930304513,1246870023802482688,342383454,2020-08-31
1300346151376388096,820361946,28984203,2020-08-31
1300261080141361155,4874452677,872954617,2020-08-31
1300262639222894593,1024729364133502976,632592796,2020-08-31
1300403101304860673,3027334699,4302423989,2020-08-31
1300265205478367232,1524942210,913200781,2020-08-31
1300410249602502656,1041678513613373440,56481967,2020-08-31
1300268190304473088,84294254,35148693,2020-08-31
1300268450800074754,914834191212335104,1276624393955766274,2020-08-31
1300303176093007872,1117190150847549440,1010703849332658176,2020-08-31
1300269573434937351,1024729364133502976,632592796,2020-08-31
1300272098602962944,4861611379,14329596,2020-08-31
1300270184599617537,966421081782411264,1246326206577901569,2020-08-31
1300282125309145088,2428776326,356606990,2020-08-31
1300286664615452673,2500055300,1119451015181291520,2020-08-31
1300275710301409280,1548684578,1548684578,2020-08-31
1300279869830463489,16662512,124276554,2020-08-31
1300538986407043072,1113141513935097857,1042813272402153473,2020-08-31
1300279624438611969,37291750,1204590437710872576,2020-08-31
1300285444849127424,1164156004222873600,823067989905965056,2020-08-31
1300290214674534400,3299810833,3299810833,2020-08-31
1300286501578629120,381340543,1157496754926804997,2020-08-31
1300287055457669121,1870491,1870491,2020-08-31
1300290730020265984,871495245074006017,797128122600562688,2020-08-31
1300423601703784454,108951721,108951721,2020-08-31
1300295176573923328,1270434980779393026,1270434980779393026,2020-08-31
1300295177387507712,1270434980779393026,1270434980779393026,2020-08-31
1300296870980390912,263960570,234221777,2020-08-31
1300300224909508608,946066556731166720,796134286298664963,2020-08-31
1300300336087945218,861190043913924608,861190043913924608,2020-08-31
1300309114287915008,1260731795726688258,1260731795726688258,2020-08-31
1300318717465616384,762522504,1895553703,2020-08-31
1300308576213315584,263960570,234221777,2020-08-31
1300312682474532864,267032346,837112282920333312,2020-08-31
1300313712998273024,1080886479700836352,2805718530,2020-08-31
1300317186368712706,1017079253333143554,1017079253333143554,2020-08-31
1300326201177845762,1060176852055142400,2366986376,2020-08-31
1300405027694092293,14413053,28695739,2020-08-31
1300323829609234432,1293442451940634627,1293442451940634627,2020-08-31
1300325458085519360,1167888913261879296,1238649475968598017,2020-08-31
1300420142959144960,223157885,23327495,2020-08-31
1300346837333929985,1248805439900471296,85813561,2020-08-31
1300331959059730434,794003281,794003281,2020-08-31
1300337901323116549,16487442,393704405,2020-08-31
1300339708396961794,1295918936999985152,3324220541,2020-08-31
1300443470050611200,913569765662355457,1109118849738252288,2020-08-31
1300341685013143552,1587068628,1587068628,2020-08-31
1300362494234550274,22513566,977112810458148864,2020-08-31
1300345998372409344,1193355651088408581,1253079664043720704,2020-08-31
1300375013707542529,1237479344,1250937037399699457,2020-08-31
1300445052016234498,771020674462801920,2476755646,2020-08-31
1300360784388685824,100021001,100021001,2020-08-31
1300541518806093824,1267337930198024192,4065444734,2020-08-31
1300444914023505921,1587648133,349222101,2020-08-31
1300465069730430976,1127851715632488448,1193355651088408581,2020-08-31
1300367174943551488,1193355651088408581,1127851715632488448,2020-08-31
1300366465007267840,85582103,85582103,2020-08-31
1300408515010482176,132861278,2439949208,2020-08-31
1300373892045967360,1701425712,745577497165762560,2020-08-31
1300368333330620417,870387683864055808,870387683864055808,2020-08-31
1300375842086940674,370085708,3231304422,2020-08-31
1300378135251255297,1193355651088408581,109402211,2020-08-31
1300371937223258112,977056304882638848,977056304882638848,2020-08-31
1300373469259997184,798092068811718656,1096096875411689473,2020-08-31
1300461397696937984,1131582218332061702,1278811854333247489,2020-08-31
1300375249737801729,798092068811718656,3270946926,2020-08-31
1300375404537143297,1717363603,1279730839522328576,2020-08-31
1300376439456296962,798092068811718656,3270946926,2020-08-31
1300378430207389697,375835655,375835655,2020-08-31
1300442833732669440,913569765662355457,1267006490969346049,2020-08-31
1300381518569840640,38311332,726644021527982080,2020-08-31
1300385657672445952,1225693801068412928,1055582316519665669,2020-08-31
1300388356988252163,1421216911,1421216911,2020-08-31
1300390323105927168,978162772780359680,978162772780359680,2020-08-31
1300392313978408960,798092068811718656,1053891753613262849,2020-08-31
1300395735058268163,1237479344,2188106940,2020-08-31
1300394746280640519,703770590474334208,1069171099571638273,2020-08-31
1300402895402262528,597410860,324028326,2020-08-31
1300399041876877312,1173151794278461441,1169362639018967041,2020-08-31
1300401260814725123,1069171099571638273,703770590474334208,2020-08-31
1300402383437082624,1105145953361776645,1105145953361776645,2020-08-31
1300399676416552960,56555165,56555165,2020-08-31
1300571949517680646,3770574616,873504454892453888,2020-08-31
1300402969947512838,1107181727233921024,1035144361053282304,2020-08-31
1300403907059945472,1279863835613188098,1279863835613188098,2020-08-31
1300404159754231808,1038895492904767488,340216616,2020-08-31
1300409026203836416,286985249,2810984968,2020-08-31
1300406591431217154,27952251,27952251,2020-08-31
1300411807513927681,1260897503295213573,1214917021521129473,2020-08-31
1300412351938732032,1214917021521129473,1260897503295213573,2020-08-31
1300425027758764033,1394827801,4828854406,2020-08-31
1300419302311383041,798805325298049025,798805325298049025,2020-08-31
1300420363579322368,1272918670323224577,1164095784012451840,2020-08-31
1300421127530045442,194642794,188441440,2020-08-31
1300421327950458880,188441440,194642794,2020-08-31
1300424170539487234,1060176852055142400,2366986376,2020-08-31
1300432250681602053,149700619,359673465,2020-08-31
1300430034872791040,18125425,492353049,2020-08-31
1300430374233952256,1266138493933293569,1266138493933293569,2020-08-31
1300429285514125312,16387689,16387689,2020-08-31
1300432644937781248,59336217,995465711312101376,2020-08-31
1300433276624990209,1246870023802482688,1117483893689671682,2020-08-31
1300563547638857729,1666231424,1666231424,2020-08-31
1300436748753805313,1293062200953716736,1282704889173303296,2020-08-31
1300437058163539969,1086976130819809280,29310471,2020-08-31
1300437845715357696,35467771,1299868422541578240,2020-08-31
1300438933256404992,1571794105,1258455457884262407,2020-08-31
1300441291243823105,16930125,16930125,2020-08-31
1300440867413528577,1260770356022751232,1260770356022751232,2020-08-31
1300446826773053440,931672035398438917,931672035398438917,2020-08-31
1300442807862276096,35467771,1299868422541578240,2020-08-31
1300444482609926145,1242597725213995009,1225093553845567489,2020-08-31
1300445910833401856,457012481,457012481,2020-08-31
1300460417068732422,73280895,73280895,2020-08-31
1300447750421700609,145278930,984037573810155520,2020-08-31
1300448443865927683,913569765662355457,926151425582878721,2020-08-31
1300448115045076992,1219739607631384579,1219739607631384579,2020-08-31
1300451814005850114,808244774469677057,808244774469677057,2020-08-31
1300451822386270212,474157814,249306577,2020-08-31
1300454352742690817,2270452956,308453650,2020-08-31
1300455673529085954,21522338,27864667,2020-08-31
1300455029799874560,308453650,2270452956,2020-08-31
1300456053960855552,418316977,58718080,2020-08-31
1300460928937279489,861707420476637184,1888893450,2020-08-31
1300459694771838976,81220031,81220031,2020-08-31
1300461332899278849,418316977,58718080,2020-08-31
1300461159468982275,278325217,278325217,2020-08-31
1300478922560159744,34167021,320710408,2020-08-31
1300462056596844549,109665508,109665508,2020-08-31
1300468580790665223,2957644256,2957644256,2020-08-31
1300477170867986433,835542998926622721,1251423565,2020-08-31
1300466320190840833,861707420476637184,1888893450,2020-08-31
1300465944918196225,1239599332770398214,20307500,2020-08-31
1300474963791679488,861136743961157634,861136743961157634,2020-08-31
1300475678199099397,4195604013,27765531,2020-08-31
1300482663346827266,154774769,283381820,2020-08-31
1300489294604308482,234929591,793945053882445824,2020-08-31
1300479793947971590,27190419,1567976768,2020-08-31
1300482457242804225,174654182,43933496,2020-08-31
1300474273262338048,199704352,199704352,2020-08-31
1300475593629274113,1164176203923820544,387688029,2020-08-31
1300477585567162368,931286316,21127543,2020-08-31
1300483194572111872,1695044491,408187171,2020-08-31
1300480065608781825,1239343686602850306,1239343686602850306,2020-08-31
1300484714159955969,1273518846788300805,1273518846788300805,2020-08-31
1300479991893946368,883568794983174144,538034524,2020-08-31
1300484453979037698,726778516382060544,16174096,2020-08-31
1300487483008974853,1278378361564344320,908536946103930880,2020-08-31
1300480567331479552,14868145,14868145,2020-08-31
1300480175696740352,2249531,2249531,2020-08-31
1300573779752484864,46664583,174552803,2020-08-31
1300483524580069380,1370387833,1370387833,2020-08-31
1300483074908708866,979135311799255040,979135311799255040,2020-08-31
1300486450811736064,737702807449575424,979708447527784448,2020-08-31
1300490012111204352,149402723,244243957,2020-08-31
1300489863079309312,17919393,17919393,2020-08-31
1300490756260614151,47517985,732370853250273280,2020-08-31
1300491881009360896,93122313,440323011,2020-08-31
1300492333570555906,19236074,19236074,2020-08-31
1300493915557068802,160726477,160726477,2020-08-31
1300551648859758593,201544919,880607654837710854,2020-08-31
1300558566055608323,21705896,1191120641367236608,2020-08-31
1300543433359196160,21545041,3174877090,2020-08-31
1300568354265214977,317452525,709775618,2020-08-31
1300539344021848065,48161330,48161330,2020-08-31
1300540500055937025,387823605,1272740501897297921,2020-08-31
1300540807842279425,2260244077,2260244077,2020-08-31
1300540710152736768,56749735,801599034280525832,2020-08-31
1300540283218788355,60769216,60769216,2020-08-31
1300541871995879424,21522338,872602863855423488,2020-08-31
1300543960901914627,1272740501897297921,387823605,2020-08-31
1300555754701836289,40788002,930847788,2020-08-31
1300544240276123649,2471467506,245473220,2020-08-31
1300547036459266048,234431553,234431553,2020-08-31
1300549070273085442,989381648,1262132456439910401,2020-08-31
1300552255670755329,21104432,21104432,2020-08-31
1300555253784350721,42075943,42075943,2020-08-31
1300559195176161280,418316977,58718080,2020-08-31
1300578511460208640,34793128,1267990404487688194,2020-08-31
1300576479781191680,292432829,872177997477969920,2020-08-31
1300560118736654339,1270736277990789121,978912513248153600,2020-08-31
1300564438089687045,41872072,502418385,2020-08-31
1300562791745683456,1270736277990789121,978912513248153600,2020-08-31
1300563607495868418,4670464879,3305533443,2020-08-31
1300564345433321472,1086976130819809280,3018725901,2020-08-31
1300566074233032705,1312395158,1262761306592997377,2020-08-31
1300569087169495043,1044080181932158976,834977016977903617,2020-08-31
1300567814282063875,776928549232140288,23810812,2020-08-31
1300572427873906688,1040626579121025025,2370721916,2020-08-31
1300577927906680832,20013113,20013113,2020-08-31
1300575178095841281,904835240123879425,920106515180109824,2020-08-31
1300577777163341824,361050129,43273113,2020-08-31
1300574180794986496,25624183,25624183,2020-08-31
1300579904208154625,1277734222258671625,1277734222258671625,2020-08-31
1300576016885329926,4181597734,761545606825402368,2020-08-31
1300576992073601025,1196761703796674562,935003849659740162,2020-08-31
1300579557225959426,1086976130819809280,1117472713558433793,2020-08-31
1300580622981828610,22426166,1268562244838789120,2020-08-31
1300583597695328256,1096561916367884288,1212686058,2020-08-31
1299560213704572928,1163629375,1163629375,2020-08-29
1295824315275980801,1293679034862370821,151361520,2020-08-18
1300580751025541120,2881716472,4266363249,2020-08-31
1295149981284753409,222933610,408856623,2020-08-17
